solid OpenSCAD_Model
  facet normal -0.290212 0.956962 0
    outer loop
      vertex 4.59441 10.6685 0
      vertex 4.42558 10.6173 10
      vertex 4.59441 10.6685 10
    endloop
  endfacet
  facet normal -0.290212 0.956962 0
    outer loop
      vertex 4.42558 10.6173 10
      vertex 4.59441 10.6685 0
      vertex 4.42558 10.6173 0
    endloop
  endfacet
  facet normal -0.956917 -0.290363 0
    outer loop
      vertex 5.13271 11.6756 0
      vertex 5.08149 11.8444 10
      vertex 5.08149 11.8444 0
    endloop
  endfacet
  facet normal -0.956917 -0.290363 0
    outer loop
      vertex 5.08149 11.8444 10
      vertex 5.13271 11.6756 0
      vertex 5.13271 11.6756 10
    endloop
  endfacet
  facet normal -0.995188 -0.0979886 0
    outer loop
      vertex 5.15 11.5 0
      vertex 5.13271 11.6756 10
      vertex 5.13271 11.6756 0
    endloop
  endfacet
  facet normal -0.995188 -0.0979886 0
    outer loop
      vertex 5.13271 11.6756 10
      vertex 5.15 11.5 0
      vertex 5.15 11.5 10
    endloop
  endfacet
  facet normal -0.881921 -0.471397 0
    outer loop
      vertex 5.08149 11.8444 0
      vertex 4.99832 12 10
      vertex 4.99832 12 0
    endloop
  endfacet
  facet normal -0.881921 -0.471397 0
    outer loop
      vertex 4.99832 12 10
      vertex 5.08149 11.8444 0
      vertex 5.08149 11.8444 10
    endloop
  endfacet
  facet normal -0.995188 0.0979886 0
    outer loop
      vertex 5.13271 11.3244 0
      vertex 5.15 11.5 10
      vertex 5.15 11.5 0
    endloop
  endfacet
  facet normal -0.995188 0.0979886 0
    outer loop
      vertex 5.15 11.5 10
      vertex 5.13271 11.3244 0
      vertex 5.13271 11.3244 10
    endloop
  endfacet
  facet normal 0.471553 0.881838 -0
    outer loop
      vertex 3.90558 10.6685 0
      vertex 3.74999 10.7517 10
      vertex 3.90558 10.6685 10
    endloop
  endfacet
  facet normal 0.471553 0.881838 0
    outer loop
      vertex 3.74999 10.7517 10
      vertex 3.90558 10.6685 0
      vertex 3.74999 10.7517 0
    endloop
  endfacet
  facet normal -0.634284 -0.7731 0
    outer loop
      vertex 4.75001 12.2483 0
      vertex 4.8864 12.1364 10
      vertex 4.75001 12.2483 10
    endloop
  endfacet
  facet normal -0.634284 -0.7731 -0
    outer loop
      vertex 4.8864 12.1364 10
      vertex 4.75001 12.2483 0
      vertex 4.8864 12.1364 0
    endloop
  endfacet
  facet normal 0.0980558 -0.995181 0
    outer loop
      vertex 4.07442 12.3827 0
      vertex 4.25 12.4 10
      vertex 4.07442 12.3827 10
    endloop
  endfacet
  facet normal 0.0980558 -0.995181 0
    outer loop
      vertex 4.25 12.4 10
      vertex 4.07442 12.3827 0
      vertex 4.25 12.4 0
    endloop
  endfacet
  facet normal 0.881921 0.471397 0
    outer loop
      vertex 3.50168 11 10
      vertex 3.41851 11.1556 0
      vertex 3.41851 11.1556 10
    endloop
  endfacet
  facet normal 0.881921 0.471397 0
    outer loop
      vertex 3.41851 11.1556 0
      vertex 3.50168 11 10
      vertex 3.50168 11 0
    endloop
  endfacet
  facet normal -0.0980558 0.995181 0
    outer loop
      vertex 4.42558 10.6173 0
      vertex 4.25 10.6 10
      vertex 4.42558 10.6173 10
    endloop
  endfacet
  facet normal -0.0980558 0.995181 0
    outer loop
      vertex 4.25 10.6 10
      vertex 4.42558 10.6173 0
      vertex 4.25 10.6 0
    endloop
  endfacet
  facet normal -0.956917 0.290363 0
    outer loop
      vertex 5.08149 11.1556 0
      vertex 5.13271 11.3244 10
      vertex 5.13271 11.3244 0
    endloop
  endfacet
  facet normal -0.956917 0.290363 0
    outer loop
      vertex 5.13271 11.3244 10
      vertex 5.08149 11.1556 0
      vertex 5.08149 11.1556 10
    endloop
  endfacet
  facet normal -0.773068 0.634324 0
    outer loop
      vertex 4.8864 10.8636 0
      vertex 4.99832 11 10
      vertex 4.99832 11 0
    endloop
  endfacet
  facet normal -0.773068 0.634324 0
    outer loop
      vertex 4.99832 11 10
      vertex 4.8864 10.8636 0
      vertex 4.8864 10.8636 10
    endloop
  endfacet
  facet normal 0.0980558 0.995181 -0
    outer loop
      vertex 4.25 10.6 0
      vertex 4.07442 10.6173 10
      vertex 4.25 10.6 10
    endloop
  endfacet
  facet normal 0.0980558 0.995181 0
    outer loop
      vertex 4.07442 10.6173 10
      vertex 4.25 10.6 0
      vertex 4.07442 10.6173 0
    endloop
  endfacet
  facet normal -0.881921 0.471397 0
    outer loop
      vertex 4.99832 11 0
      vertex 5.08149 11.1556 10
      vertex 5.08149 11.1556 0
    endloop
  endfacet
  facet normal -0.881921 0.471397 0
    outer loop
      vertex 5.08149 11.1556 10
      vertex 4.99832 11 0
      vertex 4.99832 11 10
    endloop
  endfacet
  facet normal -0.471529 0.88185 0
    outer loop
      vertex 4.75001 10.7517 0
      vertex 4.59441 10.6685 10
      vertex 4.75001 10.7517 10
    endloop
  endfacet
  facet normal -0.471529 0.88185 0
    outer loop
      vertex 4.59441 10.6685 10
      vertex 4.75001 10.7517 0
      vertex 4.59441 10.6685 0
    endloop
  endfacet
  facet normal 0.956917 0.290363 0
    outer loop
      vertex 3.41851 11.1556 10
      vertex 3.36729 11.3244 0
      vertex 3.36729 11.3244 10
    endloop
  endfacet
  facet normal 0.956917 0.290363 0
    outer loop
      vertex 3.36729 11.3244 0
      vertex 3.41851 11.1556 10
      vertex 3.41851 11.1556 0
    endloop
  endfacet
  facet normal 0.773068 -0.634324 0
    outer loop
      vertex 3.50168 12 10
      vertex 3.6136 12.1364 0
      vertex 3.6136 12.1364 10
    endloop
  endfacet
  facet normal 0.773068 -0.634324 0
    outer loop
      vertex 3.6136 12.1364 0
      vertex 3.50168 12 10
      vertex 3.50168 12 0
    endloop
  endfacet
  facet normal -0.773068 -0.634324 0
    outer loop
      vertex 4.99832 12 0
      vertex 4.8864 12.1364 10
      vertex 4.8864 12.1364 0
    endloop
  endfacet
  facet normal -0.773068 -0.634324 0
    outer loop
      vertex 4.8864 12.1364 10
      vertex 4.99832 12 0
      vertex 4.99832 12 10
    endloop
  endfacet
  facet normal 0.471553 -0.881838 0
    outer loop
      vertex 3.74999 12.2483 0
      vertex 3.90558 12.3315 10
      vertex 3.74999 12.2483 10
    endloop
  endfacet
  facet normal 0.471553 -0.881838 0
    outer loop
      vertex 3.90558 12.3315 10
      vertex 3.74999 12.2483 0
      vertex 3.90558 12.3315 0
    endloop
  endfacet
  facet normal 0.290196 -0.956967 0
    outer loop
      vertex 3.90558 12.3315 0
      vertex 4.07442 12.3827 10
      vertex 3.90558 12.3315 10
    endloop
  endfacet
  facet normal 0.290196 -0.956967 0
    outer loop
      vertex 4.07442 12.3827 10
      vertex 3.90558 12.3315 0
      vertex 4.07442 12.3827 0
    endloop
  endfacet
  facet normal 0.290196 0.956967 -0
    outer loop
      vertex 4.07442 10.6173 0
      vertex 3.90558 10.6685 10
      vertex 4.07442 10.6173 10
    endloop
  endfacet
  facet normal 0.290196 0.956967 0
    outer loop
      vertex 3.90558 10.6685 10
      vertex 4.07442 10.6173 0
      vertex 3.90558 10.6685 0
    endloop
  endfacet
  facet normal 0.634284 -0.7731 0
    outer loop
      vertex 3.6136 12.1364 0
      vertex 3.74999 12.2483 10
      vertex 3.6136 12.1364 10
    endloop
  endfacet
  facet normal 0.634284 -0.7731 0
    outer loop
      vertex 3.74999 12.2483 10
      vertex 3.6136 12.1364 0
      vertex 3.74999 12.2483 0
    endloop
  endfacet
  facet normal -0.290212 -0.956962 0
    outer loop
      vertex 4.42558 12.3827 0
      vertex 4.59441 12.3315 10
      vertex 4.42558 12.3827 10
    endloop
  endfacet
  facet normal -0.290212 -0.956962 -0
    outer loop
      vertex 4.59441 12.3315 10
      vertex 4.42558 12.3827 0
      vertex 4.59441 12.3315 0
    endloop
  endfacet
  facet normal -0.634284 0.7731 0
    outer loop
      vertex 4.8864 10.8636 0
      vertex 4.75001 10.7517 10
      vertex 4.8864 10.8636 10
    endloop
  endfacet
  facet normal -0.634284 0.7731 0
    outer loop
      vertex 4.75001 10.7517 10
      vertex 4.8864 10.8636 0
      vertex 4.75001 10.7517 0
    endloop
  endfacet
  facet normal 0.995188 -0.0979886 0
    outer loop
      vertex 3.35 11.5 10
      vertex 3.36729 11.6756 0
      vertex 3.36729 11.6756 10
    endloop
  endfacet
  facet normal 0.995188 -0.0979886 0
    outer loop
      vertex 3.36729 11.6756 0
      vertex 3.35 11.5 10
      vertex 3.35 11.5 0
    endloop
  endfacet
  facet normal -0.0980558 -0.995181 0
    outer loop
      vertex 4.25 12.4 0
      vertex 4.42558 12.3827 10
      vertex 4.25 12.4 10
    endloop
  endfacet
  facet normal -0.0980558 -0.995181 -0
    outer loop
      vertex 4.42558 12.3827 10
      vertex 4.25 12.4 0
      vertex 4.42558 12.3827 0
    endloop
  endfacet
  facet normal -0.471529 -0.88185 0
    outer loop
      vertex 4.59441 12.3315 0
      vertex 4.75001 12.2483 10
      vertex 4.59441 12.3315 10
    endloop
  endfacet
  facet normal -0.471529 -0.88185 -0
    outer loop
      vertex 4.75001 12.2483 10
      vertex 4.59441 12.3315 0
      vertex 4.75001 12.2483 0
    endloop
  endfacet
  facet normal 0.773068 0.634324 0
    outer loop
      vertex 3.6136 10.8636 10
      vertex 3.50168 11 0
      vertex 3.50168 11 10
    endloop
  endfacet
  facet normal 0.773068 0.634324 0
    outer loop
      vertex 3.50168 11 0
      vertex 3.6136 10.8636 10
      vertex 3.6136 10.8636 0
    endloop
  endfacet
  facet normal 0.634284 0.7731 -0
    outer loop
      vertex 3.74999 10.7517 0
      vertex 3.6136 10.8636 10
      vertex 3.74999 10.7517 10
    endloop
  endfacet
  facet normal 0.634284 0.7731 0
    outer loop
      vertex 3.6136 10.8636 10
      vertex 3.74999 10.7517 0
      vertex 3.6136 10.8636 0
    endloop
  endfacet
  facet normal 0.956917 -0.290363 0
    outer loop
      vertex 3.36729 11.6756 10
      vertex 3.41851 11.8444 0
      vertex 3.41851 11.8444 10
    endloop
  endfacet
  facet normal 0.956917 -0.290363 0
    outer loop
      vertex 3.41851 11.8444 0
      vertex 3.36729 11.6756 10
      vertex 3.36729 11.6756 0
    endloop
  endfacet
  facet normal 0.881921 -0.471397 0
    outer loop
      vertex 3.41851 11.8444 10
      vertex 3.50168 12 0
      vertex 3.50168 12 10
    endloop
  endfacet
  facet normal 0.881921 -0.471397 0
    outer loop
      vertex 3.50168 12 0
      vertex 3.41851 11.8444 10
      vertex 3.41851 11.8444 0
    endloop
  endfacet
  facet normal 0.995188 0.0979886 0
    outer loop
      vertex 3.36729 11.3244 10
      vertex 3.35 11.5 0
      vertex 3.35 11.5 10
    endloop
  endfacet
  facet normal 0.995188 0.0979886 0
    outer loop
      vertex 3.35 11.5 0
      vertex 3.36729 11.3244 10
      vertex 3.36729 11.3244 0
    endloop
  endfacet
  facet normal -0.290259 0.956948 0
    outer loop
      vertex 24.5944 10.6685 0
      vertex 24.4256 10.6173 10
      vertex 24.5944 10.6685 10
    endloop
  endfacet
  facet normal -0.290259 0.956948 0
    outer loop
      vertex 24.4256 10.6173 10
      vertex 24.5944 10.6685 0
      vertex 24.4256 10.6173 0
    endloop
  endfacet
  facet normal -0.956948 -0.290259 0
    outer loop
      vertex 25.1327 11.6756 0
      vertex 25.0815 11.8444 10
      vertex 25.0815 11.8444 0
    endloop
  endfacet
  facet normal -0.956948 -0.290259 0
    outer loop
      vertex 25.0815 11.8444 10
      vertex 25.1327 11.6756 0
      vertex 25.1327 11.6756 10
    endloop
  endfacet
  facet normal -0.995182 -0.0980447 0
    outer loop
      vertex 25.15 11.5 0
      vertex 25.1327 11.6756 10
      vertex 25.1327 11.6756 0
    endloop
  endfacet
  facet normal -0.995182 -0.0980447 0
    outer loop
      vertex 25.1327 11.6756 10
      vertex 25.15 11.5 0
      vertex 25.15 11.5 10
    endloop
  endfacet
  facet normal -0.88185 -0.471529 0
    outer loop
      vertex 25.0815 11.8444 0
      vertex 24.9983 12 10
      vertex 24.9983 12 0
    endloop
  endfacet
  facet normal -0.88185 -0.471529 0
    outer loop
      vertex 24.9983 12 10
      vertex 25.0815 11.8444 0
      vertex 25.0815 11.8444 10
    endloop
  endfacet
  facet normal -0.995182 0.0980447 0
    outer loop
      vertex 25.1327 11.3244 0
      vertex 25.15 11.5 10
      vertex 25.15 11.5 0
    endloop
  endfacet
  facet normal -0.995182 0.0980447 0
    outer loop
      vertex 25.15 11.5 10
      vertex 25.1327 11.3244 0
      vertex 25.1327 11.3244 10
    endloop
  endfacet
  facet normal 0.471529 0.88185 -0
    outer loop
      vertex 23.9056 10.6685 0
      vertex 23.75 10.7517 10
      vertex 23.9056 10.6685 10
    endloop
  endfacet
  facet normal 0.471529 0.88185 0
    outer loop
      vertex 23.75 10.7517 10
      vertex 23.9056 10.6685 0
      vertex 23.75 10.7517 0
    endloop
  endfacet
  facet normal -0.634256 -0.773123 0
    outer loop
      vertex 24.75 12.2483 0
      vertex 24.8864 12.1364 10
      vertex 24.75 12.2483 10
    endloop
  endfacet
  facet normal -0.634256 -0.773123 -0
    outer loop
      vertex 24.8864 12.1364 10
      vertex 24.75 12.2483 0
      vertex 24.8864 12.1364 0
    endloop
  endfacet
  facet normal 0.0980447 -0.995182 0
    outer loop
      vertex 24.0744 12.3827 0
      vertex 24.25 12.4 10
      vertex 24.0744 12.3827 10
    endloop
  endfacet
  facet normal 0.0980447 -0.995182 0
    outer loop
      vertex 24.25 12.4 10
      vertex 24.0744 12.3827 0
      vertex 24.25 12.4 0
    endloop
  endfacet
  facet normal 0.88185 0.471529 0
    outer loop
      vertex 23.5017 11 10
      vertex 23.4185 11.1556 0
      vertex 23.4185 11.1556 10
    endloop
  endfacet
  facet normal 0.88185 0.471529 0
    outer loop
      vertex 23.4185 11.1556 0
      vertex 23.5017 11 10
      vertex 23.5017 11 0
    endloop
  endfacet
  facet normal -0.0980447 0.995182 0
    outer loop
      vertex 24.4256 10.6173 0
      vertex 24.25 10.6 10
      vertex 24.4256 10.6173 10
    endloop
  endfacet
  facet normal -0.0980447 0.995182 0
    outer loop
      vertex 24.25 10.6 10
      vertex 24.4256 10.6173 0
      vertex 24.25 10.6 0
    endloop
  endfacet
  facet normal -0.956948 0.290259 0
    outer loop
      vertex 25.0815 11.1556 0
      vertex 25.1327 11.3244 10
      vertex 25.1327 11.3244 0
    endloop
  endfacet
  facet normal -0.956948 0.290259 0
    outer loop
      vertex 25.1327 11.3244 10
      vertex 25.0815 11.1556 0
      vertex 25.0815 11.1556 10
    endloop
  endfacet
  facet normal -0.773123 0.634256 0
    outer loop
      vertex 24.8864 10.8636 0
      vertex 24.9983 11 10
      vertex 24.9983 11 0
    endloop
  endfacet
  facet normal -0.773123 0.634256 0
    outer loop
      vertex 24.9983 11 10
      vertex 24.8864 10.8636 0
      vertex 24.8864 10.8636 10
    endloop
  endfacet
  facet normal 0.634256 -0.773123 0
    outer loop
      vertex 23.6136 12.1364 0
      vertex 23.75 12.2483 10
      vertex 23.6136 12.1364 10
    endloop
  endfacet
  facet normal 0.634256 -0.773123 0
    outer loop
      vertex 23.75 12.2483 10
      vertex 23.6136 12.1364 0
      vertex 23.75 12.2483 0
    endloop
  endfacet
  facet normal -0.88185 0.471529 0
    outer loop
      vertex 24.9983 11 0
      vertex 25.0815 11.1556 10
      vertex 25.0815 11.1556 0
    endloop
  endfacet
  facet normal -0.88185 0.471529 0
    outer loop
      vertex 25.0815 11.1556 10
      vertex 24.9983 11 0
      vertex 24.9983 11 10
    endloop
  endfacet
  facet normal -0.471529 0.88185 0
    outer loop
      vertex 24.75 10.7517 0
      vertex 24.5944 10.6685 10
      vertex 24.75 10.7517 10
    endloop
  endfacet
  facet normal -0.471529 0.88185 0
    outer loop
      vertex 24.5944 10.6685 10
      vertex 24.75 10.7517 0
      vertex 24.5944 10.6685 0
    endloop
  endfacet
  facet normal 0.956948 0.290259 0
    outer loop
      vertex 23.4185 11.1556 10
      vertex 23.3673 11.3244 0
      vertex 23.3673 11.3244 10
    endloop
  endfacet
  facet normal 0.956948 0.290259 0
    outer loop
      vertex 23.3673 11.3244 0
      vertex 23.4185 11.1556 10
      vertex 23.4185 11.1556 0
    endloop
  endfacet
  facet normal 0.773123 -0.634256 0
    outer loop
      vertex 23.5017 12 10
      vertex 23.6136 12.1364 0
      vertex 23.6136 12.1364 10
    endloop
  endfacet
  facet normal 0.773123 -0.634256 0
    outer loop
      vertex 23.6136 12.1364 0
      vertex 23.5017 12 10
      vertex 23.5017 12 0
    endloop
  endfacet
  facet normal -0.773123 -0.634256 0
    outer loop
      vertex 24.9983 12 0
      vertex 24.8864 12.1364 10
      vertex 24.8864 12.1364 0
    endloop
  endfacet
  facet normal -0.773123 -0.634256 0
    outer loop
      vertex 24.8864 12.1364 10
      vertex 24.9983 12 0
      vertex 24.9983 12 10
    endloop
  endfacet
  facet normal 0.471529 -0.88185 0
    outer loop
      vertex 23.75 12.2483 0
      vertex 23.9056 12.3315 10
      vertex 23.75 12.2483 10
    endloop
  endfacet
  facet normal 0.471529 -0.88185 0
    outer loop
      vertex 23.9056 12.3315 10
      vertex 23.75 12.2483 0
      vertex 23.9056 12.3315 0
    endloop
  endfacet
  facet normal 0.290259 -0.956948 0
    outer loop
      vertex 23.9056 12.3315 0
      vertex 24.0744 12.3827 10
      vertex 23.9056 12.3315 10
    endloop
  endfacet
  facet normal 0.290259 -0.956948 0
    outer loop
      vertex 24.0744 12.3827 10
      vertex 23.9056 12.3315 0
      vertex 24.0744 12.3827 0
    endloop
  endfacet
  facet normal 0.290259 0.956948 -0
    outer loop
      vertex 24.0744 10.6173 0
      vertex 23.9056 10.6685 10
      vertex 24.0744 10.6173 10
    endloop
  endfacet
  facet normal 0.290259 0.956948 0
    outer loop
      vertex 23.9056 10.6685 10
      vertex 24.0744 10.6173 0
      vertex 23.9056 10.6685 0
    endloop
  endfacet
  facet normal -0.290259 -0.956948 0
    outer loop
      vertex 24.4256 12.3827 0
      vertex 24.5944 12.3315 10
      vertex 24.4256 12.3827 10
    endloop
  endfacet
  facet normal -0.290259 -0.956948 -0
    outer loop
      vertex 24.5944 12.3315 10
      vertex 24.4256 12.3827 0
      vertex 24.5944 12.3315 0
    endloop
  endfacet
  facet normal -0.634256 0.773123 0
    outer loop
      vertex 24.8864 10.8636 0
      vertex 24.75 10.7517 10
      vertex 24.8864 10.8636 10
    endloop
  endfacet
  facet normal -0.634256 0.773123 0
    outer loop
      vertex 24.75 10.7517 10
      vertex 24.8864 10.8636 0
      vertex 24.75 10.7517 0
    endloop
  endfacet
  facet normal 0.995182 -0.0980447 0
    outer loop
      vertex 23.35 11.5 10
      vertex 23.3673 11.6756 0
      vertex 23.3673 11.6756 10
    endloop
  endfacet
  facet normal 0.995182 -0.0980447 0
    outer loop
      vertex 23.3673 11.6756 0
      vertex 23.35 11.5 10
      vertex 23.35 11.5 0
    endloop
  endfacet
  facet normal -0.0980447 -0.995182 0
    outer loop
      vertex 24.25 12.4 0
      vertex 24.4256 12.3827 10
      vertex 24.25 12.4 10
    endloop
  endfacet
  facet normal -0.0980447 -0.995182 -0
    outer loop
      vertex 24.4256 12.3827 10
      vertex 24.25 12.4 0
      vertex 24.4256 12.3827 0
    endloop
  endfacet
  facet normal -0.471529 -0.88185 0
    outer loop
      vertex 24.5944 12.3315 0
      vertex 24.75 12.2483 10
      vertex 24.5944 12.3315 10
    endloop
  endfacet
  facet normal -0.471529 -0.88185 -0
    outer loop
      vertex 24.75 12.2483 10
      vertex 24.5944 12.3315 0
      vertex 24.75 12.2483 0
    endloop
  endfacet
  facet normal 0.773123 0.634256 0
    outer loop
      vertex 23.6136 10.8636 10
      vertex 23.5017 11 0
      vertex 23.5017 11 10
    endloop
  endfacet
  facet normal 0.773123 0.634256 0
    outer loop
      vertex 23.5017 11 0
      vertex 23.6136 10.8636 10
      vertex 23.6136 10.8636 0
    endloop
  endfacet
  facet normal 0.0980447 0.995182 -0
    outer loop
      vertex 24.25 10.6 0
      vertex 24.0744 10.6173 10
      vertex 24.25 10.6 10
    endloop
  endfacet
  facet normal 0.0980447 0.995182 0
    outer loop
      vertex 24.0744 10.6173 10
      vertex 24.25 10.6 0
      vertex 24.0744 10.6173 0
    endloop
  endfacet
  facet normal 0.634256 0.773123 -0
    outer loop
      vertex 23.75 10.7517 0
      vertex 23.6136 10.8636 10
      vertex 23.75 10.7517 10
    endloop
  endfacet
  facet normal 0.634256 0.773123 0
    outer loop
      vertex 23.6136 10.8636 10
      vertex 23.75 10.7517 0
      vertex 23.6136 10.8636 0
    endloop
  endfacet
  facet normal 0.956948 -0.290259 0
    outer loop
      vertex 23.3673 11.6756 10
      vertex 23.4185 11.8444 0
      vertex 23.4185 11.8444 10
    endloop
  endfacet
  facet normal 0.956948 -0.290259 0
    outer loop
      vertex 23.4185 11.8444 0
      vertex 23.3673 11.6756 10
      vertex 23.3673 11.6756 0
    endloop
  endfacet
  facet normal 0.88185 -0.471529 0
    outer loop
      vertex 23.4185 11.8444 10
      vertex 23.5017 12 0
      vertex 23.5017 12 10
    endloop
  endfacet
  facet normal 0.88185 -0.471529 0
    outer loop
      vertex 23.5017 12 0
      vertex 23.4185 11.8444 10
      vertex 23.4185 11.8444 0
    endloop
  endfacet
  facet normal 0.995182 0.0980447 0
    outer loop
      vertex 23.3673 11.3244 10
      vertex 23.35 11.5 0
      vertex 23.35 11.5 10
    endloop
  endfacet
  facet normal 0.995182 0.0980447 0
    outer loop
      vertex 23.35 11.5 0
      vertex 23.3673 11.3244 10
      vertex 23.3673 11.3244 0
    endloop
  endfacet
  facet normal 1 -0 0
    outer loop
      vertex 28.5 7 10
      vertex 28.5 16 0
      vertex 28.5 16 10
    endloop
  endfacet
  facet normal 1 0 0
    outer loop
      vertex 28.5 16 0
      vertex 28.5 7 10
      vertex 28.5 7 0
    endloop
  endfacet
  facet normal 0 0 1
    outer loop
      vertex 28.5 16 10
      vertex 25.15 11.5 10
      vertex 28.5 7 10
    endloop
  endfacet
  facet normal 0 0 1
    outer loop
      vertex 28.5 16 10
      vertex 25.1327 11.6756 10
      vertex 25.15 11.5 10
    endloop
  endfacet
  facet normal 0 0 1
    outer loop
      vertex 28.5 16 10
      vertex 25.0815 11.8444 10
      vertex 25.1327 11.6756 10
    endloop
  endfacet
  facet normal 0 0 1
    outer loop
      vertex 28.5 16 10
      vertex 24.9983 12 10
      vertex 25.0815 11.8444 10
    endloop
  endfacet
  facet normal 0 0 1
    outer loop
      vertex 28.5 16 10
      vertex 24.8864 12.1364 10
      vertex 24.9983 12 10
    endloop
  endfacet
  facet normal 0 0 1
    outer loop
      vertex 28.5 16 10
      vertex 24.75 12.2483 10
      vertex 24.8864 12.1364 10
    endloop
  endfacet
  facet normal 0 0 1
    outer loop
      vertex 28.5 16 10
      vertex 24.5944 12.3315 10
      vertex 24.75 12.2483 10
    endloop
  endfacet
  facet normal 0 0 1
    outer loop
      vertex 28.5 16 10
      vertex 24.4256 12.3827 10
      vertex 24.5944 12.3315 10
    endloop
  endfacet
  facet normal 0 0 1
    outer loop
      vertex 28.5 16 10
      vertex 24.25 12.4 10
      vertex 24.4256 12.3827 10
    endloop
  endfacet
  facet normal 0 0 1
    outer loop
      vertex 28.5 16 10
      vertex 24.0744 12.3827 10
      vertex 24.25 12.4 10
    endloop
  endfacet
  facet normal 0 0 1
    outer loop
      vertex 28.5 16 10
      vertex 23.9056 12.3315 10
      vertex 24.0744 12.3827 10
    endloop
  endfacet
  facet normal 0 0 1
    outer loop
      vertex 28.5 16 10
      vertex 23.75 12.2483 10
      vertex 23.9056 12.3315 10
    endloop
  endfacet
  facet normal 0 0 1
    outer loop
      vertex 23.3673 11.6756 10
      vertex 5.15 11.5 10
      vertex 23.35 11.5 10
    endloop
  endfacet
  facet normal 0 0 1
    outer loop
      vertex 5.13271 11.6756 10
      vertex 23.3673 11.6756 10
      vertex 23.4185 11.8444 10
    endloop
  endfacet
  facet normal 0 0 1
    outer loop
      vertex 5.08149 11.8444 10
      vertex 23.4185 11.8444 10
      vertex 23.5017 12 10
    endloop
  endfacet
  facet normal 0 0 1
    outer loop
      vertex 4.99832 12 10
      vertex 23.5017 12 10
      vertex 23.6136 12.1364 10
    endloop
  endfacet
  facet normal 0 0 1
    outer loop
      vertex 4.8864 12.1364 10
      vertex 23.6136 12.1364 10
      vertex 23.75 12.2483 10
    endloop
  endfacet
  facet normal 0 0 1
    outer loop
      vertex 4.75001 12.2483 10
      vertex 23.75 12.2483 10
      vertex 28.5 16 10
    endloop
  endfacet
  facet normal 0 0 1
    outer loop
      vertex 23.3673 11.6756 10
      vertex 5.13271 11.6756 10
      vertex 5.15 11.5 10
    endloop
  endfacet
  facet normal 0 0 1
    outer loop
      vertex 23.4185 11.8444 10
      vertex 5.08149 11.8444 10
      vertex 5.13271 11.6756 10
    endloop
  endfacet
  facet normal 0 0 1
    outer loop
      vertex 23.5017 12 10
      vertex 4.99832 12 10
      vertex 5.08149 11.8444 10
    endloop
  endfacet
  facet normal 0 0 1
    outer loop
      vertex 23.6136 12.1364 10
      vertex 4.8864 12.1364 10
      vertex 4.99832 12 10
    endloop
  endfacet
  facet normal 0 0 1
    outer loop
      vertex 23.75 12.2483 10
      vertex 4.75001 12.2483 10
      vertex 4.8864 12.1364 10
    endloop
  endfacet
  facet normal -0 0 1
    outer loop
      vertex 0 16 10
      vertex 4.75001 12.2483 10
      vertex 28.5 16 10
    endloop
  endfacet
  facet normal 0 0 1
    outer loop
      vertex 4.75001 12.2483 10
      vertex 0 16 10
      vertex 4.59441 12.3315 10
    endloop
  endfacet
  facet normal 0 0 1
    outer loop
      vertex 4.59441 12.3315 10
      vertex 0 16 10
      vertex 4.42558 12.3827 10
    endloop
  endfacet
  facet normal 0 0 1
    outer loop
      vertex 4.42558 12.3827 10
      vertex 0 16 10
      vertex 4.25 12.4 10
    endloop
  endfacet
  facet normal 0 0 1
    outer loop
      vertex 3.36729 11.6756 10
      vertex 0 16 10
      vertex 3.35 11.5 10
    endloop
  endfacet
  facet normal 0 0 1
    outer loop
      vertex 3.41851 11.8444 10
      vertex 0 16 10
      vertex 3.36729 11.6756 10
    endloop
  endfacet
  facet normal 0 0 1
    outer loop
      vertex 3.50168 12 10
      vertex 0 16 10
      vertex 3.41851 11.8444 10
    endloop
  endfacet
  facet normal 0 0 1
    outer loop
      vertex 3.6136 12.1364 10
      vertex 0 16 10
      vertex 3.50168 12 10
    endloop
  endfacet
  facet normal 0 0 1
    outer loop
      vertex 3.74999 12.2483 10
      vertex 0 16 10
      vertex 3.6136 12.1364 10
    endloop
  endfacet
  facet normal 0 0 1
    outer loop
      vertex 3.90558 12.3315 10
      vertex 0 16 10
      vertex 3.74999 12.2483 10
    endloop
  endfacet
  facet normal 0 0 1
    outer loop
      vertex 4.07442 12.3827 10
      vertex 0 16 10
      vertex 3.90558 12.3315 10
    endloop
  endfacet
  facet normal 0 0 1
    outer loop
      vertex 4.25 12.4 10
      vertex 0 16 10
      vertex 4.07442 12.3827 10
    endloop
  endfacet
  facet normal -0 0 1
    outer loop
      vertex 25.1327 11.3244 10
      vertex 28.5 7 10
      vertex 25.15 11.5 10
    endloop
  endfacet
  facet normal -0 0 1
    outer loop
      vertex 25.0815 11.1556 10
      vertex 28.5 7 10
      vertex 25.1327 11.3244 10
    endloop
  endfacet
  facet normal -0 0 1
    outer loop
      vertex 24.9983 11 10
      vertex 28.5 7 10
      vertex 25.0815 11.1556 10
    endloop
  endfacet
  facet normal -0 0 1
    outer loop
      vertex 24.8864 10.8636 10
      vertex 28.5 7 10
      vertex 24.9983 11 10
    endloop
  endfacet
  facet normal -0 0 1
    outer loop
      vertex 24.75 10.7517 10
      vertex 28.5 7 10
      vertex 24.8864 10.8636 10
    endloop
  endfacet
  facet normal -0 0 1
    outer loop
      vertex 24.5944 10.6685 10
      vertex 28.5 7 10
      vertex 24.75 10.7517 10
    endloop
  endfacet
  facet normal -0 0 1
    outer loop
      vertex 24.4256 10.6173 10
      vertex 28.5 7 10
      vertex 24.5944 10.6685 10
    endloop
  endfacet
  facet normal -0 0 1
    outer loop
      vertex 24.25 10.6 10
      vertex 28.5 7 10
      vertex 24.4256 10.6173 10
    endloop
  endfacet
  facet normal 0 0 1
    outer loop
      vertex 24.0744 10.6173 10
      vertex 28.5 7 10
      vertex 24.25 10.6 10
    endloop
  endfacet
  facet normal 0 0 1
    outer loop
      vertex 23.9056 10.6685 10
      vertex 28.5 7 10
      vertex 24.0744 10.6173 10
    endloop
  endfacet
  facet normal 0 0 1
    outer loop
      vertex 23.75 10.7517 10
      vertex 28.5 7 10
      vertex 23.9056 10.6685 10
    endloop
  endfacet
  facet normal -0 0 1
    outer loop
      vertex 5.15 11.5 10
      vertex 23.3673 11.3244 10
      vertex 23.35 11.5 10
    endloop
  endfacet
  facet normal 0 0 1
    outer loop
      vertex 5.13271 11.3244 10
      vertex 23.3673 11.3244 10
      vertex 5.15 11.5 10
    endloop
  endfacet
  facet normal 0 0 1
    outer loop
      vertex 23.3673 11.3244 10
      vertex 5.13271 11.3244 10
      vertex 23.4185 11.1556 10
    endloop
  endfacet
  facet normal 0 0 1
    outer loop
      vertex 5.08149 11.1556 10
      vertex 23.4185 11.1556 10
      vertex 5.13271 11.3244 10
    endloop
  endfacet
  facet normal 0 0 1
    outer loop
      vertex 23.4185 11.1556 10
      vertex 5.08149 11.1556 10
      vertex 23.5017 11 10
    endloop
  endfacet
  facet normal 0 0 1
    outer loop
      vertex 4.99832 11 10
      vertex 23.5017 11 10
      vertex 5.08149 11.1556 10
    endloop
  endfacet
  facet normal 0 0 1
    outer loop
      vertex 23.5017 11 10
      vertex 4.99832 11 10
      vertex 23.6136 10.8636 10
    endloop
  endfacet
  facet normal 0 0 1
    outer loop
      vertex 4.8864 10.8636 10
      vertex 23.6136 10.8636 10
      vertex 4.99832 11 10
    endloop
  endfacet
  facet normal 0 0 1
    outer loop
      vertex 23.6136 10.8636 10
      vertex 4.8864 10.8636 10
      vertex 23.75 10.7517 10
    endloop
  endfacet
  facet normal 0 0 1
    outer loop
      vertex 4.75001 10.7517 10
      vertex 23.75 10.7517 10
      vertex 4.8864 10.8636 10
    endloop
  endfacet
  facet normal 0 0 1
    outer loop
      vertex 23.75 10.7517 10
      vertex 4.75001 10.7517 10
      vertex 28.5 7 10
    endloop
  endfacet
  facet normal 0 0 1
    outer loop
      vertex 0 7 10
      vertex 4.75001 10.7517 10
      vertex 4.59441 10.6685 10
    endloop
  endfacet
  facet normal 0 0 1
    outer loop
      vertex 0 7 10
      vertex 4.59441 10.6685 10
      vertex 4.42558 10.6173 10
    endloop
  endfacet
  facet normal 0 0 1
    outer loop
      vertex 0 7 10
      vertex 4.42558 10.6173 10
      vertex 4.25 10.6 10
    endloop
  endfacet
  facet normal 0 0 1
    outer loop
      vertex 0 7 10
      vertex 4.25 10.6 10
      vertex 4.07442 10.6173 10
    endloop
  endfacet
  facet normal 0 0 1
    outer loop
      vertex 0 7 10
      vertex 3.35 11.5 10
      vertex 0 16 10
    endloop
  endfacet
  facet normal 0 0 1
    outer loop
      vertex 3.35 11.5 10
      vertex 0 7 10
      vertex 3.36729 11.3244 10
    endloop
  endfacet
  facet normal 0 0 1
    outer loop
      vertex 3.36729 11.3244 10
      vertex 0 7 10
      vertex 3.41851 11.1556 10
    endloop
  endfacet
  facet normal 0 0 1
    outer loop
      vertex 4.75001 10.7517 10
      vertex 0 7 10
      vertex 28.5 7 10
    endloop
  endfacet
  facet normal 0 0 1
    outer loop
      vertex 3.90558 10.6685 10
      vertex 0 7 10
      vertex 4.07442 10.6173 10
    endloop
  endfacet
  facet normal 0 0 1
    outer loop
      vertex 3.74999 10.7517 10
      vertex 0 7 10
      vertex 3.90558 10.6685 10
    endloop
  endfacet
  facet normal 0 0 1
    outer loop
      vertex 3.6136 10.8636 10
      vertex 0 7 10
      vertex 3.74999 10.7517 10
    endloop
  endfacet
  facet normal 0 0 1
    outer loop
      vertex 3.50168 11 10
      vertex 0 7 10
      vertex 3.6136 10.8636 10
    endloop
  endfacet
  facet normal 0 0 1
    outer loop
      vertex 3.41851 11.1556 10
      vertex 0 7 10
      vertex 3.50168 11 10
    endloop
  endfacet
  facet normal 0 0 -1
    outer loop
      vertex 28.5 7 0
      vertex 25.15 11.5 0
      vertex 28.5 16 0
    endloop
  endfacet
  facet normal 0 0 -1
    outer loop
      vertex 28.5 7 0
      vertex 25.1327 11.3244 0
      vertex 25.15 11.5 0
    endloop
  endfacet
  facet normal 0 0 -1
    outer loop
      vertex 28.5 7 0
      vertex 25.0815 11.1556 0
      vertex 25.1327 11.3244 0
    endloop
  endfacet
  facet normal 0 0 -1
    outer loop
      vertex 28.5 7 0
      vertex 24.9983 11 0
      vertex 25.0815 11.1556 0
    endloop
  endfacet
  facet normal 0 0 -1
    outer loop
      vertex 28.5 7 0
      vertex 24.8864 10.8636 0
      vertex 24.9983 11 0
    endloop
  endfacet
  facet normal 0 0 -1
    outer loop
      vertex 28.5 7 0
      vertex 24.75 10.7517 0
      vertex 24.8864 10.8636 0
    endloop
  endfacet
  facet normal 0 0 -1
    outer loop
      vertex 28.5 7 0
      vertex 24.5944 10.6685 0
      vertex 24.75 10.7517 0
    endloop
  endfacet
  facet normal 0 0 -1
    outer loop
      vertex 28.5 7 0
      vertex 24.4256 10.6173 0
      vertex 24.5944 10.6685 0
    endloop
  endfacet
  facet normal 0 0 -1
    outer loop
      vertex 28.5 7 0
      vertex 24.25 10.6 0
      vertex 24.4256 10.6173 0
    endloop
  endfacet
  facet normal 0 0 -1
    outer loop
      vertex 28.5 7 0
      vertex 24.0744 10.6173 0
      vertex 24.25 10.6 0
    endloop
  endfacet
  facet normal 0 0 -1
    outer loop
      vertex 28.5 7 0
      vertex 23.9056 10.6685 0
      vertex 24.0744 10.6173 0
    endloop
  endfacet
  facet normal 0 0 -1
    outer loop
      vertex 28.5 7 0
      vertex 23.75 10.7517 0
      vertex 23.9056 10.6685 0
    endloop
  endfacet
  facet normal 0 0 -1
    outer loop
      vertex 23.3673 11.3244 0
      vertex 5.15 11.5 0
      vertex 23.35 11.5 0
    endloop
  endfacet
  facet normal 0 0 -1
    outer loop
      vertex 5.13271 11.3244 0
      vertex 23.3673 11.3244 0
      vertex 23.4185 11.1556 0
    endloop
  endfacet
  facet normal 0 0 -1
    outer loop
      vertex 5.08149 11.1556 0
      vertex 23.4185 11.1556 0
      vertex 23.5017 11 0
    endloop
  endfacet
  facet normal 0 0 -1
    outer loop
      vertex 4.99832 11 0
      vertex 23.5017 11 0
      vertex 23.6136 10.8636 0
    endloop
  endfacet
  facet normal 0 0 -1
    outer loop
      vertex 4.8864 10.8636 0
      vertex 23.6136 10.8636 0
      vertex 23.75 10.7517 0
    endloop
  endfacet
  facet normal 0 0 -1
    outer loop
      vertex 4.75001 10.7517 0
      vertex 23.75 10.7517 0
      vertex 28.5 7 0
    endloop
  endfacet
  facet normal 0 0 -1
    outer loop
      vertex 23.3673 11.3244 0
      vertex 5.13271 11.3244 0
      vertex 5.15 11.5 0
    endloop
  endfacet
  facet normal 0 0 -1
    outer loop
      vertex 23.4185 11.1556 0
      vertex 5.08149 11.1556 0
      vertex 5.13271 11.3244 0
    endloop
  endfacet
  facet normal 0 0 -1
    outer loop
      vertex 23.5017 11 0
      vertex 4.99832 11 0
      vertex 5.08149 11.1556 0
    endloop
  endfacet
  facet normal 0 0 -1
    outer loop
      vertex 23.6136 10.8636 0
      vertex 4.8864 10.8636 0
      vertex 4.99832 11 0
    endloop
  endfacet
  facet normal 0 0 -1
    outer loop
      vertex 23.75 10.7517 0
      vertex 4.75001 10.7517 0
      vertex 4.8864 10.8636 0
    endloop
  endfacet
  facet normal 0 0 -1
    outer loop
      vertex 0 7 0
      vertex 4.75001 10.7517 0
      vertex 28.5 7 0
    endloop
  endfacet
  facet normal 0 0 -1
    outer loop
      vertex 4.75001 10.7517 0
      vertex 0 7 0
      vertex 4.59441 10.6685 0
    endloop
  endfacet
  facet normal 0 0 -1
    outer loop
      vertex 4.59441 10.6685 0
      vertex 0 7 0
      vertex 4.42558 10.6173 0
    endloop
  endfacet
  facet normal 0 0 -1
    outer loop
      vertex 4.42558 10.6173 0
      vertex 0 7 0
      vertex 4.25 10.6 0
    endloop
  endfacet
  facet normal -0 0 -1
    outer loop
      vertex 3.36729 11.3244 0
      vertex 0 7 0
      vertex 3.35 11.5 0
    endloop
  endfacet
  facet normal -0 0 -1
    outer loop
      vertex 3.41851 11.1556 0
      vertex 0 7 0
      vertex 3.36729 11.3244 0
    endloop
  endfacet
  facet normal -0 0 -1
    outer loop
      vertex 3.50168 11 0
      vertex 0 7 0
      vertex 3.41851 11.1556 0
    endloop
  endfacet
  facet normal -0 0 -1
    outer loop
      vertex 3.6136 10.8636 0
      vertex 0 7 0
      vertex 3.50168 11 0
    endloop
  endfacet
  facet normal -0 0 -1
    outer loop
      vertex 3.74999 10.7517 0
      vertex 0 7 0
      vertex 3.6136 10.8636 0
    endloop
  endfacet
  facet normal -0 0 -1
    outer loop
      vertex 3.90558 10.6685 0
      vertex 0 7 0
      vertex 3.74999 10.7517 0
    endloop
  endfacet
  facet normal -0 0 -1
    outer loop
      vertex 4.07442 10.6173 0
      vertex 0 7 0
      vertex 3.90558 10.6685 0
    endloop
  endfacet
  facet normal -0 0 -1
    outer loop
      vertex 4.25 10.6 0
      vertex 0 7 0
      vertex 4.07442 10.6173 0
    endloop
  endfacet
  facet normal 0 0 -1
    outer loop
      vertex 25.1327 11.6756 0
      vertex 28.5 16 0
      vertex 25.15 11.5 0
    endloop
  endfacet
  facet normal 0 0 -1
    outer loop
      vertex 25.0815 11.8444 0
      vertex 28.5 16 0
      vertex 25.1327 11.6756 0
    endloop
  endfacet
  facet normal 0 0 -1
    outer loop
      vertex 24.9983 12 0
      vertex 28.5 16 0
      vertex 25.0815 11.8444 0
    endloop
  endfacet
  facet normal 0 0 -1
    outer loop
      vertex 24.8864 12.1364 0
      vertex 28.5 16 0
      vertex 24.9983 12 0
    endloop
  endfacet
  facet normal 0 0 -1
    outer loop
      vertex 24.75 12.2483 0
      vertex 28.5 16 0
      vertex 24.8864 12.1364 0
    endloop
  endfacet
  facet normal 0 0 -1
    outer loop
      vertex 24.5944 12.3315 0
      vertex 28.5 16 0
      vertex 24.75 12.2483 0
    endloop
  endfacet
  facet normal 0 0 -1
    outer loop
      vertex 24.4256 12.3827 0
      vertex 28.5 16 0
      vertex 24.5944 12.3315 0
    endloop
  endfacet
  facet normal 0 0 -1
    outer loop
      vertex 24.25 12.4 0
      vertex 28.5 16 0
      vertex 24.4256 12.3827 0
    endloop
  endfacet
  facet normal 0 0 -1
    outer loop
      vertex 24.0744 12.3827 0
      vertex 28.5 16 0
      vertex 24.25 12.4 0
    endloop
  endfacet
  facet normal 0 0 -1
    outer loop
      vertex 23.9056 12.3315 0
      vertex 28.5 16 0
      vertex 24.0744 12.3827 0
    endloop
  endfacet
  facet normal 0 0 -1
    outer loop
      vertex 23.75 12.2483 0
      vertex 28.5 16 0
      vertex 23.9056 12.3315 0
    endloop
  endfacet
  facet normal 0 0 -1
    outer loop
      vertex 5.15 11.5 0
      vertex 23.3673 11.6756 0
      vertex 23.35 11.5 0
    endloop
  endfacet
  facet normal 0 0 -1
    outer loop
      vertex 5.13271 11.6756 0
      vertex 23.3673 11.6756 0
      vertex 5.15 11.5 0
    endloop
  endfacet
  facet normal 0 0 -1
    outer loop
      vertex 23.3673 11.6756 0
      vertex 5.13271 11.6756 0
      vertex 23.4185 11.8444 0
    endloop
  endfacet
  facet normal 0 0 -1
    outer loop
      vertex 5.08149 11.8444 0
      vertex 23.4185 11.8444 0
      vertex 5.13271 11.6756 0
    endloop
  endfacet
  facet normal 0 0 -1
    outer loop
      vertex 23.4185 11.8444 0
      vertex 5.08149 11.8444 0
      vertex 23.5017 12 0
    endloop
  endfacet
  facet normal 0 0 -1
    outer loop
      vertex 4.99832 12 0
      vertex 23.5017 12 0
      vertex 5.08149 11.8444 0
    endloop
  endfacet
  facet normal 0 0 -1
    outer loop
      vertex 23.5017 12 0
      vertex 4.99832 12 0
      vertex 23.6136 12.1364 0
    endloop
  endfacet
  facet normal 0 0 -1
    outer loop
      vertex 4.8864 12.1364 0
      vertex 23.6136 12.1364 0
      vertex 4.99832 12 0
    endloop
  endfacet
  facet normal 0 0 -1
    outer loop
      vertex 23.6136 12.1364 0
      vertex 4.8864 12.1364 0
      vertex 23.75 12.2483 0
    endloop
  endfacet
  facet normal 0 0 -1
    outer loop
      vertex 4.75001 12.2483 0
      vertex 23.75 12.2483 0
      vertex 4.8864 12.1364 0
    endloop
  endfacet
  facet normal 0 0 -1
    outer loop
      vertex 23.75 12.2483 0
      vertex 4.75001 12.2483 0
      vertex 28.5 16 0
    endloop
  endfacet
  facet normal 0 0 -1
    outer loop
      vertex 0 16 0
      vertex 4.75001 12.2483 0
      vertex 4.59441 12.3315 0
    endloop
  endfacet
  facet normal 0 0 -1
    outer loop
      vertex 0 16 0
      vertex 4.59441 12.3315 0
      vertex 4.42558 12.3827 0
    endloop
  endfacet
  facet normal 0 0 -1
    outer loop
      vertex 0 16 0
      vertex 4.42558 12.3827 0
      vertex 4.25 12.4 0
    endloop
  endfacet
  facet normal 0 0 -1
    outer loop
      vertex 0 16 0
      vertex 4.25 12.4 0
      vertex 4.07442 12.3827 0
    endloop
  endfacet
  facet normal 0 0 -1
    outer loop
      vertex 0 16 0
      vertex 3.35 11.5 0
      vertex 0 7 0
    endloop
  endfacet
  facet normal 0 0 -1
    outer loop
      vertex 3.35 11.5 0
      vertex 0 16 0
      vertex 3.36729 11.6756 0
    endloop
  endfacet
  facet normal 0 0 -1
    outer loop
      vertex 3.36729 11.6756 0
      vertex 0 16 0
      vertex 3.41851 11.8444 0
    endloop
  endfacet
  facet normal 0 0 -1
    outer loop
      vertex 4.75001 12.2483 0
      vertex 0 16 0
      vertex 28.5 16 0
    endloop
  endfacet
  facet normal 0 0 -1
    outer loop
      vertex 3.90558 12.3315 0
      vertex 0 16 0
      vertex 4.07442 12.3827 0
    endloop
  endfacet
  facet normal 0 0 -1
    outer loop
      vertex 3.74999 12.2483 0
      vertex 0 16 0
      vertex 3.90558 12.3315 0
    endloop
  endfacet
  facet normal 0 0 -1
    outer loop
      vertex 3.6136 12.1364 0
      vertex 0 16 0
      vertex 3.74999 12.2483 0
    endloop
  endfacet
  facet normal 0 0 -1
    outer loop
      vertex 3.50168 12 0
      vertex 0 16 0
      vertex 3.6136 12.1364 0
    endloop
  endfacet
  facet normal 0 0 -1
    outer loop
      vertex 3.41851 11.8444 0
      vertex 0 16 0
      vertex 3.50168 12 0
    endloop
  endfacet
  facet normal -1 0 0
    outer loop
      vertex 0 7 0
      vertex 0 16 10
      vertex 0 16 0
    endloop
  endfacet
  facet normal -1 -0 0
    outer loop
      vertex 0 16 10
      vertex 0 7 0
      vertex 0 7 10
    endloop
  endfacet
  facet normal 0 1 -0
    outer loop
      vertex 28.5 16 0
      vertex 0 16 10
      vertex 28.5 16 10
    endloop
  endfacet
  facet normal 0 1 0
    outer loop
      vertex 0 16 10
      vertex 28.5 16 0
      vertex 0 16 0
    endloop
  endfacet
  facet normal 0 -1 0
    outer loop
      vertex 0 7 0
      vertex 28.5 7 10
      vertex 0 7 10
    endloop
  endfacet
  facet normal 0 -1 -0
    outer loop
      vertex 28.5 7 10
      vertex 0 7 0
      vertex 28.5 7 0
    endloop
  endfacet
  facet normal -0.290212 0.956962 0
    outer loop
      vertex 4.59441 32.6685 0
      vertex 4.42558 32.6173 10
      vertex 4.59441 32.6685 10
    endloop
  endfacet
  facet normal -0.290212 0.956962 0
    outer loop
      vertex 4.42558 32.6173 10
      vertex 4.59441 32.6685 0
      vertex 4.42558 32.6173 0
    endloop
  endfacet
  facet normal -0.956917 -0.290363 0
    outer loop
      vertex 5.13271 33.6756 0
      vertex 5.08149 33.8444 10
      vertex 5.08149 33.8444 0
    endloop
  endfacet
  facet normal -0.956917 -0.290363 0
    outer loop
      vertex 5.08149 33.8444 10
      vertex 5.13271 33.6756 0
      vertex 5.13271 33.6756 10
    endloop
  endfacet
  facet normal -0.995188 -0.0979886 0
    outer loop
      vertex 5.15 33.5 0
      vertex 5.13271 33.6756 10
      vertex 5.13271 33.6756 0
    endloop
  endfacet
  facet normal -0.995188 -0.0979886 0
    outer loop
      vertex 5.13271 33.6756 10
      vertex 5.15 33.5 0
      vertex 5.15 33.5 10
    endloop
  endfacet
  facet normal -0.881921 -0.471397 0
    outer loop
      vertex 5.08149 33.8444 0
      vertex 4.99832 34 10
      vertex 4.99832 34 0
    endloop
  endfacet
  facet normal -0.881921 -0.471397 0
    outer loop
      vertex 4.99832 34 10
      vertex 5.08149 33.8444 0
      vertex 5.08149 33.8444 10
    endloop
  endfacet
  facet normal -0.995188 0.0979886 0
    outer loop
      vertex 5.13271 33.3244 0
      vertex 5.15 33.5 10
      vertex 5.15 33.5 0
    endloop
  endfacet
  facet normal -0.995188 0.0979886 0
    outer loop
      vertex 5.15 33.5 10
      vertex 5.13271 33.3244 0
      vertex 5.13271 33.3244 10
    endloop
  endfacet
  facet normal 0.471553 0.881838 -0
    outer loop
      vertex 3.90558 32.6685 0
      vertex 3.74999 32.7517 10
      vertex 3.90558 32.6685 10
    endloop
  endfacet
  facet normal 0.471553 0.881838 0
    outer loop
      vertex 3.74999 32.7517 10
      vertex 3.90558 32.6685 0
      vertex 3.74999 32.7517 0
    endloop
  endfacet
  facet normal -0.634284 -0.7731 0
    outer loop
      vertex 4.75001 34.2483 0
      vertex 4.8864 34.1364 10
      vertex 4.75001 34.2483 10
    endloop
  endfacet
  facet normal -0.634284 -0.7731 -0
    outer loop
      vertex 4.8864 34.1364 10
      vertex 4.75001 34.2483 0
      vertex 4.8864 34.1364 0
    endloop
  endfacet
  facet normal 0.0980558 -0.995181 0
    outer loop
      vertex 4.07442 34.3827 0
      vertex 4.25 34.4 10
      vertex 4.07442 34.3827 10
    endloop
  endfacet
  facet normal 0.0980558 -0.995181 0
    outer loop
      vertex 4.25 34.4 10
      vertex 4.07442 34.3827 0
      vertex 4.25 34.4 0
    endloop
  endfacet
  facet normal 0.881921 0.471397 0
    outer loop
      vertex 3.50168 33 10
      vertex 3.41851 33.1556 0
      vertex 3.41851 33.1556 10
    endloop
  endfacet
  facet normal 0.881921 0.471397 0
    outer loop
      vertex 3.41851 33.1556 0
      vertex 3.50168 33 10
      vertex 3.50168 33 0
    endloop
  endfacet
  facet normal -0.0980558 0.995181 0
    outer loop
      vertex 4.42558 32.6173 0
      vertex 4.25 32.6 10
      vertex 4.42558 32.6173 10
    endloop
  endfacet
  facet normal -0.0980558 0.995181 0
    outer loop
      vertex 4.25 32.6 10
      vertex 4.42558 32.6173 0
      vertex 4.25 32.6 0
    endloop
  endfacet
  facet normal -0.956917 0.290363 0
    outer loop
      vertex 5.08149 33.1556 0
      vertex 5.13271 33.3244 10
      vertex 5.13271 33.3244 0
    endloop
  endfacet
  facet normal -0.956917 0.290363 0
    outer loop
      vertex 5.13271 33.3244 10
      vertex 5.08149 33.1556 0
      vertex 5.08149 33.1556 10
    endloop
  endfacet
  facet normal -0.773068 0.634324 0
    outer loop
      vertex 4.8864 32.8636 0
      vertex 4.99832 33 10
      vertex 4.99832 33 0
    endloop
  endfacet
  facet normal -0.773068 0.634324 0
    outer loop
      vertex 4.99832 33 10
      vertex 4.8864 32.8636 0
      vertex 4.8864 32.8636 10
    endloop
  endfacet
  facet normal 0.0980558 0.995181 -0
    outer loop
      vertex 4.25 32.6 0
      vertex 4.07442 32.6173 10
      vertex 4.25 32.6 10
    endloop
  endfacet
  facet normal 0.0980558 0.995181 0
    outer loop
      vertex 4.07442 32.6173 10
      vertex 4.25 32.6 0
      vertex 4.07442 32.6173 0
    endloop
  endfacet
  facet normal -0.881921 0.471397 0
    outer loop
      vertex 4.99832 33 0
      vertex 5.08149 33.1556 10
      vertex 5.08149 33.1556 0
    endloop
  endfacet
  facet normal -0.881921 0.471397 0
    outer loop
      vertex 5.08149 33.1556 10
      vertex 4.99832 33 0
      vertex 4.99832 33 10
    endloop
  endfacet
  facet normal -0.471529 0.88185 0
    outer loop
      vertex 4.75001 32.7517 0
      vertex 4.59441 32.6685 10
      vertex 4.75001 32.7517 10
    endloop
  endfacet
  facet normal -0.471529 0.88185 0
    outer loop
      vertex 4.59441 32.6685 10
      vertex 4.75001 32.7517 0
      vertex 4.59441 32.6685 0
    endloop
  endfacet
  facet normal 0.956917 0.290363 0
    outer loop
      vertex 3.41851 33.1556 10
      vertex 3.36729 33.3244 0
      vertex 3.36729 33.3244 10
    endloop
  endfacet
  facet normal 0.956917 0.290363 0
    outer loop
      vertex 3.36729 33.3244 0
      vertex 3.41851 33.1556 10
      vertex 3.41851 33.1556 0
    endloop
  endfacet
  facet normal 0.773068 -0.634324 0
    outer loop
      vertex 3.50168 34 10
      vertex 3.6136 34.1364 0
      vertex 3.6136 34.1364 10
    endloop
  endfacet
  facet normal 0.773068 -0.634324 0
    outer loop
      vertex 3.6136 34.1364 0
      vertex 3.50168 34 10
      vertex 3.50168 34 0
    endloop
  endfacet
  facet normal -0.773068 -0.634324 0
    outer loop
      vertex 4.99832 34 0
      vertex 4.8864 34.1364 10
      vertex 4.8864 34.1364 0
    endloop
  endfacet
  facet normal -0.773068 -0.634324 0
    outer loop
      vertex 4.8864 34.1364 10
      vertex 4.99832 34 0
      vertex 4.99832 34 10
    endloop
  endfacet
  facet normal 0.471553 -0.881838 0
    outer loop
      vertex 3.74999 34.2483 0
      vertex 3.90558 34.3315 10
      vertex 3.74999 34.2483 10
    endloop
  endfacet
  facet normal 0.471553 -0.881838 0
    outer loop
      vertex 3.90558 34.3315 10
      vertex 3.74999 34.2483 0
      vertex 3.90558 34.3315 0
    endloop
  endfacet
  facet normal 0.290196 -0.956967 0
    outer loop
      vertex 3.90558 34.3315 0
      vertex 4.07442 34.3827 10
      vertex 3.90558 34.3315 10
    endloop
  endfacet
  facet normal 0.290196 -0.956967 0
    outer loop
      vertex 4.07442 34.3827 10
      vertex 3.90558 34.3315 0
      vertex 4.07442 34.3827 0
    endloop
  endfacet
  facet normal 0.290196 0.956967 -0
    outer loop
      vertex 4.07442 32.6173 0
      vertex 3.90558 32.6685 10
      vertex 4.07442 32.6173 10
    endloop
  endfacet
  facet normal 0.290196 0.956967 0
    outer loop
      vertex 3.90558 32.6685 10
      vertex 4.07442 32.6173 0
      vertex 3.90558 32.6685 0
    endloop
  endfacet
  facet normal 0.634284 -0.7731 0
    outer loop
      vertex 3.6136 34.1364 0
      vertex 3.74999 34.2483 10
      vertex 3.6136 34.1364 10
    endloop
  endfacet
  facet normal 0.634284 -0.7731 0
    outer loop
      vertex 3.74999 34.2483 10
      vertex 3.6136 34.1364 0
      vertex 3.74999 34.2483 0
    endloop
  endfacet
  facet normal -0.290212 -0.956962 0
    outer loop
      vertex 4.42558 34.3827 0
      vertex 4.59441 34.3315 10
      vertex 4.42558 34.3827 10
    endloop
  endfacet
  facet normal -0.290212 -0.956962 -0
    outer loop
      vertex 4.59441 34.3315 10
      vertex 4.42558 34.3827 0
      vertex 4.59441 34.3315 0
    endloop
  endfacet
  facet normal -0.634284 0.7731 0
    outer loop
      vertex 4.8864 32.8636 0
      vertex 4.75001 32.7517 10
      vertex 4.8864 32.8636 10
    endloop
  endfacet
  facet normal -0.634284 0.7731 0
    outer loop
      vertex 4.75001 32.7517 10
      vertex 4.8864 32.8636 0
      vertex 4.75001 32.7517 0
    endloop
  endfacet
  facet normal 0.995188 -0.0979886 0
    outer loop
      vertex 3.35 33.5 10
      vertex 3.36729 33.6756 0
      vertex 3.36729 33.6756 10
    endloop
  endfacet
  facet normal 0.995188 -0.0979886 0
    outer loop
      vertex 3.36729 33.6756 0
      vertex 3.35 33.5 10
      vertex 3.35 33.5 0
    endloop
  endfacet
  facet normal -0.0980558 -0.995181 0
    outer loop
      vertex 4.25 34.4 0
      vertex 4.42558 34.3827 10
      vertex 4.25 34.4 10
    endloop
  endfacet
  facet normal -0.0980558 -0.995181 -0
    outer loop
      vertex 4.42558 34.3827 10
      vertex 4.25 34.4 0
      vertex 4.42558 34.3827 0
    endloop
  endfacet
  facet normal -0.471529 -0.88185 0
    outer loop
      vertex 4.59441 34.3315 0
      vertex 4.75001 34.2483 10
      vertex 4.59441 34.3315 10
    endloop
  endfacet
  facet normal -0.471529 -0.88185 -0
    outer loop
      vertex 4.75001 34.2483 10
      vertex 4.59441 34.3315 0
      vertex 4.75001 34.2483 0
    endloop
  endfacet
  facet normal 0.773068 0.634324 0
    outer loop
      vertex 3.6136 32.8636 10
      vertex 3.50168 33 0
      vertex 3.50168 33 10
    endloop
  endfacet
  facet normal 0.773068 0.634324 0
    outer loop
      vertex 3.50168 33 0
      vertex 3.6136 32.8636 10
      vertex 3.6136 32.8636 0
    endloop
  endfacet
  facet normal 0.634284 0.7731 -0
    outer loop
      vertex 3.74999 32.7517 0
      vertex 3.6136 32.8636 10
      vertex 3.74999 32.7517 10
    endloop
  endfacet
  facet normal 0.634284 0.7731 0
    outer loop
      vertex 3.6136 32.8636 10
      vertex 3.74999 32.7517 0
      vertex 3.6136 32.8636 0
    endloop
  endfacet
  facet normal 0.956917 -0.290363 0
    outer loop
      vertex 3.36729 33.6756 10
      vertex 3.41851 33.8444 0
      vertex 3.41851 33.8444 10
    endloop
  endfacet
  facet normal 0.956917 -0.290363 0
    outer loop
      vertex 3.41851 33.8444 0
      vertex 3.36729 33.6756 10
      vertex 3.36729 33.6756 0
    endloop
  endfacet
  facet normal 0.881921 -0.471397 0
    outer loop
      vertex 3.41851 33.8444 10
      vertex 3.50168 34 0
      vertex 3.50168 34 10
    endloop
  endfacet
  facet normal 0.881921 -0.471397 0
    outer loop
      vertex 3.50168 34 0
      vertex 3.41851 33.8444 10
      vertex 3.41851 33.8444 0
    endloop
  endfacet
  facet normal 0.995188 0.0979886 0
    outer loop
      vertex 3.36729 33.3244 10
      vertex 3.35 33.5 0
      vertex 3.35 33.5 10
    endloop
  endfacet
  facet normal 0.995188 0.0979886 0
    outer loop
      vertex 3.35 33.5 0
      vertex 3.36729 33.3244 10
      vertex 3.36729 33.3244 0
    endloop
  endfacet
  facet normal -0.290259 0.956948 0
    outer loop
      vertex 24.5944 32.6685 0
      vertex 24.4256 32.6173 10
      vertex 24.5944 32.6685 10
    endloop
  endfacet
  facet normal -0.290259 0.956948 0
    outer loop
      vertex 24.4256 32.6173 10
      vertex 24.5944 32.6685 0
      vertex 24.4256 32.6173 0
    endloop
  endfacet
  facet normal -0.956948 -0.290259 0
    outer loop
      vertex 25.1327 33.6756 0
      vertex 25.0815 33.8444 10
      vertex 25.0815 33.8444 0
    endloop
  endfacet
  facet normal -0.956948 -0.290259 0
    outer loop
      vertex 25.0815 33.8444 10
      vertex 25.1327 33.6756 0
      vertex 25.1327 33.6756 10
    endloop
  endfacet
  facet normal -0.995182 -0.0980447 0
    outer loop
      vertex 25.15 33.5 0
      vertex 25.1327 33.6756 10
      vertex 25.1327 33.6756 0
    endloop
  endfacet
  facet normal -0.995182 -0.0980447 0
    outer loop
      vertex 25.1327 33.6756 10
      vertex 25.15 33.5 0
      vertex 25.15 33.5 10
    endloop
  endfacet
  facet normal -0.88185 -0.471529 0
    outer loop
      vertex 25.0815 33.8444 0
      vertex 24.9983 34 10
      vertex 24.9983 34 0
    endloop
  endfacet
  facet normal -0.88185 -0.471529 0
    outer loop
      vertex 24.9983 34 10
      vertex 25.0815 33.8444 0
      vertex 25.0815 33.8444 10
    endloop
  endfacet
  facet normal -0.995182 0.0980447 0
    outer loop
      vertex 25.1327 33.3244 0
      vertex 25.15 33.5 10
      vertex 25.15 33.5 0
    endloop
  endfacet
  facet normal -0.995182 0.0980447 0
    outer loop
      vertex 25.15 33.5 10
      vertex 25.1327 33.3244 0
      vertex 25.1327 33.3244 10
    endloop
  endfacet
  facet normal 0.471529 0.88185 -0
    outer loop
      vertex 23.9056 32.6685 0
      vertex 23.75 32.7517 10
      vertex 23.9056 32.6685 10
    endloop
  endfacet
  facet normal 0.471529 0.88185 0
    outer loop
      vertex 23.75 32.7517 10
      vertex 23.9056 32.6685 0
      vertex 23.75 32.7517 0
    endloop
  endfacet
  facet normal -0.634256 -0.773123 0
    outer loop
      vertex 24.75 34.2483 0
      vertex 24.8864 34.1364 10
      vertex 24.75 34.2483 10
    endloop
  endfacet
  facet normal -0.634256 -0.773123 -0
    outer loop
      vertex 24.8864 34.1364 10
      vertex 24.75 34.2483 0
      vertex 24.8864 34.1364 0
    endloop
  endfacet
  facet normal 0.0980447 -0.995182 0
    outer loop
      vertex 24.0744 34.3827 0
      vertex 24.25 34.4 10
      vertex 24.0744 34.3827 10
    endloop
  endfacet
  facet normal 0.0980447 -0.995182 0
    outer loop
      vertex 24.25 34.4 10
      vertex 24.0744 34.3827 0
      vertex 24.25 34.4 0
    endloop
  endfacet
  facet normal 0.88185 0.471529 0
    outer loop
      vertex 23.5017 33 10
      vertex 23.4185 33.1556 0
      vertex 23.4185 33.1556 10
    endloop
  endfacet
  facet normal 0.88185 0.471529 0
    outer loop
      vertex 23.4185 33.1556 0
      vertex 23.5017 33 10
      vertex 23.5017 33 0
    endloop
  endfacet
  facet normal -0.0980447 0.995182 0
    outer loop
      vertex 24.4256 32.6173 0
      vertex 24.25 32.6 10
      vertex 24.4256 32.6173 10
    endloop
  endfacet
  facet normal -0.0980447 0.995182 0
    outer loop
      vertex 24.25 32.6 10
      vertex 24.4256 32.6173 0
      vertex 24.25 32.6 0
    endloop
  endfacet
  facet normal -0.956948 0.290259 0
    outer loop
      vertex 25.0815 33.1556 0
      vertex 25.1327 33.3244 10
      vertex 25.1327 33.3244 0
    endloop
  endfacet
  facet normal -0.956948 0.290259 0
    outer loop
      vertex 25.1327 33.3244 10
      vertex 25.0815 33.1556 0
      vertex 25.0815 33.1556 10
    endloop
  endfacet
  facet normal -0.773123 0.634256 0
    outer loop
      vertex 24.8864 32.8636 0
      vertex 24.9983 33 10
      vertex 24.9983 33 0
    endloop
  endfacet
  facet normal -0.773123 0.634256 0
    outer loop
      vertex 24.9983 33 10
      vertex 24.8864 32.8636 0
      vertex 24.8864 32.8636 10
    endloop
  endfacet
  facet normal 0.634256 -0.773123 0
    outer loop
      vertex 23.6136 34.1364 0
      vertex 23.75 34.2483 10
      vertex 23.6136 34.1364 10
    endloop
  endfacet
  facet normal 0.634256 -0.773123 0
    outer loop
      vertex 23.75 34.2483 10
      vertex 23.6136 34.1364 0
      vertex 23.75 34.2483 0
    endloop
  endfacet
  facet normal -0.88185 0.471529 0
    outer loop
      vertex 24.9983 33 0
      vertex 25.0815 33.1556 10
      vertex 25.0815 33.1556 0
    endloop
  endfacet
  facet normal -0.88185 0.471529 0
    outer loop
      vertex 25.0815 33.1556 10
      vertex 24.9983 33 0
      vertex 24.9983 33 10
    endloop
  endfacet
  facet normal -0.471529 0.88185 0
    outer loop
      vertex 24.75 32.7517 0
      vertex 24.5944 32.6685 10
      vertex 24.75 32.7517 10
    endloop
  endfacet
  facet normal -0.471529 0.88185 0
    outer loop
      vertex 24.5944 32.6685 10
      vertex 24.75 32.7517 0
      vertex 24.5944 32.6685 0
    endloop
  endfacet
  facet normal 0.956948 0.290259 0
    outer loop
      vertex 23.4185 33.1556 10
      vertex 23.3673 33.3244 0
      vertex 23.3673 33.3244 10
    endloop
  endfacet
  facet normal 0.956948 0.290259 0
    outer loop
      vertex 23.3673 33.3244 0
      vertex 23.4185 33.1556 10
      vertex 23.4185 33.1556 0
    endloop
  endfacet
  facet normal 0.773123 -0.634256 0
    outer loop
      vertex 23.5017 34 10
      vertex 23.6136 34.1364 0
      vertex 23.6136 34.1364 10
    endloop
  endfacet
  facet normal 0.773123 -0.634256 0
    outer loop
      vertex 23.6136 34.1364 0
      vertex 23.5017 34 10
      vertex 23.5017 34 0
    endloop
  endfacet
  facet normal -0.773123 -0.634256 0
    outer loop
      vertex 24.9983 34 0
      vertex 24.8864 34.1364 10
      vertex 24.8864 34.1364 0
    endloop
  endfacet
  facet normal -0.773123 -0.634256 0
    outer loop
      vertex 24.8864 34.1364 10
      vertex 24.9983 34 0
      vertex 24.9983 34 10
    endloop
  endfacet
  facet normal 0.471529 -0.88185 0
    outer loop
      vertex 23.75 34.2483 0
      vertex 23.9056 34.3315 10
      vertex 23.75 34.2483 10
    endloop
  endfacet
  facet normal 0.471529 -0.88185 0
    outer loop
      vertex 23.9056 34.3315 10
      vertex 23.75 34.2483 0
      vertex 23.9056 34.3315 0
    endloop
  endfacet
  facet normal 0.290259 -0.956948 0
    outer loop
      vertex 23.9056 34.3315 0
      vertex 24.0744 34.3827 10
      vertex 23.9056 34.3315 10
    endloop
  endfacet
  facet normal 0.290259 -0.956948 0
    outer loop
      vertex 24.0744 34.3827 10
      vertex 23.9056 34.3315 0
      vertex 24.0744 34.3827 0
    endloop
  endfacet
  facet normal 0.290259 0.956948 -0
    outer loop
      vertex 24.0744 32.6173 0
      vertex 23.9056 32.6685 10
      vertex 24.0744 32.6173 10
    endloop
  endfacet
  facet normal 0.290259 0.956948 0
    outer loop
      vertex 23.9056 32.6685 10
      vertex 24.0744 32.6173 0
      vertex 23.9056 32.6685 0
    endloop
  endfacet
  facet normal -0.290259 -0.956948 0
    outer loop
      vertex 24.4256 34.3827 0
      vertex 24.5944 34.3315 10
      vertex 24.4256 34.3827 10
    endloop
  endfacet
  facet normal -0.290259 -0.956948 -0
    outer loop
      vertex 24.5944 34.3315 10
      vertex 24.4256 34.3827 0
      vertex 24.5944 34.3315 0
    endloop
  endfacet
  facet normal -0.634256 0.773123 0
    outer loop
      vertex 24.8864 32.8636 0
      vertex 24.75 32.7517 10
      vertex 24.8864 32.8636 10
    endloop
  endfacet
  facet normal -0.634256 0.773123 0
    outer loop
      vertex 24.75 32.7517 10
      vertex 24.8864 32.8636 0
      vertex 24.75 32.7517 0
    endloop
  endfacet
  facet normal 0.995182 -0.0980447 0
    outer loop
      vertex 23.35 33.5 10
      vertex 23.3673 33.6756 0
      vertex 23.3673 33.6756 10
    endloop
  endfacet
  facet normal 0.995182 -0.0980447 0
    outer loop
      vertex 23.3673 33.6756 0
      vertex 23.35 33.5 10
      vertex 23.35 33.5 0
    endloop
  endfacet
  facet normal -0.0980447 -0.995182 0
    outer loop
      vertex 24.25 34.4 0
      vertex 24.4256 34.3827 10
      vertex 24.25 34.4 10
    endloop
  endfacet
  facet normal -0.0980447 -0.995182 -0
    outer loop
      vertex 24.4256 34.3827 10
      vertex 24.25 34.4 0
      vertex 24.4256 34.3827 0
    endloop
  endfacet
  facet normal -0.471529 -0.88185 0
    outer loop
      vertex 24.5944 34.3315 0
      vertex 24.75 34.2483 10
      vertex 24.5944 34.3315 10
    endloop
  endfacet
  facet normal -0.471529 -0.88185 -0
    outer loop
      vertex 24.75 34.2483 10
      vertex 24.5944 34.3315 0
      vertex 24.75 34.2483 0
    endloop
  endfacet
  facet normal 0.773123 0.634256 0
    outer loop
      vertex 23.6136 32.8636 10
      vertex 23.5017 33 0
      vertex 23.5017 33 10
    endloop
  endfacet
  facet normal 0.773123 0.634256 0
    outer loop
      vertex 23.5017 33 0
      vertex 23.6136 32.8636 10
      vertex 23.6136 32.8636 0
    endloop
  endfacet
  facet normal 0.0980447 0.995182 -0
    outer loop
      vertex 24.25 32.6 0
      vertex 24.0744 32.6173 10
      vertex 24.25 32.6 10
    endloop
  endfacet
  facet normal 0.0980447 0.995182 0
    outer loop
      vertex 24.0744 32.6173 10
      vertex 24.25 32.6 0
      vertex 24.0744 32.6173 0
    endloop
  endfacet
  facet normal 0.634256 0.773123 -0
    outer loop
      vertex 23.75 32.7517 0
      vertex 23.6136 32.8636 10
      vertex 23.75 32.7517 10
    endloop
  endfacet
  facet normal 0.634256 0.773123 0
    outer loop
      vertex 23.6136 32.8636 10
      vertex 23.75 32.7517 0
      vertex 23.6136 32.8636 0
    endloop
  endfacet
  facet normal 0.956948 -0.290259 0
    outer loop
      vertex 23.3673 33.6756 10
      vertex 23.4185 33.8444 0
      vertex 23.4185 33.8444 10
    endloop
  endfacet
  facet normal 0.956948 -0.290259 0
    outer loop
      vertex 23.4185 33.8444 0
      vertex 23.3673 33.6756 10
      vertex 23.3673 33.6756 0
    endloop
  endfacet
  facet normal 0.88185 -0.471529 0
    outer loop
      vertex 23.4185 33.8444 10
      vertex 23.5017 34 0
      vertex 23.5017 34 10
    endloop
  endfacet
  facet normal 0.88185 -0.471529 0
    outer loop
      vertex 23.5017 34 0
      vertex 23.4185 33.8444 10
      vertex 23.4185 33.8444 0
    endloop
  endfacet
  facet normal 0.995182 0.0980447 0
    outer loop
      vertex 23.3673 33.3244 10
      vertex 23.35 33.5 0
      vertex 23.35 33.5 10
    endloop
  endfacet
  facet normal 0.995182 0.0980447 0
    outer loop
      vertex 23.35 33.5 0
      vertex 23.3673 33.3244 10
      vertex 23.3673 33.3244 0
    endloop
  endfacet
  facet normal 1 -0 0
    outer loop
      vertex 28.5 29 10
      vertex 28.5 38 0
      vertex 28.5 38 10
    endloop
  endfacet
  facet normal 1 0 0
    outer loop
      vertex 28.5 38 0
      vertex 28.5 29 10
      vertex 28.5 29 0
    endloop
  endfacet
  facet normal 0 0 1
    outer loop
      vertex 28.5 38 10
      vertex 25.15 33.5 10
      vertex 28.5 29 10
    endloop
  endfacet
  facet normal 0 0 1
    outer loop
      vertex 28.5 38 10
      vertex 25.1327 33.6756 10
      vertex 25.15 33.5 10
    endloop
  endfacet
  facet normal 0 0 1
    outer loop
      vertex 28.5 38 10
      vertex 25.0815 33.8444 10
      vertex 25.1327 33.6756 10
    endloop
  endfacet
  facet normal 0 0 1
    outer loop
      vertex 28.5 38 10
      vertex 24.9983 34 10
      vertex 25.0815 33.8444 10
    endloop
  endfacet
  facet normal 0 0 1
    outer loop
      vertex 28.5 38 10
      vertex 24.8864 34.1364 10
      vertex 24.9983 34 10
    endloop
  endfacet
  facet normal 0 0 1
    outer loop
      vertex 28.5 38 10
      vertex 24.75 34.2483 10
      vertex 24.8864 34.1364 10
    endloop
  endfacet
  facet normal 0 0 1
    outer loop
      vertex 28.5 38 10
      vertex 24.5944 34.3315 10
      vertex 24.75 34.2483 10
    endloop
  endfacet
  facet normal 0 0 1
    outer loop
      vertex 28.5 38 10
      vertex 24.4256 34.3827 10
      vertex 24.5944 34.3315 10
    endloop
  endfacet
  facet normal 0 0 1
    outer loop
      vertex 28.5 38 10
      vertex 24.25 34.4 10
      vertex 24.4256 34.3827 10
    endloop
  endfacet
  facet normal 0 0 1
    outer loop
      vertex 28.5 38 10
      vertex 24.0744 34.3827 10
      vertex 24.25 34.4 10
    endloop
  endfacet
  facet normal 0 0 1
    outer loop
      vertex 28.5 38 10
      vertex 23.9056 34.3315 10
      vertex 24.0744 34.3827 10
    endloop
  endfacet
  facet normal 0 0 1
    outer loop
      vertex 28.5 38 10
      vertex 23.75 34.2483 10
      vertex 23.9056 34.3315 10
    endloop
  endfacet
  facet normal 0 0 1
    outer loop
      vertex 23.3673 33.6756 10
      vertex 5.15 33.5 10
      vertex 23.35 33.5 10
    endloop
  endfacet
  facet normal 0 0 1
    outer loop
      vertex 5.13271 33.6756 10
      vertex 23.3673 33.6756 10
      vertex 23.4185 33.8444 10
    endloop
  endfacet
  facet normal 0 0 1
    outer loop
      vertex 5.08149 33.8444 10
      vertex 23.4185 33.8444 10
      vertex 23.5017 34 10
    endloop
  endfacet
  facet normal 0 0 1
    outer loop
      vertex 4.99832 34 10
      vertex 23.5017 34 10
      vertex 23.6136 34.1364 10
    endloop
  endfacet
  facet normal 0 0 1
    outer loop
      vertex 4.8864 34.1364 10
      vertex 23.6136 34.1364 10
      vertex 23.75 34.2483 10
    endloop
  endfacet
  facet normal 0 0 1
    outer loop
      vertex 4.75001 34.2483 10
      vertex 23.75 34.2483 10
      vertex 28.5 38 10
    endloop
  endfacet
  facet normal 0 0 1
    outer loop
      vertex 23.3673 33.6756 10
      vertex 5.13271 33.6756 10
      vertex 5.15 33.5 10
    endloop
  endfacet
  facet normal 0 0 1
    outer loop
      vertex 23.4185 33.8444 10
      vertex 5.08149 33.8444 10
      vertex 5.13271 33.6756 10
    endloop
  endfacet
  facet normal 0 0 1
    outer loop
      vertex 23.5017 34 10
      vertex 4.99832 34 10
      vertex 5.08149 33.8444 10
    endloop
  endfacet
  facet normal 0 0 1
    outer loop
      vertex 23.6136 34.1364 10
      vertex 4.8864 34.1364 10
      vertex 4.99832 34 10
    endloop
  endfacet
  facet normal 0 0 1
    outer loop
      vertex 23.75 34.2483 10
      vertex 4.75001 34.2483 10
      vertex 4.8864 34.1364 10
    endloop
  endfacet
  facet normal -0 0 1
    outer loop
      vertex 0 38 10
      vertex 4.75001 34.2483 10
      vertex 28.5 38 10
    endloop
  endfacet
  facet normal 0 0 1
    outer loop
      vertex 4.75001 34.2483 10
      vertex 0 38 10
      vertex 4.59441 34.3315 10
    endloop
  endfacet
  facet normal 0 0 1
    outer loop
      vertex 4.59441 34.3315 10
      vertex 0 38 10
      vertex 4.42558 34.3827 10
    endloop
  endfacet
  facet normal 0 0 1
    outer loop
      vertex 4.42558 34.3827 10
      vertex 0 38 10
      vertex 4.25 34.4 10
    endloop
  endfacet
  facet normal 0 0 1
    outer loop
      vertex 3.36729 33.6756 10
      vertex 0 38 10
      vertex 3.35 33.5 10
    endloop
  endfacet
  facet normal 0 0 1
    outer loop
      vertex 3.41851 33.8444 10
      vertex 0 38 10
      vertex 3.36729 33.6756 10
    endloop
  endfacet
  facet normal 0 0 1
    outer loop
      vertex 3.50168 34 10
      vertex 0 38 10
      vertex 3.41851 33.8444 10
    endloop
  endfacet
  facet normal 0 0 1
    outer loop
      vertex 3.6136 34.1364 10
      vertex 0 38 10
      vertex 3.50168 34 10
    endloop
  endfacet
  facet normal 0 0 1
    outer loop
      vertex 3.74999 34.2483 10
      vertex 0 38 10
      vertex 3.6136 34.1364 10
    endloop
  endfacet
  facet normal 0 0 1
    outer loop
      vertex 3.90558 34.3315 10
      vertex 0 38 10
      vertex 3.74999 34.2483 10
    endloop
  endfacet
  facet normal 0 0 1
    outer loop
      vertex 4.07442 34.3827 10
      vertex 0 38 10
      vertex 3.90558 34.3315 10
    endloop
  endfacet
  facet normal 0 0 1
    outer loop
      vertex 4.25 34.4 10
      vertex 0 38 10
      vertex 4.07442 34.3827 10
    endloop
  endfacet
  facet normal -0 0 1
    outer loop
      vertex 25.1327 33.3244 10
      vertex 28.5 29 10
      vertex 25.15 33.5 10
    endloop
  endfacet
  facet normal -0 0 1
    outer loop
      vertex 25.0815 33.1556 10
      vertex 28.5 29 10
      vertex 25.1327 33.3244 10
    endloop
  endfacet
  facet normal -0 0 1
    outer loop
      vertex 24.9983 33 10
      vertex 28.5 29 10
      vertex 25.0815 33.1556 10
    endloop
  endfacet
  facet normal -0 0 1
    outer loop
      vertex 24.8864 32.8636 10
      vertex 28.5 29 10
      vertex 24.9983 33 10
    endloop
  endfacet
  facet normal -0 0 1
    outer loop
      vertex 24.75 32.7517 10
      vertex 28.5 29 10
      vertex 24.8864 32.8636 10
    endloop
  endfacet
  facet normal -0 0 1
    outer loop
      vertex 24.5944 32.6685 10
      vertex 28.5 29 10
      vertex 24.75 32.7517 10
    endloop
  endfacet
  facet normal -0 0 1
    outer loop
      vertex 24.4256 32.6173 10
      vertex 28.5 29 10
      vertex 24.5944 32.6685 10
    endloop
  endfacet
  facet normal -0 0 1
    outer loop
      vertex 24.25 32.6 10
      vertex 28.5 29 10
      vertex 24.4256 32.6173 10
    endloop
  endfacet
  facet normal 0 0 1
    outer loop
      vertex 24.0744 32.6173 10
      vertex 28.5 29 10
      vertex 24.25 32.6 10
    endloop
  endfacet
  facet normal 0 0 1
    outer loop
      vertex 23.9056 32.6685 10
      vertex 28.5 29 10
      vertex 24.0744 32.6173 10
    endloop
  endfacet
  facet normal 0 0 1
    outer loop
      vertex 23.75 32.7517 10
      vertex 28.5 29 10
      vertex 23.9056 32.6685 10
    endloop
  endfacet
  facet normal -0 0 1
    outer loop
      vertex 5.15 33.5 10
      vertex 23.3673 33.3244 10
      vertex 23.35 33.5 10
    endloop
  endfacet
  facet normal 0 0 1
    outer loop
      vertex 5.13271 33.3244 10
      vertex 23.3673 33.3244 10
      vertex 5.15 33.5 10
    endloop
  endfacet
  facet normal 0 0 1
    outer loop
      vertex 23.3673 33.3244 10
      vertex 5.13271 33.3244 10
      vertex 23.4185 33.1556 10
    endloop
  endfacet
  facet normal 0 0 1
    outer loop
      vertex 5.08149 33.1556 10
      vertex 23.4185 33.1556 10
      vertex 5.13271 33.3244 10
    endloop
  endfacet
  facet normal 0 0 1
    outer loop
      vertex 23.4185 33.1556 10
      vertex 5.08149 33.1556 10
      vertex 23.5017 33 10
    endloop
  endfacet
  facet normal 0 0 1
    outer loop
      vertex 4.99832 33 10
      vertex 23.5017 33 10
      vertex 5.08149 33.1556 10
    endloop
  endfacet
  facet normal 0 0 1
    outer loop
      vertex 23.5017 33 10
      vertex 4.99832 33 10
      vertex 23.6136 32.8636 10
    endloop
  endfacet
  facet normal 0 0 1
    outer loop
      vertex 4.8864 32.8636 10
      vertex 23.6136 32.8636 10
      vertex 4.99832 33 10
    endloop
  endfacet
  facet normal 0 0 1
    outer loop
      vertex 23.6136 32.8636 10
      vertex 4.8864 32.8636 10
      vertex 23.75 32.7517 10
    endloop
  endfacet
  facet normal 0 0 1
    outer loop
      vertex 4.75001 32.7517 10
      vertex 23.75 32.7517 10
      vertex 4.8864 32.8636 10
    endloop
  endfacet
  facet normal 0 0 1
    outer loop
      vertex 23.75 32.7517 10
      vertex 4.75001 32.7517 10
      vertex 28.5 29 10
    endloop
  endfacet
  facet normal 0 0 1
    outer loop
      vertex 0 29 10
      vertex 4.75001 32.7517 10
      vertex 4.59441 32.6685 10
    endloop
  endfacet
  facet normal 0 0 1
    outer loop
      vertex 0 29 10
      vertex 4.59441 32.6685 10
      vertex 4.42558 32.6173 10
    endloop
  endfacet
  facet normal 0 0 1
    outer loop
      vertex 0 29 10
      vertex 4.42558 32.6173 10
      vertex 4.25 32.6 10
    endloop
  endfacet
  facet normal 0 0 1
    outer loop
      vertex 0 29 10
      vertex 4.25 32.6 10
      vertex 4.07442 32.6173 10
    endloop
  endfacet
  facet normal 0 0 1
    outer loop
      vertex 0 29 10
      vertex 3.35 33.5 10
      vertex 0 38 10
    endloop
  endfacet
  facet normal 0 0 1
    outer loop
      vertex 3.35 33.5 10
      vertex 0 29 10
      vertex 3.36729 33.3244 10
    endloop
  endfacet
  facet normal 0 0 1
    outer loop
      vertex 3.36729 33.3244 10
      vertex 0 29 10
      vertex 3.41851 33.1556 10
    endloop
  endfacet
  facet normal 0 0 1
    outer loop
      vertex 4.75001 32.7517 10
      vertex 0 29 10
      vertex 28.5 29 10
    endloop
  endfacet
  facet normal 0 0 1
    outer loop
      vertex 3.90558 32.6685 10
      vertex 0 29 10
      vertex 4.07442 32.6173 10
    endloop
  endfacet
  facet normal 0 0 1
    outer loop
      vertex 3.74999 32.7517 10
      vertex 0 29 10
      vertex 3.90558 32.6685 10
    endloop
  endfacet
  facet normal 0 0 1
    outer loop
      vertex 3.6136 32.8636 10
      vertex 0 29 10
      vertex 3.74999 32.7517 10
    endloop
  endfacet
  facet normal 0 0 1
    outer loop
      vertex 3.50168 33 10
      vertex 0 29 10
      vertex 3.6136 32.8636 10
    endloop
  endfacet
  facet normal 0 0 1
    outer loop
      vertex 3.41851 33.1556 10
      vertex 0 29 10
      vertex 3.50168 33 10
    endloop
  endfacet
  facet normal 0 0 -1
    outer loop
      vertex 28.5 29 0
      vertex 25.15 33.5 0
      vertex 28.5 38 0
    endloop
  endfacet
  facet normal 0 0 -1
    outer loop
      vertex 28.5 29 0
      vertex 25.1327 33.3244 0
      vertex 25.15 33.5 0
    endloop
  endfacet
  facet normal 0 0 -1
    outer loop
      vertex 28.5 29 0
      vertex 25.0815 33.1556 0
      vertex 25.1327 33.3244 0
    endloop
  endfacet
  facet normal 0 0 -1
    outer loop
      vertex 28.5 29 0
      vertex 24.9983 33 0
      vertex 25.0815 33.1556 0
    endloop
  endfacet
  facet normal 0 0 -1
    outer loop
      vertex 28.5 29 0
      vertex 24.8864 32.8636 0
      vertex 24.9983 33 0
    endloop
  endfacet
  facet normal 0 0 -1
    outer loop
      vertex 28.5 29 0
      vertex 24.75 32.7517 0
      vertex 24.8864 32.8636 0
    endloop
  endfacet
  facet normal 0 0 -1
    outer loop
      vertex 28.5 29 0
      vertex 24.5944 32.6685 0
      vertex 24.75 32.7517 0
    endloop
  endfacet
  facet normal 0 0 -1
    outer loop
      vertex 28.5 29 0
      vertex 24.4256 32.6173 0
      vertex 24.5944 32.6685 0
    endloop
  endfacet
  facet normal 0 0 -1
    outer loop
      vertex 28.5 29 0
      vertex 24.25 32.6 0
      vertex 24.4256 32.6173 0
    endloop
  endfacet
  facet normal 0 0 -1
    outer loop
      vertex 28.5 29 0
      vertex 24.0744 32.6173 0
      vertex 24.25 32.6 0
    endloop
  endfacet
  facet normal 0 0 -1
    outer loop
      vertex 28.5 29 0
      vertex 23.9056 32.6685 0
      vertex 24.0744 32.6173 0
    endloop
  endfacet
  facet normal 0 0 -1
    outer loop
      vertex 28.5 29 0
      vertex 23.75 32.7517 0
      vertex 23.9056 32.6685 0
    endloop
  endfacet
  facet normal 0 0 -1
    outer loop
      vertex 23.3673 33.3244 0
      vertex 5.15 33.5 0
      vertex 23.35 33.5 0
    endloop
  endfacet
  facet normal 0 0 -1
    outer loop
      vertex 5.13271 33.3244 0
      vertex 23.3673 33.3244 0
      vertex 23.4185 33.1556 0
    endloop
  endfacet
  facet normal 0 0 -1
    outer loop
      vertex 5.08149 33.1556 0
      vertex 23.4185 33.1556 0
      vertex 23.5017 33 0
    endloop
  endfacet
  facet normal 0 0 -1
    outer loop
      vertex 4.99832 33 0
      vertex 23.5017 33 0
      vertex 23.6136 32.8636 0
    endloop
  endfacet
  facet normal 0 0 -1
    outer loop
      vertex 4.8864 32.8636 0
      vertex 23.6136 32.8636 0
      vertex 23.75 32.7517 0
    endloop
  endfacet
  facet normal 0 0 -1
    outer loop
      vertex 4.75001 32.7517 0
      vertex 23.75 32.7517 0
      vertex 28.5 29 0
    endloop
  endfacet
  facet normal 0 0 -1
    outer loop
      vertex 23.3673 33.3244 0
      vertex 5.13271 33.3244 0
      vertex 5.15 33.5 0
    endloop
  endfacet
  facet normal 0 0 -1
    outer loop
      vertex 23.4185 33.1556 0
      vertex 5.08149 33.1556 0
      vertex 5.13271 33.3244 0
    endloop
  endfacet
  facet normal 0 0 -1
    outer loop
      vertex 23.5017 33 0
      vertex 4.99832 33 0
      vertex 5.08149 33.1556 0
    endloop
  endfacet
  facet normal 0 0 -1
    outer loop
      vertex 23.6136 32.8636 0
      vertex 4.8864 32.8636 0
      vertex 4.99832 33 0
    endloop
  endfacet
  facet normal 0 0 -1
    outer loop
      vertex 23.75 32.7517 0
      vertex 4.75001 32.7517 0
      vertex 4.8864 32.8636 0
    endloop
  endfacet
  facet normal 0 0 -1
    outer loop
      vertex 0 29 0
      vertex 4.75001 32.7517 0
      vertex 28.5 29 0
    endloop
  endfacet
  facet normal 0 0 -1
    outer loop
      vertex 4.75001 32.7517 0
      vertex 0 29 0
      vertex 4.59441 32.6685 0
    endloop
  endfacet
  facet normal 0 0 -1
    outer loop
      vertex 4.59441 32.6685 0
      vertex 0 29 0
      vertex 4.42558 32.6173 0
    endloop
  endfacet
  facet normal 0 0 -1
    outer loop
      vertex 4.42558 32.6173 0
      vertex 0 29 0
      vertex 4.25 32.6 0
    endloop
  endfacet
  facet normal -0 0 -1
    outer loop
      vertex 3.36729 33.3244 0
      vertex 0 29 0
      vertex 3.35 33.5 0
    endloop
  endfacet
  facet normal -0 0 -1
    outer loop
      vertex 3.41851 33.1556 0
      vertex 0 29 0
      vertex 3.36729 33.3244 0
    endloop
  endfacet
  facet normal -0 0 -1
    outer loop
      vertex 3.50168 33 0
      vertex 0 29 0
      vertex 3.41851 33.1556 0
    endloop
  endfacet
  facet normal -0 0 -1
    outer loop
      vertex 3.6136 32.8636 0
      vertex 0 29 0
      vertex 3.50168 33 0
    endloop
  endfacet
  facet normal -0 0 -1
    outer loop
      vertex 3.74999 32.7517 0
      vertex 0 29 0
      vertex 3.6136 32.8636 0
    endloop
  endfacet
  facet normal -0 0 -1
    outer loop
      vertex 3.90558 32.6685 0
      vertex 0 29 0
      vertex 3.74999 32.7517 0
    endloop
  endfacet
  facet normal -0 0 -1
    outer loop
      vertex 4.07442 32.6173 0
      vertex 0 29 0
      vertex 3.90558 32.6685 0
    endloop
  endfacet
  facet normal -0 0 -1
    outer loop
      vertex 4.25 32.6 0
      vertex 0 29 0
      vertex 4.07442 32.6173 0
    endloop
  endfacet
  facet normal 0 0 -1
    outer loop
      vertex 25.1327 33.6756 0
      vertex 28.5 38 0
      vertex 25.15 33.5 0
    endloop
  endfacet
  facet normal 0 0 -1
    outer loop
      vertex 25.0815 33.8444 0
      vertex 28.5 38 0
      vertex 25.1327 33.6756 0
    endloop
  endfacet
  facet normal 0 0 -1
    outer loop
      vertex 24.9983 34 0
      vertex 28.5 38 0
      vertex 25.0815 33.8444 0
    endloop
  endfacet
  facet normal 0 0 -1
    outer loop
      vertex 24.8864 34.1364 0
      vertex 28.5 38 0
      vertex 24.9983 34 0
    endloop
  endfacet
  facet normal 0 0 -1
    outer loop
      vertex 24.75 34.2483 0
      vertex 28.5 38 0
      vertex 24.8864 34.1364 0
    endloop
  endfacet
  facet normal 0 0 -1
    outer loop
      vertex 24.5944 34.3315 0
      vertex 28.5 38 0
      vertex 24.75 34.2483 0
    endloop
  endfacet
  facet normal 0 0 -1
    outer loop
      vertex 24.4256 34.3827 0
      vertex 28.5 38 0
      vertex 24.5944 34.3315 0
    endloop
  endfacet
  facet normal 0 0 -1
    outer loop
      vertex 24.25 34.4 0
      vertex 28.5 38 0
      vertex 24.4256 34.3827 0
    endloop
  endfacet
  facet normal 0 0 -1
    outer loop
      vertex 24.0744 34.3827 0
      vertex 28.5 38 0
      vertex 24.25 34.4 0
    endloop
  endfacet
  facet normal 0 0 -1
    outer loop
      vertex 23.9056 34.3315 0
      vertex 28.5 38 0
      vertex 24.0744 34.3827 0
    endloop
  endfacet
  facet normal 0 0 -1
    outer loop
      vertex 23.75 34.2483 0
      vertex 28.5 38 0
      vertex 23.9056 34.3315 0
    endloop
  endfacet
  facet normal 0 0 -1
    outer loop
      vertex 5.15 33.5 0
      vertex 23.3673 33.6756 0
      vertex 23.35 33.5 0
    endloop
  endfacet
  facet normal 0 0 -1
    outer loop
      vertex 5.13271 33.6756 0
      vertex 23.3673 33.6756 0
      vertex 5.15 33.5 0
    endloop
  endfacet
  facet normal 0 0 -1
    outer loop
      vertex 23.3673 33.6756 0
      vertex 5.13271 33.6756 0
      vertex 23.4185 33.8444 0
    endloop
  endfacet
  facet normal 0 0 -1
    outer loop
      vertex 5.08149 33.8444 0
      vertex 23.4185 33.8444 0
      vertex 5.13271 33.6756 0
    endloop
  endfacet
  facet normal 0 0 -1
    outer loop
      vertex 23.4185 33.8444 0
      vertex 5.08149 33.8444 0
      vertex 23.5017 34 0
    endloop
  endfacet
  facet normal 0 0 -1
    outer loop
      vertex 4.99832 34 0
      vertex 23.5017 34 0
      vertex 5.08149 33.8444 0
    endloop
  endfacet
  facet normal 0 0 -1
    outer loop
      vertex 23.5017 34 0
      vertex 4.99832 34 0
      vertex 23.6136 34.1364 0
    endloop
  endfacet
  facet normal 0 0 -1
    outer loop
      vertex 4.8864 34.1364 0
      vertex 23.6136 34.1364 0
      vertex 4.99832 34 0
    endloop
  endfacet
  facet normal 0 0 -1
    outer loop
      vertex 23.6136 34.1364 0
      vertex 4.8864 34.1364 0
      vertex 23.75 34.2483 0
    endloop
  endfacet
  facet normal 0 0 -1
    outer loop
      vertex 4.75001 34.2483 0
      vertex 23.75 34.2483 0
      vertex 4.8864 34.1364 0
    endloop
  endfacet
  facet normal 0 0 -1
    outer loop
      vertex 23.75 34.2483 0
      vertex 4.75001 34.2483 0
      vertex 28.5 38 0
    endloop
  endfacet
  facet normal 0 0 -1
    outer loop
      vertex 0 38 0
      vertex 4.75001 34.2483 0
      vertex 4.59441 34.3315 0
    endloop
  endfacet
  facet normal 0 0 -1
    outer loop
      vertex 0 38 0
      vertex 4.59441 34.3315 0
      vertex 4.42558 34.3827 0
    endloop
  endfacet
  facet normal 0 0 -1
    outer loop
      vertex 0 38 0
      vertex 4.42558 34.3827 0
      vertex 4.25 34.4 0
    endloop
  endfacet
  facet normal 0 0 -1
    outer loop
      vertex 0 38 0
      vertex 4.25 34.4 0
      vertex 4.07442 34.3827 0
    endloop
  endfacet
  facet normal 0 0 -1
    outer loop
      vertex 0 38 0
      vertex 3.35 33.5 0
      vertex 0 29 0
    endloop
  endfacet
  facet normal 0 0 -1
    outer loop
      vertex 3.35 33.5 0
      vertex 0 38 0
      vertex 3.36729 33.6756 0
    endloop
  endfacet
  facet normal 0 0 -1
    outer loop
      vertex 3.36729 33.6756 0
      vertex 0 38 0
      vertex 3.41851 33.8444 0
    endloop
  endfacet
  facet normal 0 0 -1
    outer loop
      vertex 4.75001 34.2483 0
      vertex 0 38 0
      vertex 28.5 38 0
    endloop
  endfacet
  facet normal 0 0 -1
    outer loop
      vertex 3.90558 34.3315 0
      vertex 0 38 0
      vertex 4.07442 34.3827 0
    endloop
  endfacet
  facet normal 0 0 -1
    outer loop
      vertex 3.74999 34.2483 0
      vertex 0 38 0
      vertex 3.90558 34.3315 0
    endloop
  endfacet
  facet normal 0 0 -1
    outer loop
      vertex 3.6136 34.1364 0
      vertex 0 38 0
      vertex 3.74999 34.2483 0
    endloop
  endfacet
  facet normal 0 0 -1
    outer loop
      vertex 3.50168 34 0
      vertex 0 38 0
      vertex 3.6136 34.1364 0
    endloop
  endfacet
  facet normal 0 0 -1
    outer loop
      vertex 3.41851 33.8444 0
      vertex 0 38 0
      vertex 3.50168 34 0
    endloop
  endfacet
  facet normal -1 0 0
    outer loop
      vertex 0 29 0
      vertex 0 38 10
      vertex 0 38 0
    endloop
  endfacet
  facet normal -1 -0 0
    outer loop
      vertex 0 38 10
      vertex 0 29 0
      vertex 0 29 10
    endloop
  endfacet
  facet normal 0 1 -0
    outer loop
      vertex 28.5 38 0
      vertex 0 38 10
      vertex 28.5 38 10
    endloop
  endfacet
  facet normal 0 1 0
    outer loop
      vertex 0 38 10
      vertex 28.5 38 0
      vertex 0 38 0
    endloop
  endfacet
  facet normal 0 -1 0
    outer loop
      vertex 0 29 0
      vertex 28.5 29 10
      vertex 0 29 10
    endloop
  endfacet
  facet normal 0 -1 -0
    outer loop
      vertex 28.5 29 10
      vertex 0 29 0
      vertex 28.5 29 0
    endloop
  endfacet
  facet normal -0.290259 0.956948 0
    outer loop
      vertex 39.0944 10.6685 0
      vertex 38.9256 10.6173 10
      vertex 39.0944 10.6685 10
    endloop
  endfacet
  facet normal -0.290259 0.956948 0
    outer loop
      vertex 38.9256 10.6173 10
      vertex 39.0944 10.6685 0
      vertex 38.9256 10.6173 0
    endloop
  endfacet
  facet normal -0.956948 -0.290259 0
    outer loop
      vertex 39.6327 11.6756 0
      vertex 39.5815 11.8444 10
      vertex 39.5815 11.8444 0
    endloop
  endfacet
  facet normal -0.956948 -0.290259 0
    outer loop
      vertex 39.5815 11.8444 10
      vertex 39.6327 11.6756 0
      vertex 39.6327 11.6756 10
    endloop
  endfacet
  facet normal -0.995182 -0.0980447 0
    outer loop
      vertex 39.65 11.5 0
      vertex 39.6327 11.6756 10
      vertex 39.6327 11.6756 0
    endloop
  endfacet
  facet normal -0.995182 -0.0980447 0
    outer loop
      vertex 39.6327 11.6756 10
      vertex 39.65 11.5 0
      vertex 39.65 11.5 10
    endloop
  endfacet
  facet normal -0.88185 -0.471529 0
    outer loop
      vertex 39.5815 11.8444 0
      vertex 39.4983 12 10
      vertex 39.4983 12 0
    endloop
  endfacet
  facet normal -0.88185 -0.471529 0
    outer loop
      vertex 39.4983 12 10
      vertex 39.5815 11.8444 0
      vertex 39.5815 11.8444 10
    endloop
  endfacet
  facet normal -0.995182 0.0980447 0
    outer loop
      vertex 39.6327 11.3244 0
      vertex 39.65 11.5 10
      vertex 39.65 11.5 0
    endloop
  endfacet
  facet normal -0.995182 0.0980447 0
    outer loop
      vertex 39.65 11.5 10
      vertex 39.6327 11.3244 0
      vertex 39.6327 11.3244 10
    endloop
  endfacet
  facet normal 0.471529 0.88185 -0
    outer loop
      vertex 38.4056 10.6685 0
      vertex 38.25 10.7517 10
      vertex 38.4056 10.6685 10
    endloop
  endfacet
  facet normal 0.471529 0.88185 0
    outer loop
      vertex 38.25 10.7517 10
      vertex 38.4056 10.6685 0
      vertex 38.25 10.7517 0
    endloop
  endfacet
  facet normal -0.634256 -0.773123 0
    outer loop
      vertex 39.25 12.2483 0
      vertex 39.3864 12.1364 10
      vertex 39.25 12.2483 10
    endloop
  endfacet
  facet normal -0.634256 -0.773123 -0
    outer loop
      vertex 39.3864 12.1364 10
      vertex 39.25 12.2483 0
      vertex 39.3864 12.1364 0
    endloop
  endfacet
  facet normal 0.0980447 -0.995182 0
    outer loop
      vertex 38.5744 12.3827 0
      vertex 38.75 12.4 10
      vertex 38.5744 12.3827 10
    endloop
  endfacet
  facet normal 0.0980447 -0.995182 0
    outer loop
      vertex 38.75 12.4 10
      vertex 38.5744 12.3827 0
      vertex 38.75 12.4 0
    endloop
  endfacet
  facet normal 0.88185 0.471529 0
    outer loop
      vertex 38.0017 11 10
      vertex 37.9185 11.1556 0
      vertex 37.9185 11.1556 10
    endloop
  endfacet
  facet normal 0.88185 0.471529 0
    outer loop
      vertex 37.9185 11.1556 0
      vertex 38.0017 11 10
      vertex 38.0017 11 0
    endloop
  endfacet
  facet normal -0.0980447 0.995182 0
    outer loop
      vertex 38.9256 10.6173 0
      vertex 38.75 10.6 10
      vertex 38.9256 10.6173 10
    endloop
  endfacet
  facet normal -0.0980447 0.995182 0
    outer loop
      vertex 38.75 10.6 10
      vertex 38.9256 10.6173 0
      vertex 38.75 10.6 0
    endloop
  endfacet
  facet normal -0.956948 0.290259 0
    outer loop
      vertex 39.5815 11.1556 0
      vertex 39.6327 11.3244 10
      vertex 39.6327 11.3244 0
    endloop
  endfacet
  facet normal -0.956948 0.290259 0
    outer loop
      vertex 39.6327 11.3244 10
      vertex 39.5815 11.1556 0
      vertex 39.5815 11.1556 10
    endloop
  endfacet
  facet normal -0.773123 0.634256 0
    outer loop
      vertex 39.3864 10.8636 0
      vertex 39.4983 11 10
      vertex 39.4983 11 0
    endloop
  endfacet
  facet normal -0.773123 0.634256 0
    outer loop
      vertex 39.4983 11 10
      vertex 39.3864 10.8636 0
      vertex 39.3864 10.8636 10
    endloop
  endfacet
  facet normal 0.0980447 0.995182 -0
    outer loop
      vertex 38.75 10.6 0
      vertex 38.5744 10.6173 10
      vertex 38.75 10.6 10
    endloop
  endfacet
  facet normal 0.0980447 0.995182 0
    outer loop
      vertex 38.5744 10.6173 10
      vertex 38.75 10.6 0
      vertex 38.5744 10.6173 0
    endloop
  endfacet
  facet normal -0.88185 0.471529 0
    outer loop
      vertex 39.4983 11 0
      vertex 39.5815 11.1556 10
      vertex 39.5815 11.1556 0
    endloop
  endfacet
  facet normal -0.88185 0.471529 0
    outer loop
      vertex 39.5815 11.1556 10
      vertex 39.4983 11 0
      vertex 39.4983 11 10
    endloop
  endfacet
  facet normal -0.471529 0.88185 0
    outer loop
      vertex 39.25 10.7517 0
      vertex 39.0944 10.6685 10
      vertex 39.25 10.7517 10
    endloop
  endfacet
  facet normal -0.471529 0.88185 0
    outer loop
      vertex 39.0944 10.6685 10
      vertex 39.25 10.7517 0
      vertex 39.0944 10.6685 0
    endloop
  endfacet
  facet normal 0.956948 0.290259 0
    outer loop
      vertex 37.9185 11.1556 10
      vertex 37.8673 11.3244 0
      vertex 37.8673 11.3244 10
    endloop
  endfacet
  facet normal 0.956948 0.290259 0
    outer loop
      vertex 37.8673 11.3244 0
      vertex 37.9185 11.1556 10
      vertex 37.9185 11.1556 0
    endloop
  endfacet
  facet normal 0.773123 -0.634256 0
    outer loop
      vertex 38.0017 12 10
      vertex 38.1136 12.1364 0
      vertex 38.1136 12.1364 10
    endloop
  endfacet
  facet normal 0.773123 -0.634256 0
    outer loop
      vertex 38.1136 12.1364 0
      vertex 38.0017 12 10
      vertex 38.0017 12 0
    endloop
  endfacet
  facet normal -0.773123 -0.634256 0
    outer loop
      vertex 39.4983 12 0
      vertex 39.3864 12.1364 10
      vertex 39.3864 12.1364 0
    endloop
  endfacet
  facet normal -0.773123 -0.634256 0
    outer loop
      vertex 39.3864 12.1364 10
      vertex 39.4983 12 0
      vertex 39.4983 12 10
    endloop
  endfacet
  facet normal 0.471529 -0.88185 0
    outer loop
      vertex 38.25 12.2483 0
      vertex 38.4056 12.3315 10
      vertex 38.25 12.2483 10
    endloop
  endfacet
  facet normal 0.471529 -0.88185 0
    outer loop
      vertex 38.4056 12.3315 10
      vertex 38.25 12.2483 0
      vertex 38.4056 12.3315 0
    endloop
  endfacet
  facet normal 0.290259 -0.956948 0
    outer loop
      vertex 38.4056 12.3315 0
      vertex 38.5744 12.3827 10
      vertex 38.4056 12.3315 10
    endloop
  endfacet
  facet normal 0.290259 -0.956948 0
    outer loop
      vertex 38.5744 12.3827 10
      vertex 38.4056 12.3315 0
      vertex 38.5744 12.3827 0
    endloop
  endfacet
  facet normal 0.290259 0.956948 -0
    outer loop
      vertex 38.5744 10.6173 0
      vertex 38.4056 10.6685 10
      vertex 38.5744 10.6173 10
    endloop
  endfacet
  facet normal 0.290259 0.956948 0
    outer loop
      vertex 38.4056 10.6685 10
      vertex 38.5744 10.6173 0
      vertex 38.4056 10.6685 0
    endloop
  endfacet
  facet normal 0.634256 -0.773123 0
    outer loop
      vertex 38.1136 12.1364 0
      vertex 38.25 12.2483 10
      vertex 38.1136 12.1364 10
    endloop
  endfacet
  facet normal 0.634256 -0.773123 0
    outer loop
      vertex 38.25 12.2483 10
      vertex 38.1136 12.1364 0
      vertex 38.25 12.2483 0
    endloop
  endfacet
  facet normal -0.290259 -0.956948 0
    outer loop
      vertex 38.9256 12.3827 0
      vertex 39.0944 12.3315 10
      vertex 38.9256 12.3827 10
    endloop
  endfacet
  facet normal -0.290259 -0.956948 -0
    outer loop
      vertex 39.0944 12.3315 10
      vertex 38.9256 12.3827 0
      vertex 39.0944 12.3315 0
    endloop
  endfacet
  facet normal -0.634256 0.773123 0
    outer loop
      vertex 39.3864 10.8636 0
      vertex 39.25 10.7517 10
      vertex 39.3864 10.8636 10
    endloop
  endfacet
  facet normal -0.634256 0.773123 0
    outer loop
      vertex 39.25 10.7517 10
      vertex 39.3864 10.8636 0
      vertex 39.25 10.7517 0
    endloop
  endfacet
  facet normal 0.995182 -0.0980447 0
    outer loop
      vertex 37.85 11.5 10
      vertex 37.8673 11.6756 0
      vertex 37.8673 11.6756 10
    endloop
  endfacet
  facet normal 0.995182 -0.0980447 0
    outer loop
      vertex 37.8673 11.6756 0
      vertex 37.85 11.5 10
      vertex 37.85 11.5 0
    endloop
  endfacet
  facet normal -0.0980447 -0.995182 0
    outer loop
      vertex 38.75 12.4 0
      vertex 38.9256 12.3827 10
      vertex 38.75 12.4 10
    endloop
  endfacet
  facet normal -0.0980447 -0.995182 -0
    outer loop
      vertex 38.9256 12.3827 10
      vertex 38.75 12.4 0
      vertex 38.9256 12.3827 0
    endloop
  endfacet
  facet normal -0.471529 -0.88185 0
    outer loop
      vertex 39.0944 12.3315 0
      vertex 39.25 12.2483 10
      vertex 39.0944 12.3315 10
    endloop
  endfacet
  facet normal -0.471529 -0.88185 -0
    outer loop
      vertex 39.25 12.2483 10
      vertex 39.0944 12.3315 0
      vertex 39.25 12.2483 0
    endloop
  endfacet
  facet normal 0.773123 0.634256 0
    outer loop
      vertex 38.1136 10.8636 10
      vertex 38.0017 11 0
      vertex 38.0017 11 10
    endloop
  endfacet
  facet normal 0.773123 0.634256 0
    outer loop
      vertex 38.0017 11 0
      vertex 38.1136 10.8636 10
      vertex 38.1136 10.8636 0
    endloop
  endfacet
  facet normal 0.634256 0.773123 -0
    outer loop
      vertex 38.25 10.7517 0
      vertex 38.1136 10.8636 10
      vertex 38.25 10.7517 10
    endloop
  endfacet
  facet normal 0.634256 0.773123 0
    outer loop
      vertex 38.1136 10.8636 10
      vertex 38.25 10.7517 0
      vertex 38.1136 10.8636 0
    endloop
  endfacet
  facet normal 0.956948 -0.290259 0
    outer loop
      vertex 37.8673 11.6756 10
      vertex 37.9185 11.8444 0
      vertex 37.9185 11.8444 10
    endloop
  endfacet
  facet normal 0.956948 -0.290259 0
    outer loop
      vertex 37.9185 11.8444 0
      vertex 37.8673 11.6756 10
      vertex 37.8673 11.6756 0
    endloop
  endfacet
  facet normal 0.88185 -0.471529 0
    outer loop
      vertex 37.9185 11.8444 10
      vertex 38.0017 12 0
      vertex 38.0017 12 10
    endloop
  endfacet
  facet normal 0.88185 -0.471529 0
    outer loop
      vertex 38.0017 12 0
      vertex 37.9185 11.8444 10
      vertex 37.9185 11.8444 0
    endloop
  endfacet
  facet normal 0.995182 0.0980447 0
    outer loop
      vertex 37.8673 11.3244 10
      vertex 37.85 11.5 0
      vertex 37.85 11.5 10
    endloop
  endfacet
  facet normal 0.995182 0.0980447 0
    outer loop
      vertex 37.85 11.5 0
      vertex 37.8673 11.3244 10
      vertex 37.8673 11.3244 0
    endloop
  endfacet
  facet normal -0.290259 0.956948 0
    outer loop
      vertex 59.0944 10.6685 0
      vertex 58.9256 10.6173 10
      vertex 59.0944 10.6685 10
    endloop
  endfacet
  facet normal -0.290259 0.956948 0
    outer loop
      vertex 58.9256 10.6173 10
      vertex 59.0944 10.6685 0
      vertex 58.9256 10.6173 0
    endloop
  endfacet
  facet normal -0.956948 -0.290259 0
    outer loop
      vertex 59.6327 11.6756 0
      vertex 59.5815 11.8444 10
      vertex 59.5815 11.8444 0
    endloop
  endfacet
  facet normal -0.956948 -0.290259 0
    outer loop
      vertex 59.5815 11.8444 10
      vertex 59.6327 11.6756 0
      vertex 59.6327 11.6756 10
    endloop
  endfacet
  facet normal -0.995182 -0.0980447 0
    outer loop
      vertex 59.65 11.5 0
      vertex 59.6327 11.6756 10
      vertex 59.6327 11.6756 0
    endloop
  endfacet
  facet normal -0.995182 -0.0980447 0
    outer loop
      vertex 59.6327 11.6756 10
      vertex 59.65 11.5 0
      vertex 59.65 11.5 10
    endloop
  endfacet
  facet normal -0.88185 -0.471529 0
    outer loop
      vertex 59.5815 11.8444 0
      vertex 59.4983 12 10
      vertex 59.4983 12 0
    endloop
  endfacet
  facet normal -0.88185 -0.471529 0
    outer loop
      vertex 59.4983 12 10
      vertex 59.5815 11.8444 0
      vertex 59.5815 11.8444 10
    endloop
  endfacet
  facet normal -0.995182 0.0980447 0
    outer loop
      vertex 59.6327 11.3244 0
      vertex 59.65 11.5 10
      vertex 59.65 11.5 0
    endloop
  endfacet
  facet normal -0.995182 0.0980447 0
    outer loop
      vertex 59.65 11.5 10
      vertex 59.6327 11.3244 0
      vertex 59.6327 11.3244 10
    endloop
  endfacet
  facet normal 0.471529 0.88185 -0
    outer loop
      vertex 58.4056 10.6685 0
      vertex 58.25 10.7517 10
      vertex 58.4056 10.6685 10
    endloop
  endfacet
  facet normal 0.471529 0.88185 0
    outer loop
      vertex 58.25 10.7517 10
      vertex 58.4056 10.6685 0
      vertex 58.25 10.7517 0
    endloop
  endfacet
  facet normal -0.634256 -0.773123 0
    outer loop
      vertex 59.25 12.2483 0
      vertex 59.3864 12.1364 10
      vertex 59.25 12.2483 10
    endloop
  endfacet
  facet normal -0.634256 -0.773123 -0
    outer loop
      vertex 59.3864 12.1364 10
      vertex 59.25 12.2483 0
      vertex 59.3864 12.1364 0
    endloop
  endfacet
  facet normal 0.0980447 -0.995182 0
    outer loop
      vertex 58.5744 12.3827 0
      vertex 58.75 12.4 10
      vertex 58.5744 12.3827 10
    endloop
  endfacet
  facet normal 0.0980447 -0.995182 0
    outer loop
      vertex 58.75 12.4 10
      vertex 58.5744 12.3827 0
      vertex 58.75 12.4 0
    endloop
  endfacet
  facet normal 0.88185 0.471529 0
    outer loop
      vertex 58.0017 11 10
      vertex 57.9185 11.1556 0
      vertex 57.9185 11.1556 10
    endloop
  endfacet
  facet normal 0.88185 0.471529 0
    outer loop
      vertex 57.9185 11.1556 0
      vertex 58.0017 11 10
      vertex 58.0017 11 0
    endloop
  endfacet
  facet normal -0.0980447 0.995182 0
    outer loop
      vertex 58.9256 10.6173 0
      vertex 58.75 10.6 10
      vertex 58.9256 10.6173 10
    endloop
  endfacet
  facet normal -0.0980447 0.995182 0
    outer loop
      vertex 58.75 10.6 10
      vertex 58.9256 10.6173 0
      vertex 58.75 10.6 0
    endloop
  endfacet
  facet normal -0.956948 0.290259 0
    outer loop
      vertex 59.5815 11.1556 0
      vertex 59.6327 11.3244 10
      vertex 59.6327 11.3244 0
    endloop
  endfacet
  facet normal -0.956948 0.290259 0
    outer loop
      vertex 59.6327 11.3244 10
      vertex 59.5815 11.1556 0
      vertex 59.5815 11.1556 10
    endloop
  endfacet
  facet normal -0.773123 0.634256 0
    outer loop
      vertex 59.3864 10.8636 0
      vertex 59.4983 11 10
      vertex 59.4983 11 0
    endloop
  endfacet
  facet normal -0.773123 0.634256 0
    outer loop
      vertex 59.4983 11 10
      vertex 59.3864 10.8636 0
      vertex 59.3864 10.8636 10
    endloop
  endfacet
  facet normal 0.634256 -0.773123 0
    outer loop
      vertex 58.1136 12.1364 0
      vertex 58.25 12.2483 10
      vertex 58.1136 12.1364 10
    endloop
  endfacet
  facet normal 0.634256 -0.773123 0
    outer loop
      vertex 58.25 12.2483 10
      vertex 58.1136 12.1364 0
      vertex 58.25 12.2483 0
    endloop
  endfacet
  facet normal -0.88185 0.471529 0
    outer loop
      vertex 59.4983 11 0
      vertex 59.5815 11.1556 10
      vertex 59.5815 11.1556 0
    endloop
  endfacet
  facet normal -0.88185 0.471529 0
    outer loop
      vertex 59.5815 11.1556 10
      vertex 59.4983 11 0
      vertex 59.4983 11 10
    endloop
  endfacet
  facet normal -0.471529 0.88185 0
    outer loop
      vertex 59.25 10.7517 0
      vertex 59.0944 10.6685 10
      vertex 59.25 10.7517 10
    endloop
  endfacet
  facet normal -0.471529 0.88185 0
    outer loop
      vertex 59.0944 10.6685 10
      vertex 59.25 10.7517 0
      vertex 59.0944 10.6685 0
    endloop
  endfacet
  facet normal 0.956948 0.290259 0
    outer loop
      vertex 57.9185 11.1556 10
      vertex 57.8673 11.3244 0
      vertex 57.8673 11.3244 10
    endloop
  endfacet
  facet normal 0.956948 0.290259 0
    outer loop
      vertex 57.8673 11.3244 0
      vertex 57.9185 11.1556 10
      vertex 57.9185 11.1556 0
    endloop
  endfacet
  facet normal 0.773123 -0.634256 0
    outer loop
      vertex 58.0017 12 10
      vertex 58.1136 12.1364 0
      vertex 58.1136 12.1364 10
    endloop
  endfacet
  facet normal 0.773123 -0.634256 0
    outer loop
      vertex 58.1136 12.1364 0
      vertex 58.0017 12 10
      vertex 58.0017 12 0
    endloop
  endfacet
  facet normal -0.773123 -0.634256 0
    outer loop
      vertex 59.4983 12 0
      vertex 59.3864 12.1364 10
      vertex 59.3864 12.1364 0
    endloop
  endfacet
  facet normal -0.773123 -0.634256 0
    outer loop
      vertex 59.3864 12.1364 10
      vertex 59.4983 12 0
      vertex 59.4983 12 10
    endloop
  endfacet
  facet normal 0.471529 -0.88185 0
    outer loop
      vertex 58.25 12.2483 0
      vertex 58.4056 12.3315 10
      vertex 58.25 12.2483 10
    endloop
  endfacet
  facet normal 0.471529 -0.88185 0
    outer loop
      vertex 58.4056 12.3315 10
      vertex 58.25 12.2483 0
      vertex 58.4056 12.3315 0
    endloop
  endfacet
  facet normal 0.290259 -0.956948 0
    outer loop
      vertex 58.4056 12.3315 0
      vertex 58.5744 12.3827 10
      vertex 58.4056 12.3315 10
    endloop
  endfacet
  facet normal 0.290259 -0.956948 0
    outer loop
      vertex 58.5744 12.3827 10
      vertex 58.4056 12.3315 0
      vertex 58.5744 12.3827 0
    endloop
  endfacet
  facet normal 0.290259 0.956948 -0
    outer loop
      vertex 58.5744 10.6173 0
      vertex 58.4056 10.6685 10
      vertex 58.5744 10.6173 10
    endloop
  endfacet
  facet normal 0.290259 0.956948 0
    outer loop
      vertex 58.4056 10.6685 10
      vertex 58.5744 10.6173 0
      vertex 58.4056 10.6685 0
    endloop
  endfacet
  facet normal -0.290259 -0.956948 0
    outer loop
      vertex 58.9256 12.3827 0
      vertex 59.0944 12.3315 10
      vertex 58.9256 12.3827 10
    endloop
  endfacet
  facet normal -0.290259 -0.956948 -0
    outer loop
      vertex 59.0944 12.3315 10
      vertex 58.9256 12.3827 0
      vertex 59.0944 12.3315 0
    endloop
  endfacet
  facet normal -0.634256 0.773123 0
    outer loop
      vertex 59.3864 10.8636 0
      vertex 59.25 10.7517 10
      vertex 59.3864 10.8636 10
    endloop
  endfacet
  facet normal -0.634256 0.773123 0
    outer loop
      vertex 59.25 10.7517 10
      vertex 59.3864 10.8636 0
      vertex 59.25 10.7517 0
    endloop
  endfacet
  facet normal 0.995182 -0.0980447 0
    outer loop
      vertex 57.85 11.5 10
      vertex 57.8673 11.6756 0
      vertex 57.8673 11.6756 10
    endloop
  endfacet
  facet normal 0.995182 -0.0980447 0
    outer loop
      vertex 57.8673 11.6756 0
      vertex 57.85 11.5 10
      vertex 57.85 11.5 0
    endloop
  endfacet
  facet normal -0.0980447 -0.995182 0
    outer loop
      vertex 58.75 12.4 0
      vertex 58.9256 12.3827 10
      vertex 58.75 12.4 10
    endloop
  endfacet
  facet normal -0.0980447 -0.995182 -0
    outer loop
      vertex 58.9256 12.3827 10
      vertex 58.75 12.4 0
      vertex 58.9256 12.3827 0
    endloop
  endfacet
  facet normal -0.471529 -0.88185 0
    outer loop
      vertex 59.0944 12.3315 0
      vertex 59.25 12.2483 10
      vertex 59.0944 12.3315 10
    endloop
  endfacet
  facet normal -0.471529 -0.88185 -0
    outer loop
      vertex 59.25 12.2483 10
      vertex 59.0944 12.3315 0
      vertex 59.25 12.2483 0
    endloop
  endfacet
  facet normal 0.773123 0.634256 0
    outer loop
      vertex 58.1136 10.8636 10
      vertex 58.0017 11 0
      vertex 58.0017 11 10
    endloop
  endfacet
  facet normal 0.773123 0.634256 0
    outer loop
      vertex 58.0017 11 0
      vertex 58.1136 10.8636 10
      vertex 58.1136 10.8636 0
    endloop
  endfacet
  facet normal 0.0980447 0.995182 -0
    outer loop
      vertex 58.75 10.6 0
      vertex 58.5744 10.6173 10
      vertex 58.75 10.6 10
    endloop
  endfacet
  facet normal 0.0980447 0.995182 0
    outer loop
      vertex 58.5744 10.6173 10
      vertex 58.75 10.6 0
      vertex 58.5744 10.6173 0
    endloop
  endfacet
  facet normal 0.634256 0.773123 -0
    outer loop
      vertex 58.25 10.7517 0
      vertex 58.1136 10.8636 10
      vertex 58.25 10.7517 10
    endloop
  endfacet
  facet normal 0.634256 0.773123 0
    outer loop
      vertex 58.1136 10.8636 10
      vertex 58.25 10.7517 0
      vertex 58.1136 10.8636 0
    endloop
  endfacet
  facet normal 0.956948 -0.290259 0
    outer loop
      vertex 57.8673 11.6756 10
      vertex 57.9185 11.8444 0
      vertex 57.9185 11.8444 10
    endloop
  endfacet
  facet normal 0.956948 -0.290259 0
    outer loop
      vertex 57.9185 11.8444 0
      vertex 57.8673 11.6756 10
      vertex 57.8673 11.6756 0
    endloop
  endfacet
  facet normal 0.88185 -0.471529 0
    outer loop
      vertex 57.9185 11.8444 10
      vertex 58.0017 12 0
      vertex 58.0017 12 10
    endloop
  endfacet
  facet normal 0.88185 -0.471529 0
    outer loop
      vertex 58.0017 12 0
      vertex 57.9185 11.8444 10
      vertex 57.9185 11.8444 0
    endloop
  endfacet
  facet normal 0.995182 0.0980447 0
    outer loop
      vertex 57.8673 11.3244 10
      vertex 57.85 11.5 0
      vertex 57.85 11.5 10
    endloop
  endfacet
  facet normal 0.995182 0.0980447 0
    outer loop
      vertex 57.85 11.5 0
      vertex 57.8673 11.3244 10
      vertex 57.8673 11.3244 0
    endloop
  endfacet
  facet normal 1 -0 0
    outer loop
      vertex 63 7 10
      vertex 63 16 0
      vertex 63 16 10
    endloop
  endfacet
  facet normal 1 0 0
    outer loop
      vertex 63 16 0
      vertex 63 7 10
      vertex 63 7 0
    endloop
  endfacet
  facet normal 0 0 1
    outer loop
      vertex 63 16 10
      vertex 59.65 11.5 10
      vertex 63 7 10
    endloop
  endfacet
  facet normal 0 0 1
    outer loop
      vertex 63 16 10
      vertex 59.6327 11.6756 10
      vertex 59.65 11.5 10
    endloop
  endfacet
  facet normal 0 0 1
    outer loop
      vertex 63 16 10
      vertex 59.5815 11.8444 10
      vertex 59.6327 11.6756 10
    endloop
  endfacet
  facet normal 0 0 1
    outer loop
      vertex 63 16 10
      vertex 59.4983 12 10
      vertex 59.5815 11.8444 10
    endloop
  endfacet
  facet normal 0 0 1
    outer loop
      vertex 63 16 10
      vertex 59.3864 12.1364 10
      vertex 59.4983 12 10
    endloop
  endfacet
  facet normal 0 0 1
    outer loop
      vertex 63 16 10
      vertex 59.25 12.2483 10
      vertex 59.3864 12.1364 10
    endloop
  endfacet
  facet normal 0 0 1
    outer loop
      vertex 63 16 10
      vertex 59.0944 12.3315 10
      vertex 59.25 12.2483 10
    endloop
  endfacet
  facet normal 0 0 1
    outer loop
      vertex 63 16 10
      vertex 58.9256 12.3827 10
      vertex 59.0944 12.3315 10
    endloop
  endfacet
  facet normal 0 0 1
    outer loop
      vertex 63 16 10
      vertex 58.75 12.4 10
      vertex 58.9256 12.3827 10
    endloop
  endfacet
  facet normal 0 0 1
    outer loop
      vertex 63 16 10
      vertex 58.5744 12.3827 10
      vertex 58.75 12.4 10
    endloop
  endfacet
  facet normal 0 0 1
    outer loop
      vertex 63 16 10
      vertex 58.4056 12.3315 10
      vertex 58.5744 12.3827 10
    endloop
  endfacet
  facet normal 0 0 1
    outer loop
      vertex 63 16 10
      vertex 58.25 12.2483 10
      vertex 58.4056 12.3315 10
    endloop
  endfacet
  facet normal 0 0 1
    outer loop
      vertex 57.8673 11.6756 10
      vertex 39.65 11.5 10
      vertex 57.85 11.5 10
    endloop
  endfacet
  facet normal 0 0 1
    outer loop
      vertex 39.6327 11.6756 10
      vertex 57.8673 11.6756 10
      vertex 57.9185 11.8444 10
    endloop
  endfacet
  facet normal 0 0 1
    outer loop
      vertex 39.5815 11.8444 10
      vertex 57.9185 11.8444 10
      vertex 58.0017 12 10
    endloop
  endfacet
  facet normal 0 0 1
    outer loop
      vertex 39.4983 12 10
      vertex 58.0017 12 10
      vertex 58.1136 12.1364 10
    endloop
  endfacet
  facet normal 0 0 1
    outer loop
      vertex 39.3864 12.1364 10
      vertex 58.1136 12.1364 10
      vertex 58.25 12.2483 10
    endloop
  endfacet
  facet normal 0 0 1
    outer loop
      vertex 39.25 12.2483 10
      vertex 58.25 12.2483 10
      vertex 63 16 10
    endloop
  endfacet
  facet normal 0 0 1
    outer loop
      vertex 57.8673 11.6756 10
      vertex 39.6327 11.6756 10
      vertex 39.65 11.5 10
    endloop
  endfacet
  facet normal 0 0 1
    outer loop
      vertex 57.9185 11.8444 10
      vertex 39.5815 11.8444 10
      vertex 39.6327 11.6756 10
    endloop
  endfacet
  facet normal 0 0 1
    outer loop
      vertex 58.0017 12 10
      vertex 39.4983 12 10
      vertex 39.5815 11.8444 10
    endloop
  endfacet
  facet normal 0 0 1
    outer loop
      vertex 58.1136 12.1364 10
      vertex 39.3864 12.1364 10
      vertex 39.4983 12 10
    endloop
  endfacet
  facet normal 0 0 1
    outer loop
      vertex 58.25 12.2483 10
      vertex 39.25 12.2483 10
      vertex 39.3864 12.1364 10
    endloop
  endfacet
  facet normal -0 0 1
    outer loop
      vertex 34.5 16 10
      vertex 39.25 12.2483 10
      vertex 63 16 10
    endloop
  endfacet
  facet normal 0 0 1
    outer loop
      vertex 39.25 12.2483 10
      vertex 34.5 16 10
      vertex 39.0944 12.3315 10
    endloop
  endfacet
  facet normal 0 0 1
    outer loop
      vertex 39.0944 12.3315 10
      vertex 34.5 16 10
      vertex 38.9256 12.3827 10
    endloop
  endfacet
  facet normal 0 0 1
    outer loop
      vertex 38.9256 12.3827 10
      vertex 34.5 16 10
      vertex 38.75 12.4 10
    endloop
  endfacet
  facet normal 0 0 1
    outer loop
      vertex 37.8673 11.6756 10
      vertex 34.5 16 10
      vertex 37.85 11.5 10
    endloop
  endfacet
  facet normal 0 0 1
    outer loop
      vertex 37.9185 11.8444 10
      vertex 34.5 16 10
      vertex 37.8673 11.6756 10
    endloop
  endfacet
  facet normal 0 0 1
    outer loop
      vertex 38.0017 12 10
      vertex 34.5 16 10
      vertex 37.9185 11.8444 10
    endloop
  endfacet
  facet normal 0 0 1
    outer loop
      vertex 38.1136 12.1364 10
      vertex 34.5 16 10
      vertex 38.0017 12 10
    endloop
  endfacet
  facet normal 0 0 1
    outer loop
      vertex 38.25 12.2483 10
      vertex 34.5 16 10
      vertex 38.1136 12.1364 10
    endloop
  endfacet
  facet normal 0 0 1
    outer loop
      vertex 38.4056 12.3315 10
      vertex 34.5 16 10
      vertex 38.25 12.2483 10
    endloop
  endfacet
  facet normal 0 0 1
    outer loop
      vertex 38.5744 12.3827 10
      vertex 34.5 16 10
      vertex 38.4056 12.3315 10
    endloop
  endfacet
  facet normal 0 0 1
    outer loop
      vertex 38.75 12.4 10
      vertex 34.5 16 10
      vertex 38.5744 12.3827 10
    endloop
  endfacet
  facet normal -0 0 1
    outer loop
      vertex 59.6327 11.3244 10
      vertex 63 7 10
      vertex 59.65 11.5 10
    endloop
  endfacet
  facet normal -0 0 1
    outer loop
      vertex 59.5815 11.1556 10
      vertex 63 7 10
      vertex 59.6327 11.3244 10
    endloop
  endfacet
  facet normal -0 0 1
    outer loop
      vertex 59.4983 11 10
      vertex 63 7 10
      vertex 59.5815 11.1556 10
    endloop
  endfacet
  facet normal -0 0 1
    outer loop
      vertex 59.3864 10.8636 10
      vertex 63 7 10
      vertex 59.4983 11 10
    endloop
  endfacet
  facet normal -0 0 1
    outer loop
      vertex 59.25 10.7517 10
      vertex 63 7 10
      vertex 59.3864 10.8636 10
    endloop
  endfacet
  facet normal -0 0 1
    outer loop
      vertex 59.0944 10.6685 10
      vertex 63 7 10
      vertex 59.25 10.7517 10
    endloop
  endfacet
  facet normal -0 0 1
    outer loop
      vertex 58.9256 10.6173 10
      vertex 63 7 10
      vertex 59.0944 10.6685 10
    endloop
  endfacet
  facet normal -0 0 1
    outer loop
      vertex 58.75 10.6 10
      vertex 63 7 10
      vertex 58.9256 10.6173 10
    endloop
  endfacet
  facet normal 0 0 1
    outer loop
      vertex 58.5744 10.6173 10
      vertex 63 7 10
      vertex 58.75 10.6 10
    endloop
  endfacet
  facet normal 0 0 1
    outer loop
      vertex 58.4056 10.6685 10
      vertex 63 7 10
      vertex 58.5744 10.6173 10
    endloop
  endfacet
  facet normal 0 0 1
    outer loop
      vertex 58.25 10.7517 10
      vertex 63 7 10
      vertex 58.4056 10.6685 10
    endloop
  endfacet
  facet normal -0 0 1
    outer loop
      vertex 39.65 11.5 10
      vertex 57.8673 11.3244 10
      vertex 57.85 11.5 10
    endloop
  endfacet
  facet normal 0 0 1
    outer loop
      vertex 39.6327 11.3244 10
      vertex 57.8673 11.3244 10
      vertex 39.65 11.5 10
    endloop
  endfacet
  facet normal 0 0 1
    outer loop
      vertex 57.8673 11.3244 10
      vertex 39.6327 11.3244 10
      vertex 57.9185 11.1556 10
    endloop
  endfacet
  facet normal 0 0 1
    outer loop
      vertex 39.5815 11.1556 10
      vertex 57.9185 11.1556 10
      vertex 39.6327 11.3244 10
    endloop
  endfacet
  facet normal 0 0 1
    outer loop
      vertex 57.9185 11.1556 10
      vertex 39.5815 11.1556 10
      vertex 58.0017 11 10
    endloop
  endfacet
  facet normal 0 0 1
    outer loop
      vertex 39.4983 11 10
      vertex 58.0017 11 10
      vertex 39.5815 11.1556 10
    endloop
  endfacet
  facet normal 0 0 1
    outer loop
      vertex 58.0017 11 10
      vertex 39.4983 11 10
      vertex 58.1136 10.8636 10
    endloop
  endfacet
  facet normal 0 0 1
    outer loop
      vertex 39.3864 10.8636 10
      vertex 58.1136 10.8636 10
      vertex 39.4983 11 10
    endloop
  endfacet
  facet normal 0 0 1
    outer loop
      vertex 58.1136 10.8636 10
      vertex 39.3864 10.8636 10
      vertex 58.25 10.7517 10
    endloop
  endfacet
  facet normal 0 0 1
    outer loop
      vertex 39.25 10.7517 10
      vertex 58.25 10.7517 10
      vertex 39.3864 10.8636 10
    endloop
  endfacet
  facet normal 0 0 1
    outer loop
      vertex 58.25 10.7517 10
      vertex 39.25 10.7517 10
      vertex 63 7 10
    endloop
  endfacet
  facet normal 0 0 1
    outer loop
      vertex 34.5 7 10
      vertex 39.25 10.7517 10
      vertex 39.0944 10.6685 10
    endloop
  endfacet
  facet normal 0 0 1
    outer loop
      vertex 34.5 7 10
      vertex 39.0944 10.6685 10
      vertex 38.9256 10.6173 10
    endloop
  endfacet
  facet normal 0 0 1
    outer loop
      vertex 34.5 7 10
      vertex 38.9256 10.6173 10
      vertex 38.75 10.6 10
    endloop
  endfacet
  facet normal 0 0 1
    outer loop
      vertex 34.5 7 10
      vertex 38.75 10.6 10
      vertex 38.5744 10.6173 10
    endloop
  endfacet
  facet normal 0 0 1
    outer loop
      vertex 34.5 7 10
      vertex 37.85 11.5 10
      vertex 34.5 16 10
    endloop
  endfacet
  facet normal 0 0 1
    outer loop
      vertex 37.85 11.5 10
      vertex 34.5 7 10
      vertex 37.8673 11.3244 10
    endloop
  endfacet
  facet normal 0 0 1
    outer loop
      vertex 37.8673 11.3244 10
      vertex 34.5 7 10
      vertex 37.9185 11.1556 10
    endloop
  endfacet
  facet normal 0 0 1
    outer loop
      vertex 39.25 10.7517 10
      vertex 34.5 7 10
      vertex 63 7 10
    endloop
  endfacet
  facet normal 0 0 1
    outer loop
      vertex 38.4056 10.6685 10
      vertex 34.5 7 10
      vertex 38.5744 10.6173 10
    endloop
  endfacet
  facet normal 0 0 1
    outer loop
      vertex 38.25 10.7517 10
      vertex 34.5 7 10
      vertex 38.4056 10.6685 10
    endloop
  endfacet
  facet normal 0 0 1
    outer loop
      vertex 38.1136 10.8636 10
      vertex 34.5 7 10
      vertex 38.25 10.7517 10
    endloop
  endfacet
  facet normal 0 0 1
    outer loop
      vertex 38.0017 11 10
      vertex 34.5 7 10
      vertex 38.1136 10.8636 10
    endloop
  endfacet
  facet normal 0 0 1
    outer loop
      vertex 37.9185 11.1556 10
      vertex 34.5 7 10
      vertex 38.0017 11 10
    endloop
  endfacet
  facet normal 0 0 -1
    outer loop
      vertex 63 7 0
      vertex 59.65 11.5 0
      vertex 63 16 0
    endloop
  endfacet
  facet normal 0 0 -1
    outer loop
      vertex 63 7 0
      vertex 59.6327 11.3244 0
      vertex 59.65 11.5 0
    endloop
  endfacet
  facet normal 0 0 -1
    outer loop
      vertex 63 7 0
      vertex 59.5815 11.1556 0
      vertex 59.6327 11.3244 0
    endloop
  endfacet
  facet normal 0 0 -1
    outer loop
      vertex 63 7 0
      vertex 59.4983 11 0
      vertex 59.5815 11.1556 0
    endloop
  endfacet
  facet normal 0 0 -1
    outer loop
      vertex 63 7 0
      vertex 59.3864 10.8636 0
      vertex 59.4983 11 0
    endloop
  endfacet
  facet normal 0 0 -1
    outer loop
      vertex 63 7 0
      vertex 59.25 10.7517 0
      vertex 59.3864 10.8636 0
    endloop
  endfacet
  facet normal 0 0 -1
    outer loop
      vertex 63 7 0
      vertex 59.0944 10.6685 0
      vertex 59.25 10.7517 0
    endloop
  endfacet
  facet normal 0 0 -1
    outer loop
      vertex 63 7 0
      vertex 58.9256 10.6173 0
      vertex 59.0944 10.6685 0
    endloop
  endfacet
  facet normal 0 0 -1
    outer loop
      vertex 63 7 0
      vertex 58.75 10.6 0
      vertex 58.9256 10.6173 0
    endloop
  endfacet
  facet normal 0 0 -1
    outer loop
      vertex 63 7 0
      vertex 58.5744 10.6173 0
      vertex 58.75 10.6 0
    endloop
  endfacet
  facet normal 0 0 -1
    outer loop
      vertex 63 7 0
      vertex 58.4056 10.6685 0
      vertex 58.5744 10.6173 0
    endloop
  endfacet
  facet normal 0 0 -1
    outer loop
      vertex 63 7 0
      vertex 58.25 10.7517 0
      vertex 58.4056 10.6685 0
    endloop
  endfacet
  facet normal 0 0 -1
    outer loop
      vertex 57.8673 11.3244 0
      vertex 39.65 11.5 0
      vertex 57.85 11.5 0
    endloop
  endfacet
  facet normal 0 0 -1
    outer loop
      vertex 39.6327 11.3244 0
      vertex 57.8673 11.3244 0
      vertex 57.9185 11.1556 0
    endloop
  endfacet
  facet normal 0 0 -1
    outer loop
      vertex 39.5815 11.1556 0
      vertex 57.9185 11.1556 0
      vertex 58.0017 11 0
    endloop
  endfacet
  facet normal 0 0 -1
    outer loop
      vertex 39.4983 11 0
      vertex 58.0017 11 0
      vertex 58.1136 10.8636 0
    endloop
  endfacet
  facet normal 0 0 -1
    outer loop
      vertex 39.3864 10.8636 0
      vertex 58.1136 10.8636 0
      vertex 58.25 10.7517 0
    endloop
  endfacet
  facet normal 0 0 -1
    outer loop
      vertex 39.25 10.7517 0
      vertex 58.25 10.7517 0
      vertex 63 7 0
    endloop
  endfacet
  facet normal 0 0 -1
    outer loop
      vertex 57.8673 11.3244 0
      vertex 39.6327 11.3244 0
      vertex 39.65 11.5 0
    endloop
  endfacet
  facet normal 0 0 -1
    outer loop
      vertex 57.9185 11.1556 0
      vertex 39.5815 11.1556 0
      vertex 39.6327 11.3244 0
    endloop
  endfacet
  facet normal 0 0 -1
    outer loop
      vertex 58.0017 11 0
      vertex 39.4983 11 0
      vertex 39.5815 11.1556 0
    endloop
  endfacet
  facet normal 0 0 -1
    outer loop
      vertex 58.1136 10.8636 0
      vertex 39.3864 10.8636 0
      vertex 39.4983 11 0
    endloop
  endfacet
  facet normal 0 0 -1
    outer loop
      vertex 58.25 10.7517 0
      vertex 39.25 10.7517 0
      vertex 39.3864 10.8636 0
    endloop
  endfacet
  facet normal 0 0 -1
    outer loop
      vertex 34.5 7 0
      vertex 39.25 10.7517 0
      vertex 63 7 0
    endloop
  endfacet
  facet normal 0 0 -1
    outer loop
      vertex 39.25 10.7517 0
      vertex 34.5 7 0
      vertex 39.0944 10.6685 0
    endloop
  endfacet
  facet normal 0 0 -1
    outer loop
      vertex 39.0944 10.6685 0
      vertex 34.5 7 0
      vertex 38.9256 10.6173 0
    endloop
  endfacet
  facet normal 0 0 -1
    outer loop
      vertex 38.9256 10.6173 0
      vertex 34.5 7 0
      vertex 38.75 10.6 0
    endloop
  endfacet
  facet normal -0 0 -1
    outer loop
      vertex 37.8673 11.3244 0
      vertex 34.5 7 0
      vertex 37.85 11.5 0
    endloop
  endfacet
  facet normal -0 0 -1
    outer loop
      vertex 37.9185 11.1556 0
      vertex 34.5 7 0
      vertex 37.8673 11.3244 0
    endloop
  endfacet
  facet normal -0 0 -1
    outer loop
      vertex 38.0017 11 0
      vertex 34.5 7 0
      vertex 37.9185 11.1556 0
    endloop
  endfacet
  facet normal -0 0 -1
    outer loop
      vertex 38.1136 10.8636 0
      vertex 34.5 7 0
      vertex 38.0017 11 0
    endloop
  endfacet
  facet normal -0 0 -1
    outer loop
      vertex 38.25 10.7517 0
      vertex 34.5 7 0
      vertex 38.1136 10.8636 0
    endloop
  endfacet
  facet normal -0 0 -1
    outer loop
      vertex 38.4056 10.6685 0
      vertex 34.5 7 0
      vertex 38.25 10.7517 0
    endloop
  endfacet
  facet normal -0 0 -1
    outer loop
      vertex 38.5744 10.6173 0
      vertex 34.5 7 0
      vertex 38.4056 10.6685 0
    endloop
  endfacet
  facet normal -0 0 -1
    outer loop
      vertex 38.75 10.6 0
      vertex 34.5 7 0
      vertex 38.5744 10.6173 0
    endloop
  endfacet
  facet normal 0 0 -1
    outer loop
      vertex 59.6327 11.6756 0
      vertex 63 16 0
      vertex 59.65 11.5 0
    endloop
  endfacet
  facet normal 0 0 -1
    outer loop
      vertex 59.5815 11.8444 0
      vertex 63 16 0
      vertex 59.6327 11.6756 0
    endloop
  endfacet
  facet normal 0 0 -1
    outer loop
      vertex 59.4983 12 0
      vertex 63 16 0
      vertex 59.5815 11.8444 0
    endloop
  endfacet
  facet normal 0 0 -1
    outer loop
      vertex 59.3864 12.1364 0
      vertex 63 16 0
      vertex 59.4983 12 0
    endloop
  endfacet
  facet normal 0 0 -1
    outer loop
      vertex 59.25 12.2483 0
      vertex 63 16 0
      vertex 59.3864 12.1364 0
    endloop
  endfacet
  facet normal 0 0 -1
    outer loop
      vertex 59.0944 12.3315 0
      vertex 63 16 0
      vertex 59.25 12.2483 0
    endloop
  endfacet
  facet normal 0 0 -1
    outer loop
      vertex 58.9256 12.3827 0
      vertex 63 16 0
      vertex 59.0944 12.3315 0
    endloop
  endfacet
  facet normal 0 0 -1
    outer loop
      vertex 58.75 12.4 0
      vertex 63 16 0
      vertex 58.9256 12.3827 0
    endloop
  endfacet
  facet normal 0 0 -1
    outer loop
      vertex 58.5744 12.3827 0
      vertex 63 16 0
      vertex 58.75 12.4 0
    endloop
  endfacet
  facet normal 0 0 -1
    outer loop
      vertex 58.4056 12.3315 0
      vertex 63 16 0
      vertex 58.5744 12.3827 0
    endloop
  endfacet
  facet normal 0 0 -1
    outer loop
      vertex 58.25 12.2483 0
      vertex 63 16 0
      vertex 58.4056 12.3315 0
    endloop
  endfacet
  facet normal 0 0 -1
    outer loop
      vertex 39.65 11.5 0
      vertex 57.8673 11.6756 0
      vertex 57.85 11.5 0
    endloop
  endfacet
  facet normal 0 0 -1
    outer loop
      vertex 39.6327 11.6756 0
      vertex 57.8673 11.6756 0
      vertex 39.65 11.5 0
    endloop
  endfacet
  facet normal 0 0 -1
    outer loop
      vertex 57.8673 11.6756 0
      vertex 39.6327 11.6756 0
      vertex 57.9185 11.8444 0
    endloop
  endfacet
  facet normal 0 0 -1
    outer loop
      vertex 39.5815 11.8444 0
      vertex 57.9185 11.8444 0
      vertex 39.6327 11.6756 0
    endloop
  endfacet
  facet normal 0 0 -1
    outer loop
      vertex 57.9185 11.8444 0
      vertex 39.5815 11.8444 0
      vertex 58.0017 12 0
    endloop
  endfacet
  facet normal 0 0 -1
    outer loop
      vertex 39.4983 12 0
      vertex 58.0017 12 0
      vertex 39.5815 11.8444 0
    endloop
  endfacet
  facet normal 0 0 -1
    outer loop
      vertex 58.0017 12 0
      vertex 39.4983 12 0
      vertex 58.1136 12.1364 0
    endloop
  endfacet
  facet normal 0 0 -1
    outer loop
      vertex 39.3864 12.1364 0
      vertex 58.1136 12.1364 0
      vertex 39.4983 12 0
    endloop
  endfacet
  facet normal 0 0 -1
    outer loop
      vertex 58.1136 12.1364 0
      vertex 39.3864 12.1364 0
      vertex 58.25 12.2483 0
    endloop
  endfacet
  facet normal 0 0 -1
    outer loop
      vertex 39.25 12.2483 0
      vertex 58.25 12.2483 0
      vertex 39.3864 12.1364 0
    endloop
  endfacet
  facet normal 0 0 -1
    outer loop
      vertex 58.25 12.2483 0
      vertex 39.25 12.2483 0
      vertex 63 16 0
    endloop
  endfacet
  facet normal 0 0 -1
    outer loop
      vertex 34.5 16 0
      vertex 39.25 12.2483 0
      vertex 39.0944 12.3315 0
    endloop
  endfacet
  facet normal 0 0 -1
    outer loop
      vertex 34.5 16 0
      vertex 39.0944 12.3315 0
      vertex 38.9256 12.3827 0
    endloop
  endfacet
  facet normal 0 0 -1
    outer loop
      vertex 34.5 16 0
      vertex 38.9256 12.3827 0
      vertex 38.75 12.4 0
    endloop
  endfacet
  facet normal 0 0 -1
    outer loop
      vertex 34.5 16 0
      vertex 38.75 12.4 0
      vertex 38.5744 12.3827 0
    endloop
  endfacet
  facet normal 0 0 -1
    outer loop
      vertex 34.5 16 0
      vertex 37.85 11.5 0
      vertex 34.5 7 0
    endloop
  endfacet
  facet normal 0 0 -1
    outer loop
      vertex 37.85 11.5 0
      vertex 34.5 16 0
      vertex 37.8673 11.6756 0
    endloop
  endfacet
  facet normal 0 0 -1
    outer loop
      vertex 37.8673 11.6756 0
      vertex 34.5 16 0
      vertex 37.9185 11.8444 0
    endloop
  endfacet
  facet normal 0 0 -1
    outer loop
      vertex 39.25 12.2483 0
      vertex 34.5 16 0
      vertex 63 16 0
    endloop
  endfacet
  facet normal 0 0 -1
    outer loop
      vertex 38.4056 12.3315 0
      vertex 34.5 16 0
      vertex 38.5744 12.3827 0
    endloop
  endfacet
  facet normal 0 0 -1
    outer loop
      vertex 38.25 12.2483 0
      vertex 34.5 16 0
      vertex 38.4056 12.3315 0
    endloop
  endfacet
  facet normal 0 0 -1
    outer loop
      vertex 38.1136 12.1364 0
      vertex 34.5 16 0
      vertex 38.25 12.2483 0
    endloop
  endfacet
  facet normal 0 0 -1
    outer loop
      vertex 38.0017 12 0
      vertex 34.5 16 0
      vertex 38.1136 12.1364 0
    endloop
  endfacet
  facet normal 0 0 -1
    outer loop
      vertex 37.9185 11.8444 0
      vertex 34.5 16 0
      vertex 38.0017 12 0
    endloop
  endfacet
  facet normal -1 0 0
    outer loop
      vertex 34.5 7 0
      vertex 34.5 16 10
      vertex 34.5 16 0
    endloop
  endfacet
  facet normal -1 -0 0
    outer loop
      vertex 34.5 16 10
      vertex 34.5 7 0
      vertex 34.5 7 10
    endloop
  endfacet
  facet normal 0 1 -0
    outer loop
      vertex 63 16 0
      vertex 34.5 16 10
      vertex 63 16 10
    endloop
  endfacet
  facet normal 0 1 0
    outer loop
      vertex 34.5 16 10
      vertex 63 16 0
      vertex 34.5 16 0
    endloop
  endfacet
  facet normal 0 -1 0
    outer loop
      vertex 34.5 7 0
      vertex 63 7 10
      vertex 34.5 7 10
    endloop
  endfacet
  facet normal 0 -1 -0
    outer loop
      vertex 63 7 10
      vertex 34.5 7 0
      vertex 63 7 0
    endloop
  endfacet
  facet normal -0.290259 0.956948 0
    outer loop
      vertex 39.0944 32.6685 0
      vertex 38.9256 32.6173 10
      vertex 39.0944 32.6685 10
    endloop
  endfacet
  facet normal -0.290259 0.956948 0
    outer loop
      vertex 38.9256 32.6173 10
      vertex 39.0944 32.6685 0
      vertex 38.9256 32.6173 0
    endloop
  endfacet
  facet normal -0.956948 -0.290259 0
    outer loop
      vertex 39.6327 33.6756 0
      vertex 39.5815 33.8444 10
      vertex 39.5815 33.8444 0
    endloop
  endfacet
  facet normal -0.956948 -0.290259 0
    outer loop
      vertex 39.5815 33.8444 10
      vertex 39.6327 33.6756 0
      vertex 39.6327 33.6756 10
    endloop
  endfacet
  facet normal -0.995182 -0.0980447 0
    outer loop
      vertex 39.65 33.5 0
      vertex 39.6327 33.6756 10
      vertex 39.6327 33.6756 0
    endloop
  endfacet
  facet normal -0.995182 -0.0980447 0
    outer loop
      vertex 39.6327 33.6756 10
      vertex 39.65 33.5 0
      vertex 39.65 33.5 10
    endloop
  endfacet
  facet normal -0.88185 -0.471529 0
    outer loop
      vertex 39.5815 33.8444 0
      vertex 39.4983 34 10
      vertex 39.4983 34 0
    endloop
  endfacet
  facet normal -0.88185 -0.471529 0
    outer loop
      vertex 39.4983 34 10
      vertex 39.5815 33.8444 0
      vertex 39.5815 33.8444 10
    endloop
  endfacet
  facet normal -0.995182 0.0980447 0
    outer loop
      vertex 39.6327 33.3244 0
      vertex 39.65 33.5 10
      vertex 39.65 33.5 0
    endloop
  endfacet
  facet normal -0.995182 0.0980447 0
    outer loop
      vertex 39.65 33.5 10
      vertex 39.6327 33.3244 0
      vertex 39.6327 33.3244 10
    endloop
  endfacet
  facet normal 0.471529 0.88185 -0
    outer loop
      vertex 38.4056 32.6685 0
      vertex 38.25 32.7517 10
      vertex 38.4056 32.6685 10
    endloop
  endfacet
  facet normal 0.471529 0.88185 0
    outer loop
      vertex 38.25 32.7517 10
      vertex 38.4056 32.6685 0
      vertex 38.25 32.7517 0
    endloop
  endfacet
  facet normal -0.634256 -0.773123 0
    outer loop
      vertex 39.25 34.2483 0
      vertex 39.3864 34.1364 10
      vertex 39.25 34.2483 10
    endloop
  endfacet
  facet normal -0.634256 -0.773123 -0
    outer loop
      vertex 39.3864 34.1364 10
      vertex 39.25 34.2483 0
      vertex 39.3864 34.1364 0
    endloop
  endfacet
  facet normal 0.0980447 -0.995182 0
    outer loop
      vertex 38.5744 34.3827 0
      vertex 38.75 34.4 10
      vertex 38.5744 34.3827 10
    endloop
  endfacet
  facet normal 0.0980447 -0.995182 0
    outer loop
      vertex 38.75 34.4 10
      vertex 38.5744 34.3827 0
      vertex 38.75 34.4 0
    endloop
  endfacet
  facet normal 0.88185 0.471529 0
    outer loop
      vertex 38.0017 33 10
      vertex 37.9185 33.1556 0
      vertex 37.9185 33.1556 10
    endloop
  endfacet
  facet normal 0.88185 0.471529 0
    outer loop
      vertex 37.9185 33.1556 0
      vertex 38.0017 33 10
      vertex 38.0017 33 0
    endloop
  endfacet
  facet normal -0.0980447 0.995182 0
    outer loop
      vertex 38.9256 32.6173 0
      vertex 38.75 32.6 10
      vertex 38.9256 32.6173 10
    endloop
  endfacet
  facet normal -0.0980447 0.995182 0
    outer loop
      vertex 38.75 32.6 10
      vertex 38.9256 32.6173 0
      vertex 38.75 32.6 0
    endloop
  endfacet
  facet normal -0.956948 0.290259 0
    outer loop
      vertex 39.5815 33.1556 0
      vertex 39.6327 33.3244 10
      vertex 39.6327 33.3244 0
    endloop
  endfacet
  facet normal -0.956948 0.290259 0
    outer loop
      vertex 39.6327 33.3244 10
      vertex 39.5815 33.1556 0
      vertex 39.5815 33.1556 10
    endloop
  endfacet
  facet normal -0.773123 0.634256 0
    outer loop
      vertex 39.3864 32.8636 0
      vertex 39.4983 33 10
      vertex 39.4983 33 0
    endloop
  endfacet
  facet normal -0.773123 0.634256 0
    outer loop
      vertex 39.4983 33 10
      vertex 39.3864 32.8636 0
      vertex 39.3864 32.8636 10
    endloop
  endfacet
  facet normal 0.0980447 0.995182 -0
    outer loop
      vertex 38.75 32.6 0
      vertex 38.5744 32.6173 10
      vertex 38.75 32.6 10
    endloop
  endfacet
  facet normal 0.0980447 0.995182 0
    outer loop
      vertex 38.5744 32.6173 10
      vertex 38.75 32.6 0
      vertex 38.5744 32.6173 0
    endloop
  endfacet
  facet normal -0.88185 0.471529 0
    outer loop
      vertex 39.4983 33 0
      vertex 39.5815 33.1556 10
      vertex 39.5815 33.1556 0
    endloop
  endfacet
  facet normal -0.88185 0.471529 0
    outer loop
      vertex 39.5815 33.1556 10
      vertex 39.4983 33 0
      vertex 39.4983 33 10
    endloop
  endfacet
  facet normal -0.471529 0.88185 0
    outer loop
      vertex 39.25 32.7517 0
      vertex 39.0944 32.6685 10
      vertex 39.25 32.7517 10
    endloop
  endfacet
  facet normal -0.471529 0.88185 0
    outer loop
      vertex 39.0944 32.6685 10
      vertex 39.25 32.7517 0
      vertex 39.0944 32.6685 0
    endloop
  endfacet
  facet normal 0.956948 0.290259 0
    outer loop
      vertex 37.9185 33.1556 10
      vertex 37.8673 33.3244 0
      vertex 37.8673 33.3244 10
    endloop
  endfacet
  facet normal 0.956948 0.290259 0
    outer loop
      vertex 37.8673 33.3244 0
      vertex 37.9185 33.1556 10
      vertex 37.9185 33.1556 0
    endloop
  endfacet
  facet normal 0.773123 -0.634256 0
    outer loop
      vertex 38.0017 34 10
      vertex 38.1136 34.1364 0
      vertex 38.1136 34.1364 10
    endloop
  endfacet
  facet normal 0.773123 -0.634256 0
    outer loop
      vertex 38.1136 34.1364 0
      vertex 38.0017 34 10
      vertex 38.0017 34 0
    endloop
  endfacet
  facet normal -0.773123 -0.634256 0
    outer loop
      vertex 39.4983 34 0
      vertex 39.3864 34.1364 10
      vertex 39.3864 34.1364 0
    endloop
  endfacet
  facet normal -0.773123 -0.634256 0
    outer loop
      vertex 39.3864 34.1364 10
      vertex 39.4983 34 0
      vertex 39.4983 34 10
    endloop
  endfacet
  facet normal 0.471529 -0.88185 0
    outer loop
      vertex 38.25 34.2483 0
      vertex 38.4056 34.3315 10
      vertex 38.25 34.2483 10
    endloop
  endfacet
  facet normal 0.471529 -0.88185 0
    outer loop
      vertex 38.4056 34.3315 10
      vertex 38.25 34.2483 0
      vertex 38.4056 34.3315 0
    endloop
  endfacet
  facet normal 0.290259 -0.956948 0
    outer loop
      vertex 38.4056 34.3315 0
      vertex 38.5744 34.3827 10
      vertex 38.4056 34.3315 10
    endloop
  endfacet
  facet normal 0.290259 -0.956948 0
    outer loop
      vertex 38.5744 34.3827 10
      vertex 38.4056 34.3315 0
      vertex 38.5744 34.3827 0
    endloop
  endfacet
  facet normal 0.290259 0.956948 -0
    outer loop
      vertex 38.5744 32.6173 0
      vertex 38.4056 32.6685 10
      vertex 38.5744 32.6173 10
    endloop
  endfacet
  facet normal 0.290259 0.956948 0
    outer loop
      vertex 38.4056 32.6685 10
      vertex 38.5744 32.6173 0
      vertex 38.4056 32.6685 0
    endloop
  endfacet
  facet normal 0.634256 -0.773123 0
    outer loop
      vertex 38.1136 34.1364 0
      vertex 38.25 34.2483 10
      vertex 38.1136 34.1364 10
    endloop
  endfacet
  facet normal 0.634256 -0.773123 0
    outer loop
      vertex 38.25 34.2483 10
      vertex 38.1136 34.1364 0
      vertex 38.25 34.2483 0
    endloop
  endfacet
  facet normal -0.290259 -0.956948 0
    outer loop
      vertex 38.9256 34.3827 0
      vertex 39.0944 34.3315 10
      vertex 38.9256 34.3827 10
    endloop
  endfacet
  facet normal -0.290259 -0.956948 -0
    outer loop
      vertex 39.0944 34.3315 10
      vertex 38.9256 34.3827 0
      vertex 39.0944 34.3315 0
    endloop
  endfacet
  facet normal -0.634256 0.773123 0
    outer loop
      vertex 39.3864 32.8636 0
      vertex 39.25 32.7517 10
      vertex 39.3864 32.8636 10
    endloop
  endfacet
  facet normal -0.634256 0.773123 0
    outer loop
      vertex 39.25 32.7517 10
      vertex 39.3864 32.8636 0
      vertex 39.25 32.7517 0
    endloop
  endfacet
  facet normal 0.995182 -0.0980447 0
    outer loop
      vertex 37.85 33.5 10
      vertex 37.8673 33.6756 0
      vertex 37.8673 33.6756 10
    endloop
  endfacet
  facet normal 0.995182 -0.0980447 0
    outer loop
      vertex 37.8673 33.6756 0
      vertex 37.85 33.5 10
      vertex 37.85 33.5 0
    endloop
  endfacet
  facet normal -0.0980447 -0.995182 0
    outer loop
      vertex 38.75 34.4 0
      vertex 38.9256 34.3827 10
      vertex 38.75 34.4 10
    endloop
  endfacet
  facet normal -0.0980447 -0.995182 -0
    outer loop
      vertex 38.9256 34.3827 10
      vertex 38.75 34.4 0
      vertex 38.9256 34.3827 0
    endloop
  endfacet
  facet normal -0.471529 -0.88185 0
    outer loop
      vertex 39.0944 34.3315 0
      vertex 39.25 34.2483 10
      vertex 39.0944 34.3315 10
    endloop
  endfacet
  facet normal -0.471529 -0.88185 -0
    outer loop
      vertex 39.25 34.2483 10
      vertex 39.0944 34.3315 0
      vertex 39.25 34.2483 0
    endloop
  endfacet
  facet normal 0.773123 0.634256 0
    outer loop
      vertex 38.1136 32.8636 10
      vertex 38.0017 33 0
      vertex 38.0017 33 10
    endloop
  endfacet
  facet normal 0.773123 0.634256 0
    outer loop
      vertex 38.0017 33 0
      vertex 38.1136 32.8636 10
      vertex 38.1136 32.8636 0
    endloop
  endfacet
  facet normal 0.634256 0.773123 -0
    outer loop
      vertex 38.25 32.7517 0
      vertex 38.1136 32.8636 10
      vertex 38.25 32.7517 10
    endloop
  endfacet
  facet normal 0.634256 0.773123 0
    outer loop
      vertex 38.1136 32.8636 10
      vertex 38.25 32.7517 0
      vertex 38.1136 32.8636 0
    endloop
  endfacet
  facet normal 0.956948 -0.290259 0
    outer loop
      vertex 37.8673 33.6756 10
      vertex 37.9185 33.8444 0
      vertex 37.9185 33.8444 10
    endloop
  endfacet
  facet normal 0.956948 -0.290259 0
    outer loop
      vertex 37.9185 33.8444 0
      vertex 37.8673 33.6756 10
      vertex 37.8673 33.6756 0
    endloop
  endfacet
  facet normal 0.88185 -0.471529 0
    outer loop
      vertex 37.9185 33.8444 10
      vertex 38.0017 34 0
      vertex 38.0017 34 10
    endloop
  endfacet
  facet normal 0.88185 -0.471529 0
    outer loop
      vertex 38.0017 34 0
      vertex 37.9185 33.8444 10
      vertex 37.9185 33.8444 0
    endloop
  endfacet
  facet normal 0.995182 0.0980447 0
    outer loop
      vertex 37.8673 33.3244 10
      vertex 37.85 33.5 0
      vertex 37.85 33.5 10
    endloop
  endfacet
  facet normal 0.995182 0.0980447 0
    outer loop
      vertex 37.85 33.5 0
      vertex 37.8673 33.3244 10
      vertex 37.8673 33.3244 0
    endloop
  endfacet
  facet normal -0.290259 0.956948 0
    outer loop
      vertex 59.0944 32.6685 0
      vertex 58.9256 32.6173 10
      vertex 59.0944 32.6685 10
    endloop
  endfacet
  facet normal -0.290259 0.956948 0
    outer loop
      vertex 58.9256 32.6173 10
      vertex 59.0944 32.6685 0
      vertex 58.9256 32.6173 0
    endloop
  endfacet
  facet normal -0.956948 -0.290259 0
    outer loop
      vertex 59.6327 33.6756 0
      vertex 59.5815 33.8444 10
      vertex 59.5815 33.8444 0
    endloop
  endfacet
  facet normal -0.956948 -0.290259 0
    outer loop
      vertex 59.5815 33.8444 10
      vertex 59.6327 33.6756 0
      vertex 59.6327 33.6756 10
    endloop
  endfacet
  facet normal -0.995182 -0.0980447 0
    outer loop
      vertex 59.65 33.5 0
      vertex 59.6327 33.6756 10
      vertex 59.6327 33.6756 0
    endloop
  endfacet
  facet normal -0.995182 -0.0980447 0
    outer loop
      vertex 59.6327 33.6756 10
      vertex 59.65 33.5 0
      vertex 59.65 33.5 10
    endloop
  endfacet
  facet normal -0.88185 -0.471529 0
    outer loop
      vertex 59.5815 33.8444 0
      vertex 59.4983 34 10
      vertex 59.4983 34 0
    endloop
  endfacet
  facet normal -0.88185 -0.471529 0
    outer loop
      vertex 59.4983 34 10
      vertex 59.5815 33.8444 0
      vertex 59.5815 33.8444 10
    endloop
  endfacet
  facet normal -0.995182 0.0980447 0
    outer loop
      vertex 59.6327 33.3244 0
      vertex 59.65 33.5 10
      vertex 59.65 33.5 0
    endloop
  endfacet
  facet normal -0.995182 0.0980447 0
    outer loop
      vertex 59.65 33.5 10
      vertex 59.6327 33.3244 0
      vertex 59.6327 33.3244 10
    endloop
  endfacet
  facet normal 0.471529 0.88185 -0
    outer loop
      vertex 58.4056 32.6685 0
      vertex 58.25 32.7517 10
      vertex 58.4056 32.6685 10
    endloop
  endfacet
  facet normal 0.471529 0.88185 0
    outer loop
      vertex 58.25 32.7517 10
      vertex 58.4056 32.6685 0
      vertex 58.25 32.7517 0
    endloop
  endfacet
  facet normal -0.634256 -0.773123 0
    outer loop
      vertex 59.25 34.2483 0
      vertex 59.3864 34.1364 10
      vertex 59.25 34.2483 10
    endloop
  endfacet
  facet normal -0.634256 -0.773123 -0
    outer loop
      vertex 59.3864 34.1364 10
      vertex 59.25 34.2483 0
      vertex 59.3864 34.1364 0
    endloop
  endfacet
  facet normal 0.0980447 -0.995182 0
    outer loop
      vertex 58.5744 34.3827 0
      vertex 58.75 34.4 10
      vertex 58.5744 34.3827 10
    endloop
  endfacet
  facet normal 0.0980447 -0.995182 0
    outer loop
      vertex 58.75 34.4 10
      vertex 58.5744 34.3827 0
      vertex 58.75 34.4 0
    endloop
  endfacet
  facet normal 0.88185 0.471529 0
    outer loop
      vertex 58.0017 33 10
      vertex 57.9185 33.1556 0
      vertex 57.9185 33.1556 10
    endloop
  endfacet
  facet normal 0.88185 0.471529 0
    outer loop
      vertex 57.9185 33.1556 0
      vertex 58.0017 33 10
      vertex 58.0017 33 0
    endloop
  endfacet
  facet normal -0.0980447 0.995182 0
    outer loop
      vertex 58.9256 32.6173 0
      vertex 58.75 32.6 10
      vertex 58.9256 32.6173 10
    endloop
  endfacet
  facet normal -0.0980447 0.995182 0
    outer loop
      vertex 58.75 32.6 10
      vertex 58.9256 32.6173 0
      vertex 58.75 32.6 0
    endloop
  endfacet
  facet normal -0.956948 0.290259 0
    outer loop
      vertex 59.5815 33.1556 0
      vertex 59.6327 33.3244 10
      vertex 59.6327 33.3244 0
    endloop
  endfacet
  facet normal -0.956948 0.290259 0
    outer loop
      vertex 59.6327 33.3244 10
      vertex 59.5815 33.1556 0
      vertex 59.5815 33.1556 10
    endloop
  endfacet
  facet normal -0.773123 0.634256 0
    outer loop
      vertex 59.3864 32.8636 0
      vertex 59.4983 33 10
      vertex 59.4983 33 0
    endloop
  endfacet
  facet normal -0.773123 0.634256 0
    outer loop
      vertex 59.4983 33 10
      vertex 59.3864 32.8636 0
      vertex 59.3864 32.8636 10
    endloop
  endfacet
  facet normal 0.634256 -0.773123 0
    outer loop
      vertex 58.1136 34.1364 0
      vertex 58.25 34.2483 10
      vertex 58.1136 34.1364 10
    endloop
  endfacet
  facet normal 0.634256 -0.773123 0
    outer loop
      vertex 58.25 34.2483 10
      vertex 58.1136 34.1364 0
      vertex 58.25 34.2483 0
    endloop
  endfacet
  facet normal -0.88185 0.471529 0
    outer loop
      vertex 59.4983 33 0
      vertex 59.5815 33.1556 10
      vertex 59.5815 33.1556 0
    endloop
  endfacet
  facet normal -0.88185 0.471529 0
    outer loop
      vertex 59.5815 33.1556 10
      vertex 59.4983 33 0
      vertex 59.4983 33 10
    endloop
  endfacet
  facet normal -0.471529 0.88185 0
    outer loop
      vertex 59.25 32.7517 0
      vertex 59.0944 32.6685 10
      vertex 59.25 32.7517 10
    endloop
  endfacet
  facet normal -0.471529 0.88185 0
    outer loop
      vertex 59.0944 32.6685 10
      vertex 59.25 32.7517 0
      vertex 59.0944 32.6685 0
    endloop
  endfacet
  facet normal 0.956948 0.290259 0
    outer loop
      vertex 57.9185 33.1556 10
      vertex 57.8673 33.3244 0
      vertex 57.8673 33.3244 10
    endloop
  endfacet
  facet normal 0.956948 0.290259 0
    outer loop
      vertex 57.8673 33.3244 0
      vertex 57.9185 33.1556 10
      vertex 57.9185 33.1556 0
    endloop
  endfacet
  facet normal 0.773123 -0.634256 0
    outer loop
      vertex 58.0017 34 10
      vertex 58.1136 34.1364 0
      vertex 58.1136 34.1364 10
    endloop
  endfacet
  facet normal 0.773123 -0.634256 0
    outer loop
      vertex 58.1136 34.1364 0
      vertex 58.0017 34 10
      vertex 58.0017 34 0
    endloop
  endfacet
  facet normal -0.773123 -0.634256 0
    outer loop
      vertex 59.4983 34 0
      vertex 59.3864 34.1364 10
      vertex 59.3864 34.1364 0
    endloop
  endfacet
  facet normal -0.773123 -0.634256 0
    outer loop
      vertex 59.3864 34.1364 10
      vertex 59.4983 34 0
      vertex 59.4983 34 10
    endloop
  endfacet
  facet normal 0.471529 -0.88185 0
    outer loop
      vertex 58.25 34.2483 0
      vertex 58.4056 34.3315 10
      vertex 58.25 34.2483 10
    endloop
  endfacet
  facet normal 0.471529 -0.88185 0
    outer loop
      vertex 58.4056 34.3315 10
      vertex 58.25 34.2483 0
      vertex 58.4056 34.3315 0
    endloop
  endfacet
  facet normal 0.290259 -0.956948 0
    outer loop
      vertex 58.4056 34.3315 0
      vertex 58.5744 34.3827 10
      vertex 58.4056 34.3315 10
    endloop
  endfacet
  facet normal 0.290259 -0.956948 0
    outer loop
      vertex 58.5744 34.3827 10
      vertex 58.4056 34.3315 0
      vertex 58.5744 34.3827 0
    endloop
  endfacet
  facet normal 0.290259 0.956948 -0
    outer loop
      vertex 58.5744 32.6173 0
      vertex 58.4056 32.6685 10
      vertex 58.5744 32.6173 10
    endloop
  endfacet
  facet normal 0.290259 0.956948 0
    outer loop
      vertex 58.4056 32.6685 10
      vertex 58.5744 32.6173 0
      vertex 58.4056 32.6685 0
    endloop
  endfacet
  facet normal -0.290259 -0.956948 0
    outer loop
      vertex 58.9256 34.3827 0
      vertex 59.0944 34.3315 10
      vertex 58.9256 34.3827 10
    endloop
  endfacet
  facet normal -0.290259 -0.956948 -0
    outer loop
      vertex 59.0944 34.3315 10
      vertex 58.9256 34.3827 0
      vertex 59.0944 34.3315 0
    endloop
  endfacet
  facet normal -0.634256 0.773123 0
    outer loop
      vertex 59.3864 32.8636 0
      vertex 59.25 32.7517 10
      vertex 59.3864 32.8636 10
    endloop
  endfacet
  facet normal -0.634256 0.773123 0
    outer loop
      vertex 59.25 32.7517 10
      vertex 59.3864 32.8636 0
      vertex 59.25 32.7517 0
    endloop
  endfacet
  facet normal 0.995182 -0.0980447 0
    outer loop
      vertex 57.85 33.5 10
      vertex 57.8673 33.6756 0
      vertex 57.8673 33.6756 10
    endloop
  endfacet
  facet normal 0.995182 -0.0980447 0
    outer loop
      vertex 57.8673 33.6756 0
      vertex 57.85 33.5 10
      vertex 57.85 33.5 0
    endloop
  endfacet
  facet normal -0.0980447 -0.995182 0
    outer loop
      vertex 58.75 34.4 0
      vertex 58.9256 34.3827 10
      vertex 58.75 34.4 10
    endloop
  endfacet
  facet normal -0.0980447 -0.995182 -0
    outer loop
      vertex 58.9256 34.3827 10
      vertex 58.75 34.4 0
      vertex 58.9256 34.3827 0
    endloop
  endfacet
  facet normal -0.471529 -0.88185 0
    outer loop
      vertex 59.0944 34.3315 0
      vertex 59.25 34.2483 10
      vertex 59.0944 34.3315 10
    endloop
  endfacet
  facet normal -0.471529 -0.88185 -0
    outer loop
      vertex 59.25 34.2483 10
      vertex 59.0944 34.3315 0
      vertex 59.25 34.2483 0
    endloop
  endfacet
  facet normal 0.773123 0.634256 0
    outer loop
      vertex 58.1136 32.8636 10
      vertex 58.0017 33 0
      vertex 58.0017 33 10
    endloop
  endfacet
  facet normal 0.773123 0.634256 0
    outer loop
      vertex 58.0017 33 0
      vertex 58.1136 32.8636 10
      vertex 58.1136 32.8636 0
    endloop
  endfacet
  facet normal 0.0980447 0.995182 -0
    outer loop
      vertex 58.75 32.6 0
      vertex 58.5744 32.6173 10
      vertex 58.75 32.6 10
    endloop
  endfacet
  facet normal 0.0980447 0.995182 0
    outer loop
      vertex 58.5744 32.6173 10
      vertex 58.75 32.6 0
      vertex 58.5744 32.6173 0
    endloop
  endfacet
  facet normal 0.634256 0.773123 -0
    outer loop
      vertex 58.25 32.7517 0
      vertex 58.1136 32.8636 10
      vertex 58.25 32.7517 10
    endloop
  endfacet
  facet normal 0.634256 0.773123 0
    outer loop
      vertex 58.1136 32.8636 10
      vertex 58.25 32.7517 0
      vertex 58.1136 32.8636 0
    endloop
  endfacet
  facet normal 0.956948 -0.290259 0
    outer loop
      vertex 57.8673 33.6756 10
      vertex 57.9185 33.8444 0
      vertex 57.9185 33.8444 10
    endloop
  endfacet
  facet normal 0.956948 -0.290259 0
    outer loop
      vertex 57.9185 33.8444 0
      vertex 57.8673 33.6756 10
      vertex 57.8673 33.6756 0
    endloop
  endfacet
  facet normal 0.88185 -0.471529 0
    outer loop
      vertex 57.9185 33.8444 10
      vertex 58.0017 34 0
      vertex 58.0017 34 10
    endloop
  endfacet
  facet normal 0.88185 -0.471529 0
    outer loop
      vertex 58.0017 34 0
      vertex 57.9185 33.8444 10
      vertex 57.9185 33.8444 0
    endloop
  endfacet
  facet normal 0.995182 0.0980447 0
    outer loop
      vertex 57.8673 33.3244 10
      vertex 57.85 33.5 0
      vertex 57.85 33.5 10
    endloop
  endfacet
  facet normal 0.995182 0.0980447 0
    outer loop
      vertex 57.85 33.5 0
      vertex 57.8673 33.3244 10
      vertex 57.8673 33.3244 0
    endloop
  endfacet
  facet normal 1 -0 0
    outer loop
      vertex 63 29 10
      vertex 63 38 0
      vertex 63 38 10
    endloop
  endfacet
  facet normal 1 0 0
    outer loop
      vertex 63 38 0
      vertex 63 29 10
      vertex 63 29 0
    endloop
  endfacet
  facet normal 0 0 1
    outer loop
      vertex 63 38 10
      vertex 59.65 33.5 10
      vertex 63 29 10
    endloop
  endfacet
  facet normal 0 0 1
    outer loop
      vertex 63 38 10
      vertex 59.6327 33.6756 10
      vertex 59.65 33.5 10
    endloop
  endfacet
  facet normal 0 0 1
    outer loop
      vertex 63 38 10
      vertex 59.5815 33.8444 10
      vertex 59.6327 33.6756 10
    endloop
  endfacet
  facet normal 0 0 1
    outer loop
      vertex 63 38 10
      vertex 59.4983 34 10
      vertex 59.5815 33.8444 10
    endloop
  endfacet
  facet normal 0 0 1
    outer loop
      vertex 63 38 10
      vertex 59.3864 34.1364 10
      vertex 59.4983 34 10
    endloop
  endfacet
  facet normal 0 0 1
    outer loop
      vertex 63 38 10
      vertex 59.25 34.2483 10
      vertex 59.3864 34.1364 10
    endloop
  endfacet
  facet normal 0 0 1
    outer loop
      vertex 63 38 10
      vertex 59.0944 34.3315 10
      vertex 59.25 34.2483 10
    endloop
  endfacet
  facet normal 0 0 1
    outer loop
      vertex 63 38 10
      vertex 58.9256 34.3827 10
      vertex 59.0944 34.3315 10
    endloop
  endfacet
  facet normal 0 0 1
    outer loop
      vertex 63 38 10
      vertex 58.75 34.4 10
      vertex 58.9256 34.3827 10
    endloop
  endfacet
  facet normal 0 0 1
    outer loop
      vertex 63 38 10
      vertex 58.5744 34.3827 10
      vertex 58.75 34.4 10
    endloop
  endfacet
  facet normal 0 0 1
    outer loop
      vertex 63 38 10
      vertex 58.4056 34.3315 10
      vertex 58.5744 34.3827 10
    endloop
  endfacet
  facet normal 0 0 1
    outer loop
      vertex 63 38 10
      vertex 58.25 34.2483 10
      vertex 58.4056 34.3315 10
    endloop
  endfacet
  facet normal 0 0 1
    outer loop
      vertex 57.8673 33.6756 10
      vertex 39.65 33.5 10
      vertex 57.85 33.5 10
    endloop
  endfacet
  facet normal 0 0 1
    outer loop
      vertex 39.6327 33.6756 10
      vertex 57.8673 33.6756 10
      vertex 57.9185 33.8444 10
    endloop
  endfacet
  facet normal 0 0 1
    outer loop
      vertex 39.5815 33.8444 10
      vertex 57.9185 33.8444 10
      vertex 58.0017 34 10
    endloop
  endfacet
  facet normal 0 0 1
    outer loop
      vertex 39.4983 34 10
      vertex 58.0017 34 10
      vertex 58.1136 34.1364 10
    endloop
  endfacet
  facet normal 0 0 1
    outer loop
      vertex 39.3864 34.1364 10
      vertex 58.1136 34.1364 10
      vertex 58.25 34.2483 10
    endloop
  endfacet
  facet normal 0 0 1
    outer loop
      vertex 39.25 34.2483 10
      vertex 58.25 34.2483 10
      vertex 63 38 10
    endloop
  endfacet
  facet normal 0 0 1
    outer loop
      vertex 57.8673 33.6756 10
      vertex 39.6327 33.6756 10
      vertex 39.65 33.5 10
    endloop
  endfacet
  facet normal 0 0 1
    outer loop
      vertex 57.9185 33.8444 10
      vertex 39.5815 33.8444 10
      vertex 39.6327 33.6756 10
    endloop
  endfacet
  facet normal 0 0 1
    outer loop
      vertex 58.0017 34 10
      vertex 39.4983 34 10
      vertex 39.5815 33.8444 10
    endloop
  endfacet
  facet normal 0 0 1
    outer loop
      vertex 58.1136 34.1364 10
      vertex 39.3864 34.1364 10
      vertex 39.4983 34 10
    endloop
  endfacet
  facet normal 0 0 1
    outer loop
      vertex 58.25 34.2483 10
      vertex 39.25 34.2483 10
      vertex 39.3864 34.1364 10
    endloop
  endfacet
  facet normal -0 0 1
    outer loop
      vertex 34.5 38 10
      vertex 39.25 34.2483 10
      vertex 63 38 10
    endloop
  endfacet
  facet normal 0 0 1
    outer loop
      vertex 39.25 34.2483 10
      vertex 34.5 38 10
      vertex 39.0944 34.3315 10
    endloop
  endfacet
  facet normal 0 0 1
    outer loop
      vertex 39.0944 34.3315 10
      vertex 34.5 38 10
      vertex 38.9256 34.3827 10
    endloop
  endfacet
  facet normal 0 0 1
    outer loop
      vertex 38.9256 34.3827 10
      vertex 34.5 38 10
      vertex 38.75 34.4 10
    endloop
  endfacet
  facet normal 0 0 1
    outer loop
      vertex 37.8673 33.6756 10
      vertex 34.5 38 10
      vertex 37.85 33.5 10
    endloop
  endfacet
  facet normal 0 0 1
    outer loop
      vertex 37.9185 33.8444 10
      vertex 34.5 38 10
      vertex 37.8673 33.6756 10
    endloop
  endfacet
  facet normal 0 0 1
    outer loop
      vertex 38.0017 34 10
      vertex 34.5 38 10
      vertex 37.9185 33.8444 10
    endloop
  endfacet
  facet normal 0 0 1
    outer loop
      vertex 38.1136 34.1364 10
      vertex 34.5 38 10
      vertex 38.0017 34 10
    endloop
  endfacet
  facet normal 0 0 1
    outer loop
      vertex 38.25 34.2483 10
      vertex 34.5 38 10
      vertex 38.1136 34.1364 10
    endloop
  endfacet
  facet normal 0 0 1
    outer loop
      vertex 38.4056 34.3315 10
      vertex 34.5 38 10
      vertex 38.25 34.2483 10
    endloop
  endfacet
  facet normal 0 0 1
    outer loop
      vertex 38.5744 34.3827 10
      vertex 34.5 38 10
      vertex 38.4056 34.3315 10
    endloop
  endfacet
  facet normal 0 0 1
    outer loop
      vertex 38.75 34.4 10
      vertex 34.5 38 10
      vertex 38.5744 34.3827 10
    endloop
  endfacet
  facet normal -0 0 1
    outer loop
      vertex 59.6327 33.3244 10
      vertex 63 29 10
      vertex 59.65 33.5 10
    endloop
  endfacet
  facet normal -0 0 1
    outer loop
      vertex 59.5815 33.1556 10
      vertex 63 29 10
      vertex 59.6327 33.3244 10
    endloop
  endfacet
  facet normal -0 0 1
    outer loop
      vertex 59.4983 33 10
      vertex 63 29 10
      vertex 59.5815 33.1556 10
    endloop
  endfacet
  facet normal -0 0 1
    outer loop
      vertex 59.3864 32.8636 10
      vertex 63 29 10
      vertex 59.4983 33 10
    endloop
  endfacet
  facet normal -0 0 1
    outer loop
      vertex 59.25 32.7517 10
      vertex 63 29 10
      vertex 59.3864 32.8636 10
    endloop
  endfacet
  facet normal -0 0 1
    outer loop
      vertex 59.0944 32.6685 10
      vertex 63 29 10
      vertex 59.25 32.7517 10
    endloop
  endfacet
  facet normal -0 0 1
    outer loop
      vertex 58.9256 32.6173 10
      vertex 63 29 10
      vertex 59.0944 32.6685 10
    endloop
  endfacet
  facet normal -0 0 1
    outer loop
      vertex 58.75 32.6 10
      vertex 63 29 10
      vertex 58.9256 32.6173 10
    endloop
  endfacet
  facet normal 0 0 1
    outer loop
      vertex 58.5744 32.6173 10
      vertex 63 29 10
      vertex 58.75 32.6 10
    endloop
  endfacet
  facet normal 0 0 1
    outer loop
      vertex 58.4056 32.6685 10
      vertex 63 29 10
      vertex 58.5744 32.6173 10
    endloop
  endfacet
  facet normal 0 0 1
    outer loop
      vertex 58.25 32.7517 10
      vertex 63 29 10
      vertex 58.4056 32.6685 10
    endloop
  endfacet
  facet normal -0 0 1
    outer loop
      vertex 39.65 33.5 10
      vertex 57.8673 33.3244 10
      vertex 57.85 33.5 10
    endloop
  endfacet
  facet normal 0 0 1
    outer loop
      vertex 39.6327 33.3244 10
      vertex 57.8673 33.3244 10
      vertex 39.65 33.5 10
    endloop
  endfacet
  facet normal 0 0 1
    outer loop
      vertex 57.8673 33.3244 10
      vertex 39.6327 33.3244 10
      vertex 57.9185 33.1556 10
    endloop
  endfacet
  facet normal 0 0 1
    outer loop
      vertex 39.5815 33.1556 10
      vertex 57.9185 33.1556 10
      vertex 39.6327 33.3244 10
    endloop
  endfacet
  facet normal 0 0 1
    outer loop
      vertex 57.9185 33.1556 10
      vertex 39.5815 33.1556 10
      vertex 58.0017 33 10
    endloop
  endfacet
  facet normal 0 0 1
    outer loop
      vertex 39.4983 33 10
      vertex 58.0017 33 10
      vertex 39.5815 33.1556 10
    endloop
  endfacet
  facet normal 0 0 1
    outer loop
      vertex 58.0017 33 10
      vertex 39.4983 33 10
      vertex 58.1136 32.8636 10
    endloop
  endfacet
  facet normal 0 0 1
    outer loop
      vertex 39.3864 32.8636 10
      vertex 58.1136 32.8636 10
      vertex 39.4983 33 10
    endloop
  endfacet
  facet normal 0 0 1
    outer loop
      vertex 58.1136 32.8636 10
      vertex 39.3864 32.8636 10
      vertex 58.25 32.7517 10
    endloop
  endfacet
  facet normal 0 0 1
    outer loop
      vertex 39.25 32.7517 10
      vertex 58.25 32.7517 10
      vertex 39.3864 32.8636 10
    endloop
  endfacet
  facet normal 0 0 1
    outer loop
      vertex 58.25 32.7517 10
      vertex 39.25 32.7517 10
      vertex 63 29 10
    endloop
  endfacet
  facet normal 0 0 1
    outer loop
      vertex 34.5 29 10
      vertex 39.25 32.7517 10
      vertex 39.0944 32.6685 10
    endloop
  endfacet
  facet normal 0 0 1
    outer loop
      vertex 34.5 29 10
      vertex 39.0944 32.6685 10
      vertex 38.9256 32.6173 10
    endloop
  endfacet
  facet normal 0 0 1
    outer loop
      vertex 34.5 29 10
      vertex 38.9256 32.6173 10
      vertex 38.75 32.6 10
    endloop
  endfacet
  facet normal 0 0 1
    outer loop
      vertex 34.5 29 10
      vertex 38.75 32.6 10
      vertex 38.5744 32.6173 10
    endloop
  endfacet
  facet normal 0 0 1
    outer loop
      vertex 34.5 29 10
      vertex 37.85 33.5 10
      vertex 34.5 38 10
    endloop
  endfacet
  facet normal 0 0 1
    outer loop
      vertex 37.85 33.5 10
      vertex 34.5 29 10
      vertex 37.8673 33.3244 10
    endloop
  endfacet
  facet normal 0 0 1
    outer loop
      vertex 37.8673 33.3244 10
      vertex 34.5 29 10
      vertex 37.9185 33.1556 10
    endloop
  endfacet
  facet normal 0 0 1
    outer loop
      vertex 39.25 32.7517 10
      vertex 34.5 29 10
      vertex 63 29 10
    endloop
  endfacet
  facet normal 0 0 1
    outer loop
      vertex 38.4056 32.6685 10
      vertex 34.5 29 10
      vertex 38.5744 32.6173 10
    endloop
  endfacet
  facet normal 0 0 1
    outer loop
      vertex 38.25 32.7517 10
      vertex 34.5 29 10
      vertex 38.4056 32.6685 10
    endloop
  endfacet
  facet normal 0 0 1
    outer loop
      vertex 38.1136 32.8636 10
      vertex 34.5 29 10
      vertex 38.25 32.7517 10
    endloop
  endfacet
  facet normal 0 0 1
    outer loop
      vertex 38.0017 33 10
      vertex 34.5 29 10
      vertex 38.1136 32.8636 10
    endloop
  endfacet
  facet normal 0 0 1
    outer loop
      vertex 37.9185 33.1556 10
      vertex 34.5 29 10
      vertex 38.0017 33 10
    endloop
  endfacet
  facet normal 0 0 -1
    outer loop
      vertex 63 29 0
      vertex 59.65 33.5 0
      vertex 63 38 0
    endloop
  endfacet
  facet normal 0 0 -1
    outer loop
      vertex 63 29 0
      vertex 59.6327 33.3244 0
      vertex 59.65 33.5 0
    endloop
  endfacet
  facet normal 0 0 -1
    outer loop
      vertex 63 29 0
      vertex 59.5815 33.1556 0
      vertex 59.6327 33.3244 0
    endloop
  endfacet
  facet normal 0 0 -1
    outer loop
      vertex 63 29 0
      vertex 59.4983 33 0
      vertex 59.5815 33.1556 0
    endloop
  endfacet
  facet normal 0 0 -1
    outer loop
      vertex 63 29 0
      vertex 59.3864 32.8636 0
      vertex 59.4983 33 0
    endloop
  endfacet
  facet normal 0 0 -1
    outer loop
      vertex 63 29 0
      vertex 59.25 32.7517 0
      vertex 59.3864 32.8636 0
    endloop
  endfacet
  facet normal 0 0 -1
    outer loop
      vertex 63 29 0
      vertex 59.0944 32.6685 0
      vertex 59.25 32.7517 0
    endloop
  endfacet
  facet normal 0 0 -1
    outer loop
      vertex 63 29 0
      vertex 58.9256 32.6173 0
      vertex 59.0944 32.6685 0
    endloop
  endfacet
  facet normal 0 0 -1
    outer loop
      vertex 63 29 0
      vertex 58.75 32.6 0
      vertex 58.9256 32.6173 0
    endloop
  endfacet
  facet normal 0 0 -1
    outer loop
      vertex 63 29 0
      vertex 58.5744 32.6173 0
      vertex 58.75 32.6 0
    endloop
  endfacet
  facet normal 0 0 -1
    outer loop
      vertex 63 29 0
      vertex 58.4056 32.6685 0
      vertex 58.5744 32.6173 0
    endloop
  endfacet
  facet normal 0 0 -1
    outer loop
      vertex 63 29 0
      vertex 58.25 32.7517 0
      vertex 58.4056 32.6685 0
    endloop
  endfacet
  facet normal 0 0 -1
    outer loop
      vertex 57.8673 33.3244 0
      vertex 39.65 33.5 0
      vertex 57.85 33.5 0
    endloop
  endfacet
  facet normal 0 0 -1
    outer loop
      vertex 39.6327 33.3244 0
      vertex 57.8673 33.3244 0
      vertex 57.9185 33.1556 0
    endloop
  endfacet
  facet normal 0 0 -1
    outer loop
      vertex 39.5815 33.1556 0
      vertex 57.9185 33.1556 0
      vertex 58.0017 33 0
    endloop
  endfacet
  facet normal 0 0 -1
    outer loop
      vertex 39.4983 33 0
      vertex 58.0017 33 0
      vertex 58.1136 32.8636 0
    endloop
  endfacet
  facet normal 0 0 -1
    outer loop
      vertex 39.3864 32.8636 0
      vertex 58.1136 32.8636 0
      vertex 58.25 32.7517 0
    endloop
  endfacet
  facet normal 0 0 -1
    outer loop
      vertex 39.25 32.7517 0
      vertex 58.25 32.7517 0
      vertex 63 29 0
    endloop
  endfacet
  facet normal 0 0 -1
    outer loop
      vertex 57.8673 33.3244 0
      vertex 39.6327 33.3244 0
      vertex 39.65 33.5 0
    endloop
  endfacet
  facet normal 0 0 -1
    outer loop
      vertex 57.9185 33.1556 0
      vertex 39.5815 33.1556 0
      vertex 39.6327 33.3244 0
    endloop
  endfacet
  facet normal 0 0 -1
    outer loop
      vertex 58.0017 33 0
      vertex 39.4983 33 0
      vertex 39.5815 33.1556 0
    endloop
  endfacet
  facet normal 0 0 -1
    outer loop
      vertex 58.1136 32.8636 0
      vertex 39.3864 32.8636 0
      vertex 39.4983 33 0
    endloop
  endfacet
  facet normal 0 0 -1
    outer loop
      vertex 58.25 32.7517 0
      vertex 39.25 32.7517 0
      vertex 39.3864 32.8636 0
    endloop
  endfacet
  facet normal 0 0 -1
    outer loop
      vertex 34.5 29 0
      vertex 39.25 32.7517 0
      vertex 63 29 0
    endloop
  endfacet
  facet normal 0 0 -1
    outer loop
      vertex 39.25 32.7517 0
      vertex 34.5 29 0
      vertex 39.0944 32.6685 0
    endloop
  endfacet
  facet normal 0 0 -1
    outer loop
      vertex 39.0944 32.6685 0
      vertex 34.5 29 0
      vertex 38.9256 32.6173 0
    endloop
  endfacet
  facet normal 0 0 -1
    outer loop
      vertex 38.9256 32.6173 0
      vertex 34.5 29 0
      vertex 38.75 32.6 0
    endloop
  endfacet
  facet normal -0 0 -1
    outer loop
      vertex 37.8673 33.3244 0
      vertex 34.5 29 0
      vertex 37.85 33.5 0
    endloop
  endfacet
  facet normal -0 0 -1
    outer loop
      vertex 37.9185 33.1556 0
      vertex 34.5 29 0
      vertex 37.8673 33.3244 0
    endloop
  endfacet
  facet normal -0 0 -1
    outer loop
      vertex 38.0017 33 0
      vertex 34.5 29 0
      vertex 37.9185 33.1556 0
    endloop
  endfacet
  facet normal -0 0 -1
    outer loop
      vertex 38.1136 32.8636 0
      vertex 34.5 29 0
      vertex 38.0017 33 0
    endloop
  endfacet
  facet normal -0 0 -1
    outer loop
      vertex 38.25 32.7517 0
      vertex 34.5 29 0
      vertex 38.1136 32.8636 0
    endloop
  endfacet
  facet normal -0 0 -1
    outer loop
      vertex 38.4056 32.6685 0
      vertex 34.5 29 0
      vertex 38.25 32.7517 0
    endloop
  endfacet
  facet normal -0 0 -1
    outer loop
      vertex 38.5744 32.6173 0
      vertex 34.5 29 0
      vertex 38.4056 32.6685 0
    endloop
  endfacet
  facet normal -0 0 -1
    outer loop
      vertex 38.75 32.6 0
      vertex 34.5 29 0
      vertex 38.5744 32.6173 0
    endloop
  endfacet
  facet normal 0 0 -1
    outer loop
      vertex 59.6327 33.6756 0
      vertex 63 38 0
      vertex 59.65 33.5 0
    endloop
  endfacet
  facet normal 0 0 -1
    outer loop
      vertex 59.5815 33.8444 0
      vertex 63 38 0
      vertex 59.6327 33.6756 0
    endloop
  endfacet
  facet normal 0 0 -1
    outer loop
      vertex 59.4983 34 0
      vertex 63 38 0
      vertex 59.5815 33.8444 0
    endloop
  endfacet
  facet normal 0 0 -1
    outer loop
      vertex 59.3864 34.1364 0
      vertex 63 38 0
      vertex 59.4983 34 0
    endloop
  endfacet
  facet normal 0 0 -1
    outer loop
      vertex 59.25 34.2483 0
      vertex 63 38 0
      vertex 59.3864 34.1364 0
    endloop
  endfacet
  facet normal 0 0 -1
    outer loop
      vertex 59.0944 34.3315 0
      vertex 63 38 0
      vertex 59.25 34.2483 0
    endloop
  endfacet
  facet normal 0 0 -1
    outer loop
      vertex 58.9256 34.3827 0
      vertex 63 38 0
      vertex 59.0944 34.3315 0
    endloop
  endfacet
  facet normal 0 0 -1
    outer loop
      vertex 58.75 34.4 0
      vertex 63 38 0
      vertex 58.9256 34.3827 0
    endloop
  endfacet
  facet normal 0 0 -1
    outer loop
      vertex 58.5744 34.3827 0
      vertex 63 38 0
      vertex 58.75 34.4 0
    endloop
  endfacet
  facet normal 0 0 -1
    outer loop
      vertex 58.4056 34.3315 0
      vertex 63 38 0
      vertex 58.5744 34.3827 0
    endloop
  endfacet
  facet normal 0 0 -1
    outer loop
      vertex 58.25 34.2483 0
      vertex 63 38 0
      vertex 58.4056 34.3315 0
    endloop
  endfacet
  facet normal 0 0 -1
    outer loop
      vertex 39.65 33.5 0
      vertex 57.8673 33.6756 0
      vertex 57.85 33.5 0
    endloop
  endfacet
  facet normal 0 0 -1
    outer loop
      vertex 39.6327 33.6756 0
      vertex 57.8673 33.6756 0
      vertex 39.65 33.5 0
    endloop
  endfacet
  facet normal 0 0 -1
    outer loop
      vertex 57.8673 33.6756 0
      vertex 39.6327 33.6756 0
      vertex 57.9185 33.8444 0
    endloop
  endfacet
  facet normal 0 0 -1
    outer loop
      vertex 39.5815 33.8444 0
      vertex 57.9185 33.8444 0
      vertex 39.6327 33.6756 0
    endloop
  endfacet
  facet normal 0 0 -1
    outer loop
      vertex 57.9185 33.8444 0
      vertex 39.5815 33.8444 0
      vertex 58.0017 34 0
    endloop
  endfacet
  facet normal 0 0 -1
    outer loop
      vertex 39.4983 34 0
      vertex 58.0017 34 0
      vertex 39.5815 33.8444 0
    endloop
  endfacet
  facet normal 0 0 -1
    outer loop
      vertex 58.0017 34 0
      vertex 39.4983 34 0
      vertex 58.1136 34.1364 0
    endloop
  endfacet
  facet normal 0 0 -1
    outer loop
      vertex 39.3864 34.1364 0
      vertex 58.1136 34.1364 0
      vertex 39.4983 34 0
    endloop
  endfacet
  facet normal 0 0 -1
    outer loop
      vertex 58.1136 34.1364 0
      vertex 39.3864 34.1364 0
      vertex 58.25 34.2483 0
    endloop
  endfacet
  facet normal 0 0 -1
    outer loop
      vertex 39.25 34.2483 0
      vertex 58.25 34.2483 0
      vertex 39.3864 34.1364 0
    endloop
  endfacet
  facet normal 0 0 -1
    outer loop
      vertex 58.25 34.2483 0
      vertex 39.25 34.2483 0
      vertex 63 38 0
    endloop
  endfacet
  facet normal 0 0 -1
    outer loop
      vertex 34.5 38 0
      vertex 39.25 34.2483 0
      vertex 39.0944 34.3315 0
    endloop
  endfacet
  facet normal 0 0 -1
    outer loop
      vertex 34.5 38 0
      vertex 39.0944 34.3315 0
      vertex 38.9256 34.3827 0
    endloop
  endfacet
  facet normal 0 0 -1
    outer loop
      vertex 34.5 38 0
      vertex 38.9256 34.3827 0
      vertex 38.75 34.4 0
    endloop
  endfacet
  facet normal 0 0 -1
    outer loop
      vertex 34.5 38 0
      vertex 38.75 34.4 0
      vertex 38.5744 34.3827 0
    endloop
  endfacet
  facet normal 0 0 -1
    outer loop
      vertex 34.5 38 0
      vertex 37.85 33.5 0
      vertex 34.5 29 0
    endloop
  endfacet
  facet normal 0 0 -1
    outer loop
      vertex 37.85 33.5 0
      vertex 34.5 38 0
      vertex 37.8673 33.6756 0
    endloop
  endfacet
  facet normal 0 0 -1
    outer loop
      vertex 37.8673 33.6756 0
      vertex 34.5 38 0
      vertex 37.9185 33.8444 0
    endloop
  endfacet
  facet normal 0 0 -1
    outer loop
      vertex 39.25 34.2483 0
      vertex 34.5 38 0
      vertex 63 38 0
    endloop
  endfacet
  facet normal 0 0 -1
    outer loop
      vertex 38.4056 34.3315 0
      vertex 34.5 38 0
      vertex 38.5744 34.3827 0
    endloop
  endfacet
  facet normal 0 0 -1
    outer loop
      vertex 38.25 34.2483 0
      vertex 34.5 38 0
      vertex 38.4056 34.3315 0
    endloop
  endfacet
  facet normal 0 0 -1
    outer loop
      vertex 38.1136 34.1364 0
      vertex 34.5 38 0
      vertex 38.25 34.2483 0
    endloop
  endfacet
  facet normal 0 0 -1
    outer loop
      vertex 38.0017 34 0
      vertex 34.5 38 0
      vertex 38.1136 34.1364 0
    endloop
  endfacet
  facet normal 0 0 -1
    outer loop
      vertex 37.9185 33.8444 0
      vertex 34.5 38 0
      vertex 38.0017 34 0
    endloop
  endfacet
  facet normal -1 0 0
    outer loop
      vertex 34.5 29 0
      vertex 34.5 38 10
      vertex 34.5 38 0
    endloop
  endfacet
  facet normal -1 -0 0
    outer loop
      vertex 34.5 38 10
      vertex 34.5 29 0
      vertex 34.5 29 10
    endloop
  endfacet
  facet normal 0 1 -0
    outer loop
      vertex 63 38 0
      vertex 34.5 38 10
      vertex 63 38 10
    endloop
  endfacet
  facet normal 0 1 0
    outer loop
      vertex 34.5 38 10
      vertex 63 38 0
      vertex 34.5 38 0
    endloop
  endfacet
  facet normal 0 -1 0
    outer loop
      vertex 34.5 29 0
      vertex 63 29 10
      vertex 34.5 29 10
    endloop
  endfacet
  facet normal 0 -1 -0
    outer loop
      vertex 63 29 10
      vertex 34.5 29 0
      vertex 63 29 0
    endloop
  endfacet
  facet normal -0.290259 0.956948 0
    outer loop
      vertex 73.5944 10.6685 0
      vertex 73.4256 10.6173 10
      vertex 73.5944 10.6685 10
    endloop
  endfacet
  facet normal -0.290259 0.956948 0
    outer loop
      vertex 73.4256 10.6173 10
      vertex 73.5944 10.6685 0
      vertex 73.4256 10.6173 0
    endloop
  endfacet
  facet normal -0.956948 -0.290259 0
    outer loop
      vertex 74.1327 11.6756 0
      vertex 74.0815 11.8444 10
      vertex 74.0815 11.8444 0
    endloop
  endfacet
  facet normal -0.956948 -0.290259 0
    outer loop
      vertex 74.0815 11.8444 10
      vertex 74.1327 11.6756 0
      vertex 74.1327 11.6756 10
    endloop
  endfacet
  facet normal -0.995182 -0.0980447 0
    outer loop
      vertex 74.15 11.5 0
      vertex 74.1327 11.6756 10
      vertex 74.1327 11.6756 0
    endloop
  endfacet
  facet normal -0.995182 -0.0980447 0
    outer loop
      vertex 74.1327 11.6756 10
      vertex 74.15 11.5 0
      vertex 74.15 11.5 10
    endloop
  endfacet
  facet normal -0.88185 -0.471529 0
    outer loop
      vertex 74.0815 11.8444 0
      vertex 73.9983 12 10
      vertex 73.9983 12 0
    endloop
  endfacet
  facet normal -0.88185 -0.471529 0
    outer loop
      vertex 73.9983 12 10
      vertex 74.0815 11.8444 0
      vertex 74.0815 11.8444 10
    endloop
  endfacet
  facet normal -0.995182 0.0980447 0
    outer loop
      vertex 74.1327 11.3244 0
      vertex 74.15 11.5 10
      vertex 74.15 11.5 0
    endloop
  endfacet
  facet normal -0.995182 0.0980447 0
    outer loop
      vertex 74.15 11.5 10
      vertex 74.1327 11.3244 0
      vertex 74.1327 11.3244 10
    endloop
  endfacet
  facet normal 0.471529 0.88185 -0
    outer loop
      vertex 72.9056 10.6685 0
      vertex 72.75 10.7517 10
      vertex 72.9056 10.6685 10
    endloop
  endfacet
  facet normal 0.471529 0.88185 0
    outer loop
      vertex 72.75 10.7517 10
      vertex 72.9056 10.6685 0
      vertex 72.75 10.7517 0
    endloop
  endfacet
  facet normal -0.634256 -0.773123 0
    outer loop
      vertex 73.75 12.2483 0
      vertex 73.8864 12.1364 10
      vertex 73.75 12.2483 10
    endloop
  endfacet
  facet normal -0.634256 -0.773123 -0
    outer loop
      vertex 73.8864 12.1364 10
      vertex 73.75 12.2483 0
      vertex 73.8864 12.1364 0
    endloop
  endfacet
  facet normal 0.0980447 -0.995182 0
    outer loop
      vertex 73.0744 12.3827 0
      vertex 73.25 12.4 10
      vertex 73.0744 12.3827 10
    endloop
  endfacet
  facet normal 0.0980447 -0.995182 0
    outer loop
      vertex 73.25 12.4 10
      vertex 73.0744 12.3827 0
      vertex 73.25 12.4 0
    endloop
  endfacet
  facet normal 0.88185 0.471529 0
    outer loop
      vertex 72.5017 11 10
      vertex 72.4185 11.1556 0
      vertex 72.4185 11.1556 10
    endloop
  endfacet
  facet normal 0.88185 0.471529 0
    outer loop
      vertex 72.4185 11.1556 0
      vertex 72.5017 11 10
      vertex 72.5017 11 0
    endloop
  endfacet
  facet normal -0.0980447 0.995182 0
    outer loop
      vertex 73.4256 10.6173 0
      vertex 73.25 10.6 10
      vertex 73.4256 10.6173 10
    endloop
  endfacet
  facet normal -0.0980447 0.995182 0
    outer loop
      vertex 73.25 10.6 10
      vertex 73.4256 10.6173 0
      vertex 73.25 10.6 0
    endloop
  endfacet
  facet normal -0.956948 0.290259 0
    outer loop
      vertex 74.0815 11.1556 0
      vertex 74.1327 11.3244 10
      vertex 74.1327 11.3244 0
    endloop
  endfacet
  facet normal -0.956948 0.290259 0
    outer loop
      vertex 74.1327 11.3244 10
      vertex 74.0815 11.1556 0
      vertex 74.0815 11.1556 10
    endloop
  endfacet
  facet normal -0.773123 0.634256 0
    outer loop
      vertex 73.8864 10.8636 0
      vertex 73.9983 11 10
      vertex 73.9983 11 0
    endloop
  endfacet
  facet normal -0.773123 0.634256 0
    outer loop
      vertex 73.9983 11 10
      vertex 73.8864 10.8636 0
      vertex 73.8864 10.8636 10
    endloop
  endfacet
  facet normal 0.0980447 0.995182 -0
    outer loop
      vertex 73.25 10.6 0
      vertex 73.0744 10.6173 10
      vertex 73.25 10.6 10
    endloop
  endfacet
  facet normal 0.0980447 0.995182 0
    outer loop
      vertex 73.0744 10.6173 10
      vertex 73.25 10.6 0
      vertex 73.0744 10.6173 0
    endloop
  endfacet
  facet normal -0.88185 0.471529 0
    outer loop
      vertex 73.9983 11 0
      vertex 74.0815 11.1556 10
      vertex 74.0815 11.1556 0
    endloop
  endfacet
  facet normal -0.88185 0.471529 0
    outer loop
      vertex 74.0815 11.1556 10
      vertex 73.9983 11 0
      vertex 73.9983 11 10
    endloop
  endfacet
  facet normal -0.471529 0.88185 0
    outer loop
      vertex 73.75 10.7517 0
      vertex 73.5944 10.6685 10
      vertex 73.75 10.7517 10
    endloop
  endfacet
  facet normal -0.471529 0.88185 0
    outer loop
      vertex 73.5944 10.6685 10
      vertex 73.75 10.7517 0
      vertex 73.5944 10.6685 0
    endloop
  endfacet
  facet normal 0.956948 0.290259 0
    outer loop
      vertex 72.4185 11.1556 10
      vertex 72.3673 11.3244 0
      vertex 72.3673 11.3244 10
    endloop
  endfacet
  facet normal 0.956948 0.290259 0
    outer loop
      vertex 72.3673 11.3244 0
      vertex 72.4185 11.1556 10
      vertex 72.4185 11.1556 0
    endloop
  endfacet
  facet normal 0.773123 -0.634256 0
    outer loop
      vertex 72.5017 12 10
      vertex 72.6136 12.1364 0
      vertex 72.6136 12.1364 10
    endloop
  endfacet
  facet normal 0.773123 -0.634256 0
    outer loop
      vertex 72.6136 12.1364 0
      vertex 72.5017 12 10
      vertex 72.5017 12 0
    endloop
  endfacet
  facet normal -0.773123 -0.634256 0
    outer loop
      vertex 73.9983 12 0
      vertex 73.8864 12.1364 10
      vertex 73.8864 12.1364 0
    endloop
  endfacet
  facet normal -0.773123 -0.634256 0
    outer loop
      vertex 73.8864 12.1364 10
      vertex 73.9983 12 0
      vertex 73.9983 12 10
    endloop
  endfacet
  facet normal 0.471529 -0.88185 0
    outer loop
      vertex 72.75 12.2483 0
      vertex 72.9056 12.3315 10
      vertex 72.75 12.2483 10
    endloop
  endfacet
  facet normal 0.471529 -0.88185 0
    outer loop
      vertex 72.9056 12.3315 10
      vertex 72.75 12.2483 0
      vertex 72.9056 12.3315 0
    endloop
  endfacet
  facet normal 0.290259 -0.956948 0
    outer loop
      vertex 72.9056 12.3315 0
      vertex 73.0744 12.3827 10
      vertex 72.9056 12.3315 10
    endloop
  endfacet
  facet normal 0.290259 -0.956948 0
    outer loop
      vertex 73.0744 12.3827 10
      vertex 72.9056 12.3315 0
      vertex 73.0744 12.3827 0
    endloop
  endfacet
  facet normal 0.290259 0.956948 -0
    outer loop
      vertex 73.0744 10.6173 0
      vertex 72.9056 10.6685 10
      vertex 73.0744 10.6173 10
    endloop
  endfacet
  facet normal 0.290259 0.956948 0
    outer loop
      vertex 72.9056 10.6685 10
      vertex 73.0744 10.6173 0
      vertex 72.9056 10.6685 0
    endloop
  endfacet
  facet normal 0.634256 -0.773123 0
    outer loop
      vertex 72.6136 12.1364 0
      vertex 72.75 12.2483 10
      vertex 72.6136 12.1364 10
    endloop
  endfacet
  facet normal 0.634256 -0.773123 0
    outer loop
      vertex 72.75 12.2483 10
      vertex 72.6136 12.1364 0
      vertex 72.75 12.2483 0
    endloop
  endfacet
  facet normal -0.290259 -0.956948 0
    outer loop
      vertex 73.4256 12.3827 0
      vertex 73.5944 12.3315 10
      vertex 73.4256 12.3827 10
    endloop
  endfacet
  facet normal -0.290259 -0.956948 -0
    outer loop
      vertex 73.5944 12.3315 10
      vertex 73.4256 12.3827 0
      vertex 73.5944 12.3315 0
    endloop
  endfacet
  facet normal -0.634256 0.773123 0
    outer loop
      vertex 73.8864 10.8636 0
      vertex 73.75 10.7517 10
      vertex 73.8864 10.8636 10
    endloop
  endfacet
  facet normal -0.634256 0.773123 0
    outer loop
      vertex 73.75 10.7517 10
      vertex 73.8864 10.8636 0
      vertex 73.75 10.7517 0
    endloop
  endfacet
  facet normal 0.995182 -0.0980447 0
    outer loop
      vertex 72.35 11.5 10
      vertex 72.3673 11.6756 0
      vertex 72.3673 11.6756 10
    endloop
  endfacet
  facet normal 0.995182 -0.0980447 0
    outer loop
      vertex 72.3673 11.6756 0
      vertex 72.35 11.5 10
      vertex 72.35 11.5 0
    endloop
  endfacet
  facet normal -0.0980447 -0.995182 0
    outer loop
      vertex 73.25 12.4 0
      vertex 73.4256 12.3827 10
      vertex 73.25 12.4 10
    endloop
  endfacet
  facet normal -0.0980447 -0.995182 -0
    outer loop
      vertex 73.4256 12.3827 10
      vertex 73.25 12.4 0
      vertex 73.4256 12.3827 0
    endloop
  endfacet
  facet normal -0.471529 -0.88185 0
    outer loop
      vertex 73.5944 12.3315 0
      vertex 73.75 12.2483 10
      vertex 73.5944 12.3315 10
    endloop
  endfacet
  facet normal -0.471529 -0.88185 -0
    outer loop
      vertex 73.75 12.2483 10
      vertex 73.5944 12.3315 0
      vertex 73.75 12.2483 0
    endloop
  endfacet
  facet normal 0.773123 0.634256 0
    outer loop
      vertex 72.6136 10.8636 10
      vertex 72.5017 11 0
      vertex 72.5017 11 10
    endloop
  endfacet
  facet normal 0.773123 0.634256 0
    outer loop
      vertex 72.5017 11 0
      vertex 72.6136 10.8636 10
      vertex 72.6136 10.8636 0
    endloop
  endfacet
  facet normal 0.634256 0.773123 -0
    outer loop
      vertex 72.75 10.7517 0
      vertex 72.6136 10.8636 10
      vertex 72.75 10.7517 10
    endloop
  endfacet
  facet normal 0.634256 0.773123 0
    outer loop
      vertex 72.6136 10.8636 10
      vertex 72.75 10.7517 0
      vertex 72.6136 10.8636 0
    endloop
  endfacet
  facet normal 0.956948 -0.290259 0
    outer loop
      vertex 72.3673 11.6756 10
      vertex 72.4185 11.8444 0
      vertex 72.4185 11.8444 10
    endloop
  endfacet
  facet normal 0.956948 -0.290259 0
    outer loop
      vertex 72.4185 11.8444 0
      vertex 72.3673 11.6756 10
      vertex 72.3673 11.6756 0
    endloop
  endfacet
  facet normal 0.88185 -0.471529 0
    outer loop
      vertex 72.4185 11.8444 10
      vertex 72.5017 12 0
      vertex 72.5017 12 10
    endloop
  endfacet
  facet normal 0.88185 -0.471529 0
    outer loop
      vertex 72.5017 12 0
      vertex 72.4185 11.8444 10
      vertex 72.4185 11.8444 0
    endloop
  endfacet
  facet normal 0.995182 0.0980447 0
    outer loop
      vertex 72.3673 11.3244 10
      vertex 72.35 11.5 0
      vertex 72.35 11.5 10
    endloop
  endfacet
  facet normal 0.995182 0.0980447 0
    outer loop
      vertex 72.35 11.5 0
      vertex 72.3673 11.3244 10
      vertex 72.3673 11.3244 0
    endloop
  endfacet
  facet normal -0.290259 0.956948 0
    outer loop
      vertex 93.5944 10.6685 0
      vertex 93.4256 10.6173 10
      vertex 93.5944 10.6685 10
    endloop
  endfacet
  facet normal -0.290259 0.956948 0
    outer loop
      vertex 93.4256 10.6173 10
      vertex 93.5944 10.6685 0
      vertex 93.4256 10.6173 0
    endloop
  endfacet
  facet normal -0.956948 -0.290259 0
    outer loop
      vertex 94.1327 11.6756 0
      vertex 94.0815 11.8444 10
      vertex 94.0815 11.8444 0
    endloop
  endfacet
  facet normal -0.956948 -0.290259 0
    outer loop
      vertex 94.0815 11.8444 10
      vertex 94.1327 11.6756 0
      vertex 94.1327 11.6756 10
    endloop
  endfacet
  facet normal -0.995182 -0.0980447 0
    outer loop
      vertex 94.15 11.5 0
      vertex 94.1327 11.6756 10
      vertex 94.1327 11.6756 0
    endloop
  endfacet
  facet normal -0.995182 -0.0980447 0
    outer loop
      vertex 94.1327 11.6756 10
      vertex 94.15 11.5 0
      vertex 94.15 11.5 10
    endloop
  endfacet
  facet normal -0.88185 -0.471529 0
    outer loop
      vertex 94.0815 11.8444 0
      vertex 93.9983 12 10
      vertex 93.9983 12 0
    endloop
  endfacet
  facet normal -0.88185 -0.471529 0
    outer loop
      vertex 93.9983 12 10
      vertex 94.0815 11.8444 0
      vertex 94.0815 11.8444 10
    endloop
  endfacet
  facet normal -0.995182 0.0980447 0
    outer loop
      vertex 94.1327 11.3244 0
      vertex 94.15 11.5 10
      vertex 94.15 11.5 0
    endloop
  endfacet
  facet normal -0.995182 0.0980447 0
    outer loop
      vertex 94.15 11.5 10
      vertex 94.1327 11.3244 0
      vertex 94.1327 11.3244 10
    endloop
  endfacet
  facet normal 0.471529 0.88185 -0
    outer loop
      vertex 92.9056 10.6685 0
      vertex 92.75 10.7517 10
      vertex 92.9056 10.6685 10
    endloop
  endfacet
  facet normal 0.471529 0.88185 0
    outer loop
      vertex 92.75 10.7517 10
      vertex 92.9056 10.6685 0
      vertex 92.75 10.7517 0
    endloop
  endfacet
  facet normal -0.634256 -0.773123 0
    outer loop
      vertex 93.75 12.2483 0
      vertex 93.8864 12.1364 10
      vertex 93.75 12.2483 10
    endloop
  endfacet
  facet normal -0.634256 -0.773123 -0
    outer loop
      vertex 93.8864 12.1364 10
      vertex 93.75 12.2483 0
      vertex 93.8864 12.1364 0
    endloop
  endfacet
  facet normal 0.0980447 -0.995182 0
    outer loop
      vertex 93.0744 12.3827 0
      vertex 93.25 12.4 10
      vertex 93.0744 12.3827 10
    endloop
  endfacet
  facet normal 0.0980447 -0.995182 0
    outer loop
      vertex 93.25 12.4 10
      vertex 93.0744 12.3827 0
      vertex 93.25 12.4 0
    endloop
  endfacet
  facet normal 0.88185 0.471529 0
    outer loop
      vertex 92.5017 11 10
      vertex 92.4185 11.1556 0
      vertex 92.4185 11.1556 10
    endloop
  endfacet
  facet normal 0.88185 0.471529 0
    outer loop
      vertex 92.4185 11.1556 0
      vertex 92.5017 11 10
      vertex 92.5017 11 0
    endloop
  endfacet
  facet normal -0.0980447 0.995182 0
    outer loop
      vertex 93.4256 10.6173 0
      vertex 93.25 10.6 10
      vertex 93.4256 10.6173 10
    endloop
  endfacet
  facet normal -0.0980447 0.995182 0
    outer loop
      vertex 93.25 10.6 10
      vertex 93.4256 10.6173 0
      vertex 93.25 10.6 0
    endloop
  endfacet
  facet normal -0.956948 0.290259 0
    outer loop
      vertex 94.0815 11.1556 0
      vertex 94.1327 11.3244 10
      vertex 94.1327 11.3244 0
    endloop
  endfacet
  facet normal -0.956948 0.290259 0
    outer loop
      vertex 94.1327 11.3244 10
      vertex 94.0815 11.1556 0
      vertex 94.0815 11.1556 10
    endloop
  endfacet
  facet normal -0.773123 0.634256 0
    outer loop
      vertex 93.8864 10.8636 0
      vertex 93.9983 11 10
      vertex 93.9983 11 0
    endloop
  endfacet
  facet normal -0.773123 0.634256 0
    outer loop
      vertex 93.9983 11 10
      vertex 93.8864 10.8636 0
      vertex 93.8864 10.8636 10
    endloop
  endfacet
  facet normal 0.634256 -0.773123 0
    outer loop
      vertex 92.6136 12.1364 0
      vertex 92.75 12.2483 10
      vertex 92.6136 12.1364 10
    endloop
  endfacet
  facet normal 0.634256 -0.773123 0
    outer loop
      vertex 92.75 12.2483 10
      vertex 92.6136 12.1364 0
      vertex 92.75 12.2483 0
    endloop
  endfacet
  facet normal -0.88185 0.471529 0
    outer loop
      vertex 93.9983 11 0
      vertex 94.0815 11.1556 10
      vertex 94.0815 11.1556 0
    endloop
  endfacet
  facet normal -0.88185 0.471529 0
    outer loop
      vertex 94.0815 11.1556 10
      vertex 93.9983 11 0
      vertex 93.9983 11 10
    endloop
  endfacet
  facet normal -0.471529 0.88185 0
    outer loop
      vertex 93.75 10.7517 0
      vertex 93.5944 10.6685 10
      vertex 93.75 10.7517 10
    endloop
  endfacet
  facet normal -0.471529 0.88185 0
    outer loop
      vertex 93.5944 10.6685 10
      vertex 93.75 10.7517 0
      vertex 93.5944 10.6685 0
    endloop
  endfacet
  facet normal 0.956948 0.290259 0
    outer loop
      vertex 92.4185 11.1556 10
      vertex 92.3673 11.3244 0
      vertex 92.3673 11.3244 10
    endloop
  endfacet
  facet normal 0.956948 0.290259 0
    outer loop
      vertex 92.3673 11.3244 0
      vertex 92.4185 11.1556 10
      vertex 92.4185 11.1556 0
    endloop
  endfacet
  facet normal 0.773123 -0.634256 0
    outer loop
      vertex 92.5017 12 10
      vertex 92.6136 12.1364 0
      vertex 92.6136 12.1364 10
    endloop
  endfacet
  facet normal 0.773123 -0.634256 0
    outer loop
      vertex 92.6136 12.1364 0
      vertex 92.5017 12 10
      vertex 92.5017 12 0
    endloop
  endfacet
  facet normal -0.773123 -0.634256 0
    outer loop
      vertex 93.9983 12 0
      vertex 93.8864 12.1364 10
      vertex 93.8864 12.1364 0
    endloop
  endfacet
  facet normal -0.773123 -0.634256 0
    outer loop
      vertex 93.8864 12.1364 10
      vertex 93.9983 12 0
      vertex 93.9983 12 10
    endloop
  endfacet
  facet normal 0.471529 -0.88185 0
    outer loop
      vertex 92.75 12.2483 0
      vertex 92.9056 12.3315 10
      vertex 92.75 12.2483 10
    endloop
  endfacet
  facet normal 0.471529 -0.88185 0
    outer loop
      vertex 92.9056 12.3315 10
      vertex 92.75 12.2483 0
      vertex 92.9056 12.3315 0
    endloop
  endfacet
  facet normal 0.290259 -0.956948 0
    outer loop
      vertex 92.9056 12.3315 0
      vertex 93.0744 12.3827 10
      vertex 92.9056 12.3315 10
    endloop
  endfacet
  facet normal 0.290259 -0.956948 0
    outer loop
      vertex 93.0744 12.3827 10
      vertex 92.9056 12.3315 0
      vertex 93.0744 12.3827 0
    endloop
  endfacet
  facet normal 0.290259 0.956948 -0
    outer loop
      vertex 93.0744 10.6173 0
      vertex 92.9056 10.6685 10
      vertex 93.0744 10.6173 10
    endloop
  endfacet
  facet normal 0.290259 0.956948 0
    outer loop
      vertex 92.9056 10.6685 10
      vertex 93.0744 10.6173 0
      vertex 92.9056 10.6685 0
    endloop
  endfacet
  facet normal -0.290259 -0.956948 0
    outer loop
      vertex 93.4256 12.3827 0
      vertex 93.5944 12.3315 10
      vertex 93.4256 12.3827 10
    endloop
  endfacet
  facet normal -0.290259 -0.956948 -0
    outer loop
      vertex 93.5944 12.3315 10
      vertex 93.4256 12.3827 0
      vertex 93.5944 12.3315 0
    endloop
  endfacet
  facet normal -0.634256 0.773123 0
    outer loop
      vertex 93.8864 10.8636 0
      vertex 93.75 10.7517 10
      vertex 93.8864 10.8636 10
    endloop
  endfacet
  facet normal -0.634256 0.773123 0
    outer loop
      vertex 93.75 10.7517 10
      vertex 93.8864 10.8636 0
      vertex 93.75 10.7517 0
    endloop
  endfacet
  facet normal 0.995182 -0.0980447 0
    outer loop
      vertex 92.35 11.5 10
      vertex 92.3673 11.6756 0
      vertex 92.3673 11.6756 10
    endloop
  endfacet
  facet normal 0.995182 -0.0980447 0
    outer loop
      vertex 92.3673 11.6756 0
      vertex 92.35 11.5 10
      vertex 92.35 11.5 0
    endloop
  endfacet
  facet normal -0.0980447 -0.995182 0
    outer loop
      vertex 93.25 12.4 0
      vertex 93.4256 12.3827 10
      vertex 93.25 12.4 10
    endloop
  endfacet
  facet normal -0.0980447 -0.995182 -0
    outer loop
      vertex 93.4256 12.3827 10
      vertex 93.25 12.4 0
      vertex 93.4256 12.3827 0
    endloop
  endfacet
  facet normal -0.471529 -0.88185 0
    outer loop
      vertex 93.5944 12.3315 0
      vertex 93.75 12.2483 10
      vertex 93.5944 12.3315 10
    endloop
  endfacet
  facet normal -0.471529 -0.88185 -0
    outer loop
      vertex 93.75 12.2483 10
      vertex 93.5944 12.3315 0
      vertex 93.75 12.2483 0
    endloop
  endfacet
  facet normal 0.773123 0.634256 0
    outer loop
      vertex 92.6136 10.8636 10
      vertex 92.5017 11 0
      vertex 92.5017 11 10
    endloop
  endfacet
  facet normal 0.773123 0.634256 0
    outer loop
      vertex 92.5017 11 0
      vertex 92.6136 10.8636 10
      vertex 92.6136 10.8636 0
    endloop
  endfacet
  facet normal 0.0980447 0.995182 -0
    outer loop
      vertex 93.25 10.6 0
      vertex 93.0744 10.6173 10
      vertex 93.25 10.6 10
    endloop
  endfacet
  facet normal 0.0980447 0.995182 0
    outer loop
      vertex 93.0744 10.6173 10
      vertex 93.25 10.6 0
      vertex 93.0744 10.6173 0
    endloop
  endfacet
  facet normal 0.634256 0.773123 -0
    outer loop
      vertex 92.75 10.7517 0
      vertex 92.6136 10.8636 10
      vertex 92.75 10.7517 10
    endloop
  endfacet
  facet normal 0.634256 0.773123 0
    outer loop
      vertex 92.6136 10.8636 10
      vertex 92.75 10.7517 0
      vertex 92.6136 10.8636 0
    endloop
  endfacet
  facet normal 0.956948 -0.290259 0
    outer loop
      vertex 92.3673 11.6756 10
      vertex 92.4185 11.8444 0
      vertex 92.4185 11.8444 10
    endloop
  endfacet
  facet normal 0.956948 -0.290259 0
    outer loop
      vertex 92.4185 11.8444 0
      vertex 92.3673 11.6756 10
      vertex 92.3673 11.6756 0
    endloop
  endfacet
  facet normal 0.88185 -0.471529 0
    outer loop
      vertex 92.4185 11.8444 10
      vertex 92.5017 12 0
      vertex 92.5017 12 10
    endloop
  endfacet
  facet normal 0.88185 -0.471529 0
    outer loop
      vertex 92.5017 12 0
      vertex 92.4185 11.8444 10
      vertex 92.4185 11.8444 0
    endloop
  endfacet
  facet normal 0.995182 0.0980447 0
    outer loop
      vertex 92.3673 11.3244 10
      vertex 92.35 11.5 0
      vertex 92.35 11.5 10
    endloop
  endfacet
  facet normal 0.995182 0.0980447 0
    outer loop
      vertex 92.35 11.5 0
      vertex 92.3673 11.3244 10
      vertex 92.3673 11.3244 0
    endloop
  endfacet
  facet normal 1 -0 0
    outer loop
      vertex 97.5 7 10
      vertex 97.5 16 0
      vertex 97.5 16 10
    endloop
  endfacet
  facet normal 1 0 0
    outer loop
      vertex 97.5 16 0
      vertex 97.5 7 10
      vertex 97.5 7 0
    endloop
  endfacet
  facet normal 0 0 1
    outer loop
      vertex 97.5 16 10
      vertex 94.15 11.5 10
      vertex 97.5 7 10
    endloop
  endfacet
  facet normal 0 0 1
    outer loop
      vertex 97.5 16 10
      vertex 94.1327 11.6756 10
      vertex 94.15 11.5 10
    endloop
  endfacet
  facet normal 0 0 1
    outer loop
      vertex 97.5 16 10
      vertex 94.0815 11.8444 10
      vertex 94.1327 11.6756 10
    endloop
  endfacet
  facet normal 0 0 1
    outer loop
      vertex 97.5 16 10
      vertex 93.9983 12 10
      vertex 94.0815 11.8444 10
    endloop
  endfacet
  facet normal 0 0 1
    outer loop
      vertex 97.5 16 10
      vertex 93.8864 12.1364 10
      vertex 93.9983 12 10
    endloop
  endfacet
  facet normal 0 0 1
    outer loop
      vertex 97.5 16 10
      vertex 93.75 12.2483 10
      vertex 93.8864 12.1364 10
    endloop
  endfacet
  facet normal 0 0 1
    outer loop
      vertex 97.5 16 10
      vertex 93.5944 12.3315 10
      vertex 93.75 12.2483 10
    endloop
  endfacet
  facet normal 0 0 1
    outer loop
      vertex 97.5 16 10
      vertex 93.4256 12.3827 10
      vertex 93.5944 12.3315 10
    endloop
  endfacet
  facet normal 0 0 1
    outer loop
      vertex 97.5 16 10
      vertex 93.25 12.4 10
      vertex 93.4256 12.3827 10
    endloop
  endfacet
  facet normal 0 0 1
    outer loop
      vertex 97.5 16 10
      vertex 93.0744 12.3827 10
      vertex 93.25 12.4 10
    endloop
  endfacet
  facet normal 0 0 1
    outer loop
      vertex 97.5 16 10
      vertex 92.9056 12.3315 10
      vertex 93.0744 12.3827 10
    endloop
  endfacet
  facet normal 0 0 1
    outer loop
      vertex 97.5 16 10
      vertex 92.75 12.2483 10
      vertex 92.9056 12.3315 10
    endloop
  endfacet
  facet normal 0 0 1
    outer loop
      vertex 92.3673 11.6756 10
      vertex 74.15 11.5 10
      vertex 92.35 11.5 10
    endloop
  endfacet
  facet normal 0 0 1
    outer loop
      vertex 74.1327 11.6756 10
      vertex 92.3673 11.6756 10
      vertex 92.4185 11.8444 10
    endloop
  endfacet
  facet normal 0 0 1
    outer loop
      vertex 74.0815 11.8444 10
      vertex 92.4185 11.8444 10
      vertex 92.5017 12 10
    endloop
  endfacet
  facet normal 0 0 1
    outer loop
      vertex 73.9983 12 10
      vertex 92.5017 12 10
      vertex 92.6136 12.1364 10
    endloop
  endfacet
  facet normal 0 0 1
    outer loop
      vertex 73.8864 12.1364 10
      vertex 92.6136 12.1364 10
      vertex 92.75 12.2483 10
    endloop
  endfacet
  facet normal 0 0 1
    outer loop
      vertex 73.75 12.2483 10
      vertex 92.75 12.2483 10
      vertex 97.5 16 10
    endloop
  endfacet
  facet normal 0 0 1
    outer loop
      vertex 92.3673 11.6756 10
      vertex 74.1327 11.6756 10
      vertex 74.15 11.5 10
    endloop
  endfacet
  facet normal 0 0 1
    outer loop
      vertex 92.4185 11.8444 10
      vertex 74.0815 11.8444 10
      vertex 74.1327 11.6756 10
    endloop
  endfacet
  facet normal 0 0 1
    outer loop
      vertex 92.5017 12 10
      vertex 73.9983 12 10
      vertex 74.0815 11.8444 10
    endloop
  endfacet
  facet normal 0 0 1
    outer loop
      vertex 92.6136 12.1364 10
      vertex 73.8864 12.1364 10
      vertex 73.9983 12 10
    endloop
  endfacet
  facet normal 0 0 1
    outer loop
      vertex 92.75 12.2483 10
      vertex 73.75 12.2483 10
      vertex 73.8864 12.1364 10
    endloop
  endfacet
  facet normal -0 0 1
    outer loop
      vertex 69 16 10
      vertex 73.75 12.2483 10
      vertex 97.5 16 10
    endloop
  endfacet
  facet normal 0 0 1
    outer loop
      vertex 73.75 12.2483 10
      vertex 69 16 10
      vertex 73.5944 12.3315 10
    endloop
  endfacet
  facet normal 0 0 1
    outer loop
      vertex 73.5944 12.3315 10
      vertex 69 16 10
      vertex 73.4256 12.3827 10
    endloop
  endfacet
  facet normal 0 0 1
    outer loop
      vertex 73.4256 12.3827 10
      vertex 69 16 10
      vertex 73.25 12.4 10
    endloop
  endfacet
  facet normal 0 0 1
    outer loop
      vertex 72.3673 11.6756 10
      vertex 69 16 10
      vertex 72.35 11.5 10
    endloop
  endfacet
  facet normal 0 0 1
    outer loop
      vertex 72.4185 11.8444 10
      vertex 69 16 10
      vertex 72.3673 11.6756 10
    endloop
  endfacet
  facet normal 0 0 1
    outer loop
      vertex 72.5017 12 10
      vertex 69 16 10
      vertex 72.4185 11.8444 10
    endloop
  endfacet
  facet normal 0 0 1
    outer loop
      vertex 72.6136 12.1364 10
      vertex 69 16 10
      vertex 72.5017 12 10
    endloop
  endfacet
  facet normal 0 0 1
    outer loop
      vertex 72.75 12.2483 10
      vertex 69 16 10
      vertex 72.6136 12.1364 10
    endloop
  endfacet
  facet normal 0 0 1
    outer loop
      vertex 72.9056 12.3315 10
      vertex 69 16 10
      vertex 72.75 12.2483 10
    endloop
  endfacet
  facet normal 0 0 1
    outer loop
      vertex 73.0744 12.3827 10
      vertex 69 16 10
      vertex 72.9056 12.3315 10
    endloop
  endfacet
  facet normal 0 0 1
    outer loop
      vertex 73.25 12.4 10
      vertex 69 16 10
      vertex 73.0744 12.3827 10
    endloop
  endfacet
  facet normal -0 0 1
    outer loop
      vertex 94.1327 11.3244 10
      vertex 97.5 7 10
      vertex 94.15 11.5 10
    endloop
  endfacet
  facet normal -0 0 1
    outer loop
      vertex 94.0815 11.1556 10
      vertex 97.5 7 10
      vertex 94.1327 11.3244 10
    endloop
  endfacet
  facet normal -0 0 1
    outer loop
      vertex 93.9983 11 10
      vertex 97.5 7 10
      vertex 94.0815 11.1556 10
    endloop
  endfacet
  facet normal -0 0 1
    outer loop
      vertex 93.8864 10.8636 10
      vertex 97.5 7 10
      vertex 93.9983 11 10
    endloop
  endfacet
  facet normal -0 0 1
    outer loop
      vertex 93.75 10.7517 10
      vertex 97.5 7 10
      vertex 93.8864 10.8636 10
    endloop
  endfacet
  facet normal -0 0 1
    outer loop
      vertex 93.5944 10.6685 10
      vertex 97.5 7 10
      vertex 93.75 10.7517 10
    endloop
  endfacet
  facet normal -0 0 1
    outer loop
      vertex 93.4256 10.6173 10
      vertex 97.5 7 10
      vertex 93.5944 10.6685 10
    endloop
  endfacet
  facet normal -0 0 1
    outer loop
      vertex 93.25 10.6 10
      vertex 97.5 7 10
      vertex 93.4256 10.6173 10
    endloop
  endfacet
  facet normal 0 0 1
    outer loop
      vertex 93.0744 10.6173 10
      vertex 97.5 7 10
      vertex 93.25 10.6 10
    endloop
  endfacet
  facet normal 0 0 1
    outer loop
      vertex 92.9056 10.6685 10
      vertex 97.5 7 10
      vertex 93.0744 10.6173 10
    endloop
  endfacet
  facet normal 0 0 1
    outer loop
      vertex 92.75 10.7517 10
      vertex 97.5 7 10
      vertex 92.9056 10.6685 10
    endloop
  endfacet
  facet normal -0 0 1
    outer loop
      vertex 74.15 11.5 10
      vertex 92.3673 11.3244 10
      vertex 92.35 11.5 10
    endloop
  endfacet
  facet normal 0 0 1
    outer loop
      vertex 74.1327 11.3244 10
      vertex 92.3673 11.3244 10
      vertex 74.15 11.5 10
    endloop
  endfacet
  facet normal 0 0 1
    outer loop
      vertex 92.3673 11.3244 10
      vertex 74.1327 11.3244 10
      vertex 92.4185 11.1556 10
    endloop
  endfacet
  facet normal 0 0 1
    outer loop
      vertex 74.0815 11.1556 10
      vertex 92.4185 11.1556 10
      vertex 74.1327 11.3244 10
    endloop
  endfacet
  facet normal 0 0 1
    outer loop
      vertex 92.4185 11.1556 10
      vertex 74.0815 11.1556 10
      vertex 92.5017 11 10
    endloop
  endfacet
  facet normal 0 0 1
    outer loop
      vertex 73.9983 11 10
      vertex 92.5017 11 10
      vertex 74.0815 11.1556 10
    endloop
  endfacet
  facet normal 0 0 1
    outer loop
      vertex 92.5017 11 10
      vertex 73.9983 11 10
      vertex 92.6136 10.8636 10
    endloop
  endfacet
  facet normal 0 0 1
    outer loop
      vertex 73.8864 10.8636 10
      vertex 92.6136 10.8636 10
      vertex 73.9983 11 10
    endloop
  endfacet
  facet normal 0 0 1
    outer loop
      vertex 92.6136 10.8636 10
      vertex 73.8864 10.8636 10
      vertex 92.75 10.7517 10
    endloop
  endfacet
  facet normal 0 0 1
    outer loop
      vertex 73.75 10.7517 10
      vertex 92.75 10.7517 10
      vertex 73.8864 10.8636 10
    endloop
  endfacet
  facet normal 0 0 1
    outer loop
      vertex 92.75 10.7517 10
      vertex 73.75 10.7517 10
      vertex 97.5 7 10
    endloop
  endfacet
  facet normal 0 0 1
    outer loop
      vertex 69 7 10
      vertex 73.75 10.7517 10
      vertex 73.5944 10.6685 10
    endloop
  endfacet
  facet normal 0 0 1
    outer loop
      vertex 69 7 10
      vertex 73.5944 10.6685 10
      vertex 73.4256 10.6173 10
    endloop
  endfacet
  facet normal 0 0 1
    outer loop
      vertex 69 7 10
      vertex 73.4256 10.6173 10
      vertex 73.25 10.6 10
    endloop
  endfacet
  facet normal 0 0 1
    outer loop
      vertex 69 7 10
      vertex 73.25 10.6 10
      vertex 73.0744 10.6173 10
    endloop
  endfacet
  facet normal 0 0 1
    outer loop
      vertex 69 7 10
      vertex 72.35 11.5 10
      vertex 69 16 10
    endloop
  endfacet
  facet normal 0 0 1
    outer loop
      vertex 72.35 11.5 10
      vertex 69 7 10
      vertex 72.3673 11.3244 10
    endloop
  endfacet
  facet normal 0 0 1
    outer loop
      vertex 72.3673 11.3244 10
      vertex 69 7 10
      vertex 72.4185 11.1556 10
    endloop
  endfacet
  facet normal 0 0 1
    outer loop
      vertex 73.75 10.7517 10
      vertex 69 7 10
      vertex 97.5 7 10
    endloop
  endfacet
  facet normal 0 0 1
    outer loop
      vertex 72.9056 10.6685 10
      vertex 69 7 10
      vertex 73.0744 10.6173 10
    endloop
  endfacet
  facet normal 0 0 1
    outer loop
      vertex 72.75 10.7517 10
      vertex 69 7 10
      vertex 72.9056 10.6685 10
    endloop
  endfacet
  facet normal 0 0 1
    outer loop
      vertex 72.6136 10.8636 10
      vertex 69 7 10
      vertex 72.75 10.7517 10
    endloop
  endfacet
  facet normal 0 0 1
    outer loop
      vertex 72.5017 11 10
      vertex 69 7 10
      vertex 72.6136 10.8636 10
    endloop
  endfacet
  facet normal 0 0 1
    outer loop
      vertex 72.4185 11.1556 10
      vertex 69 7 10
      vertex 72.5017 11 10
    endloop
  endfacet
  facet normal 0 0 -1
    outer loop
      vertex 97.5 7 0
      vertex 94.15 11.5 0
      vertex 97.5 16 0
    endloop
  endfacet
  facet normal 0 0 -1
    outer loop
      vertex 97.5 7 0
      vertex 94.1327 11.3244 0
      vertex 94.15 11.5 0
    endloop
  endfacet
  facet normal 0 0 -1
    outer loop
      vertex 97.5 7 0
      vertex 94.0815 11.1556 0
      vertex 94.1327 11.3244 0
    endloop
  endfacet
  facet normal 0 0 -1
    outer loop
      vertex 97.5 7 0
      vertex 93.9983 11 0
      vertex 94.0815 11.1556 0
    endloop
  endfacet
  facet normal 0 0 -1
    outer loop
      vertex 97.5 7 0
      vertex 93.8864 10.8636 0
      vertex 93.9983 11 0
    endloop
  endfacet
  facet normal 0 0 -1
    outer loop
      vertex 97.5 7 0
      vertex 93.75 10.7517 0
      vertex 93.8864 10.8636 0
    endloop
  endfacet
  facet normal 0 0 -1
    outer loop
      vertex 97.5 7 0
      vertex 93.5944 10.6685 0
      vertex 93.75 10.7517 0
    endloop
  endfacet
  facet normal 0 0 -1
    outer loop
      vertex 97.5 7 0
      vertex 93.4256 10.6173 0
      vertex 93.5944 10.6685 0
    endloop
  endfacet
  facet normal 0 0 -1
    outer loop
      vertex 97.5 7 0
      vertex 93.25 10.6 0
      vertex 93.4256 10.6173 0
    endloop
  endfacet
  facet normal 0 0 -1
    outer loop
      vertex 97.5 7 0
      vertex 93.0744 10.6173 0
      vertex 93.25 10.6 0
    endloop
  endfacet
  facet normal 0 0 -1
    outer loop
      vertex 97.5 7 0
      vertex 92.9056 10.6685 0
      vertex 93.0744 10.6173 0
    endloop
  endfacet
  facet normal 0 0 -1
    outer loop
      vertex 97.5 7 0
      vertex 92.75 10.7517 0
      vertex 92.9056 10.6685 0
    endloop
  endfacet
  facet normal 0 0 -1
    outer loop
      vertex 92.3673 11.3244 0
      vertex 74.15 11.5 0
      vertex 92.35 11.5 0
    endloop
  endfacet
  facet normal 0 0 -1
    outer loop
      vertex 74.1327 11.3244 0
      vertex 92.3673 11.3244 0
      vertex 92.4185 11.1556 0
    endloop
  endfacet
  facet normal 0 0 -1
    outer loop
      vertex 74.0815 11.1556 0
      vertex 92.4185 11.1556 0
      vertex 92.5017 11 0
    endloop
  endfacet
  facet normal 0 0 -1
    outer loop
      vertex 73.9983 11 0
      vertex 92.5017 11 0
      vertex 92.6136 10.8636 0
    endloop
  endfacet
  facet normal 0 0 -1
    outer loop
      vertex 73.8864 10.8636 0
      vertex 92.6136 10.8636 0
      vertex 92.75 10.7517 0
    endloop
  endfacet
  facet normal 0 0 -1
    outer loop
      vertex 73.75 10.7517 0
      vertex 92.75 10.7517 0
      vertex 97.5 7 0
    endloop
  endfacet
  facet normal 0 0 -1
    outer loop
      vertex 92.3673 11.3244 0
      vertex 74.1327 11.3244 0
      vertex 74.15 11.5 0
    endloop
  endfacet
  facet normal 0 0 -1
    outer loop
      vertex 92.4185 11.1556 0
      vertex 74.0815 11.1556 0
      vertex 74.1327 11.3244 0
    endloop
  endfacet
  facet normal 0 0 -1
    outer loop
      vertex 92.5017 11 0
      vertex 73.9983 11 0
      vertex 74.0815 11.1556 0
    endloop
  endfacet
  facet normal 0 0 -1
    outer loop
      vertex 92.6136 10.8636 0
      vertex 73.8864 10.8636 0
      vertex 73.9983 11 0
    endloop
  endfacet
  facet normal 0 0 -1
    outer loop
      vertex 92.75 10.7517 0
      vertex 73.75 10.7517 0
      vertex 73.8864 10.8636 0
    endloop
  endfacet
  facet normal 0 0 -1
    outer loop
      vertex 69 7 0
      vertex 73.75 10.7517 0
      vertex 97.5 7 0
    endloop
  endfacet
  facet normal 0 0 -1
    outer loop
      vertex 73.75 10.7517 0
      vertex 69 7 0
      vertex 73.5944 10.6685 0
    endloop
  endfacet
  facet normal 0 0 -1
    outer loop
      vertex 73.5944 10.6685 0
      vertex 69 7 0
      vertex 73.4256 10.6173 0
    endloop
  endfacet
  facet normal 0 0 -1
    outer loop
      vertex 73.4256 10.6173 0
      vertex 69 7 0
      vertex 73.25 10.6 0
    endloop
  endfacet
  facet normal -0 0 -1
    outer loop
      vertex 72.3673 11.3244 0
      vertex 69 7 0
      vertex 72.35 11.5 0
    endloop
  endfacet
  facet normal -0 0 -1
    outer loop
      vertex 72.4185 11.1556 0
      vertex 69 7 0
      vertex 72.3673 11.3244 0
    endloop
  endfacet
  facet normal -0 0 -1
    outer loop
      vertex 72.5017 11 0
      vertex 69 7 0
      vertex 72.4185 11.1556 0
    endloop
  endfacet
  facet normal -0 0 -1
    outer loop
      vertex 72.6136 10.8636 0
      vertex 69 7 0
      vertex 72.5017 11 0
    endloop
  endfacet
  facet normal -0 0 -1
    outer loop
      vertex 72.75 10.7517 0
      vertex 69 7 0
      vertex 72.6136 10.8636 0
    endloop
  endfacet
  facet normal -0 0 -1
    outer loop
      vertex 72.9056 10.6685 0
      vertex 69 7 0
      vertex 72.75 10.7517 0
    endloop
  endfacet
  facet normal -0 0 -1
    outer loop
      vertex 73.0744 10.6173 0
      vertex 69 7 0
      vertex 72.9056 10.6685 0
    endloop
  endfacet
  facet normal -0 0 -1
    outer loop
      vertex 73.25 10.6 0
      vertex 69 7 0
      vertex 73.0744 10.6173 0
    endloop
  endfacet
  facet normal 0 0 -1
    outer loop
      vertex 94.1327 11.6756 0
      vertex 97.5 16 0
      vertex 94.15 11.5 0
    endloop
  endfacet
  facet normal 0 0 -1
    outer loop
      vertex 94.0815 11.8444 0
      vertex 97.5 16 0
      vertex 94.1327 11.6756 0
    endloop
  endfacet
  facet normal 0 0 -1
    outer loop
      vertex 93.9983 12 0
      vertex 97.5 16 0
      vertex 94.0815 11.8444 0
    endloop
  endfacet
  facet normal 0 0 -1
    outer loop
      vertex 93.8864 12.1364 0
      vertex 97.5 16 0
      vertex 93.9983 12 0
    endloop
  endfacet
  facet normal 0 0 -1
    outer loop
      vertex 93.75 12.2483 0
      vertex 97.5 16 0
      vertex 93.8864 12.1364 0
    endloop
  endfacet
  facet normal 0 0 -1
    outer loop
      vertex 93.5944 12.3315 0
      vertex 97.5 16 0
      vertex 93.75 12.2483 0
    endloop
  endfacet
  facet normal 0 0 -1
    outer loop
      vertex 93.4256 12.3827 0
      vertex 97.5 16 0
      vertex 93.5944 12.3315 0
    endloop
  endfacet
  facet normal 0 0 -1
    outer loop
      vertex 93.25 12.4 0
      vertex 97.5 16 0
      vertex 93.4256 12.3827 0
    endloop
  endfacet
  facet normal 0 0 -1
    outer loop
      vertex 93.0744 12.3827 0
      vertex 97.5 16 0
      vertex 93.25 12.4 0
    endloop
  endfacet
  facet normal 0 0 -1
    outer loop
      vertex 92.9056 12.3315 0
      vertex 97.5 16 0
      vertex 93.0744 12.3827 0
    endloop
  endfacet
  facet normal 0 0 -1
    outer loop
      vertex 92.75 12.2483 0
      vertex 97.5 16 0
      vertex 92.9056 12.3315 0
    endloop
  endfacet
  facet normal 0 0 -1
    outer loop
      vertex 74.15 11.5 0
      vertex 92.3673 11.6756 0
      vertex 92.35 11.5 0
    endloop
  endfacet
  facet normal 0 0 -1
    outer loop
      vertex 74.1327 11.6756 0
      vertex 92.3673 11.6756 0
      vertex 74.15 11.5 0
    endloop
  endfacet
  facet normal 0 0 -1
    outer loop
      vertex 92.3673 11.6756 0
      vertex 74.1327 11.6756 0
      vertex 92.4185 11.8444 0
    endloop
  endfacet
  facet normal 0 0 -1
    outer loop
      vertex 74.0815 11.8444 0
      vertex 92.4185 11.8444 0
      vertex 74.1327 11.6756 0
    endloop
  endfacet
  facet normal 0 0 -1
    outer loop
      vertex 92.4185 11.8444 0
      vertex 74.0815 11.8444 0
      vertex 92.5017 12 0
    endloop
  endfacet
  facet normal 0 0 -1
    outer loop
      vertex 73.9983 12 0
      vertex 92.5017 12 0
      vertex 74.0815 11.8444 0
    endloop
  endfacet
  facet normal 0 0 -1
    outer loop
      vertex 92.5017 12 0
      vertex 73.9983 12 0
      vertex 92.6136 12.1364 0
    endloop
  endfacet
  facet normal 0 0 -1
    outer loop
      vertex 73.8864 12.1364 0
      vertex 92.6136 12.1364 0
      vertex 73.9983 12 0
    endloop
  endfacet
  facet normal 0 0 -1
    outer loop
      vertex 92.6136 12.1364 0
      vertex 73.8864 12.1364 0
      vertex 92.75 12.2483 0
    endloop
  endfacet
  facet normal 0 0 -1
    outer loop
      vertex 73.75 12.2483 0
      vertex 92.75 12.2483 0
      vertex 73.8864 12.1364 0
    endloop
  endfacet
  facet normal 0 0 -1
    outer loop
      vertex 92.75 12.2483 0
      vertex 73.75 12.2483 0
      vertex 97.5 16 0
    endloop
  endfacet
  facet normal 0 0 -1
    outer loop
      vertex 69 16 0
      vertex 73.75 12.2483 0
      vertex 73.5944 12.3315 0
    endloop
  endfacet
  facet normal 0 0 -1
    outer loop
      vertex 69 16 0
      vertex 73.5944 12.3315 0
      vertex 73.4256 12.3827 0
    endloop
  endfacet
  facet normal 0 0 -1
    outer loop
      vertex 69 16 0
      vertex 73.4256 12.3827 0
      vertex 73.25 12.4 0
    endloop
  endfacet
  facet normal 0 0 -1
    outer loop
      vertex 69 16 0
      vertex 73.25 12.4 0
      vertex 73.0744 12.3827 0
    endloop
  endfacet
  facet normal 0 0 -1
    outer loop
      vertex 69 16 0
      vertex 72.35 11.5 0
      vertex 69 7 0
    endloop
  endfacet
  facet normal 0 0 -1
    outer loop
      vertex 72.35 11.5 0
      vertex 69 16 0
      vertex 72.3673 11.6756 0
    endloop
  endfacet
  facet normal 0 0 -1
    outer loop
      vertex 72.3673 11.6756 0
      vertex 69 16 0
      vertex 72.4185 11.8444 0
    endloop
  endfacet
  facet normal 0 0 -1
    outer loop
      vertex 73.75 12.2483 0
      vertex 69 16 0
      vertex 97.5 16 0
    endloop
  endfacet
  facet normal 0 0 -1
    outer loop
      vertex 72.9056 12.3315 0
      vertex 69 16 0
      vertex 73.0744 12.3827 0
    endloop
  endfacet
  facet normal 0 0 -1
    outer loop
      vertex 72.75 12.2483 0
      vertex 69 16 0
      vertex 72.9056 12.3315 0
    endloop
  endfacet
  facet normal 0 0 -1
    outer loop
      vertex 72.6136 12.1364 0
      vertex 69 16 0
      vertex 72.75 12.2483 0
    endloop
  endfacet
  facet normal 0 0 -1
    outer loop
      vertex 72.5017 12 0
      vertex 69 16 0
      vertex 72.6136 12.1364 0
    endloop
  endfacet
  facet normal 0 0 -1
    outer loop
      vertex 72.4185 11.8444 0
      vertex 69 16 0
      vertex 72.5017 12 0
    endloop
  endfacet
  facet normal -1 0 0
    outer loop
      vertex 69 7 0
      vertex 69 16 10
      vertex 69 16 0
    endloop
  endfacet
  facet normal -1 -0 0
    outer loop
      vertex 69 16 10
      vertex 69 7 0
      vertex 69 7 10
    endloop
  endfacet
  facet normal 0 1 -0
    outer loop
      vertex 97.5 16 0
      vertex 69 16 10
      vertex 97.5 16 10
    endloop
  endfacet
  facet normal 0 1 0
    outer loop
      vertex 69 16 10
      vertex 97.5 16 0
      vertex 69 16 0
    endloop
  endfacet
  facet normal 0 -1 0
    outer loop
      vertex 69 7 0
      vertex 97.5 7 10
      vertex 69 7 10
    endloop
  endfacet
  facet normal 0 -1 -0
    outer loop
      vertex 97.5 7 10
      vertex 69 7 0
      vertex 97.5 7 0
    endloop
  endfacet
  facet normal -0.290259 0.956948 0
    outer loop
      vertex 73.5944 32.6685 0
      vertex 73.4256 32.6173 10
      vertex 73.5944 32.6685 10
    endloop
  endfacet
  facet normal -0.290259 0.956948 0
    outer loop
      vertex 73.4256 32.6173 10
      vertex 73.5944 32.6685 0
      vertex 73.4256 32.6173 0
    endloop
  endfacet
  facet normal -0.956948 -0.290259 0
    outer loop
      vertex 74.1327 33.6756 0
      vertex 74.0815 33.8444 10
      vertex 74.0815 33.8444 0
    endloop
  endfacet
  facet normal -0.956948 -0.290259 0
    outer loop
      vertex 74.0815 33.8444 10
      vertex 74.1327 33.6756 0
      vertex 74.1327 33.6756 10
    endloop
  endfacet
  facet normal -0.995182 -0.0980447 0
    outer loop
      vertex 74.15 33.5 0
      vertex 74.1327 33.6756 10
      vertex 74.1327 33.6756 0
    endloop
  endfacet
  facet normal -0.995182 -0.0980447 0
    outer loop
      vertex 74.1327 33.6756 10
      vertex 74.15 33.5 0
      vertex 74.15 33.5 10
    endloop
  endfacet
  facet normal -0.88185 -0.471529 0
    outer loop
      vertex 74.0815 33.8444 0
      vertex 73.9983 34 10
      vertex 73.9983 34 0
    endloop
  endfacet
  facet normal -0.88185 -0.471529 0
    outer loop
      vertex 73.9983 34 10
      vertex 74.0815 33.8444 0
      vertex 74.0815 33.8444 10
    endloop
  endfacet
  facet normal -0.995182 0.0980447 0
    outer loop
      vertex 74.1327 33.3244 0
      vertex 74.15 33.5 10
      vertex 74.15 33.5 0
    endloop
  endfacet
  facet normal -0.995182 0.0980447 0
    outer loop
      vertex 74.15 33.5 10
      vertex 74.1327 33.3244 0
      vertex 74.1327 33.3244 10
    endloop
  endfacet
  facet normal 0.471529 0.88185 -0
    outer loop
      vertex 72.9056 32.6685 0
      vertex 72.75 32.7517 10
      vertex 72.9056 32.6685 10
    endloop
  endfacet
  facet normal 0.471529 0.88185 0
    outer loop
      vertex 72.75 32.7517 10
      vertex 72.9056 32.6685 0
      vertex 72.75 32.7517 0
    endloop
  endfacet
  facet normal -0.634256 -0.773123 0
    outer loop
      vertex 73.75 34.2483 0
      vertex 73.8864 34.1364 10
      vertex 73.75 34.2483 10
    endloop
  endfacet
  facet normal -0.634256 -0.773123 -0
    outer loop
      vertex 73.8864 34.1364 10
      vertex 73.75 34.2483 0
      vertex 73.8864 34.1364 0
    endloop
  endfacet
  facet normal 0.0980447 -0.995182 0
    outer loop
      vertex 73.0744 34.3827 0
      vertex 73.25 34.4 10
      vertex 73.0744 34.3827 10
    endloop
  endfacet
  facet normal 0.0980447 -0.995182 0
    outer loop
      vertex 73.25 34.4 10
      vertex 73.0744 34.3827 0
      vertex 73.25 34.4 0
    endloop
  endfacet
  facet normal 0.88185 0.471529 0
    outer loop
      vertex 72.5017 33 10
      vertex 72.4185 33.1556 0
      vertex 72.4185 33.1556 10
    endloop
  endfacet
  facet normal 0.88185 0.471529 0
    outer loop
      vertex 72.4185 33.1556 0
      vertex 72.5017 33 10
      vertex 72.5017 33 0
    endloop
  endfacet
  facet normal -0.0980447 0.995182 0
    outer loop
      vertex 73.4256 32.6173 0
      vertex 73.25 32.6 10
      vertex 73.4256 32.6173 10
    endloop
  endfacet
  facet normal -0.0980447 0.995182 0
    outer loop
      vertex 73.25 32.6 10
      vertex 73.4256 32.6173 0
      vertex 73.25 32.6 0
    endloop
  endfacet
  facet normal -0.956948 0.290259 0
    outer loop
      vertex 74.0815 33.1556 0
      vertex 74.1327 33.3244 10
      vertex 74.1327 33.3244 0
    endloop
  endfacet
  facet normal -0.956948 0.290259 0
    outer loop
      vertex 74.1327 33.3244 10
      vertex 74.0815 33.1556 0
      vertex 74.0815 33.1556 10
    endloop
  endfacet
  facet normal -0.773123 0.634256 0
    outer loop
      vertex 73.8864 32.8636 0
      vertex 73.9983 33 10
      vertex 73.9983 33 0
    endloop
  endfacet
  facet normal -0.773123 0.634256 0
    outer loop
      vertex 73.9983 33 10
      vertex 73.8864 32.8636 0
      vertex 73.8864 32.8636 10
    endloop
  endfacet
  facet normal 0.0980447 0.995182 -0
    outer loop
      vertex 73.25 32.6 0
      vertex 73.0744 32.6173 10
      vertex 73.25 32.6 10
    endloop
  endfacet
  facet normal 0.0980447 0.995182 0
    outer loop
      vertex 73.0744 32.6173 10
      vertex 73.25 32.6 0
      vertex 73.0744 32.6173 0
    endloop
  endfacet
  facet normal -0.88185 0.471529 0
    outer loop
      vertex 73.9983 33 0
      vertex 74.0815 33.1556 10
      vertex 74.0815 33.1556 0
    endloop
  endfacet
  facet normal -0.88185 0.471529 0
    outer loop
      vertex 74.0815 33.1556 10
      vertex 73.9983 33 0
      vertex 73.9983 33 10
    endloop
  endfacet
  facet normal -0.471529 0.88185 0
    outer loop
      vertex 73.75 32.7517 0
      vertex 73.5944 32.6685 10
      vertex 73.75 32.7517 10
    endloop
  endfacet
  facet normal -0.471529 0.88185 0
    outer loop
      vertex 73.5944 32.6685 10
      vertex 73.75 32.7517 0
      vertex 73.5944 32.6685 0
    endloop
  endfacet
  facet normal 0.956948 0.290259 0
    outer loop
      vertex 72.4185 33.1556 10
      vertex 72.3673 33.3244 0
      vertex 72.3673 33.3244 10
    endloop
  endfacet
  facet normal 0.956948 0.290259 0
    outer loop
      vertex 72.3673 33.3244 0
      vertex 72.4185 33.1556 10
      vertex 72.4185 33.1556 0
    endloop
  endfacet
  facet normal 0.773123 -0.634256 0
    outer loop
      vertex 72.5017 34 10
      vertex 72.6136 34.1364 0
      vertex 72.6136 34.1364 10
    endloop
  endfacet
  facet normal 0.773123 -0.634256 0
    outer loop
      vertex 72.6136 34.1364 0
      vertex 72.5017 34 10
      vertex 72.5017 34 0
    endloop
  endfacet
  facet normal -0.773123 -0.634256 0
    outer loop
      vertex 73.9983 34 0
      vertex 73.8864 34.1364 10
      vertex 73.8864 34.1364 0
    endloop
  endfacet
  facet normal -0.773123 -0.634256 0
    outer loop
      vertex 73.8864 34.1364 10
      vertex 73.9983 34 0
      vertex 73.9983 34 10
    endloop
  endfacet
  facet normal 0.471529 -0.88185 0
    outer loop
      vertex 72.75 34.2483 0
      vertex 72.9056 34.3315 10
      vertex 72.75 34.2483 10
    endloop
  endfacet
  facet normal 0.471529 -0.88185 0
    outer loop
      vertex 72.9056 34.3315 10
      vertex 72.75 34.2483 0
      vertex 72.9056 34.3315 0
    endloop
  endfacet
  facet normal 0.290259 -0.956948 0
    outer loop
      vertex 72.9056 34.3315 0
      vertex 73.0744 34.3827 10
      vertex 72.9056 34.3315 10
    endloop
  endfacet
  facet normal 0.290259 -0.956948 0
    outer loop
      vertex 73.0744 34.3827 10
      vertex 72.9056 34.3315 0
      vertex 73.0744 34.3827 0
    endloop
  endfacet
  facet normal 0.290259 0.956948 -0
    outer loop
      vertex 73.0744 32.6173 0
      vertex 72.9056 32.6685 10
      vertex 73.0744 32.6173 10
    endloop
  endfacet
  facet normal 0.290259 0.956948 0
    outer loop
      vertex 72.9056 32.6685 10
      vertex 73.0744 32.6173 0
      vertex 72.9056 32.6685 0
    endloop
  endfacet
  facet normal 0.634256 -0.773123 0
    outer loop
      vertex 72.6136 34.1364 0
      vertex 72.75 34.2483 10
      vertex 72.6136 34.1364 10
    endloop
  endfacet
  facet normal 0.634256 -0.773123 0
    outer loop
      vertex 72.75 34.2483 10
      vertex 72.6136 34.1364 0
      vertex 72.75 34.2483 0
    endloop
  endfacet
  facet normal -0.290259 -0.956948 0
    outer loop
      vertex 73.4256 34.3827 0
      vertex 73.5944 34.3315 10
      vertex 73.4256 34.3827 10
    endloop
  endfacet
  facet normal -0.290259 -0.956948 -0
    outer loop
      vertex 73.5944 34.3315 10
      vertex 73.4256 34.3827 0
      vertex 73.5944 34.3315 0
    endloop
  endfacet
  facet normal -0.634256 0.773123 0
    outer loop
      vertex 73.8864 32.8636 0
      vertex 73.75 32.7517 10
      vertex 73.8864 32.8636 10
    endloop
  endfacet
  facet normal -0.634256 0.773123 0
    outer loop
      vertex 73.75 32.7517 10
      vertex 73.8864 32.8636 0
      vertex 73.75 32.7517 0
    endloop
  endfacet
  facet normal 0.995182 -0.0980447 0
    outer loop
      vertex 72.35 33.5 10
      vertex 72.3673 33.6756 0
      vertex 72.3673 33.6756 10
    endloop
  endfacet
  facet normal 0.995182 -0.0980447 0
    outer loop
      vertex 72.3673 33.6756 0
      vertex 72.35 33.5 10
      vertex 72.35 33.5 0
    endloop
  endfacet
  facet normal -0.0980447 -0.995182 0
    outer loop
      vertex 73.25 34.4 0
      vertex 73.4256 34.3827 10
      vertex 73.25 34.4 10
    endloop
  endfacet
  facet normal -0.0980447 -0.995182 -0
    outer loop
      vertex 73.4256 34.3827 10
      vertex 73.25 34.4 0
      vertex 73.4256 34.3827 0
    endloop
  endfacet
  facet normal -0.471529 -0.88185 0
    outer loop
      vertex 73.5944 34.3315 0
      vertex 73.75 34.2483 10
      vertex 73.5944 34.3315 10
    endloop
  endfacet
  facet normal -0.471529 -0.88185 -0
    outer loop
      vertex 73.75 34.2483 10
      vertex 73.5944 34.3315 0
      vertex 73.75 34.2483 0
    endloop
  endfacet
  facet normal 0.773123 0.634256 0
    outer loop
      vertex 72.6136 32.8636 10
      vertex 72.5017 33 0
      vertex 72.5017 33 10
    endloop
  endfacet
  facet normal 0.773123 0.634256 0
    outer loop
      vertex 72.5017 33 0
      vertex 72.6136 32.8636 10
      vertex 72.6136 32.8636 0
    endloop
  endfacet
  facet normal 0.634256 0.773123 -0
    outer loop
      vertex 72.75 32.7517 0
      vertex 72.6136 32.8636 10
      vertex 72.75 32.7517 10
    endloop
  endfacet
  facet normal 0.634256 0.773123 0
    outer loop
      vertex 72.6136 32.8636 10
      vertex 72.75 32.7517 0
      vertex 72.6136 32.8636 0
    endloop
  endfacet
  facet normal 0.956948 -0.290259 0
    outer loop
      vertex 72.3673 33.6756 10
      vertex 72.4185 33.8444 0
      vertex 72.4185 33.8444 10
    endloop
  endfacet
  facet normal 0.956948 -0.290259 0
    outer loop
      vertex 72.4185 33.8444 0
      vertex 72.3673 33.6756 10
      vertex 72.3673 33.6756 0
    endloop
  endfacet
  facet normal 0.88185 -0.471529 0
    outer loop
      vertex 72.4185 33.8444 10
      vertex 72.5017 34 0
      vertex 72.5017 34 10
    endloop
  endfacet
  facet normal 0.88185 -0.471529 0
    outer loop
      vertex 72.5017 34 0
      vertex 72.4185 33.8444 10
      vertex 72.4185 33.8444 0
    endloop
  endfacet
  facet normal 0.995182 0.0980447 0
    outer loop
      vertex 72.3673 33.3244 10
      vertex 72.35 33.5 0
      vertex 72.35 33.5 10
    endloop
  endfacet
  facet normal 0.995182 0.0980447 0
    outer loop
      vertex 72.35 33.5 0
      vertex 72.3673 33.3244 10
      vertex 72.3673 33.3244 0
    endloop
  endfacet
  facet normal -0.290259 0.956948 0
    outer loop
      vertex 93.5944 32.6685 0
      vertex 93.4256 32.6173 10
      vertex 93.5944 32.6685 10
    endloop
  endfacet
  facet normal -0.290259 0.956948 0
    outer loop
      vertex 93.4256 32.6173 10
      vertex 93.5944 32.6685 0
      vertex 93.4256 32.6173 0
    endloop
  endfacet
  facet normal -0.956948 -0.290259 0
    outer loop
      vertex 94.1327 33.6756 0
      vertex 94.0815 33.8444 10
      vertex 94.0815 33.8444 0
    endloop
  endfacet
  facet normal -0.956948 -0.290259 0
    outer loop
      vertex 94.0815 33.8444 10
      vertex 94.1327 33.6756 0
      vertex 94.1327 33.6756 10
    endloop
  endfacet
  facet normal -0.995182 -0.0980447 0
    outer loop
      vertex 94.15 33.5 0
      vertex 94.1327 33.6756 10
      vertex 94.1327 33.6756 0
    endloop
  endfacet
  facet normal -0.995182 -0.0980447 0
    outer loop
      vertex 94.1327 33.6756 10
      vertex 94.15 33.5 0
      vertex 94.15 33.5 10
    endloop
  endfacet
  facet normal -0.88185 -0.471529 0
    outer loop
      vertex 94.0815 33.8444 0
      vertex 93.9983 34 10
      vertex 93.9983 34 0
    endloop
  endfacet
  facet normal -0.88185 -0.471529 0
    outer loop
      vertex 93.9983 34 10
      vertex 94.0815 33.8444 0
      vertex 94.0815 33.8444 10
    endloop
  endfacet
  facet normal -0.995182 0.0980447 0
    outer loop
      vertex 94.1327 33.3244 0
      vertex 94.15 33.5 10
      vertex 94.15 33.5 0
    endloop
  endfacet
  facet normal -0.995182 0.0980447 0
    outer loop
      vertex 94.15 33.5 10
      vertex 94.1327 33.3244 0
      vertex 94.1327 33.3244 10
    endloop
  endfacet
  facet normal 0.471529 0.88185 -0
    outer loop
      vertex 92.9056 32.6685 0
      vertex 92.75 32.7517 10
      vertex 92.9056 32.6685 10
    endloop
  endfacet
  facet normal 0.471529 0.88185 0
    outer loop
      vertex 92.75 32.7517 10
      vertex 92.9056 32.6685 0
      vertex 92.75 32.7517 0
    endloop
  endfacet
  facet normal -0.634256 -0.773123 0
    outer loop
      vertex 93.75 34.2483 0
      vertex 93.8864 34.1364 10
      vertex 93.75 34.2483 10
    endloop
  endfacet
  facet normal -0.634256 -0.773123 -0
    outer loop
      vertex 93.8864 34.1364 10
      vertex 93.75 34.2483 0
      vertex 93.8864 34.1364 0
    endloop
  endfacet
  facet normal 0.0980447 -0.995182 0
    outer loop
      vertex 93.0744 34.3827 0
      vertex 93.25 34.4 10
      vertex 93.0744 34.3827 10
    endloop
  endfacet
  facet normal 0.0980447 -0.995182 0
    outer loop
      vertex 93.25 34.4 10
      vertex 93.0744 34.3827 0
      vertex 93.25 34.4 0
    endloop
  endfacet
  facet normal 0.88185 0.471529 0
    outer loop
      vertex 92.5017 33 10
      vertex 92.4185 33.1556 0
      vertex 92.4185 33.1556 10
    endloop
  endfacet
  facet normal 0.88185 0.471529 0
    outer loop
      vertex 92.4185 33.1556 0
      vertex 92.5017 33 10
      vertex 92.5017 33 0
    endloop
  endfacet
  facet normal -0.0980447 0.995182 0
    outer loop
      vertex 93.4256 32.6173 0
      vertex 93.25 32.6 10
      vertex 93.4256 32.6173 10
    endloop
  endfacet
  facet normal -0.0980447 0.995182 0
    outer loop
      vertex 93.25 32.6 10
      vertex 93.4256 32.6173 0
      vertex 93.25 32.6 0
    endloop
  endfacet
  facet normal -0.956948 0.290259 0
    outer loop
      vertex 94.0815 33.1556 0
      vertex 94.1327 33.3244 10
      vertex 94.1327 33.3244 0
    endloop
  endfacet
  facet normal -0.956948 0.290259 0
    outer loop
      vertex 94.1327 33.3244 10
      vertex 94.0815 33.1556 0
      vertex 94.0815 33.1556 10
    endloop
  endfacet
  facet normal -0.773123 0.634256 0
    outer loop
      vertex 93.8864 32.8636 0
      vertex 93.9983 33 10
      vertex 93.9983 33 0
    endloop
  endfacet
  facet normal -0.773123 0.634256 0
    outer loop
      vertex 93.9983 33 10
      vertex 93.8864 32.8636 0
      vertex 93.8864 32.8636 10
    endloop
  endfacet
  facet normal 0.634256 -0.773123 0
    outer loop
      vertex 92.6136 34.1364 0
      vertex 92.75 34.2483 10
      vertex 92.6136 34.1364 10
    endloop
  endfacet
  facet normal 0.634256 -0.773123 0
    outer loop
      vertex 92.75 34.2483 10
      vertex 92.6136 34.1364 0
      vertex 92.75 34.2483 0
    endloop
  endfacet
  facet normal -0.88185 0.471529 0
    outer loop
      vertex 93.9983 33 0
      vertex 94.0815 33.1556 10
      vertex 94.0815 33.1556 0
    endloop
  endfacet
  facet normal -0.88185 0.471529 0
    outer loop
      vertex 94.0815 33.1556 10
      vertex 93.9983 33 0
      vertex 93.9983 33 10
    endloop
  endfacet
  facet normal -0.471529 0.88185 0
    outer loop
      vertex 93.75 32.7517 0
      vertex 93.5944 32.6685 10
      vertex 93.75 32.7517 10
    endloop
  endfacet
  facet normal -0.471529 0.88185 0
    outer loop
      vertex 93.5944 32.6685 10
      vertex 93.75 32.7517 0
      vertex 93.5944 32.6685 0
    endloop
  endfacet
  facet normal 0.956948 0.290259 0
    outer loop
      vertex 92.4185 33.1556 10
      vertex 92.3673 33.3244 0
      vertex 92.3673 33.3244 10
    endloop
  endfacet
  facet normal 0.956948 0.290259 0
    outer loop
      vertex 92.3673 33.3244 0
      vertex 92.4185 33.1556 10
      vertex 92.4185 33.1556 0
    endloop
  endfacet
  facet normal 0.773123 -0.634256 0
    outer loop
      vertex 92.5017 34 10
      vertex 92.6136 34.1364 0
      vertex 92.6136 34.1364 10
    endloop
  endfacet
  facet normal 0.773123 -0.634256 0
    outer loop
      vertex 92.6136 34.1364 0
      vertex 92.5017 34 10
      vertex 92.5017 34 0
    endloop
  endfacet
  facet normal -0.773123 -0.634256 0
    outer loop
      vertex 93.9983 34 0
      vertex 93.8864 34.1364 10
      vertex 93.8864 34.1364 0
    endloop
  endfacet
  facet normal -0.773123 -0.634256 0
    outer loop
      vertex 93.8864 34.1364 10
      vertex 93.9983 34 0
      vertex 93.9983 34 10
    endloop
  endfacet
  facet normal 0.471529 -0.88185 0
    outer loop
      vertex 92.75 34.2483 0
      vertex 92.9056 34.3315 10
      vertex 92.75 34.2483 10
    endloop
  endfacet
  facet normal 0.471529 -0.88185 0
    outer loop
      vertex 92.9056 34.3315 10
      vertex 92.75 34.2483 0
      vertex 92.9056 34.3315 0
    endloop
  endfacet
  facet normal 0.290259 -0.956948 0
    outer loop
      vertex 92.9056 34.3315 0
      vertex 93.0744 34.3827 10
      vertex 92.9056 34.3315 10
    endloop
  endfacet
  facet normal 0.290259 -0.956948 0
    outer loop
      vertex 93.0744 34.3827 10
      vertex 92.9056 34.3315 0
      vertex 93.0744 34.3827 0
    endloop
  endfacet
  facet normal 0.290259 0.956948 -0
    outer loop
      vertex 93.0744 32.6173 0
      vertex 92.9056 32.6685 10
      vertex 93.0744 32.6173 10
    endloop
  endfacet
  facet normal 0.290259 0.956948 0
    outer loop
      vertex 92.9056 32.6685 10
      vertex 93.0744 32.6173 0
      vertex 92.9056 32.6685 0
    endloop
  endfacet
  facet normal -0.290259 -0.956948 0
    outer loop
      vertex 93.4256 34.3827 0
      vertex 93.5944 34.3315 10
      vertex 93.4256 34.3827 10
    endloop
  endfacet
  facet normal -0.290259 -0.956948 -0
    outer loop
      vertex 93.5944 34.3315 10
      vertex 93.4256 34.3827 0
      vertex 93.5944 34.3315 0
    endloop
  endfacet
  facet normal -0.634256 0.773123 0
    outer loop
      vertex 93.8864 32.8636 0
      vertex 93.75 32.7517 10
      vertex 93.8864 32.8636 10
    endloop
  endfacet
  facet normal -0.634256 0.773123 0
    outer loop
      vertex 93.75 32.7517 10
      vertex 93.8864 32.8636 0
      vertex 93.75 32.7517 0
    endloop
  endfacet
  facet normal 0.995182 -0.0980447 0
    outer loop
      vertex 92.35 33.5 10
      vertex 92.3673 33.6756 0
      vertex 92.3673 33.6756 10
    endloop
  endfacet
  facet normal 0.995182 -0.0980447 0
    outer loop
      vertex 92.3673 33.6756 0
      vertex 92.35 33.5 10
      vertex 92.35 33.5 0
    endloop
  endfacet
  facet normal -0.0980447 -0.995182 0
    outer loop
      vertex 93.25 34.4 0
      vertex 93.4256 34.3827 10
      vertex 93.25 34.4 10
    endloop
  endfacet
  facet normal -0.0980447 -0.995182 -0
    outer loop
      vertex 93.4256 34.3827 10
      vertex 93.25 34.4 0
      vertex 93.4256 34.3827 0
    endloop
  endfacet
  facet normal -0.471529 -0.88185 0
    outer loop
      vertex 93.5944 34.3315 0
      vertex 93.75 34.2483 10
      vertex 93.5944 34.3315 10
    endloop
  endfacet
  facet normal -0.471529 -0.88185 -0
    outer loop
      vertex 93.75 34.2483 10
      vertex 93.5944 34.3315 0
      vertex 93.75 34.2483 0
    endloop
  endfacet
  facet normal 0.773123 0.634256 0
    outer loop
      vertex 92.6136 32.8636 10
      vertex 92.5017 33 0
      vertex 92.5017 33 10
    endloop
  endfacet
  facet normal 0.773123 0.634256 0
    outer loop
      vertex 92.5017 33 0
      vertex 92.6136 32.8636 10
      vertex 92.6136 32.8636 0
    endloop
  endfacet
  facet normal 0.0980447 0.995182 -0
    outer loop
      vertex 93.25 32.6 0
      vertex 93.0744 32.6173 10
      vertex 93.25 32.6 10
    endloop
  endfacet
  facet normal 0.0980447 0.995182 0
    outer loop
      vertex 93.0744 32.6173 10
      vertex 93.25 32.6 0
      vertex 93.0744 32.6173 0
    endloop
  endfacet
  facet normal 0.634256 0.773123 -0
    outer loop
      vertex 92.75 32.7517 0
      vertex 92.6136 32.8636 10
      vertex 92.75 32.7517 10
    endloop
  endfacet
  facet normal 0.634256 0.773123 0
    outer loop
      vertex 92.6136 32.8636 10
      vertex 92.75 32.7517 0
      vertex 92.6136 32.8636 0
    endloop
  endfacet
  facet normal 0.956948 -0.290259 0
    outer loop
      vertex 92.3673 33.6756 10
      vertex 92.4185 33.8444 0
      vertex 92.4185 33.8444 10
    endloop
  endfacet
  facet normal 0.956948 -0.290259 0
    outer loop
      vertex 92.4185 33.8444 0
      vertex 92.3673 33.6756 10
      vertex 92.3673 33.6756 0
    endloop
  endfacet
  facet normal 0.88185 -0.471529 0
    outer loop
      vertex 92.4185 33.8444 10
      vertex 92.5017 34 0
      vertex 92.5017 34 10
    endloop
  endfacet
  facet normal 0.88185 -0.471529 0
    outer loop
      vertex 92.5017 34 0
      vertex 92.4185 33.8444 10
      vertex 92.4185 33.8444 0
    endloop
  endfacet
  facet normal 0.995182 0.0980447 0
    outer loop
      vertex 92.3673 33.3244 10
      vertex 92.35 33.5 0
      vertex 92.35 33.5 10
    endloop
  endfacet
  facet normal 0.995182 0.0980447 0
    outer loop
      vertex 92.35 33.5 0
      vertex 92.3673 33.3244 10
      vertex 92.3673 33.3244 0
    endloop
  endfacet
  facet normal 1 -0 0
    outer loop
      vertex 97.5 29 10
      vertex 97.5 38 0
      vertex 97.5 38 10
    endloop
  endfacet
  facet normal 1 0 0
    outer loop
      vertex 97.5 38 0
      vertex 97.5 29 10
      vertex 97.5 29 0
    endloop
  endfacet
  facet normal 0 0 1
    outer loop
      vertex 97.5 38 10
      vertex 94.15 33.5 10
      vertex 97.5 29 10
    endloop
  endfacet
  facet normal 0 0 1
    outer loop
      vertex 97.5 38 10
      vertex 94.1327 33.6756 10
      vertex 94.15 33.5 10
    endloop
  endfacet
  facet normal 0 0 1
    outer loop
      vertex 97.5 38 10
      vertex 94.0815 33.8444 10
      vertex 94.1327 33.6756 10
    endloop
  endfacet
  facet normal 0 0 1
    outer loop
      vertex 97.5 38 10
      vertex 93.9983 34 10
      vertex 94.0815 33.8444 10
    endloop
  endfacet
  facet normal 0 0 1
    outer loop
      vertex 97.5 38 10
      vertex 93.8864 34.1364 10
      vertex 93.9983 34 10
    endloop
  endfacet
  facet normal 0 0 1
    outer loop
      vertex 97.5 38 10
      vertex 93.75 34.2483 10
      vertex 93.8864 34.1364 10
    endloop
  endfacet
  facet normal 0 0 1
    outer loop
      vertex 97.5 38 10
      vertex 93.5944 34.3315 10
      vertex 93.75 34.2483 10
    endloop
  endfacet
  facet normal 0 0 1
    outer loop
      vertex 97.5 38 10
      vertex 93.4256 34.3827 10
      vertex 93.5944 34.3315 10
    endloop
  endfacet
  facet normal 0 0 1
    outer loop
      vertex 97.5 38 10
      vertex 93.25 34.4 10
      vertex 93.4256 34.3827 10
    endloop
  endfacet
  facet normal 0 0 1
    outer loop
      vertex 97.5 38 10
      vertex 93.0744 34.3827 10
      vertex 93.25 34.4 10
    endloop
  endfacet
  facet normal 0 0 1
    outer loop
      vertex 97.5 38 10
      vertex 92.9056 34.3315 10
      vertex 93.0744 34.3827 10
    endloop
  endfacet
  facet normal 0 0 1
    outer loop
      vertex 97.5 38 10
      vertex 92.75 34.2483 10
      vertex 92.9056 34.3315 10
    endloop
  endfacet
  facet normal 0 0 1
    outer loop
      vertex 92.3673 33.6756 10
      vertex 74.15 33.5 10
      vertex 92.35 33.5 10
    endloop
  endfacet
  facet normal 0 0 1
    outer loop
      vertex 74.1327 33.6756 10
      vertex 92.3673 33.6756 10
      vertex 92.4185 33.8444 10
    endloop
  endfacet
  facet normal 0 0 1
    outer loop
      vertex 74.0815 33.8444 10
      vertex 92.4185 33.8444 10
      vertex 92.5017 34 10
    endloop
  endfacet
  facet normal 0 0 1
    outer loop
      vertex 73.9983 34 10
      vertex 92.5017 34 10
      vertex 92.6136 34.1364 10
    endloop
  endfacet
  facet normal 0 0 1
    outer loop
      vertex 73.8864 34.1364 10
      vertex 92.6136 34.1364 10
      vertex 92.75 34.2483 10
    endloop
  endfacet
  facet normal 0 0 1
    outer loop
      vertex 73.75 34.2483 10
      vertex 92.75 34.2483 10
      vertex 97.5 38 10
    endloop
  endfacet
  facet normal 0 0 1
    outer loop
      vertex 92.3673 33.6756 10
      vertex 74.1327 33.6756 10
      vertex 74.15 33.5 10
    endloop
  endfacet
  facet normal 0 0 1
    outer loop
      vertex 92.4185 33.8444 10
      vertex 74.0815 33.8444 10
      vertex 74.1327 33.6756 10
    endloop
  endfacet
  facet normal 0 0 1
    outer loop
      vertex 92.5017 34 10
      vertex 73.9983 34 10
      vertex 74.0815 33.8444 10
    endloop
  endfacet
  facet normal 0 0 1
    outer loop
      vertex 92.6136 34.1364 10
      vertex 73.8864 34.1364 10
      vertex 73.9983 34 10
    endloop
  endfacet
  facet normal 0 0 1
    outer loop
      vertex 92.75 34.2483 10
      vertex 73.75 34.2483 10
      vertex 73.8864 34.1364 10
    endloop
  endfacet
  facet normal -0 0 1
    outer loop
      vertex 69 38 10
      vertex 73.75 34.2483 10
      vertex 97.5 38 10
    endloop
  endfacet
  facet normal 0 0 1
    outer loop
      vertex 73.75 34.2483 10
      vertex 69 38 10
      vertex 73.5944 34.3315 10
    endloop
  endfacet
  facet normal 0 0 1
    outer loop
      vertex 73.5944 34.3315 10
      vertex 69 38 10
      vertex 73.4256 34.3827 10
    endloop
  endfacet
  facet normal 0 0 1
    outer loop
      vertex 73.4256 34.3827 10
      vertex 69 38 10
      vertex 73.25 34.4 10
    endloop
  endfacet
  facet normal 0 0 1
    outer loop
      vertex 72.3673 33.6756 10
      vertex 69 38 10
      vertex 72.35 33.5 10
    endloop
  endfacet
  facet normal 0 0 1
    outer loop
      vertex 72.4185 33.8444 10
      vertex 69 38 10
      vertex 72.3673 33.6756 10
    endloop
  endfacet
  facet normal 0 0 1
    outer loop
      vertex 72.5017 34 10
      vertex 69 38 10
      vertex 72.4185 33.8444 10
    endloop
  endfacet
  facet normal 0 0 1
    outer loop
      vertex 72.6136 34.1364 10
      vertex 69 38 10
      vertex 72.5017 34 10
    endloop
  endfacet
  facet normal 0 0 1
    outer loop
      vertex 72.75 34.2483 10
      vertex 69 38 10
      vertex 72.6136 34.1364 10
    endloop
  endfacet
  facet normal 0 0 1
    outer loop
      vertex 72.9056 34.3315 10
      vertex 69 38 10
      vertex 72.75 34.2483 10
    endloop
  endfacet
  facet normal 0 0 1
    outer loop
      vertex 73.0744 34.3827 10
      vertex 69 38 10
      vertex 72.9056 34.3315 10
    endloop
  endfacet
  facet normal 0 0 1
    outer loop
      vertex 73.25 34.4 10
      vertex 69 38 10
      vertex 73.0744 34.3827 10
    endloop
  endfacet
  facet normal -0 0 1
    outer loop
      vertex 94.1327 33.3244 10
      vertex 97.5 29 10
      vertex 94.15 33.5 10
    endloop
  endfacet
  facet normal -0 0 1
    outer loop
      vertex 94.0815 33.1556 10
      vertex 97.5 29 10
      vertex 94.1327 33.3244 10
    endloop
  endfacet
  facet normal -0 0 1
    outer loop
      vertex 93.9983 33 10
      vertex 97.5 29 10
      vertex 94.0815 33.1556 10
    endloop
  endfacet
  facet normal -0 0 1
    outer loop
      vertex 93.8864 32.8636 10
      vertex 97.5 29 10
      vertex 93.9983 33 10
    endloop
  endfacet
  facet normal -0 0 1
    outer loop
      vertex 93.75 32.7517 10
      vertex 97.5 29 10
      vertex 93.8864 32.8636 10
    endloop
  endfacet
  facet normal -0 0 1
    outer loop
      vertex 93.5944 32.6685 10
      vertex 97.5 29 10
      vertex 93.75 32.7517 10
    endloop
  endfacet
  facet normal -0 0 1
    outer loop
      vertex 93.4256 32.6173 10
      vertex 97.5 29 10
      vertex 93.5944 32.6685 10
    endloop
  endfacet
  facet normal -0 0 1
    outer loop
      vertex 93.25 32.6 10
      vertex 97.5 29 10
      vertex 93.4256 32.6173 10
    endloop
  endfacet
  facet normal 0 0 1
    outer loop
      vertex 93.0744 32.6173 10
      vertex 97.5 29 10
      vertex 93.25 32.6 10
    endloop
  endfacet
  facet normal 0 0 1
    outer loop
      vertex 92.9056 32.6685 10
      vertex 97.5 29 10
      vertex 93.0744 32.6173 10
    endloop
  endfacet
  facet normal 0 0 1
    outer loop
      vertex 92.75 32.7517 10
      vertex 97.5 29 10
      vertex 92.9056 32.6685 10
    endloop
  endfacet
  facet normal -0 0 1
    outer loop
      vertex 74.15 33.5 10
      vertex 92.3673 33.3244 10
      vertex 92.35 33.5 10
    endloop
  endfacet
  facet normal 0 0 1
    outer loop
      vertex 74.1327 33.3244 10
      vertex 92.3673 33.3244 10
      vertex 74.15 33.5 10
    endloop
  endfacet
  facet normal 0 0 1
    outer loop
      vertex 92.3673 33.3244 10
      vertex 74.1327 33.3244 10
      vertex 92.4185 33.1556 10
    endloop
  endfacet
  facet normal 0 0 1
    outer loop
      vertex 74.0815 33.1556 10
      vertex 92.4185 33.1556 10
      vertex 74.1327 33.3244 10
    endloop
  endfacet
  facet normal 0 0 1
    outer loop
      vertex 92.4185 33.1556 10
      vertex 74.0815 33.1556 10
      vertex 92.5017 33 10
    endloop
  endfacet
  facet normal 0 0 1
    outer loop
      vertex 73.9983 33 10
      vertex 92.5017 33 10
      vertex 74.0815 33.1556 10
    endloop
  endfacet
  facet normal 0 0 1
    outer loop
      vertex 92.5017 33 10
      vertex 73.9983 33 10
      vertex 92.6136 32.8636 10
    endloop
  endfacet
  facet normal 0 0 1
    outer loop
      vertex 73.8864 32.8636 10
      vertex 92.6136 32.8636 10
      vertex 73.9983 33 10
    endloop
  endfacet
  facet normal 0 0 1
    outer loop
      vertex 92.6136 32.8636 10
      vertex 73.8864 32.8636 10
      vertex 92.75 32.7517 10
    endloop
  endfacet
  facet normal 0 0 1
    outer loop
      vertex 73.75 32.7517 10
      vertex 92.75 32.7517 10
      vertex 73.8864 32.8636 10
    endloop
  endfacet
  facet normal 0 0 1
    outer loop
      vertex 92.75 32.7517 10
      vertex 73.75 32.7517 10
      vertex 97.5 29 10
    endloop
  endfacet
  facet normal 0 0 1
    outer loop
      vertex 69 29 10
      vertex 73.75 32.7517 10
      vertex 73.5944 32.6685 10
    endloop
  endfacet
  facet normal 0 0 1
    outer loop
      vertex 69 29 10
      vertex 73.5944 32.6685 10
      vertex 73.4256 32.6173 10
    endloop
  endfacet
  facet normal 0 0 1
    outer loop
      vertex 69 29 10
      vertex 73.4256 32.6173 10
      vertex 73.25 32.6 10
    endloop
  endfacet
  facet normal 0 0 1
    outer loop
      vertex 69 29 10
      vertex 73.25 32.6 10
      vertex 73.0744 32.6173 10
    endloop
  endfacet
  facet normal 0 0 1
    outer loop
      vertex 69 29 10
      vertex 72.35 33.5 10
      vertex 69 38 10
    endloop
  endfacet
  facet normal 0 0 1
    outer loop
      vertex 72.35 33.5 10
      vertex 69 29 10
      vertex 72.3673 33.3244 10
    endloop
  endfacet
  facet normal 0 0 1
    outer loop
      vertex 72.3673 33.3244 10
      vertex 69 29 10
      vertex 72.4185 33.1556 10
    endloop
  endfacet
  facet normal 0 0 1
    outer loop
      vertex 73.75 32.7517 10
      vertex 69 29 10
      vertex 97.5 29 10
    endloop
  endfacet
  facet normal 0 0 1
    outer loop
      vertex 72.9056 32.6685 10
      vertex 69 29 10
      vertex 73.0744 32.6173 10
    endloop
  endfacet
  facet normal 0 0 1
    outer loop
      vertex 72.75 32.7517 10
      vertex 69 29 10
      vertex 72.9056 32.6685 10
    endloop
  endfacet
  facet normal 0 0 1
    outer loop
      vertex 72.6136 32.8636 10
      vertex 69 29 10
      vertex 72.75 32.7517 10
    endloop
  endfacet
  facet normal 0 0 1
    outer loop
      vertex 72.5017 33 10
      vertex 69 29 10
      vertex 72.6136 32.8636 10
    endloop
  endfacet
  facet normal 0 0 1
    outer loop
      vertex 72.4185 33.1556 10
      vertex 69 29 10
      vertex 72.5017 33 10
    endloop
  endfacet
  facet normal 0 0 -1
    outer loop
      vertex 97.5 29 0
      vertex 94.15 33.5 0
      vertex 97.5 38 0
    endloop
  endfacet
  facet normal 0 0 -1
    outer loop
      vertex 97.5 29 0
      vertex 94.1327 33.3244 0
      vertex 94.15 33.5 0
    endloop
  endfacet
  facet normal 0 0 -1
    outer loop
      vertex 97.5 29 0
      vertex 94.0815 33.1556 0
      vertex 94.1327 33.3244 0
    endloop
  endfacet
  facet normal 0 0 -1
    outer loop
      vertex 97.5 29 0
      vertex 93.9983 33 0
      vertex 94.0815 33.1556 0
    endloop
  endfacet
  facet normal 0 0 -1
    outer loop
      vertex 97.5 29 0
      vertex 93.8864 32.8636 0
      vertex 93.9983 33 0
    endloop
  endfacet
  facet normal 0 0 -1
    outer loop
      vertex 97.5 29 0
      vertex 93.75 32.7517 0
      vertex 93.8864 32.8636 0
    endloop
  endfacet
  facet normal 0 0 -1
    outer loop
      vertex 97.5 29 0
      vertex 93.5944 32.6685 0
      vertex 93.75 32.7517 0
    endloop
  endfacet
  facet normal 0 0 -1
    outer loop
      vertex 97.5 29 0
      vertex 93.4256 32.6173 0
      vertex 93.5944 32.6685 0
    endloop
  endfacet
  facet normal 0 0 -1
    outer loop
      vertex 97.5 29 0
      vertex 93.25 32.6 0
      vertex 93.4256 32.6173 0
    endloop
  endfacet
  facet normal 0 0 -1
    outer loop
      vertex 97.5 29 0
      vertex 93.0744 32.6173 0
      vertex 93.25 32.6 0
    endloop
  endfacet
  facet normal 0 0 -1
    outer loop
      vertex 97.5 29 0
      vertex 92.9056 32.6685 0
      vertex 93.0744 32.6173 0
    endloop
  endfacet
  facet normal 0 0 -1
    outer loop
      vertex 97.5 29 0
      vertex 92.75 32.7517 0
      vertex 92.9056 32.6685 0
    endloop
  endfacet
  facet normal 0 0 -1
    outer loop
      vertex 92.3673 33.3244 0
      vertex 74.15 33.5 0
      vertex 92.35 33.5 0
    endloop
  endfacet
  facet normal 0 0 -1
    outer loop
      vertex 74.1327 33.3244 0
      vertex 92.3673 33.3244 0
      vertex 92.4185 33.1556 0
    endloop
  endfacet
  facet normal 0 0 -1
    outer loop
      vertex 74.0815 33.1556 0
      vertex 92.4185 33.1556 0
      vertex 92.5017 33 0
    endloop
  endfacet
  facet normal 0 0 -1
    outer loop
      vertex 73.9983 33 0
      vertex 92.5017 33 0
      vertex 92.6136 32.8636 0
    endloop
  endfacet
  facet normal 0 0 -1
    outer loop
      vertex 73.8864 32.8636 0
      vertex 92.6136 32.8636 0
      vertex 92.75 32.7517 0
    endloop
  endfacet
  facet normal 0 0 -1
    outer loop
      vertex 73.75 32.7517 0
      vertex 92.75 32.7517 0
      vertex 97.5 29 0
    endloop
  endfacet
  facet normal 0 0 -1
    outer loop
      vertex 92.3673 33.3244 0
      vertex 74.1327 33.3244 0
      vertex 74.15 33.5 0
    endloop
  endfacet
  facet normal 0 0 -1
    outer loop
      vertex 92.4185 33.1556 0
      vertex 74.0815 33.1556 0
      vertex 74.1327 33.3244 0
    endloop
  endfacet
  facet normal 0 0 -1
    outer loop
      vertex 92.5017 33 0
      vertex 73.9983 33 0
      vertex 74.0815 33.1556 0
    endloop
  endfacet
  facet normal 0 0 -1
    outer loop
      vertex 92.6136 32.8636 0
      vertex 73.8864 32.8636 0
      vertex 73.9983 33 0
    endloop
  endfacet
  facet normal 0 0 -1
    outer loop
      vertex 92.75 32.7517 0
      vertex 73.75 32.7517 0
      vertex 73.8864 32.8636 0
    endloop
  endfacet
  facet normal 0 0 -1
    outer loop
      vertex 69 29 0
      vertex 73.75 32.7517 0
      vertex 97.5 29 0
    endloop
  endfacet
  facet normal 0 0 -1
    outer loop
      vertex 73.75 32.7517 0
      vertex 69 29 0
      vertex 73.5944 32.6685 0
    endloop
  endfacet
  facet normal 0 0 -1
    outer loop
      vertex 73.5944 32.6685 0
      vertex 69 29 0
      vertex 73.4256 32.6173 0
    endloop
  endfacet
  facet normal 0 0 -1
    outer loop
      vertex 73.4256 32.6173 0
      vertex 69 29 0
      vertex 73.25 32.6 0
    endloop
  endfacet
  facet normal -0 0 -1
    outer loop
      vertex 72.3673 33.3244 0
      vertex 69 29 0
      vertex 72.35 33.5 0
    endloop
  endfacet
  facet normal -0 0 -1
    outer loop
      vertex 72.4185 33.1556 0
      vertex 69 29 0
      vertex 72.3673 33.3244 0
    endloop
  endfacet
  facet normal -0 0 -1
    outer loop
      vertex 72.5017 33 0
      vertex 69 29 0
      vertex 72.4185 33.1556 0
    endloop
  endfacet
  facet normal -0 0 -1
    outer loop
      vertex 72.6136 32.8636 0
      vertex 69 29 0
      vertex 72.5017 33 0
    endloop
  endfacet
  facet normal -0 0 -1
    outer loop
      vertex 72.75 32.7517 0
      vertex 69 29 0
      vertex 72.6136 32.8636 0
    endloop
  endfacet
  facet normal -0 0 -1
    outer loop
      vertex 72.9056 32.6685 0
      vertex 69 29 0
      vertex 72.75 32.7517 0
    endloop
  endfacet
  facet normal -0 0 -1
    outer loop
      vertex 73.0744 32.6173 0
      vertex 69 29 0
      vertex 72.9056 32.6685 0
    endloop
  endfacet
  facet normal -0 0 -1
    outer loop
      vertex 73.25 32.6 0
      vertex 69 29 0
      vertex 73.0744 32.6173 0
    endloop
  endfacet
  facet normal 0 0 -1
    outer loop
      vertex 94.1327 33.6756 0
      vertex 97.5 38 0
      vertex 94.15 33.5 0
    endloop
  endfacet
  facet normal 0 0 -1
    outer loop
      vertex 94.0815 33.8444 0
      vertex 97.5 38 0
      vertex 94.1327 33.6756 0
    endloop
  endfacet
  facet normal 0 0 -1
    outer loop
      vertex 93.9983 34 0
      vertex 97.5 38 0
      vertex 94.0815 33.8444 0
    endloop
  endfacet
  facet normal 0 0 -1
    outer loop
      vertex 93.8864 34.1364 0
      vertex 97.5 38 0
      vertex 93.9983 34 0
    endloop
  endfacet
  facet normal 0 0 -1
    outer loop
      vertex 93.75 34.2483 0
      vertex 97.5 38 0
      vertex 93.8864 34.1364 0
    endloop
  endfacet
  facet normal 0 0 -1
    outer loop
      vertex 93.5944 34.3315 0
      vertex 97.5 38 0
      vertex 93.75 34.2483 0
    endloop
  endfacet
  facet normal 0 0 -1
    outer loop
      vertex 93.4256 34.3827 0
      vertex 97.5 38 0
      vertex 93.5944 34.3315 0
    endloop
  endfacet
  facet normal 0 0 -1
    outer loop
      vertex 93.25 34.4 0
      vertex 97.5 38 0
      vertex 93.4256 34.3827 0
    endloop
  endfacet
  facet normal 0 0 -1
    outer loop
      vertex 93.0744 34.3827 0
      vertex 97.5 38 0
      vertex 93.25 34.4 0
    endloop
  endfacet
  facet normal 0 0 -1
    outer loop
      vertex 92.9056 34.3315 0
      vertex 97.5 38 0
      vertex 93.0744 34.3827 0
    endloop
  endfacet
  facet normal 0 0 -1
    outer loop
      vertex 92.75 34.2483 0
      vertex 97.5 38 0
      vertex 92.9056 34.3315 0
    endloop
  endfacet
  facet normal 0 0 -1
    outer loop
      vertex 74.15 33.5 0
      vertex 92.3673 33.6756 0
      vertex 92.35 33.5 0
    endloop
  endfacet
  facet normal 0 0 -1
    outer loop
      vertex 74.1327 33.6756 0
      vertex 92.3673 33.6756 0
      vertex 74.15 33.5 0
    endloop
  endfacet
  facet normal 0 0 -1
    outer loop
      vertex 92.3673 33.6756 0
      vertex 74.1327 33.6756 0
      vertex 92.4185 33.8444 0
    endloop
  endfacet
  facet normal 0 0 -1
    outer loop
      vertex 74.0815 33.8444 0
      vertex 92.4185 33.8444 0
      vertex 74.1327 33.6756 0
    endloop
  endfacet
  facet normal 0 0 -1
    outer loop
      vertex 92.4185 33.8444 0
      vertex 74.0815 33.8444 0
      vertex 92.5017 34 0
    endloop
  endfacet
  facet normal 0 0 -1
    outer loop
      vertex 73.9983 34 0
      vertex 92.5017 34 0
      vertex 74.0815 33.8444 0
    endloop
  endfacet
  facet normal 0 0 -1
    outer loop
      vertex 92.5017 34 0
      vertex 73.9983 34 0
      vertex 92.6136 34.1364 0
    endloop
  endfacet
  facet normal 0 0 -1
    outer loop
      vertex 73.8864 34.1364 0
      vertex 92.6136 34.1364 0
      vertex 73.9983 34 0
    endloop
  endfacet
  facet normal 0 0 -1
    outer loop
      vertex 92.6136 34.1364 0
      vertex 73.8864 34.1364 0
      vertex 92.75 34.2483 0
    endloop
  endfacet
  facet normal 0 0 -1
    outer loop
      vertex 73.75 34.2483 0
      vertex 92.75 34.2483 0
      vertex 73.8864 34.1364 0
    endloop
  endfacet
  facet normal 0 0 -1
    outer loop
      vertex 92.75 34.2483 0
      vertex 73.75 34.2483 0
      vertex 97.5 38 0
    endloop
  endfacet
  facet normal 0 0 -1
    outer loop
      vertex 69 38 0
      vertex 73.75 34.2483 0
      vertex 73.5944 34.3315 0
    endloop
  endfacet
  facet normal 0 0 -1
    outer loop
      vertex 69 38 0
      vertex 73.5944 34.3315 0
      vertex 73.4256 34.3827 0
    endloop
  endfacet
  facet normal 0 0 -1
    outer loop
      vertex 69 38 0
      vertex 73.4256 34.3827 0
      vertex 73.25 34.4 0
    endloop
  endfacet
  facet normal 0 0 -1
    outer loop
      vertex 69 38 0
      vertex 73.25 34.4 0
      vertex 73.0744 34.3827 0
    endloop
  endfacet
  facet normal 0 0 -1
    outer loop
      vertex 69 38 0
      vertex 72.35 33.5 0
      vertex 69 29 0
    endloop
  endfacet
  facet normal 0 0 -1
    outer loop
      vertex 72.35 33.5 0
      vertex 69 38 0
      vertex 72.3673 33.6756 0
    endloop
  endfacet
  facet normal 0 0 -1
    outer loop
      vertex 72.3673 33.6756 0
      vertex 69 38 0
      vertex 72.4185 33.8444 0
    endloop
  endfacet
  facet normal 0 0 -1
    outer loop
      vertex 73.75 34.2483 0
      vertex 69 38 0
      vertex 97.5 38 0
    endloop
  endfacet
  facet normal 0 0 -1
    outer loop
      vertex 72.9056 34.3315 0
      vertex 69 38 0
      vertex 73.0744 34.3827 0
    endloop
  endfacet
  facet normal 0 0 -1
    outer loop
      vertex 72.75 34.2483 0
      vertex 69 38 0
      vertex 72.9056 34.3315 0
    endloop
  endfacet
  facet normal 0 0 -1
    outer loop
      vertex 72.6136 34.1364 0
      vertex 69 38 0
      vertex 72.75 34.2483 0
    endloop
  endfacet
  facet normal 0 0 -1
    outer loop
      vertex 72.5017 34 0
      vertex 69 38 0
      vertex 72.6136 34.1364 0
    endloop
  endfacet
  facet normal 0 0 -1
    outer loop
      vertex 72.4185 33.8444 0
      vertex 69 38 0
      vertex 72.5017 34 0
    endloop
  endfacet
  facet normal -1 0 0
    outer loop
      vertex 69 29 0
      vertex 69 38 10
      vertex 69 38 0
    endloop
  endfacet
  facet normal -1 -0 0
    outer loop
      vertex 69 38 10
      vertex 69 29 0
      vertex 69 29 10
    endloop
  endfacet
  facet normal 0 1 -0
    outer loop
      vertex 97.5 38 0
      vertex 69 38 10
      vertex 97.5 38 10
    endloop
  endfacet
  facet normal 0 1 0
    outer loop
      vertex 69 38 10
      vertex 97.5 38 0
      vertex 69 38 0
    endloop
  endfacet
  facet normal 0 -1 0
    outer loop
      vertex 69 29 0
      vertex 97.5 29 10
      vertex 69 29 10
    endloop
  endfacet
  facet normal 0 -1 -0
    outer loop
      vertex 97.5 29 10
      vertex 69 29 0
      vertex 97.5 29 0
    endloop
  endfacet
  facet normal -0.291524 0.956563 0
    outer loop
      vertex 108.094 10.6685 0
      vertex 107.926 10.6173 10
      vertex 108.094 10.6685 10
    endloop
  endfacet
  facet normal -0.291524 0.956563 0
    outer loop
      vertex 107.926 10.6173 10
      vertex 108.094 10.6685 0
      vertex 107.926 10.6173 0
    endloop
  endfacet
  facet normal -0.955681 -0.294404 0
    outer loop
      vertex 108.633 11.6756 0
      vertex 108.581 11.8444 10
      vertex 108.581 11.8444 0
    endloop
  endfacet
  facet normal -0.955681 -0.294404 0
    outer loop
      vertex 108.581 11.8444 10
      vertex 108.633 11.6756 0
      vertex 108.633 11.6756 10
    endloop
  endfacet
  facet normal -0.995347 -0.0963604 0
    outer loop
      vertex 108.65 11.5 0
      vertex 108.633 11.6756 10
      vertex 108.633 11.6756 0
    endloop
  endfacet
  facet normal -0.995347 -0.0963604 0
    outer loop
      vertex 108.633 11.6756 10
      vertex 108.65 11.5 0
      vertex 108.65 11.5 10
    endloop
  endfacet
  facet normal -0.882322 -0.470647 0
    outer loop
      vertex 108.581 11.8444 0
      vertex 108.498 12 10
      vertex 108.498 12 0
    endloop
  endfacet
  facet normal -0.882322 -0.470647 0
    outer loop
      vertex 108.498 12 10
      vertex 108.581 11.8444 0
      vertex 108.581 11.8444 10
    endloop
  endfacet
  facet normal -0.995347 0.0963604 0
    outer loop
      vertex 108.633 11.3244 0
      vertex 108.65 11.5 10
      vertex 108.65 11.5 0
    endloop
  endfacet
  facet normal -0.995347 0.0963604 0
    outer loop
      vertex 108.65 11.5 10
      vertex 108.633 11.3244 0
      vertex 108.633 11.3244 10
    endloop
  endfacet
  facet normal 0.470588 0.882353 -0
    outer loop
      vertex 107.406 10.6685 0
      vertex 107.25 10.7517 10
      vertex 107.406 10.6685 10
    endloop
  endfacet
  facet normal 0.470588 0.882353 0
    outer loop
      vertex 107.25 10.7517 10
      vertex 107.406 10.6685 0
      vertex 107.25 10.7517 0
    endloop
  endfacet
  facet normal -0.635369 -0.772209 0
    outer loop
      vertex 108.25 12.2483 0
      vertex 108.386 12.1364 10
      vertex 108.25 12.2483 10
    endloop
  endfacet
  facet normal -0.635369 -0.772209 -0
    outer loop
      vertex 108.386 12.1364 10
      vertex 108.25 12.2483 0
      vertex 108.386 12.1364 0
    endloop
  endfacet
  facet normal 0.097824 -0.995204 0
    outer loop
      vertex 107.574 12.3827 0
      vertex 107.75 12.4 10
      vertex 107.574 12.3827 10
    endloop
  endfacet
  facet normal 0.097824 -0.995204 0
    outer loop
      vertex 107.75 12.4 10
      vertex 107.574 12.3827 0
      vertex 107.75 12.4 0
    endloop
  endfacet
  facet normal 0.882322 0.470647 0
    outer loop
      vertex 107.002 11 10
      vertex 106.919 11.1556 0
      vertex 106.919 11.1556 10
    endloop
  endfacet
  facet normal 0.882322 0.470647 0
    outer loop
      vertex 106.919 11.1556 0
      vertex 107.002 11 10
      vertex 107.002 11 0
    endloop
  endfacet
  facet normal -0.097824 0.995204 0
    outer loop
      vertex 107.926 10.6173 0
      vertex 107.75 10.6 10
      vertex 107.926 10.6173 10
    endloop
  endfacet
  facet normal -0.097824 0.995204 0
    outer loop
      vertex 107.75 10.6 10
      vertex 107.926 10.6173 0
      vertex 107.75 10.6 0
    endloop
  endfacet
  facet normal -0.955681 0.294404 0
    outer loop
      vertex 108.581 11.1556 0
      vertex 108.633 11.3244 10
      vertex 108.633 11.3244 0
    endloop
  endfacet
  facet normal -0.955681 0.294404 0
    outer loop
      vertex 108.633 11.3244 10
      vertex 108.581 11.1556 0
      vertex 108.581 11.1556 10
    endloop
  endfacet
  facet normal -0.772845 0.634594 0
    outer loop
      vertex 108.386 10.8636 0
      vertex 108.498 11 10
      vertex 108.498 11 0
    endloop
  endfacet
  facet normal -0.772845 0.634594 0
    outer loop
      vertex 108.498 11 10
      vertex 108.386 10.8636 0
      vertex 108.386 10.8636 10
    endloop
  endfacet
  facet normal 0.097824 0.995204 -0
    outer loop
      vertex 107.75 10.6 0
      vertex 107.574 10.6173 10
      vertex 107.75 10.6 10
    endloop
  endfacet
  facet normal 0.097824 0.995204 0
    outer loop
      vertex 107.574 10.6173 10
      vertex 107.75 10.6 0
      vertex 107.574 10.6173 0
    endloop
  endfacet
  facet normal -0.882322 0.470647 0
    outer loop
      vertex 108.498 11 0
      vertex 108.581 11.1556 10
      vertex 108.581 11.1556 0
    endloop
  endfacet
  facet normal -0.882322 0.470647 0
    outer loop
      vertex 108.581 11.1556 10
      vertex 108.498 11 0
      vertex 108.498 11 10
    endloop
  endfacet
  facet normal -0.470588 0.882353 0
    outer loop
      vertex 108.25 10.7517 0
      vertex 108.094 10.6685 10
      vertex 108.25 10.7517 10
    endloop
  endfacet
  facet normal -0.470588 0.882353 0
    outer loop
      vertex 108.094 10.6685 10
      vertex 108.25 10.7517 0
      vertex 108.094 10.6685 0
    endloop
  endfacet
  facet normal 0.955681 0.294404 0
    outer loop
      vertex 106.919 11.1556 10
      vertex 106.867 11.3244 0
      vertex 106.867 11.3244 10
    endloop
  endfacet
  facet normal 0.955681 0.294404 0
    outer loop
      vertex 106.867 11.3244 0
      vertex 106.919 11.1556 10
      vertex 106.919 11.1556 0
    endloop
  endfacet
  facet normal 0.772845 -0.634594 0
    outer loop
      vertex 107.002 12 10
      vertex 107.114 12.1364 0
      vertex 107.114 12.1364 10
    endloop
  endfacet
  facet normal 0.772845 -0.634594 0
    outer loop
      vertex 107.114 12.1364 0
      vertex 107.002 12 10
      vertex 107.002 12 0
    endloop
  endfacet
  facet normal -0.772845 -0.634594 0
    outer loop
      vertex 108.498 12 0
      vertex 108.386 12.1364 10
      vertex 108.386 12.1364 0
    endloop
  endfacet
  facet normal -0.772845 -0.634594 0
    outer loop
      vertex 108.386 12.1364 10
      vertex 108.498 12 0
      vertex 108.498 12 10
    endloop
  endfacet
  facet normal 0.470588 -0.882353 0
    outer loop
      vertex 107.25 12.2483 0
      vertex 107.406 12.3315 10
      vertex 107.25 12.2483 10
    endloop
  endfacet
  facet normal 0.470588 -0.882353 0
    outer loop
      vertex 107.406 12.3315 10
      vertex 107.25 12.2483 0
      vertex 107.406 12.3315 0
    endloop
  endfacet
  facet normal 0.291524 -0.956563 0
    outer loop
      vertex 107.406 12.3315 0
      vertex 107.574 12.3827 10
      vertex 107.406 12.3315 10
    endloop
  endfacet
  facet normal 0.291524 -0.956563 0
    outer loop
      vertex 107.574 12.3827 10
      vertex 107.406 12.3315 0
      vertex 107.574 12.3827 0
    endloop
  endfacet
  facet normal 0.291524 0.956563 -0
    outer loop
      vertex 107.574 10.6173 0
      vertex 107.406 10.6685 10
      vertex 107.574 10.6173 10
    endloop
  endfacet
  facet normal 0.291524 0.956563 0
    outer loop
      vertex 107.406 10.6685 10
      vertex 107.574 10.6173 0
      vertex 107.406 10.6685 0
    endloop
  endfacet
  facet normal 0.635369 -0.772209 0
    outer loop
      vertex 107.114 12.1364 0
      vertex 107.25 12.2483 10
      vertex 107.114 12.1364 10
    endloop
  endfacet
  facet normal 0.635369 -0.772209 0
    outer loop
      vertex 107.25 12.2483 10
      vertex 107.114 12.1364 0
      vertex 107.25 12.2483 0
    endloop
  endfacet
  facet normal -0.291524 -0.956563 0
    outer loop
      vertex 107.926 12.3827 0
      vertex 108.094 12.3315 10
      vertex 107.926 12.3827 10
    endloop
  endfacet
  facet normal -0.291524 -0.956563 -0
    outer loop
      vertex 108.094 12.3315 10
      vertex 107.926 12.3827 0
      vertex 108.094 12.3315 0
    endloop
  endfacet
  facet normal -0.635369 0.772209 0
    outer loop
      vertex 108.386 10.8636 0
      vertex 108.25 10.7517 10
      vertex 108.386 10.8636 10
    endloop
  endfacet
  facet normal -0.635369 0.772209 0
    outer loop
      vertex 108.25 10.7517 10
      vertex 108.386 10.8636 0
      vertex 108.25 10.7517 0
    endloop
  endfacet
  facet normal 0.995347 -0.0963604 0
    outer loop
      vertex 106.85 11.5 10
      vertex 106.867 11.6756 0
      vertex 106.867 11.6756 10
    endloop
  endfacet
  facet normal 0.995347 -0.0963604 0
    outer loop
      vertex 106.867 11.6756 0
      vertex 106.85 11.5 10
      vertex 106.85 11.5 0
    endloop
  endfacet
  facet normal -0.097824 -0.995204 0
    outer loop
      vertex 107.75 12.4 0
      vertex 107.926 12.3827 10
      vertex 107.75 12.4 10
    endloop
  endfacet
  facet normal -0.097824 -0.995204 -0
    outer loop
      vertex 107.926 12.3827 10
      vertex 107.75 12.4 0
      vertex 107.926 12.3827 0
    endloop
  endfacet
  facet normal -0.470588 -0.882353 0
    outer loop
      vertex 108.094 12.3315 0
      vertex 108.25 12.2483 10
      vertex 108.094 12.3315 10
    endloop
  endfacet
  facet normal -0.470588 -0.882353 -0
    outer loop
      vertex 108.25 12.2483 10
      vertex 108.094 12.3315 0
      vertex 108.25 12.2483 0
    endloop
  endfacet
  facet normal 0.772845 0.634594 0
    outer loop
      vertex 107.114 10.8636 10
      vertex 107.002 11 0
      vertex 107.002 11 10
    endloop
  endfacet
  facet normal 0.772845 0.634594 0
    outer loop
      vertex 107.002 11 0
      vertex 107.114 10.8636 10
      vertex 107.114 10.8636 0
    endloop
  endfacet
  facet normal 0.635369 0.772209 -0
    outer loop
      vertex 107.25 10.7517 0
      vertex 107.114 10.8636 10
      vertex 107.25 10.7517 10
    endloop
  endfacet
  facet normal 0.635369 0.772209 0
    outer loop
      vertex 107.114 10.8636 10
      vertex 107.25 10.7517 0
      vertex 107.114 10.8636 0
    endloop
  endfacet
  facet normal 0.955681 -0.294404 0
    outer loop
      vertex 106.867 11.6756 10
      vertex 106.919 11.8444 0
      vertex 106.919 11.8444 10
    endloop
  endfacet
  facet normal 0.955681 -0.294404 0
    outer loop
      vertex 106.919 11.8444 0
      vertex 106.867 11.6756 10
      vertex 106.867 11.6756 0
    endloop
  endfacet
  facet normal 0.882322 -0.470647 0
    outer loop
      vertex 106.919 11.8444 10
      vertex 107.002 12 0
      vertex 107.002 12 10
    endloop
  endfacet
  facet normal 0.882322 -0.470647 0
    outer loop
      vertex 107.002 12 0
      vertex 106.919 11.8444 10
      vertex 106.919 11.8444 0
    endloop
  endfacet
  facet normal 0.995347 0.0963604 0
    outer loop
      vertex 106.867 11.3244 10
      vertex 106.85 11.5 0
      vertex 106.85 11.5 10
    endloop
  endfacet
  facet normal 0.995347 0.0963604 0
    outer loop
      vertex 106.85 11.5 0
      vertex 106.867 11.3244 10
      vertex 106.867 11.3244 0
    endloop
  endfacet
  facet normal -0.291524 0.956563 0
    outer loop
      vertex 128.094 10.6685 0
      vertex 127.926 10.6173 10
      vertex 128.094 10.6685 10
    endloop
  endfacet
  facet normal -0.291524 0.956563 0
    outer loop
      vertex 127.926 10.6173 10
      vertex 128.094 10.6685 0
      vertex 127.926 10.6173 0
    endloop
  endfacet
  facet normal -0.955681 -0.294404 0
    outer loop
      vertex 128.633 11.6756 0
      vertex 128.581 11.8444 10
      vertex 128.581 11.8444 0
    endloop
  endfacet
  facet normal -0.955681 -0.294404 0
    outer loop
      vertex 128.581 11.8444 10
      vertex 128.633 11.6756 0
      vertex 128.633 11.6756 10
    endloop
  endfacet
  facet normal -0.995347 -0.0963604 0
    outer loop
      vertex 128.65 11.5 0
      vertex 128.633 11.6756 10
      vertex 128.633 11.6756 0
    endloop
  endfacet
  facet normal -0.995347 -0.0963604 0
    outer loop
      vertex 128.633 11.6756 10
      vertex 128.65 11.5 0
      vertex 128.65 11.5 10
    endloop
  endfacet
  facet normal -0.882322 -0.470647 0
    outer loop
      vertex 128.581 11.8444 0
      vertex 128.498 12 10
      vertex 128.498 12 0
    endloop
  endfacet
  facet normal -0.882322 -0.470647 0
    outer loop
      vertex 128.498 12 10
      vertex 128.581 11.8444 0
      vertex 128.581 11.8444 10
    endloop
  endfacet
  facet normal -0.995347 0.0963604 0
    outer loop
      vertex 128.633 11.3244 0
      vertex 128.65 11.5 10
      vertex 128.65 11.5 0
    endloop
  endfacet
  facet normal -0.995347 0.0963604 0
    outer loop
      vertex 128.65 11.5 10
      vertex 128.633 11.3244 0
      vertex 128.633 11.3244 10
    endloop
  endfacet
  facet normal 0.470588 0.882353 -0
    outer loop
      vertex 127.406 10.6685 0
      vertex 127.25 10.7517 10
      vertex 127.406 10.6685 10
    endloop
  endfacet
  facet normal 0.470588 0.882353 0
    outer loop
      vertex 127.25 10.7517 10
      vertex 127.406 10.6685 0
      vertex 127.25 10.7517 0
    endloop
  endfacet
  facet normal -0.635369 -0.772209 0
    outer loop
      vertex 128.25 12.2483 0
      vertex 128.386 12.1364 10
      vertex 128.25 12.2483 10
    endloop
  endfacet
  facet normal -0.635369 -0.772209 -0
    outer loop
      vertex 128.386 12.1364 10
      vertex 128.25 12.2483 0
      vertex 128.386 12.1364 0
    endloop
  endfacet
  facet normal 0.097824 -0.995204 0
    outer loop
      vertex 127.574 12.3827 0
      vertex 127.75 12.4 10
      vertex 127.574 12.3827 10
    endloop
  endfacet
  facet normal 0.097824 -0.995204 0
    outer loop
      vertex 127.75 12.4 10
      vertex 127.574 12.3827 0
      vertex 127.75 12.4 0
    endloop
  endfacet
  facet normal 0.882322 0.470647 0
    outer loop
      vertex 127.002 11 10
      vertex 126.919 11.1556 0
      vertex 126.919 11.1556 10
    endloop
  endfacet
  facet normal 0.882322 0.470647 0
    outer loop
      vertex 126.919 11.1556 0
      vertex 127.002 11 10
      vertex 127.002 11 0
    endloop
  endfacet
  facet normal -0.097824 0.995204 0
    outer loop
      vertex 127.926 10.6173 0
      vertex 127.75 10.6 10
      vertex 127.926 10.6173 10
    endloop
  endfacet
  facet normal -0.097824 0.995204 0
    outer loop
      vertex 127.75 10.6 10
      vertex 127.926 10.6173 0
      vertex 127.75 10.6 0
    endloop
  endfacet
  facet normal -0.955681 0.294404 0
    outer loop
      vertex 128.581 11.1556 0
      vertex 128.633 11.3244 10
      vertex 128.633 11.3244 0
    endloop
  endfacet
  facet normal -0.955681 0.294404 0
    outer loop
      vertex 128.633 11.3244 10
      vertex 128.581 11.1556 0
      vertex 128.581 11.1556 10
    endloop
  endfacet
  facet normal -0.772845 0.634594 0
    outer loop
      vertex 128.386 10.8636 0
      vertex 128.498 11 10
      vertex 128.498 11 0
    endloop
  endfacet
  facet normal -0.772845 0.634594 0
    outer loop
      vertex 128.498 11 10
      vertex 128.386 10.8636 0
      vertex 128.386 10.8636 10
    endloop
  endfacet
  facet normal 0.635369 -0.772209 0
    outer loop
      vertex 127.114 12.1364 0
      vertex 127.25 12.2483 10
      vertex 127.114 12.1364 10
    endloop
  endfacet
  facet normal 0.635369 -0.772209 0
    outer loop
      vertex 127.25 12.2483 10
      vertex 127.114 12.1364 0
      vertex 127.25 12.2483 0
    endloop
  endfacet
  facet normal -0.882322 0.470647 0
    outer loop
      vertex 128.498 11 0
      vertex 128.581 11.1556 10
      vertex 128.581 11.1556 0
    endloop
  endfacet
  facet normal -0.882322 0.470647 0
    outer loop
      vertex 128.581 11.1556 10
      vertex 128.498 11 0
      vertex 128.498 11 10
    endloop
  endfacet
  facet normal -0.470588 0.882353 0
    outer loop
      vertex 128.25 10.7517 0
      vertex 128.094 10.6685 10
      vertex 128.25 10.7517 10
    endloop
  endfacet
  facet normal -0.470588 0.882353 0
    outer loop
      vertex 128.094 10.6685 10
      vertex 128.25 10.7517 0
      vertex 128.094 10.6685 0
    endloop
  endfacet
  facet normal 0.955681 0.294404 0
    outer loop
      vertex 126.919 11.1556 10
      vertex 126.867 11.3244 0
      vertex 126.867 11.3244 10
    endloop
  endfacet
  facet normal 0.955681 0.294404 0
    outer loop
      vertex 126.867 11.3244 0
      vertex 126.919 11.1556 10
      vertex 126.919 11.1556 0
    endloop
  endfacet
  facet normal 0.772845 -0.634594 0
    outer loop
      vertex 127.002 12 10
      vertex 127.114 12.1364 0
      vertex 127.114 12.1364 10
    endloop
  endfacet
  facet normal 0.772845 -0.634594 0
    outer loop
      vertex 127.114 12.1364 0
      vertex 127.002 12 10
      vertex 127.002 12 0
    endloop
  endfacet
  facet normal -0.772845 -0.634594 0
    outer loop
      vertex 128.498 12 0
      vertex 128.386 12.1364 10
      vertex 128.386 12.1364 0
    endloop
  endfacet
  facet normal -0.772845 -0.634594 0
    outer loop
      vertex 128.386 12.1364 10
      vertex 128.498 12 0
      vertex 128.498 12 10
    endloop
  endfacet
  facet normal 0.470588 -0.882353 0
    outer loop
      vertex 127.25 12.2483 0
      vertex 127.406 12.3315 10
      vertex 127.25 12.2483 10
    endloop
  endfacet
  facet normal 0.470588 -0.882353 0
    outer loop
      vertex 127.406 12.3315 10
      vertex 127.25 12.2483 0
      vertex 127.406 12.3315 0
    endloop
  endfacet
  facet normal 0.291524 -0.956563 0
    outer loop
      vertex 127.406 12.3315 0
      vertex 127.574 12.3827 10
      vertex 127.406 12.3315 10
    endloop
  endfacet
  facet normal 0.291524 -0.956563 0
    outer loop
      vertex 127.574 12.3827 10
      vertex 127.406 12.3315 0
      vertex 127.574 12.3827 0
    endloop
  endfacet
  facet normal 0.291524 0.956563 -0
    outer loop
      vertex 127.574 10.6173 0
      vertex 127.406 10.6685 10
      vertex 127.574 10.6173 10
    endloop
  endfacet
  facet normal 0.291524 0.956563 0
    outer loop
      vertex 127.406 10.6685 10
      vertex 127.574 10.6173 0
      vertex 127.406 10.6685 0
    endloop
  endfacet
  facet normal -0.291524 -0.956563 0
    outer loop
      vertex 127.926 12.3827 0
      vertex 128.094 12.3315 10
      vertex 127.926 12.3827 10
    endloop
  endfacet
  facet normal -0.291524 -0.956563 -0
    outer loop
      vertex 128.094 12.3315 10
      vertex 127.926 12.3827 0
      vertex 128.094 12.3315 0
    endloop
  endfacet
  facet normal -0.635369 0.772209 0
    outer loop
      vertex 128.386 10.8636 0
      vertex 128.25 10.7517 10
      vertex 128.386 10.8636 10
    endloop
  endfacet
  facet normal -0.635369 0.772209 0
    outer loop
      vertex 128.25 10.7517 10
      vertex 128.386 10.8636 0
      vertex 128.25 10.7517 0
    endloop
  endfacet
  facet normal 0.995347 -0.0963604 0
    outer loop
      vertex 126.85 11.5 10
      vertex 126.867 11.6756 0
      vertex 126.867 11.6756 10
    endloop
  endfacet
  facet normal 0.995347 -0.0963604 0
    outer loop
      vertex 126.867 11.6756 0
      vertex 126.85 11.5 10
      vertex 126.85 11.5 0
    endloop
  endfacet
  facet normal -0.097824 -0.995204 0
    outer loop
      vertex 127.75 12.4 0
      vertex 127.926 12.3827 10
      vertex 127.75 12.4 10
    endloop
  endfacet
  facet normal -0.097824 -0.995204 -0
    outer loop
      vertex 127.926 12.3827 10
      vertex 127.75 12.4 0
      vertex 127.926 12.3827 0
    endloop
  endfacet
  facet normal -0.470588 -0.882353 0
    outer loop
      vertex 128.094 12.3315 0
      vertex 128.25 12.2483 10
      vertex 128.094 12.3315 10
    endloop
  endfacet
  facet normal -0.470588 -0.882353 -0
    outer loop
      vertex 128.25 12.2483 10
      vertex 128.094 12.3315 0
      vertex 128.25 12.2483 0
    endloop
  endfacet
  facet normal 0.772845 0.634594 0
    outer loop
      vertex 127.114 10.8636 10
      vertex 127.002 11 0
      vertex 127.002 11 10
    endloop
  endfacet
  facet normal 0.772845 0.634594 0
    outer loop
      vertex 127.002 11 0
      vertex 127.114 10.8636 10
      vertex 127.114 10.8636 0
    endloop
  endfacet
  facet normal 0.097824 0.995204 -0
    outer loop
      vertex 127.75 10.6 0
      vertex 127.574 10.6173 10
      vertex 127.75 10.6 10
    endloop
  endfacet
  facet normal 0.097824 0.995204 0
    outer loop
      vertex 127.574 10.6173 10
      vertex 127.75 10.6 0
      vertex 127.574 10.6173 0
    endloop
  endfacet
  facet normal 0.635369 0.772209 -0
    outer loop
      vertex 127.25 10.7517 0
      vertex 127.114 10.8636 10
      vertex 127.25 10.7517 10
    endloop
  endfacet
  facet normal 0.635369 0.772209 0
    outer loop
      vertex 127.114 10.8636 10
      vertex 127.25 10.7517 0
      vertex 127.114 10.8636 0
    endloop
  endfacet
  facet normal 0.955681 -0.294404 0
    outer loop
      vertex 126.867 11.6756 10
      vertex 126.919 11.8444 0
      vertex 126.919 11.8444 10
    endloop
  endfacet
  facet normal 0.955681 -0.294404 0
    outer loop
      vertex 126.919 11.8444 0
      vertex 126.867 11.6756 10
      vertex 126.867 11.6756 0
    endloop
  endfacet
  facet normal 0.882322 -0.470647 0
    outer loop
      vertex 126.919 11.8444 10
      vertex 127.002 12 0
      vertex 127.002 12 10
    endloop
  endfacet
  facet normal 0.882322 -0.470647 0
    outer loop
      vertex 127.002 12 0
      vertex 126.919 11.8444 10
      vertex 126.919 11.8444 0
    endloop
  endfacet
  facet normal 0.995347 0.0963604 0
    outer loop
      vertex 126.867 11.3244 10
      vertex 126.85 11.5 0
      vertex 126.85 11.5 10
    endloop
  endfacet
  facet normal 0.995347 0.0963604 0
    outer loop
      vertex 126.85 11.5 0
      vertex 126.867 11.3244 10
      vertex 126.867 11.3244 0
    endloop
  endfacet
  facet normal 1 -0 0
    outer loop
      vertex 132 7 10
      vertex 132 16 0
      vertex 132 16 10
    endloop
  endfacet
  facet normal 1 0 0
    outer loop
      vertex 132 16 0
      vertex 132 7 10
      vertex 132 7 0
    endloop
  endfacet
  facet normal 0 0 1
    outer loop
      vertex 132 16 10
      vertex 128.65 11.5 10
      vertex 132 7 10
    endloop
  endfacet
  facet normal 0 0 1
    outer loop
      vertex 132 16 10
      vertex 128.633 11.6756 10
      vertex 128.65 11.5 10
    endloop
  endfacet
  facet normal 0 0 1
    outer loop
      vertex 132 16 10
      vertex 128.581 11.8444 10
      vertex 128.633 11.6756 10
    endloop
  endfacet
  facet normal 0 0 1
    outer loop
      vertex 132 16 10
      vertex 128.498 12 10
      vertex 128.581 11.8444 10
    endloop
  endfacet
  facet normal 0 0 1
    outer loop
      vertex 132 16 10
      vertex 128.386 12.1364 10
      vertex 128.498 12 10
    endloop
  endfacet
  facet normal 0 0 1
    outer loop
      vertex 132 16 10
      vertex 128.25 12.2483 10
      vertex 128.386 12.1364 10
    endloop
  endfacet
  facet normal 0 0 1
    outer loop
      vertex 132 16 10
      vertex 128.094 12.3315 10
      vertex 128.25 12.2483 10
    endloop
  endfacet
  facet normal 0 0 1
    outer loop
      vertex 132 16 10
      vertex 127.926 12.3827 10
      vertex 128.094 12.3315 10
    endloop
  endfacet
  facet normal 0 0 1
    outer loop
      vertex 132 16 10
      vertex 127.75 12.4 10
      vertex 127.926 12.3827 10
    endloop
  endfacet
  facet normal 0 0 1
    outer loop
      vertex 132 16 10
      vertex 127.574 12.3827 10
      vertex 127.75 12.4 10
    endloop
  endfacet
  facet normal 0 0 1
    outer loop
      vertex 132 16 10
      vertex 127.406 12.3315 10
      vertex 127.574 12.3827 10
    endloop
  endfacet
  facet normal 0 0 1
    outer loop
      vertex 132 16 10
      vertex 127.25 12.2483 10
      vertex 127.406 12.3315 10
    endloop
  endfacet
  facet normal 0 0 1
    outer loop
      vertex 126.867 11.6756 10
      vertex 108.65 11.5 10
      vertex 126.85 11.5 10
    endloop
  endfacet
  facet normal 0 0 1
    outer loop
      vertex 108.633 11.6756 10
      vertex 126.867 11.6756 10
      vertex 126.919 11.8444 10
    endloop
  endfacet
  facet normal 0 0 1
    outer loop
      vertex 108.581 11.8444 10
      vertex 126.919 11.8444 10
      vertex 127.002 12 10
    endloop
  endfacet
  facet normal 0 0 1
    outer loop
      vertex 108.498 12 10
      vertex 127.002 12 10
      vertex 127.114 12.1364 10
    endloop
  endfacet
  facet normal 0 0 1
    outer loop
      vertex 108.386 12.1364 10
      vertex 127.114 12.1364 10
      vertex 127.25 12.2483 10
    endloop
  endfacet
  facet normal 0 0 1
    outer loop
      vertex 108.25 12.2483 10
      vertex 127.25 12.2483 10
      vertex 132 16 10
    endloop
  endfacet
  facet normal 0 0 1
    outer loop
      vertex 126.867 11.6756 10
      vertex 108.633 11.6756 10
      vertex 108.65 11.5 10
    endloop
  endfacet
  facet normal 0 0 1
    outer loop
      vertex 126.919 11.8444 10
      vertex 108.581 11.8444 10
      vertex 108.633 11.6756 10
    endloop
  endfacet
  facet normal 0 0 1
    outer loop
      vertex 127.002 12 10
      vertex 108.498 12 10
      vertex 108.581 11.8444 10
    endloop
  endfacet
  facet normal 0 0 1
    outer loop
      vertex 127.114 12.1364 10
      vertex 108.386 12.1364 10
      vertex 108.498 12 10
    endloop
  endfacet
  facet normal 0 0 1
    outer loop
      vertex 127.25 12.2483 10
      vertex 108.25 12.2483 10
      vertex 108.386 12.1364 10
    endloop
  endfacet
  facet normal -0 0 1
    outer loop
      vertex 103.5 16 10
      vertex 108.25 12.2483 10
      vertex 132 16 10
    endloop
  endfacet
  facet normal 0 0 1
    outer loop
      vertex 108.25 12.2483 10
      vertex 103.5 16 10
      vertex 108.094 12.3315 10
    endloop
  endfacet
  facet normal 0 0 1
    outer loop
      vertex 108.094 12.3315 10
      vertex 103.5 16 10
      vertex 107.926 12.3827 10
    endloop
  endfacet
  facet normal 0 0 1
    outer loop
      vertex 107.926 12.3827 10
      vertex 103.5 16 10
      vertex 107.75 12.4 10
    endloop
  endfacet
  facet normal 0 0 1
    outer loop
      vertex 106.867 11.6756 10
      vertex 103.5 16 10
      vertex 106.85 11.5 10
    endloop
  endfacet
  facet normal 0 0 1
    outer loop
      vertex 106.919 11.8444 10
      vertex 103.5 16 10
      vertex 106.867 11.6756 10
    endloop
  endfacet
  facet normal 0 0 1
    outer loop
      vertex 107.002 12 10
      vertex 103.5 16 10
      vertex 106.919 11.8444 10
    endloop
  endfacet
  facet normal 0 0 1
    outer loop
      vertex 107.114 12.1364 10
      vertex 103.5 16 10
      vertex 107.002 12 10
    endloop
  endfacet
  facet normal 0 0 1
    outer loop
      vertex 107.25 12.2483 10
      vertex 103.5 16 10
      vertex 107.114 12.1364 10
    endloop
  endfacet
  facet normal 0 0 1
    outer loop
      vertex 107.406 12.3315 10
      vertex 103.5 16 10
      vertex 107.25 12.2483 10
    endloop
  endfacet
  facet normal 0 0 1
    outer loop
      vertex 107.574 12.3827 10
      vertex 103.5 16 10
      vertex 107.406 12.3315 10
    endloop
  endfacet
  facet normal 0 0 1
    outer loop
      vertex 107.75 12.4 10
      vertex 103.5 16 10
      vertex 107.574 12.3827 10
    endloop
  endfacet
  facet normal -0 0 1
    outer loop
      vertex 128.633 11.3244 10
      vertex 132 7 10
      vertex 128.65 11.5 10
    endloop
  endfacet
  facet normal -0 0 1
    outer loop
      vertex 128.581 11.1556 10
      vertex 132 7 10
      vertex 128.633 11.3244 10
    endloop
  endfacet
  facet normal -0 0 1
    outer loop
      vertex 128.498 11 10
      vertex 132 7 10
      vertex 128.581 11.1556 10
    endloop
  endfacet
  facet normal -0 0 1
    outer loop
      vertex 128.386 10.8636 10
      vertex 132 7 10
      vertex 128.498 11 10
    endloop
  endfacet
  facet normal -0 0 1
    outer loop
      vertex 128.25 10.7517 10
      vertex 132 7 10
      vertex 128.386 10.8636 10
    endloop
  endfacet
  facet normal -0 0 1
    outer loop
      vertex 128.094 10.6685 10
      vertex 132 7 10
      vertex 128.25 10.7517 10
    endloop
  endfacet
  facet normal -0 0 1
    outer loop
      vertex 127.926 10.6173 10
      vertex 132 7 10
      vertex 128.094 10.6685 10
    endloop
  endfacet
  facet normal -0 0 1
    outer loop
      vertex 127.75 10.6 10
      vertex 132 7 10
      vertex 127.926 10.6173 10
    endloop
  endfacet
  facet normal 0 0 1
    outer loop
      vertex 127.574 10.6173 10
      vertex 132 7 10
      vertex 127.75 10.6 10
    endloop
  endfacet
  facet normal 0 0 1
    outer loop
      vertex 127.406 10.6685 10
      vertex 132 7 10
      vertex 127.574 10.6173 10
    endloop
  endfacet
  facet normal 0 0 1
    outer loop
      vertex 127.25 10.7517 10
      vertex 132 7 10
      vertex 127.406 10.6685 10
    endloop
  endfacet
  facet normal -0 0 1
    outer loop
      vertex 108.65 11.5 10
      vertex 126.867 11.3244 10
      vertex 126.85 11.5 10
    endloop
  endfacet
  facet normal 0 0 1
    outer loop
      vertex 108.633 11.3244 10
      vertex 126.867 11.3244 10
      vertex 108.65 11.5 10
    endloop
  endfacet
  facet normal 0 0 1
    outer loop
      vertex 126.867 11.3244 10
      vertex 108.633 11.3244 10
      vertex 126.919 11.1556 10
    endloop
  endfacet
  facet normal 0 0 1
    outer loop
      vertex 108.581 11.1556 10
      vertex 126.919 11.1556 10
      vertex 108.633 11.3244 10
    endloop
  endfacet
  facet normal 0 0 1
    outer loop
      vertex 126.919 11.1556 10
      vertex 108.581 11.1556 10
      vertex 127.002 11 10
    endloop
  endfacet
  facet normal 0 0 1
    outer loop
      vertex 108.498 11 10
      vertex 127.002 11 10
      vertex 108.581 11.1556 10
    endloop
  endfacet
  facet normal 0 0 1
    outer loop
      vertex 127.002 11 10
      vertex 108.498 11 10
      vertex 127.114 10.8636 10
    endloop
  endfacet
  facet normal 0 0 1
    outer loop
      vertex 108.386 10.8636 10
      vertex 127.114 10.8636 10
      vertex 108.498 11 10
    endloop
  endfacet
  facet normal 0 0 1
    outer loop
      vertex 127.114 10.8636 10
      vertex 108.386 10.8636 10
      vertex 127.25 10.7517 10
    endloop
  endfacet
  facet normal 0 0 1
    outer loop
      vertex 108.25 10.7517 10
      vertex 127.25 10.7517 10
      vertex 108.386 10.8636 10
    endloop
  endfacet
  facet normal 0 0 1
    outer loop
      vertex 127.25 10.7517 10
      vertex 108.25 10.7517 10
      vertex 132 7 10
    endloop
  endfacet
  facet normal 0 0 1
    outer loop
      vertex 103.5 7 10
      vertex 108.25 10.7517 10
      vertex 108.094 10.6685 10
    endloop
  endfacet
  facet normal 0 0 1
    outer loop
      vertex 103.5 7 10
      vertex 108.094 10.6685 10
      vertex 107.926 10.6173 10
    endloop
  endfacet
  facet normal 0 0 1
    outer loop
      vertex 103.5 7 10
      vertex 107.926 10.6173 10
      vertex 107.75 10.6 10
    endloop
  endfacet
  facet normal 0 0 1
    outer loop
      vertex 103.5 7 10
      vertex 107.75 10.6 10
      vertex 107.574 10.6173 10
    endloop
  endfacet
  facet normal 0 0 1
    outer loop
      vertex 103.5 7 10
      vertex 106.85 11.5 10
      vertex 103.5 16 10
    endloop
  endfacet
  facet normal 0 0 1
    outer loop
      vertex 106.85 11.5 10
      vertex 103.5 7 10
      vertex 106.867 11.3244 10
    endloop
  endfacet
  facet normal 0 0 1
    outer loop
      vertex 106.867 11.3244 10
      vertex 103.5 7 10
      vertex 106.919 11.1556 10
    endloop
  endfacet
  facet normal 0 0 1
    outer loop
      vertex 108.25 10.7517 10
      vertex 103.5 7 10
      vertex 132 7 10
    endloop
  endfacet
  facet normal 0 0 1
    outer loop
      vertex 107.406 10.6685 10
      vertex 103.5 7 10
      vertex 107.574 10.6173 10
    endloop
  endfacet
  facet normal 0 0 1
    outer loop
      vertex 107.25 10.7517 10
      vertex 103.5 7 10
      vertex 107.406 10.6685 10
    endloop
  endfacet
  facet normal 0 0 1
    outer loop
      vertex 107.114 10.8636 10
      vertex 103.5 7 10
      vertex 107.25 10.7517 10
    endloop
  endfacet
  facet normal 0 0 1
    outer loop
      vertex 107.002 11 10
      vertex 103.5 7 10
      vertex 107.114 10.8636 10
    endloop
  endfacet
  facet normal 0 0 1
    outer loop
      vertex 106.919 11.1556 10
      vertex 103.5 7 10
      vertex 107.002 11 10
    endloop
  endfacet
  facet normal 0 0 -1
    outer loop
      vertex 132 7 0
      vertex 128.65 11.5 0
      vertex 132 16 0
    endloop
  endfacet
  facet normal 0 0 -1
    outer loop
      vertex 132 7 0
      vertex 128.633 11.3244 0
      vertex 128.65 11.5 0
    endloop
  endfacet
  facet normal 0 0 -1
    outer loop
      vertex 132 7 0
      vertex 128.581 11.1556 0
      vertex 128.633 11.3244 0
    endloop
  endfacet
  facet normal 0 0 -1
    outer loop
      vertex 132 7 0
      vertex 128.498 11 0
      vertex 128.581 11.1556 0
    endloop
  endfacet
  facet normal 0 0 -1
    outer loop
      vertex 132 7 0
      vertex 128.386 10.8636 0
      vertex 128.498 11 0
    endloop
  endfacet
  facet normal 0 0 -1
    outer loop
      vertex 132 7 0
      vertex 128.25 10.7517 0
      vertex 128.386 10.8636 0
    endloop
  endfacet
  facet normal 0 0 -1
    outer loop
      vertex 132 7 0
      vertex 128.094 10.6685 0
      vertex 128.25 10.7517 0
    endloop
  endfacet
  facet normal 0 0 -1
    outer loop
      vertex 132 7 0
      vertex 127.926 10.6173 0
      vertex 128.094 10.6685 0
    endloop
  endfacet
  facet normal 0 0 -1
    outer loop
      vertex 132 7 0
      vertex 127.75 10.6 0
      vertex 127.926 10.6173 0
    endloop
  endfacet
  facet normal 0 0 -1
    outer loop
      vertex 132 7 0
      vertex 127.574 10.6173 0
      vertex 127.75 10.6 0
    endloop
  endfacet
  facet normal 0 0 -1
    outer loop
      vertex 132 7 0
      vertex 127.406 10.6685 0
      vertex 127.574 10.6173 0
    endloop
  endfacet
  facet normal 0 0 -1
    outer loop
      vertex 132 7 0
      vertex 127.25 10.7517 0
      vertex 127.406 10.6685 0
    endloop
  endfacet
  facet normal 0 0 -1
    outer loop
      vertex 126.867 11.3244 0
      vertex 108.65 11.5 0
      vertex 126.85 11.5 0
    endloop
  endfacet
  facet normal 0 0 -1
    outer loop
      vertex 108.633 11.3244 0
      vertex 126.867 11.3244 0
      vertex 126.919 11.1556 0
    endloop
  endfacet
  facet normal 0 0 -1
    outer loop
      vertex 108.581 11.1556 0
      vertex 126.919 11.1556 0
      vertex 127.002 11 0
    endloop
  endfacet
  facet normal 0 0 -1
    outer loop
      vertex 108.498 11 0
      vertex 127.002 11 0
      vertex 127.114 10.8636 0
    endloop
  endfacet
  facet normal 0 0 -1
    outer loop
      vertex 108.386 10.8636 0
      vertex 127.114 10.8636 0
      vertex 127.25 10.7517 0
    endloop
  endfacet
  facet normal 0 0 -1
    outer loop
      vertex 108.25 10.7517 0
      vertex 127.25 10.7517 0
      vertex 132 7 0
    endloop
  endfacet
  facet normal 0 0 -1
    outer loop
      vertex 126.867 11.3244 0
      vertex 108.633 11.3244 0
      vertex 108.65 11.5 0
    endloop
  endfacet
  facet normal 0 0 -1
    outer loop
      vertex 126.919 11.1556 0
      vertex 108.581 11.1556 0
      vertex 108.633 11.3244 0
    endloop
  endfacet
  facet normal 0 0 -1
    outer loop
      vertex 127.002 11 0
      vertex 108.498 11 0
      vertex 108.581 11.1556 0
    endloop
  endfacet
  facet normal 0 0 -1
    outer loop
      vertex 127.114 10.8636 0
      vertex 108.386 10.8636 0
      vertex 108.498 11 0
    endloop
  endfacet
  facet normal 0 0 -1
    outer loop
      vertex 127.25 10.7517 0
      vertex 108.25 10.7517 0
      vertex 108.386 10.8636 0
    endloop
  endfacet
  facet normal 0 0 -1
    outer loop
      vertex 103.5 7 0
      vertex 108.25 10.7517 0
      vertex 132 7 0
    endloop
  endfacet
  facet normal 0 0 -1
    outer loop
      vertex 108.25 10.7517 0
      vertex 103.5 7 0
      vertex 108.094 10.6685 0
    endloop
  endfacet
  facet normal 0 0 -1
    outer loop
      vertex 108.094 10.6685 0
      vertex 103.5 7 0
      vertex 107.926 10.6173 0
    endloop
  endfacet
  facet normal 0 0 -1
    outer loop
      vertex 107.926 10.6173 0
      vertex 103.5 7 0
      vertex 107.75 10.6 0
    endloop
  endfacet
  facet normal -0 0 -1
    outer loop
      vertex 106.867 11.3244 0
      vertex 103.5 7 0
      vertex 106.85 11.5 0
    endloop
  endfacet
  facet normal -0 0 -1
    outer loop
      vertex 106.919 11.1556 0
      vertex 103.5 7 0
      vertex 106.867 11.3244 0
    endloop
  endfacet
  facet normal -0 0 -1
    outer loop
      vertex 107.002 11 0
      vertex 103.5 7 0
      vertex 106.919 11.1556 0
    endloop
  endfacet
  facet normal -0 0 -1
    outer loop
      vertex 107.114 10.8636 0
      vertex 103.5 7 0
      vertex 107.002 11 0
    endloop
  endfacet
  facet normal -0 0 -1
    outer loop
      vertex 107.25 10.7517 0
      vertex 103.5 7 0
      vertex 107.114 10.8636 0
    endloop
  endfacet
  facet normal -0 0 -1
    outer loop
      vertex 107.406 10.6685 0
      vertex 103.5 7 0
      vertex 107.25 10.7517 0
    endloop
  endfacet
  facet normal -0 0 -1
    outer loop
      vertex 107.574 10.6173 0
      vertex 103.5 7 0
      vertex 107.406 10.6685 0
    endloop
  endfacet
  facet normal -0 0 -1
    outer loop
      vertex 107.75 10.6 0
      vertex 103.5 7 0
      vertex 107.574 10.6173 0
    endloop
  endfacet
  facet normal 0 0 -1
    outer loop
      vertex 128.633 11.6756 0
      vertex 132 16 0
      vertex 128.65 11.5 0
    endloop
  endfacet
  facet normal 0 0 -1
    outer loop
      vertex 128.581 11.8444 0
      vertex 132 16 0
      vertex 128.633 11.6756 0
    endloop
  endfacet
  facet normal 0 0 -1
    outer loop
      vertex 128.498 12 0
      vertex 132 16 0
      vertex 128.581 11.8444 0
    endloop
  endfacet
  facet normal 0 0 -1
    outer loop
      vertex 128.386 12.1364 0
      vertex 132 16 0
      vertex 128.498 12 0
    endloop
  endfacet
  facet normal 0 0 -1
    outer loop
      vertex 128.25 12.2483 0
      vertex 132 16 0
      vertex 128.386 12.1364 0
    endloop
  endfacet
  facet normal 0 0 -1
    outer loop
      vertex 128.094 12.3315 0
      vertex 132 16 0
      vertex 128.25 12.2483 0
    endloop
  endfacet
  facet normal 0 0 -1
    outer loop
      vertex 127.926 12.3827 0
      vertex 132 16 0
      vertex 128.094 12.3315 0
    endloop
  endfacet
  facet normal 0 0 -1
    outer loop
      vertex 127.75 12.4 0
      vertex 132 16 0
      vertex 127.926 12.3827 0
    endloop
  endfacet
  facet normal 0 0 -1
    outer loop
      vertex 127.574 12.3827 0
      vertex 132 16 0
      vertex 127.75 12.4 0
    endloop
  endfacet
  facet normal 0 0 -1
    outer loop
      vertex 127.406 12.3315 0
      vertex 132 16 0
      vertex 127.574 12.3827 0
    endloop
  endfacet
  facet normal 0 0 -1
    outer loop
      vertex 127.25 12.2483 0
      vertex 132 16 0
      vertex 127.406 12.3315 0
    endloop
  endfacet
  facet normal 0 0 -1
    outer loop
      vertex 108.65 11.5 0
      vertex 126.867 11.6756 0
      vertex 126.85 11.5 0
    endloop
  endfacet
  facet normal 0 0 -1
    outer loop
      vertex 108.633 11.6756 0
      vertex 126.867 11.6756 0
      vertex 108.65 11.5 0
    endloop
  endfacet
  facet normal 0 0 -1
    outer loop
      vertex 126.867 11.6756 0
      vertex 108.633 11.6756 0
      vertex 126.919 11.8444 0
    endloop
  endfacet
  facet normal 0 0 -1
    outer loop
      vertex 108.581 11.8444 0
      vertex 126.919 11.8444 0
      vertex 108.633 11.6756 0
    endloop
  endfacet
  facet normal 0 0 -1
    outer loop
      vertex 126.919 11.8444 0
      vertex 108.581 11.8444 0
      vertex 127.002 12 0
    endloop
  endfacet
  facet normal 0 0 -1
    outer loop
      vertex 108.498 12 0
      vertex 127.002 12 0
      vertex 108.581 11.8444 0
    endloop
  endfacet
  facet normal 0 0 -1
    outer loop
      vertex 127.002 12 0
      vertex 108.498 12 0
      vertex 127.114 12.1364 0
    endloop
  endfacet
  facet normal 0 0 -1
    outer loop
      vertex 108.386 12.1364 0
      vertex 127.114 12.1364 0
      vertex 108.498 12 0
    endloop
  endfacet
  facet normal 0 0 -1
    outer loop
      vertex 127.114 12.1364 0
      vertex 108.386 12.1364 0
      vertex 127.25 12.2483 0
    endloop
  endfacet
  facet normal 0 0 -1
    outer loop
      vertex 108.25 12.2483 0
      vertex 127.25 12.2483 0
      vertex 108.386 12.1364 0
    endloop
  endfacet
  facet normal 0 0 -1
    outer loop
      vertex 127.25 12.2483 0
      vertex 108.25 12.2483 0
      vertex 132 16 0
    endloop
  endfacet
  facet normal 0 0 -1
    outer loop
      vertex 103.5 16 0
      vertex 108.25 12.2483 0
      vertex 108.094 12.3315 0
    endloop
  endfacet
  facet normal 0 0 -1
    outer loop
      vertex 103.5 16 0
      vertex 108.094 12.3315 0
      vertex 107.926 12.3827 0
    endloop
  endfacet
  facet normal 0 0 -1
    outer loop
      vertex 103.5 16 0
      vertex 107.926 12.3827 0
      vertex 107.75 12.4 0
    endloop
  endfacet
  facet normal 0 0 -1
    outer loop
      vertex 103.5 16 0
      vertex 107.75 12.4 0
      vertex 107.574 12.3827 0
    endloop
  endfacet
  facet normal 0 0 -1
    outer loop
      vertex 103.5 16 0
      vertex 106.85 11.5 0
      vertex 103.5 7 0
    endloop
  endfacet
  facet normal 0 0 -1
    outer loop
      vertex 106.85 11.5 0
      vertex 103.5 16 0
      vertex 106.867 11.6756 0
    endloop
  endfacet
  facet normal 0 0 -1
    outer loop
      vertex 106.867 11.6756 0
      vertex 103.5 16 0
      vertex 106.919 11.8444 0
    endloop
  endfacet
  facet normal 0 0 -1
    outer loop
      vertex 108.25 12.2483 0
      vertex 103.5 16 0
      vertex 132 16 0
    endloop
  endfacet
  facet normal 0 0 -1
    outer loop
      vertex 107.406 12.3315 0
      vertex 103.5 16 0
      vertex 107.574 12.3827 0
    endloop
  endfacet
  facet normal 0 0 -1
    outer loop
      vertex 107.25 12.2483 0
      vertex 103.5 16 0
      vertex 107.406 12.3315 0
    endloop
  endfacet
  facet normal 0 0 -1
    outer loop
      vertex 107.114 12.1364 0
      vertex 103.5 16 0
      vertex 107.25 12.2483 0
    endloop
  endfacet
  facet normal 0 0 -1
    outer loop
      vertex 107.002 12 0
      vertex 103.5 16 0
      vertex 107.114 12.1364 0
    endloop
  endfacet
  facet normal 0 0 -1
    outer loop
      vertex 106.919 11.8444 0
      vertex 103.5 16 0
      vertex 107.002 12 0
    endloop
  endfacet
  facet normal -1 0 0
    outer loop
      vertex 103.5 7 0
      vertex 103.5 16 10
      vertex 103.5 16 0
    endloop
  endfacet
  facet normal -1 -0 0
    outer loop
      vertex 103.5 16 10
      vertex 103.5 7 0
      vertex 103.5 7 10
    endloop
  endfacet
  facet normal 0 1 -0
    outer loop
      vertex 132 16 0
      vertex 103.5 16 10
      vertex 132 16 10
    endloop
  endfacet
  facet normal 0 1 0
    outer loop
      vertex 103.5 16 10
      vertex 132 16 0
      vertex 103.5 16 0
    endloop
  endfacet
  facet normal 0 -1 0
    outer loop
      vertex 103.5 7 0
      vertex 132 7 10
      vertex 103.5 7 10
    endloop
  endfacet
  facet normal 0 -1 -0
    outer loop
      vertex 132 7 10
      vertex 103.5 7 0
      vertex 132 7 0
    endloop
  endfacet
endsolid OpenSCAD_Model
