solid OpenSCAD_Model
  facet normal -0.972368 0.233454 0
    outer loop
      vertex 8.14127 -0.37082 1.99
      vertex 8.18523 -0.187721 6
      vertex 8.18523 -0.187721 1.99
    endloop
  endfacet
  facet normal -0.972368 0.233454 0
    outer loop
      vertex 8.18523 -0.187721 6
      vertex 8.14127 -0.37082 1.99
      vertex 8.14127 -0.37082 6
    endloop
  endfacet
  facet normal -0.0784386 0.996919 0
    outer loop
      vertex 7.18772 -1.18523 1.99
      vertex 7 -1.2 6
      vertex 7.18772 -1.18523 6
    endloop
  endfacet
  facet normal -0.0784386 0.996919 0
    outer loop
      vertex 7 -1.2 6
      vertex 7.18772 -1.18523 1.99
      vertex 7 -1.2 1.99
    endloop
  endfacet
  facet normal -0.972368 -0.233454 0
    outer loop
      vertex 8.18523 0.187721 1.99
      vertex 8.14127 0.37082 6
      vertex 8.14127 0.37082 1.99
    endloop
  endfacet
  facet normal -0.972368 -0.233454 0
    outer loop
      vertex 8.14127 0.37082 6
      vertex 8.18523 0.187721 1.99
      vertex 8.18523 0.187721 6
    endloop
  endfacet
  facet normal -0.996919 -0.0784382 0
    outer loop
      vertex 8.2 0 1.99
      vertex 8.18523 0.187721 6
      vertex 8.18523 0.187721 1.99
    endloop
  endfacet
  facet normal -0.996919 -0.0784382 0
    outer loop
      vertex 8.18523 0.187721 6
      vertex 8.2 0 1.99
      vertex 8.2 0 6
    endloop
  endfacet
  facet normal -0.923879 -0.382684 0
    outer loop
      vertex 8.14127 0.37082 1.99
      vertex 8.06921 0.544788 6
      vertex 8.06921 0.544788 1.99
    endloop
  endfacet
  facet normal -0.923879 -0.382684 0
    outer loop
      vertex 8.06921 0.544788 6
      vertex 8.14127 0.37082 1.99
      vertex 8.14127 0.37082 6
    endloop
  endfacet
  facet normal 0.760412 -0.649441 0
    outer loop
      vertex 6.02918 0.705342 6
      vertex 6.15147 0.848528 1.99
      vertex 6.15147 0.848528 6
    endloop
  endfacet
  facet normal 0.760412 -0.649441 0
    outer loop
      vertex 6.15147 0.848528 1.99
      vertex 6.02918 0.705342 6
      vertex 6.02918 0.705342 1.99
    endloop
  endfacet
  facet normal -0.852635 0.522508 0
    outer loop
      vertex 7.97082 -0.705342 1.99
      vertex 8.06921 -0.544788 6
      vertex 8.06921 -0.544788 1.99
    endloop
  endfacet
  facet normal -0.852635 0.522508 0
    outer loop
      vertex 8.06921 -0.544788 6
      vertex 7.97082 -0.705342 1.99
      vertex 7.97082 -0.705342 6
    endloop
  endfacet
  facet normal 0.38268 -0.923881 0
    outer loop
      vertex 6.45521 1.06921 1.99
      vertex 6.62918 1.14127 6
      vertex 6.45521 1.06921 6
    endloop
  endfacet
  facet normal 0.38268 -0.923881 0
    outer loop
      vertex 6.62918 1.14127 6
      vertex 6.45521 1.06921 1.99
      vertex 6.62918 1.14127 1.99
    endloop
  endfacet
  facet normal -0.760412 0.649441 0
    outer loop
      vertex 7.84853 -0.848528 1.99
      vertex 7.97082 -0.705342 6
      vertex 7.97082 -0.705342 1.99
    endloop
  endfacet
  facet normal -0.760412 0.649441 0
    outer loop
      vertex 7.97082 -0.705342 6
      vertex 7.84853 -0.848528 1.99
      vertex 7.84853 -0.848528 6
    endloop
  endfacet
  facet normal -0.923879 0.382684 0
    outer loop
      vertex 8.06921 -0.544788 1.99
      vertex 8.14127 -0.37082 6
      vertex 8.14127 -0.37082 1.99
    endloop
  endfacet
  facet normal -0.923879 0.382684 0
    outer loop
      vertex 8.14127 -0.37082 6
      vertex 8.06921 -0.544788 1.99
      vertex 8.06921 -0.544788 6
    endloop
  endfacet
  facet normal -0.233453 0.972368 0
    outer loop
      vertex 7.37082 -1.14127 1.99
      vertex 7.18772 -1.18523 6
      vertex 7.37082 -1.14127 6
    endloop
  endfacet
  facet normal -0.233453 0.972368 0
    outer loop
      vertex 7.18772 -1.18523 6
      vertex 7.37082 -1.14127 1.99
      vertex 7.18772 -1.18523 1.99
    endloop
  endfacet
  facet normal 0.852647 -0.522488 0
    outer loop
      vertex 5.95413 0.582868 6
      vertex 6.02918 0.705342 1.99
      vertex 6.02918 0.705342 6
    endloop
  endfacet
  facet normal 0.852647 -0.522488 0
    outer loop
      vertex 6.02918 0.705342 1.99
      vertex 5.95413 0.582868 6
      vertex 5.95413 0.582868 1.99
    endloop
  endfacet
  facet normal 0.522521 0.852626 -0
    outer loop
      vertex 6.45521 -1.06921 1.99
      vertex 6.29466 -0.970819 6
      vertex 6.45521 -1.06921 6
    endloop
  endfacet
  facet normal 0.522521 0.852626 0
    outer loop
      vertex 6.29466 -0.970819 6
      vertex 6.45521 -1.06921 1.99
      vertex 6.29466 -0.970819 1.99
    endloop
  endfacet
  facet normal 0.38268 0.923881 -0
    outer loop
      vertex 6.62918 -1.14127 1.99
      vertex 6.45521 -1.06921 6
      vertex 6.62918 -1.14127 6
    endloop
  endfacet
  facet normal 0.38268 0.923881 0
    outer loop
      vertex 6.45521 -1.06921 6
      vertex 6.62918 -1.14127 1.99
      vertex 6.45521 -1.06921 1.99
    endloop
  endfacet
  facet normal 0.0784386 0.996919 -0
    outer loop
      vertex 7 -1.2 1.99
      vertex 6.81228 -1.18523 6
      vertex 7 -1.2 6
    endloop
  endfacet
  facet normal 0.0784386 0.996919 0
    outer loop
      vertex 6.81228 -1.18523 6
      vertex 7 -1.2 1.99
      vertex 6.81228 -1.18523 1.99
    endloop
  endfacet
  facet normal 0.760412 0.649441 0
    outer loop
      vertex 6.15147 -0.848528 6
      vertex 6.02918 -0.705342 1.99
      vertex 6.02918 -0.705342 6
    endloop
  endfacet
  facet normal 0.760412 0.649441 0
    outer loop
      vertex 6.02918 -0.705342 1.99
      vertex 6.15147 -0.848528 6
      vertex 6.15147 -0.848528 1.99
    endloop
  endfacet
  facet normal 0.852647 0.522488 0
    outer loop
      vertex 6.02918 -0.705342 6
      vertex 5.95413 -0.582868 1.99
      vertex 5.95413 -0.582868 6
    endloop
  endfacet
  facet normal 0.852647 0.522488 0
    outer loop
      vertex 5.95413 -0.582868 1.99
      vertex 6.02918 -0.705342 6
      vertex 6.02918 -0.705342 1.99
    endloop
  endfacet
  facet normal -0.852635 -0.522508 0
    outer loop
      vertex 8.06921 0.544788 1.99
      vertex 7.97082 0.705342 6
      vertex 7.97082 0.705342 1.99
    endloop
  endfacet
  facet normal -0.852635 -0.522508 0
    outer loop
      vertex 7.97082 0.705342 6
      vertex 8.06921 0.544788 1.99
      vertex 8.06921 0.544788 6
    endloop
  endfacet
  facet normal -0.38268 -0.923881 0
    outer loop
      vertex 7.37082 1.14127 1.99
      vertex 7.54479 1.06921 6
      vertex 7.37082 1.14127 6
    endloop
  endfacet
  facet normal -0.38268 -0.923881 -0
    outer loop
      vertex 7.54479 1.06921 6
      vertex 7.37082 1.14127 1.99
      vertex 7.54479 1.06921 1.99
    endloop
  endfacet
  facet normal -0.760412 -0.649441 0
    outer loop
      vertex 7.97082 0.705342 1.99
      vertex 7.84853 0.848528 6
      vertex 7.84853 0.848528 1.99
    endloop
  endfacet
  facet normal -0.760412 -0.649441 0
    outer loop
      vertex 7.84853 0.848528 6
      vertex 7.97082 0.705342 1.99
      vertex 7.97082 0.705342 6
    endloop
  endfacet
  facet normal 0.522521 -0.852626 0
    outer loop
      vertex 6.29466 0.970819 1.99
      vertex 6.45521 1.06921 6
      vertex 6.29466 0.970819 6
    endloop
  endfacet
  facet normal 0.522521 -0.852626 0
    outer loop
      vertex 6.45521 1.06921 6
      vertex 6.29466 0.970819 1.99
      vertex 6.45521 1.06921 1.99
    endloop
  endfacet
  facet normal -0.0784386 -0.996919 0
    outer loop
      vertex 7 1.2 1.99
      vertex 7.18772 1.18523 6
      vertex 7 1.2 6
    endloop
  endfacet
  facet normal -0.0784386 -0.996919 -0
    outer loop
      vertex 7.18772 1.18523 6
      vertex 7 1.2 1.99
      vertex 7.18772 1.18523 1.99
    endloop
  endfacet
  facet normal -0.996919 0.0784382 0
    outer loop
      vertex 8.18523 -0.187721 1.99
      vertex 8.2 0 6
      vertex 8.2 0 1.99
    endloop
  endfacet
  facet normal -0.996919 0.0784382 0
    outer loop
      vertex 8.2 0 6
      vertex 8.18523 -0.187721 1.99
      vertex 8.18523 -0.187721 6
    endloop
  endfacet
  facet normal 0.233453 -0.972368 0
    outer loop
      vertex 6.62918 1.14127 1.99
      vertex 6.81228 1.18523 6
      vertex 6.62918 1.14127 6
    endloop
  endfacet
  facet normal 0.233453 -0.972368 0
    outer loop
      vertex 6.81228 1.18523 6
      vertex 6.62918 1.14127 1.99
      vertex 6.81228 1.18523 1.99
    endloop
  endfacet
  facet normal 0.649433 -0.760419 0
    outer loop
      vertex 6.15147 0.848528 1.99
      vertex 6.29466 0.970819 6
      vertex 6.15147 0.848528 6
    endloop
  endfacet
  facet normal 0.649433 -0.760419 0
    outer loop
      vertex 6.29466 0.970819 6
      vertex 6.15147 0.848528 1.99
      vertex 6.29466 0.970819 1.99
    endloop
  endfacet
  facet normal 0.0784386 -0.996919 0
    outer loop
      vertex 6.81228 1.18523 1.99
      vertex 7 1.2 6
      vertex 6.81228 1.18523 6
    endloop
  endfacet
  facet normal 0.0784386 -0.996919 0
    outer loop
      vertex 7 1.2 6
      vertex 6.81228 1.18523 1.99
      vertex 7 1.2 1.99
    endloop
  endfacet
  facet normal 0.649433 0.760419 -0
    outer loop
      vertex 6.29466 -0.970819 1.99
      vertex 6.15147 -0.848528 6
      vertex 6.29466 -0.970819 6
    endloop
  endfacet
  facet normal 0.649433 0.760419 0
    outer loop
      vertex 6.15147 -0.848528 6
      vertex 6.29466 -0.970819 1.99
      vertex 6.15147 -0.848528 1.99
    endloop
  endfacet
  facet normal -0.38268 0.923881 0
    outer loop
      vertex 7.54479 -1.06921 1.99
      vertex 7.37082 -1.14127 6
      vertex 7.54479 -1.06921 6
    endloop
  endfacet
  facet normal -0.38268 0.923881 0
    outer loop
      vertex 7.37082 -1.14127 6
      vertex 7.54479 -1.06921 1.99
      vertex 7.37082 -1.14127 1.99
    endloop
  endfacet
  facet normal -0.233453 -0.972368 0
    outer loop
      vertex 7.18772 1.18523 1.99
      vertex 7.37082 1.14127 6
      vertex 7.18772 1.18523 6
    endloop
  endfacet
  facet normal -0.233453 -0.972368 -0
    outer loop
      vertex 7.37082 1.14127 6
      vertex 7.18772 1.18523 1.99
      vertex 7.37082 1.14127 1.99
    endloop
  endfacet
  facet normal -0.522521 -0.852626 0
    outer loop
      vertex 7.54479 1.06921 1.99
      vertex 7.70534 0.970819 6
      vertex 7.54479 1.06921 6
    endloop
  endfacet
  facet normal -0.522521 -0.852626 -0
    outer loop
      vertex 7.70534 0.970819 6
      vertex 7.54479 1.06921 1.99
      vertex 7.70534 0.970819 1.99
    endloop
  endfacet
  facet normal -0.649433 -0.760419 0
    outer loop
      vertex 7.70534 0.970819 1.99
      vertex 7.84853 0.848528 6
      vertex 7.70534 0.970819 6
    endloop
  endfacet
  facet normal -0.649433 -0.760419 -0
    outer loop
      vertex 7.84853 0.848528 6
      vertex 7.70534 0.970819 1.99
      vertex 7.84853 0.848528 1.99
    endloop
  endfacet
  facet normal 0.233453 0.972368 -0
    outer loop
      vertex 6.81228 -1.18523 1.99
      vertex 6.62918 -1.14127 6
      vertex 6.81228 -1.18523 6
    endloop
  endfacet
  facet normal 0.233453 0.972368 0
    outer loop
      vertex 6.62918 -1.14127 6
      vertex 6.81228 -1.18523 1.99
      vertex 6.62918 -1.14127 1.99
    endloop
  endfacet
  facet normal -0.649433 0.760419 0
    outer loop
      vertex 7.84853 -0.848528 1.99
      vertex 7.70534 -0.970819 6
      vertex 7.84853 -0.848528 6
    endloop
  endfacet
  facet normal -0.649433 0.760419 0
    outer loop
      vertex 7.70534 -0.970819 6
      vertex 7.84853 -0.848528 1.99
      vertex 7.70534 -0.970819 1.99
    endloop
  endfacet
  facet normal -0.522521 0.852626 0
    outer loop
      vertex 7.70534 -0.970819 1.99
      vertex 7.54479 -1.06921 6
      vertex 7.70534 -0.970819 6
    endloop
  endfacet
  facet normal -0.522521 0.852626 0
    outer loop
      vertex 7.54479 -1.06921 6
      vertex 7.70534 -0.970819 1.99
      vertex 7.54479 -1.06921 1.99
    endloop
  endfacet
  facet normal -0.233454 -0.972368 0
    outer loop
      vertex 0.187721 8.18523 1.99
      vertex 0.37082 8.14127 6
      vertex 0.187721 8.18523 6
    endloop
  endfacet
  facet normal -0.233454 -0.972368 -0
    outer loop
      vertex 0.37082 8.14127 6
      vertex 0.187721 8.18523 1.99
      vertex 0.37082 8.14127 1.99
    endloop
  endfacet
  facet normal 0.233454 -0.972368 0
    outer loop
      vertex -0.37082 8.14127 1.99
      vertex -0.187721 8.18523 6
      vertex -0.37082 8.14127 6
    endloop
  endfacet
  facet normal 0.233454 -0.972368 0
    outer loop
      vertex -0.187721 8.18523 6
      vertex -0.37082 8.14127 1.99
      vertex -0.187721 8.18523 1.99
    endloop
  endfacet
  facet normal 0.0784382 -0.996919 0
    outer loop
      vertex -0.187721 8.18523 1.99
      vertex 0 8.2 6
      vertex -0.187721 8.18523 6
    endloop
  endfacet
  facet normal 0.0784382 -0.996919 0
    outer loop
      vertex 0 8.2 6
      vertex -0.187721 8.18523 1.99
      vertex 0 8.2 1.99
    endloop
  endfacet
  facet normal 0.382684 -0.923879 0
    outer loop
      vertex -0.544788 8.06921 1.99
      vertex -0.37082 8.14127 6
      vertex -0.544788 8.06921 6
    endloop
  endfacet
  facet normal 0.382684 -0.923879 0
    outer loop
      vertex -0.37082 8.14127 6
      vertex -0.544788 8.06921 1.99
      vertex -0.37082 8.14127 1.99
    endloop
  endfacet
  facet normal 0.649441 0.760412 -0
    outer loop
      vertex -0.705342 6.02918 1.99
      vertex -0.848528 6.15147 6
      vertex -0.705342 6.02918 6
    endloop
  endfacet
  facet normal 0.649441 0.760412 0
    outer loop
      vertex -0.848528 6.15147 6
      vertex -0.705342 6.02918 1.99
      vertex -0.848528 6.15147 1.99
    endloop
  endfacet
  facet normal -0.996919 -0.0784386 0
    outer loop
      vertex 1.2 7 1.99
      vertex 1.18523 7.18772 6
      vertex 1.18523 7.18772 1.99
    endloop
  endfacet
  facet normal -0.996919 -0.0784386 0
    outer loop
      vertex 1.18523 7.18772 6
      vertex 1.2 7 1.99
      vertex 1.2 7 6
    endloop
  endfacet
  facet normal -0.522508 -0.852635 0
    outer loop
      vertex 0.544788 8.06921 1.99
      vertex 0.705342 7.97082 6
      vertex 0.544788 8.06921 6
    endloop
  endfacet
  facet normal -0.522508 -0.852635 -0
    outer loop
      vertex 0.705342 7.97082 6
      vertex 0.544788 8.06921 1.99
      vertex 0.705342 7.97082 1.99
    endloop
  endfacet
  facet normal 0.923881 0.38268 0
    outer loop
      vertex -1.06921 6.45521 6
      vertex -1.14127 6.62918 1.99
      vertex -1.14127 6.62918 6
    endloop
  endfacet
  facet normal 0.923881 0.38268 0
    outer loop
      vertex -1.14127 6.62918 1.99
      vertex -1.06921 6.45521 6
      vertex -1.06921 6.45521 1.99
    endloop
  endfacet
  facet normal -0.649441 -0.760412 0
    outer loop
      vertex 0.705342 7.97082 1.99
      vertex 0.848528 7.84853 6
      vertex 0.705342 7.97082 6
    endloop
  endfacet
  facet normal -0.649441 -0.760412 -0
    outer loop
      vertex 0.848528 7.84853 6
      vertex 0.705342 7.97082 1.99
      vertex 0.848528 7.84853 1.99
    endloop
  endfacet
  facet normal -0.382684 -0.923879 0
    outer loop
      vertex 0.37082 8.14127 1.99
      vertex 0.544788 8.06921 6
      vertex 0.37082 8.14127 6
    endloop
  endfacet
  facet normal -0.382684 -0.923879 -0
    outer loop
      vertex 0.544788 8.06921 6
      vertex 0.37082 8.14127 1.99
      vertex 0.544788 8.06921 1.99
    endloop
  endfacet
  facet normal -0.972368 -0.233453 0
    outer loop
      vertex 1.18523 7.18772 1.99
      vertex 1.14127 7.37082 6
      vertex 1.14127 7.37082 1.99
    endloop
  endfacet
  facet normal -0.972368 -0.233453 0
    outer loop
      vertex 1.14127 7.37082 6
      vertex 1.18523 7.18772 1.99
      vertex 1.18523 7.18772 6
    endloop
  endfacet
  facet normal 0.522488 0.852647 -0
    outer loop
      vertex -0.582868 5.95413 1.99
      vertex -0.705342 6.02918 6
      vertex -0.582868 5.95413 6
    endloop
  endfacet
  facet normal 0.522488 0.852647 0
    outer loop
      vertex -0.705342 6.02918 6
      vertex -0.582868 5.95413 1.99
      vertex -0.705342 6.02918 1.99
    endloop
  endfacet
  facet normal -0.852626 0.522521 0
    outer loop
      vertex 0.970819 6.29466 1.99
      vertex 1.06921 6.45521 6
      vertex 1.06921 6.45521 1.99
    endloop
  endfacet
  facet normal -0.852626 0.522521 0
    outer loop
      vertex 1.06921 6.45521 6
      vertex 0.970819 6.29466 1.99
      vertex 0.970819 6.29466 6
    endloop
  endfacet
  facet normal 0.972368 0.233453 0
    outer loop
      vertex -1.14127 6.62918 6
      vertex -1.18523 6.81228 1.99
      vertex -1.18523 6.81228 6
    endloop
  endfacet
  facet normal 0.972368 0.233453 0
    outer loop
      vertex -1.18523 6.81228 1.99
      vertex -1.14127 6.62918 6
      vertex -1.14127 6.62918 1.99
    endloop
  endfacet
  facet normal -0.923881 0.38268 0
    outer loop
      vertex 1.06921 6.45521 1.99
      vertex 1.14127 6.62918 6
      vertex 1.14127 6.62918 1.99
    endloop
  endfacet
  facet normal -0.923881 0.38268 0
    outer loop
      vertex 1.14127 6.62918 6
      vertex 1.06921 6.45521 1.99
      vertex 1.06921 6.45521 6
    endloop
  endfacet
  facet normal -0.852626 -0.522521 0
    outer loop
      vertex 1.06921 7.54479 1.99
      vertex 0.970819 7.70534 6
      vertex 0.970819 7.70534 1.99
    endloop
  endfacet
  facet normal -0.852626 -0.522521 0
    outer loop
      vertex 0.970819 7.70534 6
      vertex 1.06921 7.54479 1.99
      vertex 1.06921 7.54479 6
    endloop
  endfacet
  facet normal -0.996919 0.0784386 0
    outer loop
      vertex 1.18523 6.81228 1.99
      vertex 1.2 7 6
      vertex 1.2 7 1.99
    endloop
  endfacet
  facet normal -0.996919 0.0784386 0
    outer loop
      vertex 1.2 7 6
      vertex 1.18523 6.81228 1.99
      vertex 1.18523 6.81228 6
    endloop
  endfacet
  facet normal -0.649441 0.760412 0
    outer loop
      vertex 0.848528 6.15147 1.99
      vertex 0.705342 6.02918 6
      vertex 0.848528 6.15147 6
    endloop
  endfacet
  facet normal -0.649441 0.760412 0
    outer loop
      vertex 0.705342 6.02918 6
      vertex 0.848528 6.15147 1.99
      vertex 0.705342 6.02918 1.99
    endloop
  endfacet
  facet normal -0.522488 0.852647 0
    outer loop
      vertex 0.705342 6.02918 1.99
      vertex 0.582868 5.95413 6
      vertex 0.705342 6.02918 6
    endloop
  endfacet
  facet normal -0.522488 0.852647 0
    outer loop
      vertex 0.582868 5.95413 6
      vertex 0.705342 6.02918 1.99
      vertex 0.582868 5.95413 1.99
    endloop
  endfacet
  facet normal 0.522508 -0.852635 0
    outer loop
      vertex -0.705342 7.97082 1.99
      vertex -0.544788 8.06921 6
      vertex -0.705342 7.97082 6
    endloop
  endfacet
  facet normal 0.522508 -0.852635 0
    outer loop
      vertex -0.544788 8.06921 6
      vertex -0.705342 7.97082 1.99
      vertex -0.544788 8.06921 1.99
    endloop
  endfacet
  facet normal 0.923881 -0.38268 0
    outer loop
      vertex -1.14127 7.37082 6
      vertex -1.06921 7.54479 1.99
      vertex -1.06921 7.54479 6
    endloop
  endfacet
  facet normal 0.923881 -0.38268 0
    outer loop
      vertex -1.06921 7.54479 1.99
      vertex -1.14127 7.37082 6
      vertex -1.14127 7.37082 1.99
    endloop
  endfacet
  facet normal 0.649441 -0.760412 0
    outer loop
      vertex -0.848528 7.84853 1.99
      vertex -0.705342 7.97082 6
      vertex -0.848528 7.84853 6
    endloop
  endfacet
  facet normal 0.649441 -0.760412 0
    outer loop
      vertex -0.705342 7.97082 6
      vertex -0.848528 7.84853 1.99
      vertex -0.705342 7.97082 1.99
    endloop
  endfacet
  facet normal 0.852626 0.522521 0
    outer loop
      vertex -0.970819 6.29466 6
      vertex -1.06921 6.45521 1.99
      vertex -1.06921 6.45521 6
    endloop
  endfacet
  facet normal 0.852626 0.522521 0
    outer loop
      vertex -1.06921 6.45521 1.99
      vertex -0.970819 6.29466 6
      vertex -0.970819 6.29466 1.99
    endloop
  endfacet
  facet normal 0.996919 -0.0784386 0
    outer loop
      vertex -1.2 7 6
      vertex -1.18523 7.18772 1.99
      vertex -1.18523 7.18772 6
    endloop
  endfacet
  facet normal 0.996919 -0.0784386 0
    outer loop
      vertex -1.18523 7.18772 1.99
      vertex -1.2 7 6
      vertex -1.2 7 1.99
    endloop
  endfacet
  facet normal -0.0784382 -0.996919 0
    outer loop
      vertex 0 8.2 1.99
      vertex 0.187721 8.18523 6
      vertex 0 8.2 6
    endloop
  endfacet
  facet normal -0.0784382 -0.996919 -0
    outer loop
      vertex 0.187721 8.18523 6
      vertex 0 8.2 1.99
      vertex 0.187721 8.18523 1.99
    endloop
  endfacet
  facet normal 0.996919 0.0784386 0
    outer loop
      vertex -1.18523 6.81228 6
      vertex -1.2 7 1.99
      vertex -1.2 7 6
    endloop
  endfacet
  facet normal 0.996919 0.0784386 0
    outer loop
      vertex -1.2 7 1.99
      vertex -1.18523 6.81228 6
      vertex -1.18523 6.81228 1.99
    endloop
  endfacet
  facet normal -0.760419 0.649433 0
    outer loop
      vertex 0.848528 6.15147 1.99
      vertex 0.970819 6.29466 6
      vertex 0.970819 6.29466 1.99
    endloop
  endfacet
  facet normal -0.760419 0.649433 0
    outer loop
      vertex 0.970819 6.29466 6
      vertex 0.848528 6.15147 1.99
      vertex 0.848528 6.15147 6
    endloop
  endfacet
  facet normal -0.972368 0.233453 0
    outer loop
      vertex 1.14127 6.62918 1.99
      vertex 1.18523 6.81228 6
      vertex 1.18523 6.81228 1.99
    endloop
  endfacet
  facet normal -0.972368 0.233453 0
    outer loop
      vertex 1.18523 6.81228 6
      vertex 1.14127 6.62918 1.99
      vertex 1.14127 6.62918 6
    endloop
  endfacet
  facet normal -0.923881 -0.38268 0
    outer loop
      vertex 1.14127 7.37082 1.99
      vertex 1.06921 7.54479 6
      vertex 1.06921 7.54479 1.99
    endloop
  endfacet
  facet normal -0.923881 -0.38268 0
    outer loop
      vertex 1.06921 7.54479 6
      vertex 1.14127 7.37082 1.99
      vertex 1.14127 7.37082 6
    endloop
  endfacet
  facet normal 0.972368 -0.233453 0
    outer loop
      vertex -1.18523 7.18772 6
      vertex -1.14127 7.37082 1.99
      vertex -1.14127 7.37082 6
    endloop
  endfacet
  facet normal 0.972368 -0.233453 0
    outer loop
      vertex -1.14127 7.37082 1.99
      vertex -1.18523 7.18772 6
      vertex -1.18523 7.18772 1.99
    endloop
  endfacet
  facet normal 0.852626 -0.522521 0
    outer loop
      vertex -1.06921 7.54479 6
      vertex -0.970819 7.70534 1.99
      vertex -0.970819 7.70534 6
    endloop
  endfacet
  facet normal 0.852626 -0.522521 0
    outer loop
      vertex -0.970819 7.70534 1.99
      vertex -1.06921 7.54479 6
      vertex -1.06921 7.54479 1.99
    endloop
  endfacet
  facet normal 0.760419 -0.649433 0
    outer loop
      vertex -0.970819 7.70534 6
      vertex -0.848528 7.84853 1.99
      vertex -0.848528 7.84853 6
    endloop
  endfacet
  facet normal 0.760419 -0.649433 0
    outer loop
      vertex -0.848528 7.84853 1.99
      vertex -0.970819 7.70534 6
      vertex -0.970819 7.70534 1.99
    endloop
  endfacet
  facet normal 0.760419 0.649433 0
    outer loop
      vertex -0.848528 6.15147 6
      vertex -0.970819 6.29466 1.99
      vertex -0.970819 6.29466 6
    endloop
  endfacet
  facet normal 0.760419 0.649433 0
    outer loop
      vertex -0.970819 6.29466 1.99
      vertex -0.848528 6.15147 6
      vertex -0.848528 6.15147 1.99
    endloop
  endfacet
  facet normal -0.760419 -0.649433 0
    outer loop
      vertex 0.970819 7.70534 1.99
      vertex 0.848528 7.84853 6
      vertex 0.848528 7.84853 1.99
    endloop
  endfacet
  facet normal -0.760419 -0.649433 0
    outer loop
      vertex 0.848528 7.84853 6
      vertex 0.970819 7.70534 1.99
      vertex 0.970819 7.70534 6
    endloop
  endfacet
  facet normal 0.972368 -0.233454 0
    outer loop
      vertex -8.18523 0.187721 6
      vertex -8.14127 0.37082 1.99
      vertex -8.14127 0.37082 6
    endloop
  endfacet
  facet normal 0.972368 -0.233454 0
    outer loop
      vertex -8.14127 0.37082 1.99
      vertex -8.18523 0.187721 6
      vertex -8.18523 0.187721 1.99
    endloop
  endfacet
  facet normal 0.923879 0.382684 0
    outer loop
      vertex -8.06921 -0.544788 6
      vertex -8.14127 -0.37082 1.99
      vertex -8.14127 -0.37082 6
    endloop
  endfacet
  facet normal 0.923879 0.382684 0
    outer loop
      vertex -8.14127 -0.37082 1.99
      vertex -8.06921 -0.544788 6
      vertex -8.06921 -0.544788 1.99
    endloop
  endfacet
  facet normal -0.760412 0.649441 0
    outer loop
      vertex -6.15147 -0.848528 1.99
      vertex -6.02918 -0.705342 6
      vertex -6.02918 -0.705342 1.99
    endloop
  endfacet
  facet normal -0.760412 0.649441 0
    outer loop
      vertex -6.02918 -0.705342 6
      vertex -6.15147 -0.848528 1.99
      vertex -6.15147 -0.848528 6
    endloop
  endfacet
  facet normal 0.0784386 -0.996919 0
    outer loop
      vertex -7.18772 1.18523 1.99
      vertex -7 1.2 6
      vertex -7.18772 1.18523 6
    endloop
  endfacet
  facet normal 0.0784386 -0.996919 0
    outer loop
      vertex -7 1.2 6
      vertex -7.18772 1.18523 1.99
      vertex -7 1.2 1.99
    endloop
  endfacet
  facet normal 0.852635 -0.522508 0
    outer loop
      vertex -8.06921 0.544788 6
      vertex -7.97082 0.705342 1.99
      vertex -7.97082 0.705342 6
    endloop
  endfacet
  facet normal 0.852635 -0.522508 0
    outer loop
      vertex -7.97082 0.705342 1.99
      vertex -8.06921 0.544788 6
      vertex -8.06921 0.544788 1.99
    endloop
  endfacet
  facet normal -0.38268 0.923881 0
    outer loop
      vertex -6.45521 -1.06921 1.99
      vertex -6.62918 -1.14127 6
      vertex -6.45521 -1.06921 6
    endloop
  endfacet
  facet normal -0.38268 0.923881 0
    outer loop
      vertex -6.62918 -1.14127 6
      vertex -6.45521 -1.06921 1.99
      vertex -6.62918 -1.14127 1.99
    endloop
  endfacet
  facet normal 0.760412 -0.649441 0
    outer loop
      vertex -7.97082 0.705342 6
      vertex -7.84853 0.848528 1.99
      vertex -7.84853 0.848528 6
    endloop
  endfacet
  facet normal 0.760412 -0.649441 0
    outer loop
      vertex -7.84853 0.848528 1.99
      vertex -7.97082 0.705342 6
      vertex -7.97082 0.705342 1.99
    endloop
  endfacet
  facet normal 0.996919 0.0784382 0
    outer loop
      vertex -8.18523 -0.187721 6
      vertex -8.2 0 1.99
      vertex -8.2 0 6
    endloop
  endfacet
  facet normal 0.996919 0.0784382 0
    outer loop
      vertex -8.2 0 1.99
      vertex -8.18523 -0.187721 6
      vertex -8.18523 -0.187721 1.99
    endloop
  endfacet
  facet normal 0.760412 0.649441 0
    outer loop
      vertex -7.84853 -0.848528 6
      vertex -7.97082 -0.705342 1.99
      vertex -7.97082 -0.705342 6
    endloop
  endfacet
  facet normal 0.760412 0.649441 0
    outer loop
      vertex -7.97082 -0.705342 1.99
      vertex -7.84853 -0.848528 6
      vertex -7.84853 -0.848528 1.99
    endloop
  endfacet
  facet normal 0.38268 0.923881 -0
    outer loop
      vertex -7.37082 -1.14127 1.99
      vertex -7.54479 -1.06921 6
      vertex -7.37082 -1.14127 6
    endloop
  endfacet
  facet normal 0.38268 0.923881 0
    outer loop
      vertex -7.54479 -1.06921 6
      vertex -7.37082 -1.14127 1.99
      vertex -7.54479 -1.06921 1.99
    endloop
  endfacet
  facet normal 0.923879 -0.382684 0
    outer loop
      vertex -8.14127 0.37082 6
      vertex -8.06921 0.544788 1.99
      vertex -8.06921 0.544788 6
    endloop
  endfacet
  facet normal 0.923879 -0.382684 0
    outer loop
      vertex -8.06921 0.544788 1.99
      vertex -8.14127 0.37082 6
      vertex -8.14127 0.37082 1.99
    endloop
  endfacet
  facet normal 0.233453 -0.972368 0
    outer loop
      vertex -7.37082 1.14127 1.99
      vertex -7.18772 1.18523 6
      vertex -7.37082 1.14127 6
    endloop
  endfacet
  facet normal 0.233453 -0.972368 0
    outer loop
      vertex -7.18772 1.18523 6
      vertex -7.37082 1.14127 1.99
      vertex -7.18772 1.18523 1.99
    endloop
  endfacet
  facet normal -0.852647 0.522488 0
    outer loop
      vertex -6.02918 -0.705342 1.99
      vertex -5.95413 -0.582868 6
      vertex -5.95413 -0.582868 1.99
    endloop
  endfacet
  facet normal -0.852647 0.522488 0
    outer loop
      vertex -5.95413 -0.582868 6
      vertex -6.02918 -0.705342 1.99
      vertex -6.02918 -0.705342 6
    endloop
  endfacet
  facet normal -0.233453 0.972368 0
    outer loop
      vertex -6.62918 -1.14127 1.99
      vertex -6.81228 -1.18523 6
      vertex -6.62918 -1.14127 6
    endloop
  endfacet
  facet normal -0.233453 0.972368 0
    outer loop
      vertex -6.81228 -1.18523 6
      vertex -6.62918 -1.14127 1.99
      vertex -6.81228 -1.18523 1.99
    endloop
  endfacet
  facet normal -0.38268 -0.923881 0
    outer loop
      vertex -6.62918 1.14127 1.99
      vertex -6.45521 1.06921 6
      vertex -6.62918 1.14127 6
    endloop
  endfacet
  facet normal -0.38268 -0.923881 -0
    outer loop
      vertex -6.45521 1.06921 6
      vertex -6.62918 1.14127 1.99
      vertex -6.45521 1.06921 1.99
    endloop
  endfacet
  facet normal 0.522521 -0.852626 0
    outer loop
      vertex -7.70534 0.970819 1.99
      vertex -7.54479 1.06921 6
      vertex -7.70534 0.970819 6
    endloop
  endfacet
  facet normal 0.522521 -0.852626 0
    outer loop
      vertex -7.54479 1.06921 6
      vertex -7.70534 0.970819 1.99
      vertex -7.54479 1.06921 1.99
    endloop
  endfacet
  facet normal 0.972368 0.233454 0
    outer loop
      vertex -8.14127 -0.37082 6
      vertex -8.18523 -0.187721 1.99
      vertex -8.18523 -0.187721 6
    endloop
  endfacet
  facet normal 0.972368 0.233454 0
    outer loop
      vertex -8.18523 -0.187721 1.99
      vertex -8.14127 -0.37082 6
      vertex -8.14127 -0.37082 1.99
    endloop
  endfacet
  facet normal -0.760412 -0.649441 0
    outer loop
      vertex -6.02918 0.705342 1.99
      vertex -6.15147 0.848528 6
      vertex -6.15147 0.848528 1.99
    endloop
  endfacet
  facet normal -0.760412 -0.649441 0
    outer loop
      vertex -6.15147 0.848528 6
      vertex -6.02918 0.705342 1.99
      vertex -6.02918 0.705342 6
    endloop
  endfacet
  facet normal -0.852647 -0.522488 0
    outer loop
      vertex -5.95413 0.582868 1.99
      vertex -6.02918 0.705342 6
      vertex -6.02918 0.705342 1.99
    endloop
  endfacet
  facet normal -0.852647 -0.522488 0
    outer loop
      vertex -6.02918 0.705342 6
      vertex -5.95413 0.582868 1.99
      vertex -5.95413 0.582868 6
    endloop
  endfacet
  facet normal 0.852635 0.522508 0
    outer loop
      vertex -7.97082 -0.705342 6
      vertex -8.06921 -0.544788 1.99
      vertex -8.06921 -0.544788 6
    endloop
  endfacet
  facet normal 0.852635 0.522508 0
    outer loop
      vertex -8.06921 -0.544788 1.99
      vertex -7.97082 -0.705342 6
      vertex -7.97082 -0.705342 1.99
    endloop
  endfacet
  facet normal -0.522521 0.852626 0
    outer loop
      vertex -6.29466 -0.970819 1.99
      vertex -6.45521 -1.06921 6
      vertex -6.29466 -0.970819 6
    endloop
  endfacet
  facet normal -0.522521 0.852626 0
    outer loop
      vertex -6.45521 -1.06921 6
      vertex -6.29466 -0.970819 1.99
      vertex -6.45521 -1.06921 1.99
    endloop
  endfacet
  facet normal 0.0784386 0.996919 -0
    outer loop
      vertex -7 -1.2 1.99
      vertex -7.18772 -1.18523 6
      vertex -7 -1.2 6
    endloop
  endfacet
  facet normal 0.0784386 0.996919 0
    outer loop
      vertex -7.18772 -1.18523 6
      vertex -7 -1.2 1.99
      vertex -7.18772 -1.18523 1.99
    endloop
  endfacet
  facet normal 0.996919 -0.0784382 0
    outer loop
      vertex -8.2 0 6
      vertex -8.18523 0.187721 1.99
      vertex -8.18523 0.187721 6
    endloop
  endfacet
  facet normal 0.996919 -0.0784382 0
    outer loop
      vertex -8.18523 0.187721 1.99
      vertex -8.2 0 6
      vertex -8.2 0 1.99
    endloop
  endfacet
  facet normal 0.233453 0.972368 -0
    outer loop
      vertex -7.18772 -1.18523 1.99
      vertex -7.37082 -1.14127 6
      vertex -7.18772 -1.18523 6
    endloop
  endfacet
  facet normal 0.233453 0.972368 0
    outer loop
      vertex -7.37082 -1.14127 6
      vertex -7.18772 -1.18523 1.99
      vertex -7.37082 -1.14127 1.99
    endloop
  endfacet
  facet normal -0.0784386 0.996919 0
    outer loop
      vertex -6.81228 -1.18523 1.99
      vertex -7 -1.2 6
      vertex -6.81228 -1.18523 6
    endloop
  endfacet
  facet normal -0.0784386 0.996919 0
    outer loop
      vertex -7 -1.2 6
      vertex -6.81228 -1.18523 1.99
      vertex -7 -1.2 1.99
    endloop
  endfacet
  facet normal -0.649433 -0.760419 0
    outer loop
      vertex -6.29466 0.970819 1.99
      vertex -6.15147 0.848528 6
      vertex -6.29466 0.970819 6
    endloop
  endfacet
  facet normal -0.649433 -0.760419 -0
    outer loop
      vertex -6.15147 0.848528 6
      vertex -6.29466 0.970819 1.99
      vertex -6.15147 0.848528 1.99
    endloop
  endfacet
  facet normal 0.38268 -0.923881 0
    outer loop
      vertex -7.54479 1.06921 1.99
      vertex -7.37082 1.14127 6
      vertex -7.54479 1.06921 6
    endloop
  endfacet
  facet normal 0.38268 -0.923881 0
    outer loop
      vertex -7.37082 1.14127 6
      vertex -7.54479 1.06921 1.99
      vertex -7.37082 1.14127 1.99
    endloop
  endfacet
  facet normal 0.522521 0.852626 -0
    outer loop
      vertex -7.54479 -1.06921 1.99
      vertex -7.70534 -0.970819 6
      vertex -7.54479 -1.06921 6
    endloop
  endfacet
  facet normal 0.522521 0.852626 0
    outer loop
      vertex -7.70534 -0.970819 6
      vertex -7.54479 -1.06921 1.99
      vertex -7.70534 -0.970819 1.99
    endloop
  endfacet
  facet normal 0.649433 0.760419 -0
    outer loop
      vertex -7.70534 -0.970819 1.99
      vertex -7.84853 -0.848528 6
      vertex -7.70534 -0.970819 6
    endloop
  endfacet
  facet normal 0.649433 0.760419 0
    outer loop
      vertex -7.84853 -0.848528 6
      vertex -7.70534 -0.970819 1.99
      vertex -7.84853 -0.848528 1.99
    endloop
  endfacet
  facet normal -0.0784386 -0.996919 0
    outer loop
      vertex -7 1.2 1.99
      vertex -6.81228 1.18523 6
      vertex -7 1.2 6
    endloop
  endfacet
  facet normal -0.0784386 -0.996919 -0
    outer loop
      vertex -6.81228 1.18523 6
      vertex -7 1.2 1.99
      vertex -6.81228 1.18523 1.99
    endloop
  endfacet
  facet normal -0.649433 0.760419 0
    outer loop
      vertex -6.15147 -0.848528 1.99
      vertex -6.29466 -0.970819 6
      vertex -6.15147 -0.848528 6
    endloop
  endfacet
  facet normal -0.649433 0.760419 0
    outer loop
      vertex -6.29466 -0.970819 6
      vertex -6.15147 -0.848528 1.99
      vertex -6.29466 -0.970819 1.99
    endloop
  endfacet
  facet normal -0.233453 -0.972368 0
    outer loop
      vertex -6.81228 1.18523 1.99
      vertex -6.62918 1.14127 6
      vertex -6.81228 1.18523 6
    endloop
  endfacet
  facet normal -0.233453 -0.972368 -0
    outer loop
      vertex -6.62918 1.14127 6
      vertex -6.81228 1.18523 1.99
      vertex -6.62918 1.14127 1.99
    endloop
  endfacet
  facet normal 0.649433 -0.760419 0
    outer loop
      vertex -7.84853 0.848528 1.99
      vertex -7.70534 0.970819 6
      vertex -7.84853 0.848528 6
    endloop
  endfacet
  facet normal 0.649433 -0.760419 0
    outer loop
      vertex -7.70534 0.970819 6
      vertex -7.84853 0.848528 1.99
      vertex -7.70534 0.970819 1.99
    endloop
  endfacet
  facet normal -0.522521 -0.852626 0
    outer loop
      vertex -6.45521 1.06921 1.99
      vertex -6.29466 0.970819 6
      vertex -6.45521 1.06921 6
    endloop
  endfacet
  facet normal -0.522521 -0.852626 -0
    outer loop
      vertex -6.29466 0.970819 6
      vertex -6.45521 1.06921 1.99
      vertex -6.29466 0.970819 1.99
    endloop
  endfacet
  facet normal 0.233454 0.972368 -0
    outer loop
      vertex -0.187721 -8.18523 1.99
      vertex -0.37082 -8.14127 6
      vertex -0.187721 -8.18523 6
    endloop
  endfacet
  facet normal 0.233454 0.972368 0
    outer loop
      vertex -0.37082 -8.14127 6
      vertex -0.187721 -8.18523 1.99
      vertex -0.37082 -8.14127 1.99
    endloop
  endfacet
  facet normal 0.996919 0.0784386 0
    outer loop
      vertex -1.18523 -7.18772 6
      vertex -1.2 -7 1.99
      vertex -1.2 -7 6
    endloop
  endfacet
  facet normal 0.996919 0.0784386 0
    outer loop
      vertex -1.2 -7 1.99
      vertex -1.18523 -7.18772 6
      vertex -1.18523 -7.18772 1.99
    endloop
  endfacet
  facet normal -0.382684 0.923879 0
    outer loop
      vertex 0.544788 -8.06921 1.99
      vertex 0.37082 -8.14127 6
      vertex 0.544788 -8.06921 6
    endloop
  endfacet
  facet normal -0.382684 0.923879 0
    outer loop
      vertex 0.37082 -8.14127 6
      vertex 0.544788 -8.06921 1.99
      vertex 0.37082 -8.14127 1.99
    endloop
  endfacet
  facet normal -0.649441 -0.760412 0
    outer loop
      vertex 0.705342 -6.02918 1.99
      vertex 0.848528 -6.15147 6
      vertex 0.705342 -6.02918 6
    endloop
  endfacet
  facet normal -0.649441 -0.760412 -0
    outer loop
      vertex 0.848528 -6.15147 6
      vertex 0.705342 -6.02918 1.99
      vertex 0.848528 -6.15147 1.99
    endloop
  endfacet
  facet normal 0.522508 0.852635 -0
    outer loop
      vertex -0.544788 -8.06921 1.99
      vertex -0.705342 -7.97082 6
      vertex -0.544788 -8.06921 6
    endloop
  endfacet
  facet normal 0.522508 0.852635 0
    outer loop
      vertex -0.705342 -7.97082 6
      vertex -0.544788 -8.06921 1.99
      vertex -0.705342 -7.97082 1.99
    endloop
  endfacet
  facet normal -0.923881 -0.38268 0
    outer loop
      vertex 1.14127 -6.62918 1.99
      vertex 1.06921 -6.45521 6
      vertex 1.06921 -6.45521 1.99
    endloop
  endfacet
  facet normal -0.923881 -0.38268 0
    outer loop
      vertex 1.06921 -6.45521 6
      vertex 1.14127 -6.62918 1.99
      vertex 1.14127 -6.62918 6
    endloop
  endfacet
  facet normal -0.0784382 0.996919 0
    outer loop
      vertex 0.187721 -8.18523 1.99
      vertex 0 -8.2 6
      vertex 0.187721 -8.18523 6
    endloop
  endfacet
  facet normal -0.0784382 0.996919 0
    outer loop
      vertex 0 -8.2 6
      vertex 0.187721 -8.18523 1.99
      vertex 0 -8.2 1.99
    endloop
  endfacet
  facet normal 0.649441 0.760412 -0
    outer loop
      vertex -0.705342 -7.97082 1.99
      vertex -0.848528 -7.84853 6
      vertex -0.705342 -7.97082 6
    endloop
  endfacet
  facet normal 0.649441 0.760412 0
    outer loop
      vertex -0.848528 -7.84853 6
      vertex -0.705342 -7.97082 1.99
      vertex -0.848528 -7.84853 1.99
    endloop
  endfacet
  facet normal -0.649441 0.760412 0
    outer loop
      vertex 0.848528 -7.84853 1.99
      vertex 0.705342 -7.97082 6
      vertex 0.848528 -7.84853 6
    endloop
  endfacet
  facet normal -0.649441 0.760412 0
    outer loop
      vertex 0.705342 -7.97082 6
      vertex 0.848528 -7.84853 1.99
      vertex 0.705342 -7.97082 1.99
    endloop
  endfacet
  facet normal -0.923881 0.38268 0
    outer loop
      vertex 1.06921 -7.54479 1.99
      vertex 1.14127 -7.37082 6
      vertex 1.14127 -7.37082 1.99
    endloop
  endfacet
  facet normal -0.923881 0.38268 0
    outer loop
      vertex 1.14127 -7.37082 6
      vertex 1.06921 -7.54479 1.99
      vertex 1.06921 -7.54479 6
    endloop
  endfacet
  facet normal 0.382684 0.923879 -0
    outer loop
      vertex -0.37082 -8.14127 1.99
      vertex -0.544788 -8.06921 6
      vertex -0.37082 -8.14127 6
    endloop
  endfacet
  facet normal 0.382684 0.923879 0
    outer loop
      vertex -0.544788 -8.06921 6
      vertex -0.37082 -8.14127 1.99
      vertex -0.544788 -8.06921 1.99
    endloop
  endfacet
  facet normal 0.972368 0.233453 0
    outer loop
      vertex -1.14127 -7.37082 6
      vertex -1.18523 -7.18772 1.99
      vertex -1.18523 -7.18772 6
    endloop
  endfacet
  facet normal 0.972368 0.233453 0
    outer loop
      vertex -1.18523 -7.18772 1.99
      vertex -1.14127 -7.37082 6
      vertex -1.14127 -7.37082 1.99
    endloop
  endfacet
  facet normal -0.522488 -0.852647 0
    outer loop
      vertex 0.582868 -5.95413 1.99
      vertex 0.705342 -6.02918 6
      vertex 0.582868 -5.95413 6
    endloop
  endfacet
  facet normal -0.522488 -0.852647 -0
    outer loop
      vertex 0.705342 -6.02918 6
      vertex 0.582868 -5.95413 1.99
      vertex 0.705342 -6.02918 1.99
    endloop
  endfacet
  facet normal 0.923881 -0.38268 0
    outer loop
      vertex -1.14127 -6.62918 6
      vertex -1.06921 -6.45521 1.99
      vertex -1.06921 -6.45521 6
    endloop
  endfacet
  facet normal 0.923881 -0.38268 0
    outer loop
      vertex -1.06921 -6.45521 1.99
      vertex -1.14127 -6.62918 6
      vertex -1.14127 -6.62918 1.99
    endloop
  endfacet
  facet normal -0.233454 0.972368 0
    outer loop
      vertex 0.37082 -8.14127 1.99
      vertex 0.187721 -8.18523 6
      vertex 0.37082 -8.14127 6
    endloop
  endfacet
  facet normal -0.233454 0.972368 0
    outer loop
      vertex 0.187721 -8.18523 6
      vertex 0.37082 -8.14127 1.99
      vertex 0.187721 -8.18523 1.99
    endloop
  endfacet
  facet normal 0.649441 -0.760412 0
    outer loop
      vertex -0.848528 -6.15147 1.99
      vertex -0.705342 -6.02918 6
      vertex -0.848528 -6.15147 6
    endloop
  endfacet
  facet normal 0.649441 -0.760412 0
    outer loop
      vertex -0.705342 -6.02918 6
      vertex -0.848528 -6.15147 1.99
      vertex -0.705342 -6.02918 1.99
    endloop
  endfacet
  facet normal 0.522488 -0.852647 0
    outer loop
      vertex -0.705342 -6.02918 1.99
      vertex -0.582868 -5.95413 6
      vertex -0.705342 -6.02918 6
    endloop
  endfacet
  facet normal 0.522488 -0.852647 0
    outer loop
      vertex -0.582868 -5.95413 6
      vertex -0.705342 -6.02918 1.99
      vertex -0.582868 -5.95413 1.99
    endloop
  endfacet
  facet normal -0.522508 0.852635 0
    outer loop
      vertex 0.705342 -7.97082 1.99
      vertex 0.544788 -8.06921 6
      vertex 0.705342 -7.97082 6
    endloop
  endfacet
  facet normal -0.522508 0.852635 0
    outer loop
      vertex 0.544788 -8.06921 6
      vertex 0.705342 -7.97082 1.99
      vertex 0.544788 -8.06921 1.99
    endloop
  endfacet
  facet normal -0.852626 -0.522521 0
    outer loop
      vertex 1.06921 -6.45521 1.99
      vertex 0.970819 -6.29466 6
      vertex 0.970819 -6.29466 1.99
    endloop
  endfacet
  facet normal -0.852626 -0.522521 0
    outer loop
      vertex 0.970819 -6.29466 6
      vertex 1.06921 -6.45521 1.99
      vertex 1.06921 -6.45521 6
    endloop
  endfacet
  facet normal -0.996919 0.0784386 0
    outer loop
      vertex 1.18523 -7.18772 1.99
      vertex 1.2 -7 6
      vertex 1.2 -7 1.99
    endloop
  endfacet
  facet normal -0.996919 0.0784386 0
    outer loop
      vertex 1.2 -7 6
      vertex 1.18523 -7.18772 1.99
      vertex 1.18523 -7.18772 6
    endloop
  endfacet
  facet normal 0.0784382 0.996919 -0
    outer loop
      vertex 0 -8.2 1.99
      vertex -0.187721 -8.18523 6
      vertex 0 -8.2 6
    endloop
  endfacet
  facet normal 0.0784382 0.996919 0
    outer loop
      vertex -0.187721 -8.18523 6
      vertex 0 -8.2 1.99
      vertex -0.187721 -8.18523 1.99
    endloop
  endfacet
  facet normal -0.972368 0.233453 0
    outer loop
      vertex 1.14127 -7.37082 1.99
      vertex 1.18523 -7.18772 6
      vertex 1.18523 -7.18772 1.99
    endloop
  endfacet
  facet normal -0.972368 0.233453 0
    outer loop
      vertex 1.18523 -7.18772 6
      vertex 1.14127 -7.37082 1.99
      vertex 1.14127 -7.37082 6
    endloop
  endfacet
  facet normal -0.972368 -0.233453 0
    outer loop
      vertex 1.18523 -6.81228 1.99
      vertex 1.14127 -6.62918 6
      vertex 1.14127 -6.62918 1.99
    endloop
  endfacet
  facet normal -0.972368 -0.233453 0
    outer loop
      vertex 1.14127 -6.62918 6
      vertex 1.18523 -6.81228 1.99
      vertex 1.18523 -6.81228 6
    endloop
  endfacet
  facet normal -0.760419 -0.649433 0
    outer loop
      vertex 0.970819 -6.29466 1.99
      vertex 0.848528 -6.15147 6
      vertex 0.848528 -6.15147 1.99
    endloop
  endfacet
  facet normal -0.760419 -0.649433 0
    outer loop
      vertex 0.848528 -6.15147 6
      vertex 0.970819 -6.29466 1.99
      vertex 0.970819 -6.29466 6
    endloop
  endfacet
  facet normal -0.996919 -0.0784386 0
    outer loop
      vertex 1.2 -7 1.99
      vertex 1.18523 -6.81228 6
      vertex 1.18523 -6.81228 1.99
    endloop
  endfacet
  facet normal -0.996919 -0.0784386 0
    outer loop
      vertex 1.18523 -6.81228 6
      vertex 1.2 -7 1.99
      vertex 1.2 -7 6
    endloop
  endfacet
  facet normal 0.760419 -0.649433 0
    outer loop
      vertex -0.970819 -6.29466 6
      vertex -0.848528 -6.15147 1.99
      vertex -0.848528 -6.15147 6
    endloop
  endfacet
  facet normal 0.760419 -0.649433 0
    outer loop
      vertex -0.848528 -6.15147 1.99
      vertex -0.970819 -6.29466 6
      vertex -0.970819 -6.29466 1.99
    endloop
  endfacet
  facet normal 0.923881 0.38268 0
    outer loop
      vertex -1.06921 -7.54479 6
      vertex -1.14127 -7.37082 1.99
      vertex -1.14127 -7.37082 6
    endloop
  endfacet
  facet normal 0.923881 0.38268 0
    outer loop
      vertex -1.14127 -7.37082 1.99
      vertex -1.06921 -7.54479 6
      vertex -1.06921 -7.54479 1.99
    endloop
  endfacet
  facet normal -0.852626 0.522521 0
    outer loop
      vertex 0.970819 -7.70534 1.99
      vertex 1.06921 -7.54479 6
      vertex 1.06921 -7.54479 1.99
    endloop
  endfacet
  facet normal -0.852626 0.522521 0
    outer loop
      vertex 1.06921 -7.54479 6
      vertex 0.970819 -7.70534 1.99
      vertex 0.970819 -7.70534 6
    endloop
  endfacet
  facet normal -0.760419 0.649433 0
    outer loop
      vertex 0.848528 -7.84853 1.99
      vertex 0.970819 -7.70534 6
      vertex 0.970819 -7.70534 1.99
    endloop
  endfacet
  facet normal -0.760419 0.649433 0
    outer loop
      vertex 0.970819 -7.70534 6
      vertex 0.848528 -7.84853 1.99
      vertex 0.848528 -7.84853 6
    endloop
  endfacet
  facet normal 0.996919 -0.0784386 0
    outer loop
      vertex -1.2 -7 6
      vertex -1.18523 -6.81228 1.99
      vertex -1.18523 -6.81228 6
    endloop
  endfacet
  facet normal 0.996919 -0.0784386 0
    outer loop
      vertex -1.18523 -6.81228 1.99
      vertex -1.2 -7 6
      vertex -1.2 -7 1.99
    endloop
  endfacet
  facet normal 0.972368 -0.233453 0
    outer loop
      vertex -1.18523 -6.81228 6
      vertex -1.14127 -6.62918 1.99
      vertex -1.14127 -6.62918 6
    endloop
  endfacet
  facet normal 0.972368 -0.233453 0
    outer loop
      vertex -1.14127 -6.62918 1.99
      vertex -1.18523 -6.81228 6
      vertex -1.18523 -6.81228 1.99
    endloop
  endfacet
  facet normal 0.760419 0.649433 0
    outer loop
      vertex -0.848528 -7.84853 6
      vertex -0.970819 -7.70534 1.99
      vertex -0.970819 -7.70534 6
    endloop
  endfacet
  facet normal 0.760419 0.649433 0
    outer loop
      vertex -0.970819 -7.70534 1.99
      vertex -0.848528 -7.84853 6
      vertex -0.848528 -7.84853 1.99
    endloop
  endfacet
  facet normal 0.852626 0.522521 0
    outer loop
      vertex -0.970819 -7.70534 6
      vertex -1.06921 -7.54479 1.99
      vertex -1.06921 -7.54479 6
    endloop
  endfacet
  facet normal 0.852626 0.522521 0
    outer loop
      vertex -1.06921 -7.54479 1.99
      vertex -0.970819 -7.70534 6
      vertex -0.970819 -7.70534 1.99
    endloop
  endfacet
  facet normal 0.852626 -0.522521 0
    outer loop
      vertex -1.06921 -6.45521 6
      vertex -0.970819 -6.29466 1.99
      vertex -0.970819 -6.29466 6
    endloop
  endfacet
  facet normal 0.852626 -0.522521 0
    outer loop
      vertex -0.970819 -6.29466 1.99
      vertex -1.06921 -6.45521 6
      vertex -1.06921 -6.45521 1.99
    endloop
  endfacet
  facet normal 0.972368 0.233454 0
    outer loop
      vertex 17.7784 2.81582 6
      vertex 17.119 5.56231 0
      vertex 17.119 5.56231 6
    endloop
  endfacet
  facet normal 0.972368 0.233454 0
    outer loop
      vertex 17.119 5.56231 0
      vertex 17.7784 2.81582 6
      vertex 17.7784 2.81582 0
    endloop
  endfacet
  facet normal 0.996918 0.0784556 0
    outer loop
      vertex 18 0 6
      vertex 17.7784 2.81582 0
      vertex 17.7784 2.81582 6
    endloop
  endfacet
  facet normal 0.996918 0.0784556 0
    outer loop
      vertex 17.7784 2.81582 0
      vertex 18 0 6
      vertex 18 0 0
    endloop
  endfacet
  facet normal 0.923879 0.382684 0
    outer loop
      vertex 17.119 5.56231 6
      vertex 16.0381 8.17183 0
      vertex 16.0381 8.17183 6
    endloop
  endfacet
  facet normal 0.923879 0.382684 0
    outer loop
      vertex 16.0381 8.17183 0
      vertex 17.119 5.56231 6
      vertex 17.119 5.56231 0
    endloop
  endfacet
  facet normal 0.649449 -0.760405 0
    outer loop
      vertex 10.5801 -14.5623 0
      vertex 12.7279 -12.7279 6
      vertex 10.5801 -14.5623 6
    endloop
  endfacet
  facet normal 0.649449 -0.760405 0
    outer loop
      vertex 12.7279 -12.7279 6
      vertex 10.5801 -14.5623 0
      vertex 12.7279 -12.7279 0
    endloop
  endfacet
  facet normal 0.522501 -0.852639 0
    outer loop
      vertex 8.17183 -16.0381 0
      vertex 10.5801 -14.5623 6
      vertex 8.17183 -16.0381 6
    endloop
  endfacet
  facet normal 0.522501 -0.852639 0
    outer loop
      vertex 10.5801 -14.5623 6
      vertex 8.17183 -16.0381 0
      vertex 10.5801 -14.5623 0
    endloop
  endfacet
  facet normal 0.760405 0.649449 0
    outer loop
      vertex 14.5623 10.5801 6
      vertex 12.7279 12.7279 0
      vertex 12.7279 12.7279 6
    endloop
  endfacet
  facet normal 0.760405 0.649449 0
    outer loop
      vertex 12.7279 12.7279 0
      vertex 14.5623 10.5801 6
      vertex 14.5623 10.5801 0
    endloop
  endfacet
  facet normal -0.996918 0.0784556 0
    outer loop
      vertex -18 0 0
      vertex -17.7784 2.81582 6
      vertex -17.7784 2.81582 0
    endloop
  endfacet
  facet normal -0.996918 0.0784556 0
    outer loop
      vertex -17.7784 2.81582 6
      vertex -18 0 0
      vertex -18 0 6
    endloop
  endfacet
  facet normal -0.852639 0.522501 0
    outer loop
      vertex -16.0381 8.17183 0
      vertex -14.5623 10.5801 6
      vertex -14.5623 10.5801 0
    endloop
  endfacet
  facet normal -0.852639 0.522501 0
    outer loop
      vertex -14.5623 10.5801 6
      vertex -16.0381 8.17183 0
      vertex -16.0381 8.17183 6
    endloop
  endfacet
  facet normal -0.522501 0.852639 0
    outer loop
      vertex -8.17183 16.0381 0
      vertex -10.5801 14.5623 6
      vertex -8.17183 16.0381 6
    endloop
  endfacet
  facet normal -0.522501 0.852639 0
    outer loop
      vertex -10.5801 14.5623 6
      vertex -8.17183 16.0381 0
      vertex -10.5801 14.5623 0
    endloop
  endfacet
  facet normal 0.923879 -0.382684 0
    outer loop
      vertex 16.0381 -8.17183 6
      vertex 17.119 -5.56231 0
      vertex 17.119 -5.56231 6
    endloop
  endfacet
  facet normal 0.923879 -0.382684 0
    outer loop
      vertex 17.119 -5.56231 0
      vertex 16.0381 -8.17183 6
      vertex 16.0381 -8.17183 0
    endloop
  endfacet
  facet normal 0.852639 -0.522501 0
    outer loop
      vertex 14.5623 -10.5801 6
      vertex 16.0381 -8.17183 0
      vertex 16.0381 -8.17183 6
    endloop
  endfacet
  facet normal 0.852639 -0.522501 0
    outer loop
      vertex 16.0381 -8.17183 0
      vertex 14.5623 -10.5801 6
      vertex 14.5623 -10.5801 0
    endloop
  endfacet
  facet normal -0.382684 0.923879 0
    outer loop
      vertex -5.56231 17.119 0
      vertex -8.17183 16.0381 6
      vertex -5.56231 17.119 6
    endloop
  endfacet
  facet normal -0.382684 0.923879 0
    outer loop
      vertex -8.17183 16.0381 6
      vertex -5.56231 17.119 0
      vertex -8.17183 16.0381 0
    endloop
  endfacet
  facet normal -0.972368 -0.233454 0
    outer loop
      vertex -17.119 -5.56231 0
      vertex -17.7784 -2.81582 6
      vertex -17.7784 -2.81582 0
    endloop
  endfacet
  facet normal -0.972368 -0.233454 0
    outer loop
      vertex -17.7784 -2.81582 6
      vertex -17.119 -5.56231 0
      vertex -17.119 -5.56231 6
    endloop
  endfacet
  facet normal 0.233454 -0.972368 0
    outer loop
      vertex 2.81582 -17.7784 0
      vertex 5.56231 -17.119 6
      vertex 2.81582 -17.7784 6
    endloop
  endfacet
  facet normal 0.233454 -0.972368 0
    outer loop
      vertex 5.56231 -17.119 6
      vertex 2.81582 -17.7784 0
      vertex 5.56231 -17.119 0
    endloop
  endfacet
  facet normal 0.0784556 -0.996918 0
    outer loop
      vertex 0 -18 0
      vertex 2.81582 -17.7784 6
      vertex 0 -18 6
    endloop
  endfacet
  facet normal 0.0784556 -0.996918 0
    outer loop
      vertex 2.81582 -17.7784 6
      vertex 0 -18 0
      vertex 2.81582 -17.7784 0
    endloop
  endfacet
  facet normal -0.649449 0.760405 0
    outer loop
      vertex -10.5801 14.5623 0
      vertex -12.7279 12.7279 6
      vertex -10.5801 14.5623 6
    endloop
  endfacet
  facet normal -0.649449 0.760405 0
    outer loop
      vertex -12.7279 12.7279 6
      vertex -10.5801 14.5623 0
      vertex -12.7279 12.7279 0
    endloop
  endfacet
  facet normal 0.852639 0.522501 0
    outer loop
      vertex 16.0381 8.17183 6
      vertex 14.5623 10.5801 0
      vertex 14.5623 10.5801 6
    endloop
  endfacet
  facet normal 0.852639 0.522501 0
    outer loop
      vertex 14.5623 10.5801 0
      vertex 16.0381 8.17183 6
      vertex 16.0381 8.17183 0
    endloop
  endfacet
  facet normal -0.0784556 0.996918 0
    outer loop
      vertex 0 18 0
      vertex -2.81582 17.7784 6
      vertex 0 18 6
    endloop
  endfacet
  facet normal -0.0784556 0.996918 0
    outer loop
      vertex -2.81582 17.7784 6
      vertex 0 18 0
      vertex -2.81582 17.7784 0
    endloop
  endfacet
  facet normal 0.382684 0.923879 -0
    outer loop
      vertex 8.17183 16.0381 0
      vertex 5.56231 17.119 6
      vertex 8.17183 16.0381 6
    endloop
  endfacet
  facet normal 0.382684 0.923879 0
    outer loop
      vertex 5.56231 17.119 6
      vertex 8.17183 16.0381 0
      vertex 5.56231 17.119 0
    endloop
  endfacet
  facet normal -0.996918 -0.0784556 0
    outer loop
      vertex -17.7784 -2.81582 0
      vertex -18 0 6
      vertex -18 0 0
    endloop
  endfacet
  facet normal -0.996918 -0.0784556 0
    outer loop
      vertex -18 0 6
      vertex -17.7784 -2.81582 0
      vertex -17.7784 -2.81582 6
    endloop
  endfacet
  facet normal -0.233454 0.972368 0
    outer loop
      vertex -2.81582 17.7784 0
      vertex -5.56231 17.119 6
      vertex -2.81582 17.7784 6
    endloop
  endfacet
  facet normal -0.233454 0.972368 0
    outer loop
      vertex -5.56231 17.119 6
      vertex -2.81582 17.7784 0
      vertex -5.56231 17.119 0
    endloop
  endfacet
  facet normal 0 0 1
    outer loop
      vertex 10 0 6
      vertex 18 0 6
      vertex 17.7784 2.81582 6
    endloop
  endfacet
  facet normal 0 0 1
    outer loop
      vertex 10 0 6
      vertex 17.7784 2.81582 6
      vertex 17.119 5.56231 6
    endloop
  endfacet
  facet normal 0 0 1
    outer loop
      vertex 18 0 6
      vertex 10 0 6
      vertex 17.7784 -2.81582 6
    endloop
  endfacet
  facet normal 0 0 1
    outer loop
      vertex 10 0 6
      vertex 17.119 5.56231 6
      vertex 16.0381 8.17183 6
    endloop
  endfacet
  facet normal 0 0 1
    outer loop
      vertex 17.7784 -2.81582 6
      vertex 10 0 6
      vertex 17.119 -5.56231 6
    endloop
  endfacet
  facet normal 0 0 1
    outer loop
      vertex 7.54479 1.06921 6
      vertex 16.0381 8.17183 6
      vertex 14.5623 10.5801 6
    endloop
  endfacet
  facet normal 0 0 1
    outer loop
      vertex 17.119 -5.56231 6
      vertex 10 0 6
      vertex 16.0381 -8.17183 6
    endloop
  endfacet
  facet normal 0 0 1
    outer loop
      vertex 4.8541 3.52671 6
      vertex 14.5623 10.5801 6
      vertex 12.7279 12.7279 6
    endloop
  endfacet
  facet normal 0 0 1
    outer loop
      vertex 10 -10 6
      vertex 16.0381 -8.17183 6
      vertex 10 0 6
    endloop
  endfacet
  facet normal 0 0 1
    outer loop
      vertex 4.24264 4.24264 6
      vertex 12.7279 12.7279 6
      vertex 10.5801 14.5623 6
    endloop
  endfacet
  facet normal 0 0 1
    outer loop
      vertex 16.0381 -8.17183 6
      vertex 10 -10 6
      vertex 14.5623 -10.5801 6
    endloop
  endfacet
  facet normal 0 0 1
    outer loop
      vertex 14.5623 -10.5801 6
      vertex 10 -10 6
      vertex 12.7279 -12.7279 6
    endloop
  endfacet
  facet normal 0 0 1
    outer loop
      vertex 16.0381 8.17183 6
      vertex 7.70534 0.970819 6
      vertex 10 0 6
    endloop
  endfacet
  facet normal 0 0 1
    outer loop
      vertex 10 0 6
      vertex 8.18523 0.187721 6
      vertex 8.2 0 6
    endloop
  endfacet
  facet normal 0 0 1
    outer loop
      vertex 1.06921 7.54479 6
      vertex 10.5801 14.5623 6
      vertex 8.17183 16.0381 6
    endloop
  endfacet
  facet normal 0 0 1
    outer loop
      vertex 10 0 6
      vertex 8.14127 0.37082 6
      vertex 8.18523 0.187721 6
    endloop
  endfacet
  facet normal 0 0 1
    outer loop
      vertex 10 0 6
      vertex 8.06921 0.544788 6
      vertex 8.14127 0.37082 6
    endloop
  endfacet
  facet normal 0 0 1
    outer loop
      vertex 10 0 6
      vertex 7.97082 0.705342 6
      vertex 8.06921 0.544788 6
    endloop
  endfacet
  facet normal 0 0 1
    outer loop
      vertex 10 0 6
      vertex 7.84853 0.848528 6
      vertex 7.97082 0.705342 6
    endloop
  endfacet
  facet normal 0 0 1
    outer loop
      vertex 10 0 6
      vertex 7.70534 0.970819 6
      vertex 7.84853 0.848528 6
    endloop
  endfacet
  facet normal 0 0 1
    outer loop
      vertex 16.0381 8.17183 6
      vertex 7.54479 1.06921 6
      vertex 7.70534 0.970819 6
    endloop
  endfacet
  facet normal 0 0 1
    outer loop
      vertex 14.5623 10.5801 6
      vertex 4.8541 3.52671 6
      vertex 7.54479 1.06921 6
    endloop
  endfacet
  facet normal 0 0 1
    outer loop
      vertex 7.54479 1.06921 6
      vertex 4.8541 3.52671 6
      vertex 7.37082 1.14127 6
    endloop
  endfacet
  facet normal -0 -0 1
    outer loop
      vertex 5.34604 2.72394 6
      vertex 7.37082 1.14127 6
      vertex 4.8541 3.52671 6
    endloop
  endfacet
  facet normal 0 0 1
    outer loop
      vertex 7.37082 1.14127 6
      vertex 5.34604 2.72394 6
      vertex 7.18772 1.18523 6
    endloop
  endfacet
  facet normal 0 0 1
    outer loop
      vertex 7.18772 1.18523 6
      vertex 5.34604 2.72394 6
      vertex 7 1.2 6
    endloop
  endfacet
  facet normal 0 0 1
    outer loop
      vertex 7 1.2 6
      vertex 5.70634 1.8541 6
      vertex 6.81228 1.18523 6
    endloop
  endfacet
  facet normal 0 0 1
    outer loop
      vertex 6.81228 1.18523 6
      vertex 5.70634 1.8541 6
      vertex 6.62918 1.14127 6
    endloop
  endfacet
  facet normal 0 0 1
    outer loop
      vertex 6.62918 1.14127 6
      vertex 5.70634 1.8541 6
      vertex 6.45521 1.06921 6
    endloop
  endfacet
  facet normal 0 -0 1
    outer loop
      vertex 5.92613 0.938606 6
      vertex 6.29466 0.970819 6
      vertex 5.70634 1.8541 6
    endloop
  endfacet
  facet normal 0 0 1
    outer loop
      vertex 6.29466 0.970819 6
      vertex 5.92613 0.938606 6
      vertex 6.15147 0.848528 6
    endloop
  endfacet
  facet normal 0 0 1
    outer loop
      vertex 6.02918 0.705342 6
      vertex 5.92613 0.938606 6
      vertex 5.95413 0.582868 6
    endloop
  endfacet
  facet normal 0 0 1
    outer loop
      vertex 6.15147 0.848528 6
      vertex 5.92613 0.938606 6
      vertex 6.02918 0.705342 6
    endloop
  endfacet
  facet normal 0 0 1
    outer loop
      vertex 0.848528 7.84853 6
      vertex 8.17183 16.0381 6
      vertex 5.56231 17.119 6
    endloop
  endfacet
  facet normal 0 0 1
    outer loop
      vertex 6.45521 1.06921 6
      vertex 5.70634 1.8541 6
      vertex 6.29466 0.970819 6
    endloop
  endfacet
  facet normal -0 -0 1
    outer loop
      vertex 5.70634 1.8541 6
      vertex 7 1.2 6
      vertex 5.34604 2.72394 6
    endloop
  endfacet
  facet normal 0 0 1
    outer loop
      vertex 12.7279 12.7279 6
      vertex 4.24264 4.24264 6
      vertex 4.8541 3.52671 6
    endloop
  endfacet
  facet normal 0 0 1
    outer loop
      vertex 10.5801 14.5623 6
      vertex 3.52671 4.8541 6
      vertex 4.24264 4.24264 6
    endloop
  endfacet
  facet normal 0 0 1
    outer loop
      vertex 0.544788 8.06921 6
      vertex 5.56231 17.119 6
      vertex 2.81582 17.7784 6
    endloop
  endfacet
  facet normal 0 0 1
    outer loop
      vertex 10.5801 14.5623 6
      vertex 1.06921 7.54479 6
      vertex 3.52671 4.8541 6
    endloop
  endfacet
  facet normal -0 -0 1
    outer loop
      vertex 1.14127 7.37082 6
      vertex 3.52671 4.8541 6
      vertex 1.06921 7.54479 6
    endloop
  endfacet
  facet normal -0 -0 1
    outer loop
      vertex 1.18523 7.18772 6
      vertex 2.72394 5.34604 6
      vertex 1.14127 7.37082 6
    endloop
  endfacet
  facet normal 0 0 1
    outer loop
      vertex 2.72394 5.34604 6
      vertex 1.2 7 6
      vertex 1.8541 5.70634 6
    endloop
  endfacet
  facet normal -0 -0 1
    outer loop
      vertex 1.2 7 6
      vertex 2.72394 5.34604 6
      vertex 1.18523 7.18772 6
    endloop
  endfacet
  facet normal 0 0 1
    outer loop
      vertex 3.52671 4.8541 6
      vertex 1.14127 7.37082 6
      vertex 2.72394 5.34604 6
    endloop
  endfacet
  facet normal 0 0 1
    outer loop
      vertex 8.17183 16.0381 6
      vertex 0.970819 7.70534 6
      vertex 1.06921 7.54479 6
    endloop
  endfacet
  facet normal 0 0 1
    outer loop
      vertex 8.17183 16.0381 6
      vertex 0.848528 7.84853 6
      vertex 0.970819 7.70534 6
    endloop
  endfacet
  facet normal 0 0 1
    outer loop
      vertex 5.56231 17.119 6
      vertex 0.705342 7.97082 6
      vertex 0.848528 7.84853 6
    endloop
  endfacet
  facet normal 0 0 1
    outer loop
      vertex 5.56231 17.119 6
      vertex 0.544788 8.06921 6
      vertex 0.705342 7.97082 6
    endloop
  endfacet
  facet normal 0 0 1
    outer loop
      vertex 2.81582 17.7784 6
      vertex 0.37082 8.14127 6
      vertex 0.544788 8.06921 6
    endloop
  endfacet
  facet normal 0 0 1
    outer loop
      vertex 2.81582 17.7784 6
      vertex 0.187721 8.18523 6
      vertex 0.37082 8.14127 6
    endloop
  endfacet
  facet normal 0 0 1
    outer loop
      vertex 0 18 6
      vertex 0.187721 8.18523 6
      vertex 2.81582 17.7784 6
    endloop
  endfacet
  facet normal 0 0 1
    outer loop
      vertex 0 18 6
      vertex 0 8.2 6
      vertex 0.187721 8.18523 6
    endloop
  endfacet
  facet normal 0 0 1
    outer loop
      vertex 0 18 6
      vertex -0.187721 8.18523 6
      vertex 0 8.2 6
    endloop
  endfacet
  facet normal -0 0 1
    outer loop
      vertex -2.81582 17.7784 6
      vertex -0.187721 8.18523 6
      vertex 0 18 6
    endloop
  endfacet
  facet normal 0 0 1
    outer loop
      vertex -0.187721 8.18523 6
      vertex -2.81582 17.7784 6
      vertex -0.37082 8.14127 6
    endloop
  endfacet
  facet normal 0 0 1
    outer loop
      vertex -0.37082 8.14127 6
      vertex -2.81582 17.7784 6
      vertex -0.544788 8.06921 6
    endloop
  endfacet
  facet normal -0 0 1
    outer loop
      vertex -5.56231 17.119 6
      vertex -0.544788 8.06921 6
      vertex -2.81582 17.7784 6
    endloop
  endfacet
  facet normal 0 0 1
    outer loop
      vertex -0.544788 8.06921 6
      vertex -5.56231 17.119 6
      vertex -0.705342 7.97082 6
    endloop
  endfacet
  facet normal 0 0 1
    outer loop
      vertex -0.705342 7.97082 6
      vertex -5.56231 17.119 6
      vertex -0.848528 7.84853 6
    endloop
  endfacet
  facet normal -0 0 1
    outer loop
      vertex -8.17183 16.0381 6
      vertex -0.848528 7.84853 6
      vertex -5.56231 17.119 6
    endloop
  endfacet
  facet normal 0 0 1
    outer loop
      vertex -0.848528 7.84853 6
      vertex -8.17183 16.0381 6
      vertex -0.970819 7.70534 6
    endloop
  endfacet
  facet normal 0 0 1
    outer loop
      vertex -2.72394 5.34604 6
      vertex -1.2 7 6
      vertex -1.18523 7.18772 6
    endloop
  endfacet
  facet normal 0 0 1
    outer loop
      vertex -0.970819 7.70534 6
      vertex -8.17183 16.0381 6
      vertex -1.06921 7.54479 6
    endloop
  endfacet
  facet normal -0 0 1
    outer loop
      vertex -10.5801 14.5623 6
      vertex -1.06921 7.54479 6
      vertex -8.17183 16.0381 6
    endloop
  endfacet
  facet normal 0 -0 1
    outer loop
      vertex -3.52671 4.8541 6
      vertex -1.06921 7.54479 6
      vertex -10.5801 14.5623 6
    endloop
  endfacet
  facet normal 0 0 1
    outer loop
      vertex -1.2 7 6
      vertex -2.72394 5.34604 6
      vertex -1.8541 5.70634 6
    endloop
  endfacet
  facet normal 0 0 1
    outer loop
      vertex -1.06921 7.54479 6
      vertex -3.52671 4.8541 6
      vertex -1.14127 7.37082 6
    endloop
  endfacet
  facet normal 0 0 1
    outer loop
      vertex -1.14127 7.37082 6
      vertex -2.72394 5.34604 6
      vertex -1.18523 7.18772 6
    endloop
  endfacet
  facet normal 0 -0 1
    outer loop
      vertex -2.72394 5.34604 6
      vertex -1.14127 7.37082 6
      vertex -3.52671 4.8541 6
    endloop
  endfacet
  facet normal 0 0 1
    outer loop
      vertex -3.52671 4.8541 6
      vertex -10.5801 14.5623 6
      vertex -4.24264 4.24264 6
    endloop
  endfacet
  facet normal -0 0 1
    outer loop
      vertex -12.7279 12.7279 6
      vertex -4.24264 4.24264 6
      vertex -10.5801 14.5623 6
    endloop
  endfacet
  facet normal 0 0 1
    outer loop
      vertex -4.24264 4.24264 6
      vertex -12.7279 12.7279 6
      vertex -4.8541 3.52671 6
    endloop
  endfacet
  facet normal -0 0 1
    outer loop
      vertex -14.5623 10.5801 6
      vertex -4.8541 3.52671 6
      vertex -12.7279 12.7279 6
    endloop
  endfacet
  facet normal 0 0 1
    outer loop
      vertex -5.92613 0.938606 6
      vertex -6.02918 0.705342 6
      vertex -5.95413 0.582868 6
    endloop
  endfacet
  facet normal 0 0 1
    outer loop
      vertex -5.92613 0.938606 6
      vertex -6.15147 0.848528 6
      vertex -6.02918 0.705342 6
    endloop
  endfacet
  facet normal 0 0 1
    outer loop
      vertex -5.92613 0.938606 6
      vertex -6.29466 0.970819 6
      vertex -6.15147 0.848528 6
    endloop
  endfacet
  facet normal 0 0 1
    outer loop
      vertex -5.70634 1.8541 6
      vertex -6.29466 0.970819 6
      vertex -5.92613 0.938606 6
    endloop
  endfacet
  facet normal 0 -0 1
    outer loop
      vertex -6.29466 0.970819 6
      vertex -5.70634 1.8541 6
      vertex -6.45521 1.06921 6
    endloop
  endfacet
  facet normal 0 -0 1
    outer loop
      vertex -6.45521 1.06921 6
      vertex -5.70634 1.8541 6
      vertex -6.62918 1.14127 6
    endloop
  endfacet
  facet normal 0 0 1
    outer loop
      vertex -5.70634 1.8541 6
      vertex -6.81228 1.18523 6
      vertex -6.62918 1.14127 6
    endloop
  endfacet
  facet normal 0 -0 1
    outer loop
      vertex -7.54479 1.06921 6
      vertex -4.8541 3.52671 6
      vertex -14.5623 10.5801 6
    endloop
  endfacet
  facet normal 0 0 1
    outer loop
      vertex -5.70634 1.8541 6
      vertex -7 1.2 6
      vertex -6.81228 1.18523 6
    endloop
  endfacet
  facet normal 0 -0 1
    outer loop
      vertex -7.37082 1.14127 6
      vertex -4.8541 3.52671 6
      vertex -7.54479 1.06921 6
    endloop
  endfacet
  facet normal 0 0 1
    outer loop
      vertex -5.34604 2.72394 6
      vertex -7 1.2 6
      vertex -5.70634 1.8541 6
    endloop
  endfacet
  facet normal 0 -0 1
    outer loop
      vertex -7 1.2 6
      vertex -5.34604 2.72394 6
      vertex -7.18772 1.18523 6
    endloop
  endfacet
  facet normal 0 -0 1
    outer loop
      vertex -7.18772 1.18523 6
      vertex -5.34604 2.72394 6
      vertex -7.37082 1.14127 6
    endloop
  endfacet
  facet normal 0 0 1
    outer loop
      vertex -4.8541 3.52671 6
      vertex -7.37082 1.14127 6
      vertex -5.34604 2.72394 6
    endloop
  endfacet
  facet normal -0 0 1
    outer loop
      vertex -16.0381 8.17183 6
      vertex -7.54479 1.06921 6
      vertex -14.5623 10.5801 6
    endloop
  endfacet
  facet normal 0 0 1
    outer loop
      vertex -7.54479 1.06921 6
      vertex -16.0381 8.17183 6
      vertex -7.70534 0.970819 6
    endloop
  endfacet
  facet normal 0 -0 1
    outer loop
      vertex -10 0 6
      vertex -7.70534 0.970819 6
      vertex -16.0381 8.17183 6
    endloop
  endfacet
  facet normal 0 0 1
    outer loop
      vertex -7.70534 0.970819 6
      vertex -10 0 6
      vertex -7.84853 0.848528 6
    endloop
  endfacet
  facet normal 0 0 1
    outer loop
      vertex -7.84853 0.848528 6
      vertex -10 0 6
      vertex -7.97082 0.705342 6
    endloop
  endfacet
  facet normal 0 0 1
    outer loop
      vertex -8.14127 0.37082 6
      vertex -10 0 6
      vertex -8.18523 0.187721 6
    endloop
  endfacet
  facet normal 0 0 1
    outer loop
      vertex -7.97082 0.705342 6
      vertex -10 0 6
      vertex -8.06921 0.544788 6
    endloop
  endfacet
  facet normal 0 0 1
    outer loop
      vertex 12.7279 -12.7279 6
      vertex 10 -10 6
      vertex 10.5801 -14.5623 6
    endloop
  endfacet
  facet normal 0 0 1
    outer loop
      vertex 10 -10 6
      vertex 8.17183 -16.0381 6
      vertex 10.5801 -14.5623 6
    endloop
  endfacet
  facet normal 0 0 1
    outer loop
      vertex 10 -10 6
      vertex 5.56231 -17.119 6
      vertex 8.17183 -16.0381 6
    endloop
  endfacet
  facet normal 0 0 1
    outer loop
      vertex 10 -10 6
      vertex 2.81582 -17.7784 6
      vertex 5.56231 -17.119 6
    endloop
  endfacet
  facet normal 0 0 1
    outer loop
      vertex 10 -10 6
      vertex 0 -18 6
      vertex 2.81582 -17.7784 6
    endloop
  endfacet
  facet normal -0 0 1
    outer loop
      vertex -10 -10 6
      vertex 0 -18 6
      vertex 10 -10 6
    endloop
  endfacet
  facet normal 0 0 1
    outer loop
      vertex 0 -18 6
      vertex -10 -10 6
      vertex -2.81582 -17.7784 6
    endloop
  endfacet
  facet normal 0 0 1
    outer loop
      vertex -2.81582 -17.7784 6
      vertex -10 -10 6
      vertex -5.56231 -17.119 6
    endloop
  endfacet
  facet normal 0 0 1
    outer loop
      vertex -5.56231 -17.119 6
      vertex -10 -10 6
      vertex -8.17183 -16.0381 6
    endloop
  endfacet
  facet normal 0 0 1
    outer loop
      vertex -10 -10 6
      vertex -10.5801 -14.5623 6
      vertex -8.17183 -16.0381 6
    endloop
  endfacet
  facet normal 0 0 1
    outer loop
      vertex -8.18523 0.187721 6
      vertex -10 0 6
      vertex -8.2 0 6
    endloop
  endfacet
  facet normal 0 0 1
    outer loop
      vertex -8.06921 0.544788 6
      vertex -10 0 6
      vertex -8.14127 0.37082 6
    endloop
  endfacet
  facet normal 0 0 1
    outer loop
      vertex -10 -10 6
      vertex -12.7279 -12.7279 6
      vertex -10.5801 -14.5623 6
    endloop
  endfacet
  facet normal -0 0 1
    outer loop
      vertex -17.119 5.56231 6
      vertex -10 0 6
      vertex -16.0381 8.17183 6
    endloop
  endfacet
  facet normal 0 0 1
    outer loop
      vertex -10 -10 6
      vertex -14.5623 -10.5801 6
      vertex -12.7279 -12.7279 6
    endloop
  endfacet
  facet normal -0 0 1
    outer loop
      vertex -17.7784 2.81582 6
      vertex -10 0 6
      vertex -17.119 5.56231 6
    endloop
  endfacet
  facet normal 0 0 1
    outer loop
      vertex -10 -10 6
      vertex -16.0381 -8.17183 6
      vertex -14.5623 -10.5801 6
    endloop
  endfacet
  facet normal 0 0 1
    outer loop
      vertex -18 0 6
      vertex -10 0 6
      vertex -17.7784 2.81582 6
    endloop
  endfacet
  facet normal 0 0 1
    outer loop
      vertex -10 0 6
      vertex -16.0381 -8.17183 6
      vertex -10 -10 6
    endloop
  endfacet
  facet normal 0 -0 1
    outer loop
      vertex -17.7784 -2.81582 6
      vertex -10 0 6
      vertex -18 0 6
    endloop
  endfacet
  facet normal 0 -0 1
    outer loop
      vertex -16.0381 -8.17183 6
      vertex -10 0 6
      vertex -17.119 -5.56231 6
    endloop
  endfacet
  facet normal 0 -0 1
    outer loop
      vertex -17.119 -5.56231 6
      vertex -10 0 6
      vertex -17.7784 -2.81582 6
    endloop
  endfacet
  facet normal -0 0 1
    outer loop
      vertex 1.18523 6.81228 6
      vertex 1.8541 5.70634 6
      vertex 1.2 7 6
    endloop
  endfacet
  facet normal -0 0 1
    outer loop
      vertex 1.14127 6.62918 6
      vertex 1.8541 5.70634 6
      vertex 1.18523 6.81228 6
    endloop
  endfacet
  facet normal -0 0 1
    outer loop
      vertex 1.06921 6.45521 6
      vertex 1.8541 5.70634 6
      vertex 1.14127 6.62918 6
    endloop
  endfacet
  facet normal -0 0 1
    outer loop
      vertex 0.970819 6.29466 6
      vertex 1.8541 5.70634 6
      vertex 1.06921 6.45521 6
    endloop
  endfacet
  facet normal 0 0 1
    outer loop
      vertex 0.970819 6.29466 6
      vertex 0.938606 5.92613 6
      vertex 1.8541 5.70634 6
    endloop
  endfacet
  facet normal -0 0 1
    outer loop
      vertex 0.848528 6.15147 6
      vertex 0.938606 5.92613 6
      vertex 0.970819 6.29466 6
    endloop
  endfacet
  facet normal -0 0 1
    outer loop
      vertex 0.705342 6.02918 6
      vertex 0.938606 5.92613 6
      vertex 0.848528 6.15147 6
    endloop
  endfacet
  facet normal 0 0 1
    outer loop
      vertex 0.938606 5.92613 6
      vertex 0.705342 6.02918 6
      vertex 0.582868 5.95413 6
    endloop
  endfacet
  facet normal 0 0 1
    outer loop
      vertex -0.705342 6.02918 6
      vertex -0.938606 5.92613 6
      vertex -0.582868 5.95413 6
    endloop
  endfacet
  facet normal 0 0 1
    outer loop
      vertex -0.848528 6.15147 6
      vertex -0.938606 5.92613 6
      vertex -0.705342 6.02918 6
    endloop
  endfacet
  facet normal 0 0 1
    outer loop
      vertex -0.970819 6.29466 6
      vertex -0.938606 5.92613 6
      vertex -0.848528 6.15147 6
    endloop
  endfacet
  facet normal 0 0 1
    outer loop
      vertex -1.8541 5.70634 6
      vertex -0.970819 6.29466 6
      vertex -1.06921 6.45521 6
    endloop
  endfacet
  facet normal 0 0 1
    outer loop
      vertex -1.8541 5.70634 6
      vertex -1.06921 6.45521 6
      vertex -1.14127 6.62918 6
    endloop
  endfacet
  facet normal 0 0 1
    outer loop
      vertex -0.970819 6.29466 6
      vertex -1.8541 5.70634 6
      vertex -0.938606 5.92613 6
    endloop
  endfacet
  facet normal 0 0 1
    outer loop
      vertex -1.18523 6.81228 6
      vertex -1.8541 5.70634 6
      vertex -1.14127 6.62918 6
    endloop
  endfacet
  facet normal 0 0 1
    outer loop
      vertex -1.8541 5.70634 6
      vertex -1.18523 6.81228 6
      vertex -1.2 7 6
    endloop
  endfacet
  facet normal 0 0 -1
    outer loop
      vertex 1.18523 -7.18772 6
      vertex 1.18523 -6.81228 6
      vertex 1.2 -7 6
    endloop
  endfacet
  facet normal 0 0 -1
    outer loop
      vertex 1.14127 -7.37082 6
      vertex 1.18523 -6.81228 6
      vertex 1.18523 -7.18772 6
    endloop
  endfacet
  facet normal 0 0 -1
    outer loop
      vertex 1.14127 -7.37082 6
      vertex 1.14127 -6.62918 6
      vertex 1.18523 -6.81228 6
    endloop
  endfacet
  facet normal 0 0 -1
    outer loop
      vertex 1.06921 -7.54479 6
      vertex 1.14127 -6.62918 6
      vertex 1.14127 -7.37082 6
    endloop
  endfacet
  facet normal 0 0 -1
    outer loop
      vertex 1.06921 -7.54479 6
      vertex 1.06921 -6.45521 6
      vertex 1.14127 -6.62918 6
    endloop
  endfacet
  facet normal 0 0 -1
    outer loop
      vertex 0.970819 -7.70534 6
      vertex 1.06921 -6.45521 6
      vertex 1.06921 -7.54479 6
    endloop
  endfacet
  facet normal 0 0 -1
    outer loop
      vertex 0.970819 -7.70534 6
      vertex 0.970819 -6.29466 6
      vertex 1.06921 -6.45521 6
    endloop
  endfacet
  facet normal 0 0 -1
    outer loop
      vertex 0.848528 -7.84853 6
      vertex 0.970819 -6.29466 6
      vertex 0.970819 -7.70534 6
    endloop
  endfacet
  facet normal 0 0 -1
    outer loop
      vertex 0.848528 -7.84853 6
      vertex 0.848528 -6.15147 6
      vertex 0.970819 -6.29466 6
    endloop
  endfacet
  facet normal 0 0 -1
    outer loop
      vertex 0.705342 -7.97082 6
      vertex 0.848528 -6.15147 6
      vertex 0.848528 -7.84853 6
    endloop
  endfacet
  facet normal 0 0 -1
    outer loop
      vertex 0.582868 -5.95413 6
      vertex 0.848528 -6.15147 6
      vertex 0.705342 -7.97082 6
    endloop
  endfacet
  facet normal 0 0 -1
    outer loop
      vertex 0.848528 -6.15147 6
      vertex 0.582868 -5.95413 6
      vertex 0.705342 -6.02918 6
    endloop
  endfacet
  facet normal 0 -0 -1
    outer loop
      vertex 0.582868 -5.95413 6
      vertex 0.705342 -7.97082 6
      vertex 0.544788 -8.06921 6
    endloop
  endfacet
  facet normal 0 0 -1
    outer loop
      vertex 8.14127 -0.37082 6
      vertex 8.2 0 6
      vertex 8.18523 -0.187721 6
    endloop
  endfacet
  facet normal 0 0 -1
    outer loop
      vertex 8.06921 -0.544788 6
      vertex 8.2 0 6
      vertex 8.14127 -0.37082 6
    endloop
  endfacet
  facet normal 0 0 -1
    outer loop
      vertex 7.97082 -0.705342 6
      vertex 8.2 0 6
      vertex 8.06921 -0.544788 6
    endloop
  endfacet
  facet normal 0 0 -1
    outer loop
      vertex 7.84853 -0.848528 6
      vertex 8.2 0 6
      vertex 7.97082 -0.705342 6
    endloop
  endfacet
  facet normal 0 0 -1
    outer loop
      vertex 7.70534 -0.970819 6
      vertex 8.2 0 6
      vertex 7.84853 -0.848528 6
    endloop
  endfacet
  facet normal 0 0 -1
    outer loop
      vertex 7.54479 -1.06921 6
      vertex 8.2 0 6
      vertex 7.70534 -0.970819 6
    endloop
  endfacet
  facet normal 0 0 -1
    outer loop
      vertex 7.37082 -1.14127 6
      vertex 8.2 0 6
      vertex 7.54479 -1.06921 6
    endloop
  endfacet
  facet normal 0 0 -1
    outer loop
      vertex 7.18772 -1.18523 6
      vertex 8.2 0 6
      vertex 7.37082 -1.14127 6
    endloop
  endfacet
  facet normal 0 0 -1
    outer loop
      vertex 7 -1.2 6
      vertex 8.2 0 6
      vertex 7.18772 -1.18523 6
    endloop
  endfacet
  facet normal 0 0 -1
    outer loop
      vertex 6.81228 -1.18523 6
      vertex 8.2 0 6
      vertex 7 -1.2 6
    endloop
  endfacet
  facet normal 0 0 -1
    outer loop
      vertex 6.62918 -1.14127 6
      vertex 8.2 0 6
      vertex 6.81228 -1.18523 6
    endloop
  endfacet
  facet normal 0 0 -1
    outer loop
      vertex 6.45521 -1.06921 6
      vertex 8.2 0 6
      vertex 6.62918 -1.14127 6
    endloop
  endfacet
  facet normal 0 0 -1
    outer loop
      vertex 6.29466 -0.970819 6
      vertex 8.2 0 6
      vertex 6.45521 -1.06921 6
    endloop
  endfacet
  facet normal 0 0 -1
    outer loop
      vertex 6.15147 -0.848528 6
      vertex 8.2 0 6
      vertex 6.29466 -0.970819 6
    endloop
  endfacet
  facet normal 0 0 -1
    outer loop
      vertex 5.95413 -0.582868 6
      vertex 6.15147 -0.848528 6
      vertex 6.02918 -0.705342 6
    endloop
  endfacet
  facet normal 0 0 -1
    outer loop
      vertex 6.15147 -0.848528 6
      vertex 5.95413 -0.582868 6
      vertex 8.2 0 6
    endloop
  endfacet
  facet normal 0 0 -1
    outer loop
      vertex 5.70634 -1.8541 6
      vertex 5.95413 -0.582868 6
      vertex 5.92613 -0.938606 6
    endloop
  endfacet
  facet normal 0 0 -1
    outer loop
      vertex 5.34604 -2.72394 6
      vertex 5.95413 -0.582868 6
      vertex 5.70634 -1.8541 6
    endloop
  endfacet
  facet normal 0 0 -1
    outer loop
      vertex 4.8541 -3.52671 6
      vertex 5.95413 -0.582868 6
      vertex 5.34604 -2.72394 6
    endloop
  endfacet
  facet normal 0 0 -1
    outer loop
      vertex 4.24264 -4.24264 6
      vertex 5.95413 -0.582868 6
      vertex 4.8541 -3.52671 6
    endloop
  endfacet
  facet normal 0 0 -1
    outer loop
      vertex 3.52671 -4.8541 6
      vertex 5.95413 -0.582868 6
      vertex 4.24264 -4.24264 6
    endloop
  endfacet
  facet normal 0 0 -1
    outer loop
      vertex 2.72394 -5.34604 6
      vertex 5.95413 -0.582868 6
      vertex 3.52671 -4.8541 6
    endloop
  endfacet
  facet normal 0 0 -1
    outer loop
      vertex 0.582868 -5.95413 6
      vertex 2.72394 -5.34604 6
      vertex 1.8541 -5.70634 6
    endloop
  endfacet
  facet normal 0 0 -1
    outer loop
      vertex 0.582868 -5.95413 6
      vertex 1.8541 -5.70634 6
      vertex 0.938606 -5.92613 6
    endloop
  endfacet
  facet normal -0 0 -1
    outer loop
      vertex 2.72394 -5.34604 6
      vertex 0.582868 -5.95413 6
      vertex 5.95413 -0.582868 6
    endloop
  endfacet
  facet normal 0 0 -1
    outer loop
      vertex 0.37082 -8.14127 6
      vertex 0.582868 -5.95413 6
      vertex 0.544788 -8.06921 6
    endloop
  endfacet
  facet normal 0 0 -1
    outer loop
      vertex 0.187721 -8.18523 6
      vertex 0.582868 -5.95413 6
      vertex 0.37082 -8.14127 6
    endloop
  endfacet
  facet normal 0 0 -1
    outer loop
      vertex 0 -8.2 6
      vertex 0.582868 -5.95413 6
      vertex 0.187721 -8.18523 6
    endloop
  endfacet
  facet normal 0 0 -1
    outer loop
      vertex -0.187721 -8.18523 6
      vertex 0.582868 -5.95413 6
      vertex 0 -8.2 6
    endloop
  endfacet
  facet normal 0 0 -1
    outer loop
      vertex -0.37082 -8.14127 6
      vertex 0.582868 -5.95413 6
      vertex -0.187721 -8.18523 6
    endloop
  endfacet
  facet normal 0 0 -1
    outer loop
      vertex -0.544788 -8.06921 6
      vertex 0.582868 -5.95413 6
      vertex -0.37082 -8.14127 6
    endloop
  endfacet
  facet normal 0 0 -1
    outer loop
      vertex -0.582868 -5.95413 6
      vertex 0.582868 -5.95413 6
      vertex -0.544788 -8.06921 6
    endloop
  endfacet
  facet normal 0 0 -1
    outer loop
      vertex -0.582868 -5.95413 6
      vertex 5.95413 -0.582868 6
      vertex 0.582868 -5.95413 6
    endloop
  endfacet
  facet normal 0 0 -1
    outer loop
      vertex -1.8541 -5.70634 6
      vertex -0.582868 -5.95413 6
      vertex -0.938606 -5.92613 6
    endloop
  endfacet
  facet normal 0 0 -1
    outer loop
      vertex -2.72394 -5.34604 6
      vertex -0.582868 -5.95413 6
      vertex -1.8541 -5.70634 6
    endloop
  endfacet
  facet normal 0 0 -1
    outer loop
      vertex -0.582868 -5.95413 6
      vertex -2.72394 -5.34604 6
      vertex 5.95413 -0.582868 6
    endloop
  endfacet
  facet normal 0 0 -1
    outer loop
      vertex -3.52671 -4.8541 6
      vertex 5.95413 -0.582868 6
      vertex -2.72394 -5.34604 6
    endloop
  endfacet
  facet normal 0 0 -1
    outer loop
      vertex -4.24264 -4.24264 6
      vertex 5.95413 -0.582868 6
      vertex -3.52671 -4.8541 6
    endloop
  endfacet
  facet normal 0 0 -1
    outer loop
      vertex -4.8541 -3.52671 6
      vertex 5.95413 -0.582868 6
      vertex -4.24264 -4.24264 6
    endloop
  endfacet
  facet normal 0 0 -1
    outer loop
      vertex -5.34604 -2.72394 6
      vertex 5.95413 -0.582868 6
      vertex -4.8541 -3.52671 6
    endloop
  endfacet
  facet normal 0 0 -1
    outer loop
      vertex -5.95413 -0.582868 6
      vertex 5.95413 -0.582868 6
      vertex -5.34604 -2.72394 6
    endloop
  endfacet
  facet normal 0 0 -1
    outer loop
      vertex -5.95413 -0.582868 6
      vertex -5.34604 -2.72394 6
      vertex -5.70634 -1.8541 6
    endloop
  endfacet
  facet normal 0 0 -1
    outer loop
      vertex -5.95413 -0.582868 6
      vertex -5.70634 -1.8541 6
      vertex -5.92613 -0.938606 6
    endloop
  endfacet
  facet normal 0 0 -1
    outer loop
      vertex 5.95413 -0.582868 6
      vertex -5.95413 -0.582868 6
      vertex 8.2 0 6
    endloop
  endfacet
  facet normal 0 0 -1
    outer loop
      vertex -6.15147 -0.848528 6
      vertex -5.95413 -0.582868 6
      vertex -6.02918 -0.705342 6
    endloop
  endfacet
  facet normal 0 0 -1
    outer loop
      vertex -6.29466 -0.970819 6
      vertex -5.95413 -0.582868 6
      vertex -6.15147 -0.848528 6
    endloop
  endfacet
  facet normal 0 0 -1
    outer loop
      vertex -6.45521 -1.06921 6
      vertex -5.95413 -0.582868 6
      vertex -6.29466 -0.970819 6
    endloop
  endfacet
  facet normal 0 0 -1
    outer loop
      vertex -6.62918 -1.14127 6
      vertex -5.95413 -0.582868 6
      vertex -6.45521 -1.06921 6
    endloop
  endfacet
  facet normal 0 0 -1
    outer loop
      vertex -6.81228 -1.18523 6
      vertex -5.95413 -0.582868 6
      vertex -6.62918 -1.14127 6
    endloop
  endfacet
  facet normal 0 0 -1
    outer loop
      vertex -7 -1.2 6
      vertex -5.95413 -0.582868 6
      vertex -6.81228 -1.18523 6
    endloop
  endfacet
  facet normal 0 0 -1
    outer loop
      vertex -7.18772 -1.18523 6
      vertex -5.95413 -0.582868 6
      vertex -7 -1.2 6
    endloop
  endfacet
  facet normal 0 0 -1
    outer loop
      vertex -7.37082 -1.14127 6
      vertex -5.95413 -0.582868 6
      vertex -7.18772 -1.18523 6
    endloop
  endfacet
  facet normal 0 0 -1
    outer loop
      vertex -7.54479 -1.06921 6
      vertex -5.95413 -0.582868 6
      vertex -7.37082 -1.14127 6
    endloop
  endfacet
  facet normal 0 0 -1
    outer loop
      vertex -7.70534 -0.970819 6
      vertex -5.95413 -0.582868 6
      vertex -7.54479 -1.06921 6
    endloop
  endfacet
  facet normal 0 0 -1
    outer loop
      vertex -7.84853 -0.848528 6
      vertex -5.95413 -0.582868 6
      vertex -7.70534 -0.970819 6
    endloop
  endfacet
  facet normal 0 0 -1
    outer loop
      vertex -7.97082 -0.705342 6
      vertex -5.95413 -0.582868 6
      vertex -7.84853 -0.848528 6
    endloop
  endfacet
  facet normal 0 0 -1
    outer loop
      vertex -8.06921 -0.544788 6
      vertex -5.95413 -0.582868 6
      vertex -7.97082 -0.705342 6
    endloop
  endfacet
  facet normal 0 0 -1
    outer loop
      vertex -8.2 0 6
      vertex -5.95413 -0.582868 6
      vertex -8.06921 -0.544788 6
    endloop
  endfacet
  facet normal 0 0 -1
    outer loop
      vertex -8.2 0 6
      vertex -8.06921 -0.544788 6
      vertex -8.14127 -0.37082 6
    endloop
  endfacet
  facet normal 0 0 -1
    outer loop
      vertex -8.2 0 6
      vertex -8.14127 -0.37082 6
      vertex -8.18523 -0.187721 6
    endloop
  endfacet
  facet normal 0 0 -1
    outer loop
      vertex -5.95413 -0.582868 6
      vertex -8.2 0 6
      vertex 8.2 0 6
    endloop
  endfacet
  facet normal 0 0 -1
    outer loop
      vertex -0.705342 -7.97082 6
      vertex -0.582868 -5.95413 6
      vertex -0.544788 -8.06921 6
    endloop
  endfacet
  facet normal 0 0 -1
    outer loop
      vertex -0.848528 -7.84853 6
      vertex -0.582868 -5.95413 6
      vertex -0.705342 -7.97082 6
    endloop
  endfacet
  facet normal 0 0 -1
    outer loop
      vertex -0.848528 -6.15147 6
      vertex -0.582868 -5.95413 6
      vertex -0.848528 -7.84853 6
    endloop
  endfacet
  facet normal 0 0 -1
    outer loop
      vertex -0.582868 -5.95413 6
      vertex -0.848528 -6.15147 6
      vertex -0.705342 -6.02918 6
    endloop
  endfacet
  facet normal 0 0 -1
    outer loop
      vertex -0.970819 -7.70534 6
      vertex -0.848528 -6.15147 6
      vertex -0.848528 -7.84853 6
    endloop
  endfacet
  facet normal 0 0 -1
    outer loop
      vertex -0.970819 -7.70534 6
      vertex -0.970819 -6.29466 6
      vertex -0.848528 -6.15147 6
    endloop
  endfacet
  facet normal 0 0 -1
    outer loop
      vertex -1.06921 -7.54479 6
      vertex -0.970819 -6.29466 6
      vertex -0.970819 -7.70534 6
    endloop
  endfacet
  facet normal 0 0 -1
    outer loop
      vertex -1.06921 -7.54479 6
      vertex -1.06921 -6.45521 6
      vertex -0.970819 -6.29466 6
    endloop
  endfacet
  facet normal 0 0 -1
    outer loop
      vertex -1.14127 -7.37082 6
      vertex -1.06921 -6.45521 6
      vertex -1.06921 -7.54479 6
    endloop
  endfacet
  facet normal 0 0 -1
    outer loop
      vertex -1.14127 -7.37082 6
      vertex -1.14127 -6.62918 6
      vertex -1.06921 -6.45521 6
    endloop
  endfacet
  facet normal 0 0 -1
    outer loop
      vertex -1.18523 -7.18772 6
      vertex -1.14127 -6.62918 6
      vertex -1.14127 -7.37082 6
    endloop
  endfacet
  facet normal 0 0 -1
    outer loop
      vertex -1.18523 -7.18772 6
      vertex -1.18523 -6.81228 6
      vertex -1.14127 -6.62918 6
    endloop
  endfacet
  facet normal 0 -0 -1
    outer loop
      vertex -1.18523 -6.81228 6
      vertex -1.18523 -7.18772 6
      vertex -1.2 -7 6
    endloop
  endfacet
  facet normal 0.522501 0.852639 -0
    outer loop
      vertex 10.5801 14.5623 0
      vertex 8.17183 16.0381 6
      vertex 10.5801 14.5623 6
    endloop
  endfacet
  facet normal 0.522501 0.852639 0
    outer loop
      vertex 8.17183 16.0381 6
      vertex 10.5801 14.5623 0
      vertex 8.17183 16.0381 0
    endloop
  endfacet
  facet normal 0.0784556 0.996918 -0
    outer loop
      vertex 2.81582 17.7784 0
      vertex 0 18 6
      vertex 2.81582 17.7784 6
    endloop
  endfacet
  facet normal 0.0784556 0.996918 0
    outer loop
      vertex 0 18 6
      vertex 2.81582 17.7784 0
      vertex 0 18 0
    endloop
  endfacet
  facet normal 0.382684 -0.923879 0
    outer loop
      vertex 5.56231 -17.119 0
      vertex 8.17183 -16.0381 6
      vertex 5.56231 -17.119 6
    endloop
  endfacet
  facet normal 0.382684 -0.923879 0
    outer loop
      vertex 8.17183 -16.0381 6
      vertex 5.56231 -17.119 0
      vertex 8.17183 -16.0381 0
    endloop
  endfacet
  facet normal -0.522501 -0.852639 0
    outer loop
      vertex -10.5801 -14.5623 0
      vertex -8.17183 -16.0381 6
      vertex -10.5801 -14.5623 6
    endloop
  endfacet
  facet normal -0.522501 -0.852639 -0
    outer loop
      vertex -8.17183 -16.0381 6
      vertex -10.5801 -14.5623 0
      vertex -8.17183 -16.0381 0
    endloop
  endfacet
  facet normal -0.852639 -0.522501 0
    outer loop
      vertex -14.5623 -10.5801 0
      vertex -16.0381 -8.17183 6
      vertex -16.0381 -8.17183 0
    endloop
  endfacet
  facet normal -0.852639 -0.522501 0
    outer loop
      vertex -16.0381 -8.17183 6
      vertex -14.5623 -10.5801 0
      vertex -14.5623 -10.5801 6
    endloop
  endfacet
  facet normal 0.996918 -0.0784556 0
    outer loop
      vertex 17.7784 -2.81582 6
      vertex 18 0 0
      vertex 18 0 6
    endloop
  endfacet
  facet normal 0.996918 -0.0784556 0
    outer loop
      vertex 18 0 0
      vertex 17.7784 -2.81582 6
      vertex 17.7784 -2.81582 0
    endloop
  endfacet
  facet normal -0.760405 0.649449 0
    outer loop
      vertex -14.5623 10.5801 0
      vertex -12.7279 12.7279 6
      vertex -12.7279 12.7279 0
    endloop
  endfacet
  facet normal -0.760405 0.649449 0
    outer loop
      vertex -12.7279 12.7279 6
      vertex -14.5623 10.5801 0
      vertex -14.5623 10.5801 6
    endloop
  endfacet
  facet normal 0.972368 -0.233454 0
    outer loop
      vertex 17.119 -5.56231 6
      vertex 17.7784 -2.81582 0
      vertex 17.7784 -2.81582 6
    endloop
  endfacet
  facet normal 0.972368 -0.233454 0
    outer loop
      vertex 17.7784 -2.81582 0
      vertex 17.119 -5.56231 6
      vertex 17.119 -5.56231 0
    endloop
  endfacet
  facet normal -0.972368 0.233454 0
    outer loop
      vertex -17.7784 2.81582 0
      vertex -17.119 5.56231 6
      vertex -17.119 5.56231 0
    endloop
  endfacet
  facet normal -0.972368 0.233454 0
    outer loop
      vertex -17.119 5.56231 6
      vertex -17.7784 2.81582 0
      vertex -17.7784 2.81582 6
    endloop
  endfacet
  facet normal -0.760405 -0.649449 0
    outer loop
      vertex -12.7279 -12.7279 0
      vertex -14.5623 -10.5801 6
      vertex -14.5623 -10.5801 0
    endloop
  endfacet
  facet normal -0.760405 -0.649449 0
    outer loop
      vertex -14.5623 -10.5801 6
      vertex -12.7279 -12.7279 0
      vertex -12.7279 -12.7279 6
    endloop
  endfacet
  facet normal -0.233454 -0.972368 0
    outer loop
      vertex -5.56231 -17.119 0
      vertex -2.81582 -17.7784 6
      vertex -5.56231 -17.119 6
    endloop
  endfacet
  facet normal -0.233454 -0.972368 -0
    outer loop
      vertex -2.81582 -17.7784 6
      vertex -5.56231 -17.119 0
      vertex -2.81582 -17.7784 0
    endloop
  endfacet
  facet normal -0.382684 -0.923879 0
    outer loop
      vertex -8.17183 -16.0381 0
      vertex -5.56231 -17.119 6
      vertex -8.17183 -16.0381 6
    endloop
  endfacet
  facet normal -0.382684 -0.923879 -0
    outer loop
      vertex -5.56231 -17.119 6
      vertex -8.17183 -16.0381 0
      vertex -5.56231 -17.119 0
    endloop
  endfacet
  facet normal 0.233454 0.972368 -0
    outer loop
      vertex 5.56231 17.119 0
      vertex 2.81582 17.7784 6
      vertex 5.56231 17.119 6
    endloop
  endfacet
  facet normal 0.233454 0.972368 0
    outer loop
      vertex 2.81582 17.7784 6
      vertex 5.56231 17.119 0
      vertex 2.81582 17.7784 0
    endloop
  endfacet
  facet normal 0 0 -1
    outer loop
      vertex 10.3 0 0
      vertex 18 0 0
      vertex 17.7784 -2.81582 0
    endloop
  endfacet
  facet normal 0 0 -1
    outer loop
      vertex 10.1732 -1.61127 0
      vertex 17.7784 -2.81582 0
      vertex 17.119 -5.56231 0
    endloop
  endfacet
  facet normal 0 0 -1
    outer loop
      vertex 18 0 0
      vertex 10.3 0 0
      vertex 17.7784 2.81582 0
    endloop
  endfacet
  facet normal 0 0 -1
    outer loop
      vertex 9.79588 -3.18287 0
      vertex 17.119 -5.56231 0
      vertex 16.0381 -8.17183 0
    endloop
  endfacet
  facet normal 0 0 -1
    outer loop
      vertex 10.1732 1.61127 0
      vertex 17.7784 2.81582 0
      vertex 10.3 0 0
    endloop
  endfacet
  facet normal 0 0 -1
    outer loop
      vertex 9.17737 -4.6761 0
      vertex 16.0381 -8.17183 0
      vertex 14.5623 -10.5801 0
    endloop
  endfacet
  facet normal -0 0 -1
    outer loop
      vertex 17.7784 2.81582 0
      vertex 10.1732 1.61127 0
      vertex 17.119 5.56231 0
    endloop
  endfacet
  facet normal 0 0 -1
    outer loop
      vertex 8.33287 -6.05419 0
      vertex 14.5623 -10.5801 0
      vertex 12.7279 -12.7279 0
    endloop
  endfacet
  facet normal 0 0 -1
    outer loop
      vertex 9.79588 3.18287 0
      vertex 17.119 5.56231 0
      vertex 10.1732 1.61127 0
    endloop
  endfacet
  facet normal 0 0 -1
    outer loop
      vertex 7.2832 -7.2832 0
      vertex 12.7279 -12.7279 0
      vertex 10.5801 -14.5623 0
    endloop
  endfacet
  facet normal -0 0 -1
    outer loop
      vertex 17.119 5.56231 0
      vertex 9.79588 3.18287 0
      vertex 16.0381 8.17183 0
    endloop
  endfacet
  facet normal 0 0 -1
    outer loop
      vertex 9.17737 4.6761 0
      vertex 16.0381 8.17183 0
      vertex 9.79588 3.18287 0
    endloop
  endfacet
  facet normal 0 0 -1
    outer loop
      vertex 17.7784 -2.81582 0
      vertex 10.1732 -1.61127 0
      vertex 10.3 0 0
    endloop
  endfacet
  facet normal 0 0 -1
    outer loop
      vertex 17.119 -5.56231 0
      vertex 9.79588 -3.18287 0
      vertex 10.1732 -1.61127 0
    endloop
  endfacet
  facet normal 0 0 -1
    outer loop
      vertex 16.0381 -8.17183 0
      vertex 9.17737 -4.6761 0
      vertex 9.79588 -3.18287 0
    endloop
  endfacet
  facet normal 0 0 -1
    outer loop
      vertex 14.5623 -10.5801 0
      vertex 8.33287 -6.05419 0
      vertex 9.17737 -4.6761 0
    endloop
  endfacet
  facet normal 0 0 -1
    outer loop
      vertex 6.05419 -8.33287 0
      vertex 10.5801 -14.5623 0
      vertex 8.17183 -16.0381 0
    endloop
  endfacet
  facet normal 0 0 -1
    outer loop
      vertex 12.7279 -12.7279 0
      vertex 7.2832 -7.2832 0
      vertex 8.33287 -6.05419 0
    endloop
  endfacet
  facet normal 0 0 -1
    outer loop
      vertex 10.5801 -14.5623 0
      vertex 6.05419 -8.33287 0
      vertex 7.2832 -7.2832 0
    endloop
  endfacet
  facet normal 0 0 -1
    outer loop
      vertex 4.6761 -9.17737 0
      vertex 8.17183 -16.0381 0
      vertex 5.56231 -17.119 0
    endloop
  endfacet
  facet normal 0 0 -1
    outer loop
      vertex 8.17183 -16.0381 0
      vertex 4.6761 -9.17737 0
      vertex 6.05419 -8.33287 0
    endloop
  endfacet
  facet normal 0 0 -1
    outer loop
      vertex 5.56231 -17.119 0
      vertex 3.18287 -9.79588 0
      vertex 4.6761 -9.17737 0
    endloop
  endfacet
  facet normal 0 0 -1
    outer loop
      vertex 2.81582 -17.7784 0
      vertex 3.18287 -9.79588 0
      vertex 5.56231 -17.119 0
    endloop
  endfacet
  facet normal 0 0 -1
    outer loop
      vertex 2.81582 -17.7784 0
      vertex 1.61127 -10.1732 0
      vertex 3.18287 -9.79588 0
    endloop
  endfacet
  facet normal 0 0 -1
    outer loop
      vertex 0 -18 0
      vertex 1.61127 -10.1732 0
      vertex 2.81582 -17.7784 0
    endloop
  endfacet
  facet normal 0 0 -1
    outer loop
      vertex 0 -18 0
      vertex 0 -10.3 0
      vertex 1.61127 -10.1732 0
    endloop
  endfacet
  facet normal 0 0 -1
    outer loop
      vertex 0 -18 0
      vertex -1.61127 -10.1732 0
      vertex 0 -10.3 0
    endloop
  endfacet
  facet normal 0 0 -1
    outer loop
      vertex -2.81582 -17.7784 0
      vertex -1.61127 -10.1732 0
      vertex 0 -18 0
    endloop
  endfacet
  facet normal 0 0 -1
    outer loop
      vertex -2.81582 -17.7784 0
      vertex -3.18287 -9.79588 0
      vertex -1.61127 -10.1732 0
    endloop
  endfacet
  facet normal 0 0 -1
    outer loop
      vertex -5.56231 -17.119 0
      vertex -3.18287 -9.79588 0
      vertex -2.81582 -17.7784 0
    endloop
  endfacet
  facet normal -0 0 -1
    outer loop
      vertex -3.18287 -9.79588 0
      vertex -5.56231 -17.119 0
      vertex -4.6761 -9.17737 0
    endloop
  endfacet
  facet normal 0 0 -1
    outer loop
      vertex -8.17183 -16.0381 0
      vertex -4.6761 -9.17737 0
      vertex -5.56231 -17.119 0
    endloop
  endfacet
  facet normal -0 0 -1
    outer loop
      vertex -4.6761 -9.17737 0
      vertex -8.17183 -16.0381 0
      vertex -6.05419 -8.33287 0
    endloop
  endfacet
  facet normal 0 0 -1
    outer loop
      vertex -10.5801 -14.5623 0
      vertex -6.05419 -8.33287 0
      vertex -8.17183 -16.0381 0
    endloop
  endfacet
  facet normal -0 0 -1
    outer loop
      vertex -6.05419 -8.33287 0
      vertex -10.5801 -14.5623 0
      vertex -7.2832 -7.2832 0
    endloop
  endfacet
  facet normal 0 0 -1
    outer loop
      vertex -12.7279 -12.7279 0
      vertex -7.2832 -7.2832 0
      vertex -10.5801 -14.5623 0
    endloop
  endfacet
  facet normal -0 0 -1
    outer loop
      vertex -7.2832 -7.2832 0
      vertex -12.7279 -12.7279 0
      vertex -8.33287 -6.05419 0
    endloop
  endfacet
  facet normal 0 0 -1
    outer loop
      vertex -14.5623 -10.5801 0
      vertex -8.33287 -6.05419 0
      vertex -12.7279 -12.7279 0
    endloop
  endfacet
  facet normal 0 0 -1
    outer loop
      vertex -16.0381 -8.17183 0
      vertex -9.17737 -4.6761 0
      vertex -14.5623 -10.5801 0
    endloop
  endfacet
  facet normal -0 0 -1
    outer loop
      vertex -8.33287 -6.05419 0
      vertex -14.5623 -10.5801 0
      vertex -9.17737 -4.6761 0
    endloop
  endfacet
  facet normal -0 0 -1
    outer loop
      vertex 16.0381 8.17183 0
      vertex 9.17737 4.6761 0
      vertex 14.5623 10.5801 0
    endloop
  endfacet
  facet normal 0 0 -1
    outer loop
      vertex 8.33287 6.05419 0
      vertex 14.5623 10.5801 0
      vertex 9.17737 4.6761 0
    endloop
  endfacet
  facet normal -0 0 -1
    outer loop
      vertex 14.5623 10.5801 0
      vertex 8.33287 6.05419 0
      vertex 12.7279 12.7279 0
    endloop
  endfacet
  facet normal 0 0 -1
    outer loop
      vertex 7.2832 7.2832 0
      vertex 12.7279 12.7279 0
      vertex 8.33287 6.05419 0
    endloop
  endfacet
  facet normal -0 0 -1
    outer loop
      vertex 12.7279 12.7279 0
      vertex 7.2832 7.2832 0
      vertex 10.5801 14.5623 0
    endloop
  endfacet
  facet normal 0 0 -1
    outer loop
      vertex 6.05419 8.33287 0
      vertex 10.5801 14.5623 0
      vertex 7.2832 7.2832 0
    endloop
  endfacet
  facet normal -0 0 -1
    outer loop
      vertex 10.5801 14.5623 0
      vertex 6.05419 8.33287 0
      vertex 8.17183 16.0381 0
    endloop
  endfacet
  facet normal 0 0 -1
    outer loop
      vertex 4.6761 9.17737 0
      vertex 8.17183 16.0381 0
      vertex 6.05419 8.33287 0
    endloop
  endfacet
  facet normal -0 0 -1
    outer loop
      vertex 8.17183 16.0381 0
      vertex 4.6761 9.17737 0
      vertex 5.56231 17.119 0
    endloop
  endfacet
  facet normal 0 0 -1
    outer loop
      vertex 3.18287 9.79588 0
      vertex 5.56231 17.119 0
      vertex 4.6761 9.17737 0
    endloop
  endfacet
  facet normal 0 0 -1
    outer loop
      vertex 3.18287 9.79588 0
      vertex 2.81582 17.7784 0
      vertex 5.56231 17.119 0
    endloop
  endfacet
  facet normal 0 0 -1
    outer loop
      vertex 1.61127 10.1732 0
      vertex 2.81582 17.7784 0
      vertex 3.18287 9.79588 0
    endloop
  endfacet
  facet normal 0 0 -1
    outer loop
      vertex 0 10.3 0
      vertex 2.81582 17.7784 0
      vertex 1.61127 10.1732 0
    endloop
  endfacet
  facet normal 0 0 -1
    outer loop
      vertex 0 10.3 0
      vertex 0 18 0
      vertex 2.81582 17.7784 0
    endloop
  endfacet
  facet normal 0 0 -1
    outer loop
      vertex -1.61127 10.1732 0
      vertex 0 18 0
      vertex 0 10.3 0
    endloop
  endfacet
  facet normal 0 0 -1
    outer loop
      vertex -1.61127 10.1732 0
      vertex -2.81582 17.7784 0
      vertex 0 18 0
    endloop
  endfacet
  facet normal 0 0 -1
    outer loop
      vertex -3.18287 9.79588 0
      vertex -2.81582 17.7784 0
      vertex -1.61127 10.1732 0
    endloop
  endfacet
  facet normal 0 0 -1
    outer loop
      vertex -5.56231 17.119 0
      vertex -3.18287 9.79588 0
      vertex -4.6761 9.17737 0
    endloop
  endfacet
  facet normal 0 0 -1
    outer loop
      vertex -3.18287 9.79588 0
      vertex -5.56231 17.119 0
      vertex -2.81582 17.7784 0
    endloop
  endfacet
  facet normal 0 0 -1
    outer loop
      vertex -8.17183 16.0381 0
      vertex -4.6761 9.17737 0
      vertex -6.05419 8.33287 0
    endloop
  endfacet
  facet normal 0 0 -1
    outer loop
      vertex -10.5801 14.5623 0
      vertex -6.05419 8.33287 0
      vertex -7.2832 7.2832 0
    endloop
  endfacet
  facet normal 0 0 -1
    outer loop
      vertex -4.6761 9.17737 0
      vertex -8.17183 16.0381 0
      vertex -5.56231 17.119 0
    endloop
  endfacet
  facet normal 0 0 -1
    outer loop
      vertex -12.7279 12.7279 0
      vertex -7.2832 7.2832 0
      vertex -8.33287 6.05419 0
    endloop
  endfacet
  facet normal 0 0 -1
    outer loop
      vertex -14.5623 10.5801 0
      vertex -8.33287 6.05419 0
      vertex -9.17737 4.6761 0
    endloop
  endfacet
  facet normal 0 0 -1
    outer loop
      vertex -16.0381 8.17183 0
      vertex -9.17737 4.6761 0
      vertex -9.79588 3.18287 0
    endloop
  endfacet
  facet normal 0 0 -1
    outer loop
      vertex -17.119 5.56231 0
      vertex -9.79588 3.18287 0
      vertex -10.1732 1.61127 0
    endloop
  endfacet
  facet normal 0 0 -1
    outer loop
      vertex -6.05419 8.33287 0
      vertex -10.5801 14.5623 0
      vertex -8.17183 16.0381 0
    endloop
  endfacet
  facet normal 0 0 -1
    outer loop
      vertex -17.7784 2.81582 0
      vertex -10.1732 1.61127 0
      vertex -10.3 0 0
    endloop
  endfacet
  facet normal -0 0 -1
    outer loop
      vertex -9.17737 -4.6761 0
      vertex -16.0381 -8.17183 0
      vertex -9.79588 -3.18287 0
    endloop
  endfacet
  facet normal 0 0 -1
    outer loop
      vertex -17.119 -5.56231 0
      vertex -9.79588 -3.18287 0
      vertex -16.0381 -8.17183 0
    endloop
  endfacet
  facet normal 0 0 -1
    outer loop
      vertex -7.2832 7.2832 0
      vertex -12.7279 12.7279 0
      vertex -10.5801 14.5623 0
    endloop
  endfacet
  facet normal -0 0 -1
    outer loop
      vertex -9.79588 -3.18287 0
      vertex -17.119 -5.56231 0
      vertex -10.1732 -1.61127 0
    endloop
  endfacet
  facet normal 0 0 -1
    outer loop
      vertex -8.33287 6.05419 0
      vertex -14.5623 10.5801 0
      vertex -12.7279 12.7279 0
    endloop
  endfacet
  facet normal 0 0 -1
    outer loop
      vertex -17.7784 -2.81582 0
      vertex -10.1732 -1.61127 0
      vertex -17.119 -5.56231 0
    endloop
  endfacet
  facet normal 0 0 -1
    outer loop
      vertex -9.17737 4.6761 0
      vertex -16.0381 8.17183 0
      vertex -14.5623 10.5801 0
    endloop
  endfacet
  facet normal -0 0 -1
    outer loop
      vertex -10.1732 -1.61127 0
      vertex -17.7784 -2.81582 0
      vertex -10.3 0 0
    endloop
  endfacet
  facet normal 0 0 -1
    outer loop
      vertex -9.79588 3.18287 0
      vertex -17.119 5.56231 0
      vertex -16.0381 8.17183 0
    endloop
  endfacet
  facet normal 0 0 -1
    outer loop
      vertex -18 0 0
      vertex -10.3 0 0
      vertex -17.7784 -2.81582 0
    endloop
  endfacet
  facet normal 0 0 -1
    outer loop
      vertex -10.1732 1.61127 0
      vertex -17.7784 2.81582 0
      vertex -17.119 5.56231 0
    endloop
  endfacet
  facet normal 0 0 -1
    outer loop
      vertex -10.3 0 0
      vertex -18 0 0
      vertex -17.7784 2.81582 0
    endloop
  endfacet
  facet normal -0.649449 -0.760405 0
    outer loop
      vertex -12.7279 -12.7279 0
      vertex -10.5801 -14.5623 6
      vertex -12.7279 -12.7279 6
    endloop
  endfacet
  facet normal -0.649449 -0.760405 -0
    outer loop
      vertex -10.5801 -14.5623 6
      vertex -12.7279 -12.7279 0
      vertex -10.5801 -14.5623 0
    endloop
  endfacet
  facet normal -0.0784556 -0.996918 0
    outer loop
      vertex -2.81582 -17.7784 0
      vertex 0 -18 6
      vertex -2.81582 -17.7784 6
    endloop
  endfacet
  facet normal -0.0784556 -0.996918 -0
    outer loop
      vertex 0 -18 6
      vertex -2.81582 -17.7784 0
      vertex 0 -18 0
    endloop
  endfacet
  facet normal 0.649449 0.760405 -0
    outer loop
      vertex 12.7279 12.7279 0
      vertex 10.5801 14.5623 6
      vertex 12.7279 12.7279 6
    endloop
  endfacet
  facet normal 0.649449 0.760405 0
    outer loop
      vertex 10.5801 14.5623 6
      vertex 12.7279 12.7279 0
      vertex 10.5801 14.5623 0
    endloop
  endfacet
  facet normal -0.923879 -0.382684 0
    outer loop
      vertex -16.0381 -8.17183 0
      vertex -17.119 -5.56231 6
      vertex -17.119 -5.56231 0
    endloop
  endfacet
  facet normal -0.923879 -0.382684 0
    outer loop
      vertex -17.119 -5.56231 6
      vertex -16.0381 -8.17183 0
      vertex -16.0381 -8.17183 6
    endloop
  endfacet
  facet normal -0.923879 0.382684 0
    outer loop
      vertex -17.119 5.56231 0
      vertex -16.0381 8.17183 6
      vertex -16.0381 8.17183 0
    endloop
  endfacet
  facet normal -0.923879 0.382684 0
    outer loop
      vertex -16.0381 8.17183 6
      vertex -17.119 5.56231 0
      vertex -17.119 5.56231 6
    endloop
  endfacet
  facet normal 0.760405 -0.649449 0
    outer loop
      vertex 12.7279 -12.7279 6
      vertex 14.5623 -10.5801 0
      vertex 14.5623 -10.5801 6
    endloop
  endfacet
  facet normal 0.760405 -0.649449 0
    outer loop
      vertex 14.5623 -10.5801 0
      vertex 12.7279 -12.7279 6
      vertex 12.7279 -12.7279 0
    endloop
  endfacet
  facet normal -0.233453 0.972368 0
    outer loop
      vertex 3.18287 -9.79588 0
      vertex 1.61127 -10.1732 1.99
      vertex 3.18287 -9.79588 1.99
    endloop
  endfacet
  facet normal -0.233453 0.972368 0
    outer loop
      vertex 1.61127 -10.1732 1.99
      vertex 3.18287 -9.79588 0
      vertex 1.61127 -10.1732 0
    endloop
  endfacet
  facet normal -0.972368 -0.233453 0
    outer loop
      vertex 10.1732 1.61127 0
      vertex 9.79588 3.18287 1.99
      vertex 9.79588 3.18287 0
    endloop
  endfacet
  facet normal -0.972368 -0.233453 0
    outer loop
      vertex 9.79588 3.18287 1.99
      vertex 10.1732 1.61127 0
      vertex 10.1732 1.61127 1.99
    endloop
  endfacet
  facet normal -0.996918 -0.0784531 0
    outer loop
      vertex 10.3 0 0
      vertex 10.1732 1.61127 1.99
      vertex 10.1732 1.61127 0
    endloop
  endfacet
  facet normal -0.996918 -0.0784531 0
    outer loop
      vertex 10.1732 1.61127 1.99
      vertex 10.3 0 0
      vertex 10.3 0 1.99
    endloop
  endfacet
  facet normal -0.923881 -0.38268 0
    outer loop
      vertex 9.79588 3.18287 0
      vertex 9.17737 4.6761 1.99
      vertex 9.17737 4.6761 0
    endloop
  endfacet
  facet normal -0.923881 -0.38268 0
    outer loop
      vertex 9.17737 4.6761 1.99
      vertex 9.79588 3.18287 0
      vertex 9.79588 3.18287 1.99
    endloop
  endfacet
  facet normal -0.996918 0.0784531 0
    outer loop
      vertex 10.1732 -1.61127 0
      vertex 10.3 0 1.99
      vertex 10.3 0 0
    endloop
  endfacet
  facet normal -0.996918 0.0784531 0
    outer loop
      vertex 10.3 0 1.99
      vertex 10.1732 -1.61127 0
      vertex 10.1732 -1.61127 1.99
    endloop
  endfacet
  facet normal -0.649447 0.760407 0
    outer loop
      vertex 7.2832 -7.2832 0
      vertex 6.05419 -8.33287 1.99
      vertex 7.2832 -7.2832 1.99
    endloop
  endfacet
  facet normal -0.649447 0.760407 0
    outer loop
      vertex 6.05419 -8.33287 1.99
      vertex 7.2832 -7.2832 0
      vertex 6.05419 -8.33287 0
    endloop
  endfacet
  facet normal -0.760407 0.649447 0
    outer loop
      vertex 7.2832 -7.2832 0
      vertex 8.33287 -6.05419 1.99
      vertex 8.33287 -6.05419 0
    endloop
  endfacet
  facet normal -0.760407 0.649447 0
    outer loop
      vertex 8.33287 -6.05419 1.99
      vertex 7.2832 -7.2832 0
      vertex 7.2832 -7.2832 1.99
    endloop
  endfacet
  facet normal 0.38268 0.923881 -0
    outer loop
      vertex -3.18287 -9.79588 0
      vertex -4.6761 -9.17737 1.99
      vertex -3.18287 -9.79588 1.99
    endloop
  endfacet
  facet normal 0.38268 0.923881 0
    outer loop
      vertex -4.6761 -9.17737 1.99
      vertex -3.18287 -9.79588 0
      vertex -4.6761 -9.17737 0
    endloop
  endfacet
  facet normal -0.972368 0.233453 0
    outer loop
      vertex 9.79588 -3.18287 0
      vertex 10.1732 -1.61127 1.99
      vertex 10.1732 -1.61127 0
    endloop
  endfacet
  facet normal -0.972368 0.233453 0
    outer loop
      vertex 10.1732 -1.61127 1.99
      vertex 9.79588 -3.18287 0
      vertex 9.79588 -3.18287 1.99
    endloop
  endfacet
  facet normal -0.522501 -0.852639 0
    outer loop
      vertex 4.6761 9.17737 0
      vertex 6.05419 8.33287 1.99
      vertex 4.6761 9.17737 1.99
    endloop
  endfacet
  facet normal -0.522501 -0.852639 -0
    outer loop
      vertex 6.05419 8.33287 1.99
      vertex 4.6761 9.17737 0
      vertex 6.05419 8.33287 0
    endloop
  endfacet
  facet normal 0.233453 0.972368 -0
    outer loop
      vertex -1.61127 -10.1732 0
      vertex -3.18287 -9.79588 1.99
      vertex -1.61127 -10.1732 1.99
    endloop
  endfacet
  facet normal 0.233453 0.972368 0
    outer loop
      vertex -3.18287 -9.79588 1.99
      vertex -1.61127 -10.1732 0
      vertex -3.18287 -9.79588 0
    endloop
  endfacet
  facet normal 0.996918 0.0784531 0
    outer loop
      vertex -10.1732 -1.61127 1.99
      vertex -10.3 0 0
      vertex -10.3 0 1.99
    endloop
  endfacet
  facet normal 0.996918 0.0784531 0
    outer loop
      vertex -10.3 0 0
      vertex -10.1732 -1.61127 1.99
      vertex -10.1732 -1.61127 0
    endloop
  endfacet
  facet normal -0.0784531 -0.996918 0
    outer loop
      vertex 0 10.3 0
      vertex 1.61127 10.1732 1.99
      vertex 0 10.3 1.99
    endloop
  endfacet
  facet normal -0.0784531 -0.996918 -0
    outer loop
      vertex 1.61127 10.1732 1.99
      vertex 0 10.3 0
      vertex 1.61127 10.1732 0
    endloop
  endfacet
  facet normal -0.522501 0.852639 0
    outer loop
      vertex 6.05419 -8.33287 0
      vertex 4.6761 -9.17737 1.99
      vertex 6.05419 -8.33287 1.99
    endloop
  endfacet
  facet normal -0.522501 0.852639 0
    outer loop
      vertex 4.6761 -9.17737 1.99
      vertex 6.05419 -8.33287 0
      vertex 4.6761 -9.17737 0
    endloop
  endfacet
  facet normal 0 0 -1
    outer loop
      vertex -0.938606 5.92613 1.99
      vertex -0.705342 6.02918 1.99
      vertex -0.582868 5.95413 1.99
    endloop
  endfacet
  facet normal 0 0 -1
    outer loop
      vertex -0.938606 5.92613 1.99
      vertex -0.848528 6.15147 1.99
      vertex -0.705342 6.02918 1.99
    endloop
  endfacet
  facet normal 0 0 -1
    outer loop
      vertex -0.938606 5.92613 1.99
      vertex -0.970819 6.29466 1.99
      vertex -0.848528 6.15147 1.99
    endloop
  endfacet
  facet normal 0 0 -1
    outer loop
      vertex -1.8541 5.70634 1.99
      vertex -0.970819 6.29466 1.99
      vertex -0.938606 5.92613 1.99
    endloop
  endfacet
  facet normal -0 0 -1
    outer loop
      vertex -0.970819 6.29466 1.99
      vertex -1.8541 5.70634 1.99
      vertex -1.06921 6.45521 1.99
    endloop
  endfacet
  facet normal 0 0 -1
    outer loop
      vertex -1.8541 5.70634 1.99
      vertex -1.2 7 1.99
      vertex -1.18523 6.81228 1.99
    endloop
  endfacet
  facet normal -0 0 -1
    outer loop
      vertex -1.06921 6.45521 1.99
      vertex -1.8541 5.70634 1.99
      vertex -1.14127 6.62918 1.99
    endloop
  endfacet
  facet normal 0 0 -1
    outer loop
      vertex -1.8541 5.70634 1.99
      vertex -1.18523 6.81228 1.99
      vertex -1.14127 6.62918 1.99
    endloop
  endfacet
  facet normal 0 0 -1
    outer loop
      vertex -1.2 7 1.99
      vertex -1.8541 5.70634 1.99
      vertex -2.72394 5.34604 1.99
    endloop
  endfacet
  facet normal -0 0 -1
    outer loop
      vertex -1.2 7 1.99
      vertex -2.72394 5.34604 1.99
      vertex -4.6761 9.17737 1.99
    endloop
  endfacet
  facet normal 0 0 -1
    outer loop
      vertex -1.2 7 1.99
      vertex -3.18287 9.79588 1.99
      vertex -1.61127 10.1732 1.99
    endloop
  endfacet
  facet normal 0 0 -1
    outer loop
      vertex -4.6761 9.17737 1.99
      vertex -2.72394 5.34604 1.99
      vertex -3.52671 4.8541 1.99
    endloop
  endfacet
  facet normal 0 0 -1
    outer loop
      vertex -6.05419 8.33287 1.99
      vertex -3.52671 4.8541 1.99
      vertex -4.24264 4.24264 1.99
    endloop
  endfacet
  facet normal 0 0 -1
    outer loop
      vertex -1.2 7 1.99
      vertex -4.6761 9.17737 1.99
      vertex -3.18287 9.79588 1.99
    endloop
  endfacet
  facet normal 0 0 -1
    outer loop
      vertex -7.2832 7.2832 1.99
      vertex -4.24264 4.24264 1.99
      vertex -4.8541 3.52671 1.99
    endloop
  endfacet
  facet normal 0 0 -1
    outer loop
      vertex -8.33287 6.05419 1.99
      vertex -4.8541 3.52671 1.99
      vertex -5.34604 2.72394 1.99
    endloop
  endfacet
  facet normal 0 0 -1
    outer loop
      vertex -7 1.2 1.99
      vertex -5.34604 2.72394 1.99
      vertex -5.70634 1.8541 1.99
    endloop
  endfacet
  facet normal 0 0 -1
    outer loop
      vertex -6.29466 0.970819 1.99
      vertex -5.70634 1.8541 1.99
      vertex -5.92613 0.938606 1.99
    endloop
  endfacet
  facet normal 0 0 -1
    outer loop
      vertex -6.02918 0.705342 1.99
      vertex -5.92613 0.938606 1.99
      vertex -5.95413 0.582868 1.99
    endloop
  endfacet
  facet normal 0 0 -1
    outer loop
      vertex -6.15147 0.848528 1.99
      vertex -5.92613 0.938606 1.99
      vertex -6.02918 0.705342 1.99
    endloop
  endfacet
  facet normal 0 0 -1
    outer loop
      vertex -6.29466 0.970819 1.99
      vertex -5.92613 0.938606 1.99
      vertex -6.15147 0.848528 1.99
    endloop
  endfacet
  facet normal 0 0 -1
    outer loop
      vertex -3.52671 4.8541 1.99
      vertex -6.05419 8.33287 1.99
      vertex -4.6761 9.17737 1.99
    endloop
  endfacet
  facet normal 0 0 -1
    outer loop
      vertex -5.70634 1.8541 1.99
      vertex -6.29466 0.970819 1.99
      vertex -6.45521 1.06921 1.99
    endloop
  endfacet
  facet normal 0 0 -1
    outer loop
      vertex -5.70634 1.8541 1.99
      vertex -6.45521 1.06921 1.99
      vertex -6.62918 1.14127 1.99
    endloop
  endfacet
  facet normal 0 0 -1
    outer loop
      vertex -6.81228 1.18523 1.99
      vertex -5.70634 1.8541 1.99
      vertex -6.62918 1.14127 1.99
    endloop
  endfacet
  facet normal 0 0 -1
    outer loop
      vertex -7 1.2 1.99
      vertex -5.70634 1.8541 1.99
      vertex -6.81228 1.18523 1.99
    endloop
  endfacet
  facet normal 0 0 -1
    outer loop
      vertex -5.34604 2.72394 1.99
      vertex -7 1.2 1.99
      vertex -7.18772 1.18523 1.99
    endloop
  endfacet
  facet normal -0 0 -1
    outer loop
      vertex -5.34604 2.72394 1.99
      vertex -7.18772 1.18523 1.99
      vertex -9.17737 4.6761 1.99
    endloop
  endfacet
  facet normal 0 0 -1
    outer loop
      vertex -4.24264 4.24264 1.99
      vertex -7.2832 7.2832 1.99
      vertex -6.05419 8.33287 1.99
    endloop
  endfacet
  facet normal 0 0 -1
    outer loop
      vertex -9.79588 3.18287 1.99
      vertex -7.18772 1.18523 1.99
      vertex -7.37082 1.14127 1.99
    endloop
  endfacet
  facet normal 0 0 -1
    outer loop
      vertex -9.79588 3.18287 1.99
      vertex -7.37082 1.14127 1.99
      vertex -7.54479 1.06921 1.99
    endloop
  endfacet
  facet normal 0 0 -1
    outer loop
      vertex -9.79588 3.18287 1.99
      vertex -7.54479 1.06921 1.99
      vertex -7.70534 0.970819 1.99
    endloop
  endfacet
  facet normal 0 0 -1
    outer loop
      vertex -10.1732 1.61127 1.99
      vertex -7.70534 0.970819 1.99
      vertex -7.84853 0.848528 1.99
    endloop
  endfacet
  facet normal 0 0 -1
    outer loop
      vertex -10.1732 1.61127 1.99
      vertex -7.84853 0.848528 1.99
      vertex -7.97082 0.705342 1.99
    endloop
  endfacet
  facet normal 0 0 -1
    outer loop
      vertex -10.1732 1.61127 1.99
      vertex -7.97082 0.705342 1.99
      vertex -8.06921 0.544788 1.99
    endloop
  endfacet
  facet normal 0 0 -1
    outer loop
      vertex -10.1732 1.61127 1.99
      vertex -8.06921 0.544788 1.99
      vertex -8.14127 0.37082 1.99
    endloop
  endfacet
  facet normal 0 0 -1
    outer loop
      vertex -10.3 0 1.99
      vertex -8.14127 0.37082 1.99
      vertex -8.18523 0.187721 1.99
    endloop
  endfacet
  facet normal 0 0 -1
    outer loop
      vertex -4.8541 3.52671 1.99
      vertex -8.33287 6.05419 1.99
      vertex -7.2832 7.2832 1.99
    endloop
  endfacet
  facet normal 0 0 -1
    outer loop
      vertex -10.3 0 1.99
      vertex -8.18523 0.187721 1.99
      vertex -8.2 0 1.99
    endloop
  endfacet
  facet normal -0 0 -1
    outer loop
      vertex -8.06921 -0.544788 1.99
      vertex -10.1732 -1.61127 1.99
      vertex -8.14127 -0.37082 1.99
    endloop
  endfacet
  facet normal 0 0 -1
    outer loop
      vertex -10.3 0 1.99
      vertex -8.14127 -0.37082 1.99
      vertex -10.1732 -1.61127 1.99
    endloop
  endfacet
  facet normal 0 0 -1
    outer loop
      vertex -5.34604 2.72394 1.99
      vertex -9.17737 4.6761 1.99
      vertex -8.33287 6.05419 1.99
    endloop
  endfacet
  facet normal 0 0 -1
    outer loop
      vertex -8.14127 -0.37082 1.99
      vertex -10.3 0 1.99
      vertex -8.18523 -0.187721 1.99
    endloop
  endfacet
  facet normal 0 0 -1
    outer loop
      vertex -7.18772 1.18523 1.99
      vertex -9.79588 3.18287 1.99
      vertex -9.17737 4.6761 1.99
    endloop
  endfacet
  facet normal 0 0 -1
    outer loop
      vertex -8.18523 -0.187721 1.99
      vertex -10.3 0 1.99
      vertex -8.2 0 1.99
    endloop
  endfacet
  facet normal 0 0 -1
    outer loop
      vertex -7.70534 0.970819 1.99
      vertex -10.1732 1.61127 1.99
      vertex -9.79588 3.18287 1.99
    endloop
  endfacet
  facet normal -0 0 -1
    outer loop
      vertex -8.14127 0.37082 1.99
      vertex -10.3 0 1.99
      vertex -10.1732 1.61127 1.99
    endloop
  endfacet
  facet normal 0 0 -1
    outer loop
      vertex 2.72394 -5.34604 1.99
      vertex 1.18523 -7.18772 1.99
      vertex 1.2 -7 1.99
    endloop
  endfacet
  facet normal 0 0 -1
    outer loop
      vertex 3.18287 -9.79588 1.99
      vertex 1.14127 -7.37082 1.99
      vertex 1.18523 -7.18772 1.99
    endloop
  endfacet
  facet normal 0 0 -1
    outer loop
      vertex 3.18287 -9.79588 1.99
      vertex 1.06921 -7.54479 1.99
      vertex 1.14127 -7.37082 1.99
    endloop
  endfacet
  facet normal 0 0 -1
    outer loop
      vertex 3.18287 -9.79588 1.99
      vertex 0.970819 -7.70534 1.99
      vertex 1.06921 -7.54479 1.99
    endloop
  endfacet
  facet normal 0 0 -1
    outer loop
      vertex 1.61127 -10.1732 1.99
      vertex 0.848528 -7.84853 1.99
      vertex 0.970819 -7.70534 1.99
    endloop
  endfacet
  facet normal 0 0 -1
    outer loop
      vertex 1.61127 -10.1732 1.99
      vertex 0.705342 -7.97082 1.99
      vertex 0.848528 -7.84853 1.99
    endloop
  endfacet
  facet normal 0 0 -1
    outer loop
      vertex 1.61127 -10.1732 1.99
      vertex 0.544788 -8.06921 1.99
      vertex 0.705342 -7.97082 1.99
    endloop
  endfacet
  facet normal 0 0 -1
    outer loop
      vertex 1.61127 -10.1732 1.99
      vertex 0.37082 -8.14127 1.99
      vertex 0.544788 -8.06921 1.99
    endloop
  endfacet
  facet normal 0 0 -1
    outer loop
      vertex 0 -10.3 1.99
      vertex 0.37082 -8.14127 1.99
      vertex 1.61127 -10.1732 1.99
    endloop
  endfacet
  facet normal 0 0 -1
    outer loop
      vertex 0.37082 -8.14127 1.99
      vertex 0 -10.3 1.99
      vertex 0.187721 -8.18523 1.99
    endloop
  endfacet
  facet normal 0 0 -1
    outer loop
      vertex 0 -10.3 1.99
      vertex 0 -8.2 1.99
      vertex 0.187721 -8.18523 1.99
    endloop
  endfacet
  facet normal 0 0 -1
    outer loop
      vertex 0 -10.3 1.99
      vertex -0.187721 -8.18523 1.99
      vertex 0 -8.2 1.99
    endloop
  endfacet
  facet normal 0 0 -1
    outer loop
      vertex 0 -10.3 1.99
      vertex -0.37082 -8.14127 1.99
      vertex -0.187721 -8.18523 1.99
    endloop
  endfacet
  facet normal 0 0 -1
    outer loop
      vertex -1.61127 -10.1732 1.99
      vertex -0.37082 -8.14127 1.99
      vertex 0 -10.3 1.99
    endloop
  endfacet
  facet normal -0 0 -1
    outer loop
      vertex -0.37082 -8.14127 1.99
      vertex -1.61127 -10.1732 1.99
      vertex -0.544788 -8.06921 1.99
    endloop
  endfacet
  facet normal -0 0 -1
    outer loop
      vertex -0.544788 -8.06921 1.99
      vertex -1.61127 -10.1732 1.99
      vertex -0.705342 -7.97082 1.99
    endloop
  endfacet
  facet normal -0 0 -1
    outer loop
      vertex -0.705342 -7.97082 1.99
      vertex -1.61127 -10.1732 1.99
      vertex -0.848528 -7.84853 1.99
    endloop
  endfacet
  facet normal -0 0 -1
    outer loop
      vertex -0.848528 -7.84853 1.99
      vertex -1.61127 -10.1732 1.99
      vertex -0.970819 -7.70534 1.99
    endloop
  endfacet
  facet normal 0 0 -1
    outer loop
      vertex -3.18287 -9.79588 1.99
      vertex -0.970819 -7.70534 1.99
      vertex -1.61127 -10.1732 1.99
    endloop
  endfacet
  facet normal -0 0 -1
    outer loop
      vertex -1.14127 -7.37082 1.99
      vertex -3.18287 -9.79588 1.99
      vertex -1.18523 -7.18772 1.99
    endloop
  endfacet
  facet normal -0 0 -1
    outer loop
      vertex -1.06921 -7.54479 1.99
      vertex -3.18287 -9.79588 1.99
      vertex -1.14127 -7.37082 1.99
    endloop
  endfacet
  facet normal -0 0 -1
    outer loop
      vertex -0.970819 -7.70534 1.99
      vertex -3.18287 -9.79588 1.99
      vertex -1.06921 -7.54479 1.99
    endloop
  endfacet
  facet normal 0 0 -1
    outer loop
      vertex 8.14127 -0.37082 1.99
      vertex 10.3 0 1.99
      vertex 10.1732 -1.61127 1.99
    endloop
  endfacet
  facet normal 0 0 -1
    outer loop
      vertex 7.70534 -0.970819 1.99
      vertex 10.1732 -1.61127 1.99
      vertex 9.79588 -3.18287 1.99
    endloop
  endfacet
  facet normal -0 0 -1
    outer loop
      vertex 10.3 0 1.99
      vertex 8.18523 -0.187721 1.99
      vertex 8.2 0 1.99
    endloop
  endfacet
  facet normal 0 0 -1
    outer loop
      vertex 7.18772 -1.18523 1.99
      vertex 9.79588 -3.18287 1.99
      vertex 9.17737 -4.6761 1.99
    endloop
  endfacet
  facet normal 0 0 -1
    outer loop
      vertex 8.18523 0.187721 1.99
      vertex 10.3 0 1.99
      vertex 8.2 0 1.99
    endloop
  endfacet
  facet normal 0 0 -1
    outer loop
      vertex 5.34604 -2.72394 1.99
      vertex 9.17737 -4.6761 1.99
      vertex 8.33287 -6.05419 1.99
    endloop
  endfacet
  facet normal 0 0 -1
    outer loop
      vertex 8.14127 0.37082 1.99
      vertex 10.3 0 1.99
      vertex 8.18523 0.187721 1.99
    endloop
  endfacet
  facet normal 0 0 -1
    outer loop
      vertex 8.06921 0.544788 1.99
      vertex 10.1732 1.61127 1.99
      vertex 8.14127 0.37082 1.99
    endloop
  endfacet
  facet normal 0 0 -1
    outer loop
      vertex 10.3 0 1.99
      vertex 8.14127 0.37082 1.99
      vertex 10.1732 1.61127 1.99
    endloop
  endfacet
  facet normal 0 0 -1
    outer loop
      vertex 10.3 0 1.99
      vertex 8.14127 -0.37082 1.99
      vertex 8.18523 -0.187721 1.99
    endloop
  endfacet
  facet normal 0 0 -1
    outer loop
      vertex 10.1732 -1.61127 1.99
      vertex 8.06921 -0.544788 1.99
      vertex 8.14127 -0.37082 1.99
    endloop
  endfacet
  facet normal 0 0 -1
    outer loop
      vertex 10.1732 -1.61127 1.99
      vertex 7.97082 -0.705342 1.99
      vertex 8.06921 -0.544788 1.99
    endloop
  endfacet
  facet normal 0 0 -1
    outer loop
      vertex 10.1732 -1.61127 1.99
      vertex 7.84853 -0.848528 1.99
      vertex 7.97082 -0.705342 1.99
    endloop
  endfacet
  facet normal 0 0 -1
    outer loop
      vertex 10.1732 -1.61127 1.99
      vertex 7.70534 -0.970819 1.99
      vertex 7.84853 -0.848528 1.99
    endloop
  endfacet
  facet normal 0 0 -1
    outer loop
      vertex 9.79588 -3.18287 1.99
      vertex 7.54479 -1.06921 1.99
      vertex 7.70534 -0.970819 1.99
    endloop
  endfacet
  facet normal 0 0 -1
    outer loop
      vertex 9.79588 -3.18287 1.99
      vertex 7.37082 -1.14127 1.99
      vertex 7.54479 -1.06921 1.99
    endloop
  endfacet
  facet normal 0 0 -1
    outer loop
      vertex 4.8541 -3.52671 1.99
      vertex 8.33287 -6.05419 1.99
      vertex 7.2832 -7.2832 1.99
    endloop
  endfacet
  facet normal 0 0 -1
    outer loop
      vertex 9.17737 -4.6761 1.99
      vertex 5.34604 -2.72394 1.99
      vertex 7.18772 -1.18523 1.99
    endloop
  endfacet
  facet normal 0 0 -1
    outer loop
      vertex 9.79588 -3.18287 1.99
      vertex 7.18772 -1.18523 1.99
      vertex 7.37082 -1.14127 1.99
    endloop
  endfacet
  facet normal 0 0 -1
    outer loop
      vertex 7.18772 -1.18523 1.99
      vertex 5.34604 -2.72394 1.99
      vertex 7 -1.2 1.99
    endloop
  endfacet
  facet normal 0 -0 -1
    outer loop
      vertex 5.70634 -1.8541 1.99
      vertex 7 -1.2 1.99
      vertex 5.34604 -2.72394 1.99
    endloop
  endfacet
  facet normal -0 0 -1
    outer loop
      vertex 7 -1.2 1.99
      vertex 5.70634 -1.8541 1.99
      vertex 6.81228 -1.18523 1.99
    endloop
  endfacet
  facet normal -0 0 -1
    outer loop
      vertex 6.81228 -1.18523 1.99
      vertex 5.70634 -1.8541 1.99
      vertex 6.62918 -1.14127 1.99
    endloop
  endfacet
  facet normal -0 0 -1
    outer loop
      vertex 6.45521 -1.06921 1.99
      vertex 5.70634 -1.8541 1.99
      vertex 6.29466 -0.970819 1.99
    endloop
  endfacet
  facet normal 0 0 -1
    outer loop
      vertex 4.24264 -4.24264 1.99
      vertex 7.2832 -7.2832 1.99
      vertex 6.05419 -8.33287 1.99
    endloop
  endfacet
  facet normal 0 -0 -1
    outer loop
      vertex 5.92613 -0.938606 1.99
      vertex 6.29466 -0.970819 1.99
      vertex 5.70634 -1.8541 1.99
    endloop
  endfacet
  facet normal 0 0 -1
    outer loop
      vertex 6.29466 -0.970819 1.99
      vertex 5.92613 -0.938606 1.99
      vertex 6.15147 -0.848528 1.99
    endloop
  endfacet
  facet normal -0 0 -1
    outer loop
      vertex 6.02918 -0.705342 1.99
      vertex 5.92613 -0.938606 1.99
      vertex 5.95413 -0.582868 1.99
    endloop
  endfacet
  facet normal -0 0 -1
    outer loop
      vertex 6.15147 -0.848528 1.99
      vertex 5.92613 -0.938606 1.99
      vertex 6.02918 -0.705342 1.99
    endloop
  endfacet
  facet normal -0 0 -1
    outer loop
      vertex 6.62918 -1.14127 1.99
      vertex 5.70634 -1.8541 1.99
      vertex 6.45521 -1.06921 1.99
    endloop
  endfacet
  facet normal 0 0 -1
    outer loop
      vertex 8.33287 -6.05419 1.99
      vertex 4.8541 -3.52671 1.99
      vertex 5.34604 -2.72394 1.99
    endloop
  endfacet
  facet normal 0 0 -1
    outer loop
      vertex 3.52671 -4.8541 1.99
      vertex 6.05419 -8.33287 1.99
      vertex 4.6761 -9.17737 1.99
    endloop
  endfacet
  facet normal 0 0 -1
    outer loop
      vertex 7.2832 -7.2832 1.99
      vertex 4.24264 -4.24264 1.99
      vertex 4.8541 -3.52671 1.99
    endloop
  endfacet
  facet normal 0 0 -1
    outer loop
      vertex 6.05419 -8.33287 1.99
      vertex 3.52671 -4.8541 1.99
      vertex 4.24264 -4.24264 1.99
    endloop
  endfacet
  facet normal 0 0 -1
    outer loop
      vertex 1.18523 -7.18772 1.99
      vertex 4.6761 -9.17737 1.99
      vertex 3.18287 -9.79588 1.99
    endloop
  endfacet
  facet normal 0 0 -1
    outer loop
      vertex 4.6761 -9.17737 1.99
      vertex 2.72394 -5.34604 1.99
      vertex 3.52671 -4.8541 1.99
    endloop
  endfacet
  facet normal 0 0 -1
    outer loop
      vertex 1.18523 -7.18772 1.99
      vertex 2.72394 -5.34604 1.99
      vertex 4.6761 -9.17737 1.99
    endloop
  endfacet
  facet normal 0 0 -1
    outer loop
      vertex 0.970819 -7.70534 1.99
      vertex 3.18287 -9.79588 1.99
      vertex 1.61127 -10.1732 1.99
    endloop
  endfacet
  facet normal 0 0 -1
    outer loop
      vertex 2.72394 -5.34604 1.99
      vertex 1.2 -7 1.99
      vertex 1.8541 -5.70634 1.99
    endloop
  endfacet
  facet normal 0 0 -1
    outer loop
      vertex 1.18523 -6.81228 1.99
      vertex 1.8541 -5.70634 1.99
      vertex 1.2 -7 1.99
    endloop
  endfacet
  facet normal 0 0 -1
    outer loop
      vertex 1.14127 -6.62918 1.99
      vertex 1.8541 -5.70634 1.99
      vertex 1.18523 -6.81228 1.99
    endloop
  endfacet
  facet normal 0 0 -1
    outer loop
      vertex 1.06921 -6.45521 1.99
      vertex 1.8541 -5.70634 1.99
      vertex 1.14127 -6.62918 1.99
    endloop
  endfacet
  facet normal 0 0 -1
    outer loop
      vertex 0.970819 -6.29466 1.99
      vertex 1.8541 -5.70634 1.99
      vertex 1.06921 -6.45521 1.99
    endloop
  endfacet
  facet normal 0 0 -1
    outer loop
      vertex 0.970819 -6.29466 1.99
      vertex 0.938606 -5.92613 1.99
      vertex 1.8541 -5.70634 1.99
    endloop
  endfacet
  facet normal 0 0 -1
    outer loop
      vertex 0.848528 -6.15147 1.99
      vertex 0.938606 -5.92613 1.99
      vertex 0.970819 -6.29466 1.99
    endloop
  endfacet
  facet normal 0 0 -1
    outer loop
      vertex 0.705342 -6.02918 1.99
      vertex 0.938606 -5.92613 1.99
      vertex 0.848528 -6.15147 1.99
    endloop
  endfacet
  facet normal 0 0 -1
    outer loop
      vertex 0.938606 -5.92613 1.99
      vertex 0.705342 -6.02918 1.99
      vertex 0.582868 -5.95413 1.99
    endloop
  endfacet
  facet normal 0 0 -1
    outer loop
      vertex 7.97082 0.705342 1.99
      vertex 10.1732 1.61127 1.99
      vertex 8.06921 0.544788 1.99
    endloop
  endfacet
  facet normal 0 0 -1
    outer loop
      vertex 7.84853 0.848528 1.99
      vertex 10.1732 1.61127 1.99
      vertex 7.97082 0.705342 1.99
    endloop
  endfacet
  facet normal 0 0 -1
    outer loop
      vertex 7.70534 0.970819 1.99
      vertex 10.1732 1.61127 1.99
      vertex 7.84853 0.848528 1.99
    endloop
  endfacet
  facet normal -0 0 -1
    outer loop
      vertex 10.1732 1.61127 1.99
      vertex 7.70534 0.970819 1.99
      vertex 9.79588 3.18287 1.99
    endloop
  endfacet
  facet normal 0 0 -1
    outer loop
      vertex 7.54479 1.06921 1.99
      vertex 9.79588 3.18287 1.99
      vertex 7.70534 0.970819 1.99
    endloop
  endfacet
  facet normal 0 0 -1
    outer loop
      vertex 7.37082 1.14127 1.99
      vertex 9.79588 3.18287 1.99
      vertex 7.54479 1.06921 1.99
    endloop
  endfacet
  facet normal 0 0 -1
    outer loop
      vertex 7.18772 1.18523 1.99
      vertex 9.79588 3.18287 1.99
      vertex 7.37082 1.14127 1.99
    endloop
  endfacet
  facet normal -0 0 -1
    outer loop
      vertex 9.79588 3.18287 1.99
      vertex 7.18772 1.18523 1.99
      vertex 9.17737 4.6761 1.99
    endloop
  endfacet
  facet normal 0 0 -1
    outer loop
      vertex 5.34604 2.72394 1.99
      vertex 9.17737 4.6761 1.99
      vertex 7.18772 1.18523 1.99
    endloop
  endfacet
  facet normal -0 0 -1
    outer loop
      vertex 9.17737 4.6761 1.99
      vertex 5.34604 2.72394 1.99
      vertex 8.33287 6.05419 1.99
    endloop
  endfacet
  facet normal 0 0 -1
    outer loop
      vertex 5.34604 2.72394 1.99
      vertex 7.18772 1.18523 1.99
      vertex 7 1.2 1.99
    endloop
  endfacet
  facet normal 0 0 -1
    outer loop
      vertex 5.70634 1.8541 1.99
      vertex 7 1.2 1.99
      vertex 6.81228 1.18523 1.99
    endloop
  endfacet
  facet normal 0 0 -1
    outer loop
      vertex 5.70634 1.8541 1.99
      vertex 6.81228 1.18523 1.99
      vertex 6.62918 1.14127 1.99
    endloop
  endfacet
  facet normal 0 0 -1
    outer loop
      vertex 5.70634 1.8541 1.99
      vertex 6.62918 1.14127 1.99
      vertex 6.45521 1.06921 1.99
    endloop
  endfacet
  facet normal 0 0 -1
    outer loop
      vertex 5.70634 1.8541 1.99
      vertex 6.45521 1.06921 1.99
      vertex 6.29466 0.970819 1.99
    endloop
  endfacet
  facet normal 0 0 -1
    outer loop
      vertex 5.92613 0.938606 1.99
      vertex 6.29466 0.970819 1.99
      vertex 6.15147 0.848528 1.99
    endloop
  endfacet
  facet normal 0 0 -1
    outer loop
      vertex 7 1.2 1.99
      vertex 5.70634 1.8541 1.99
      vertex 5.34604 2.72394 1.99
    endloop
  endfacet
  facet normal 0 0 -1
    outer loop
      vertex 5.92613 0.938606 1.99
      vertex 6.15147 0.848528 1.99
      vertex 6.02918 0.705342 1.99
    endloop
  endfacet
  facet normal 0 0 -1
    outer loop
      vertex 5.92613 0.938606 1.99
      vertex 6.02918 0.705342 1.99
      vertex 5.95413 0.582868 1.99
    endloop
  endfacet
  facet normal -0 0 -1
    outer loop
      vertex 6.29466 0.970819 1.99
      vertex 5.92613 0.938606 1.99
      vertex 5.70634 1.8541 1.99
    endloop
  endfacet
  facet normal 0 0 -1
    outer loop
      vertex 4.8541 3.52671 1.99
      vertex 8.33287 6.05419 1.99
      vertex 5.34604 2.72394 1.99
    endloop
  endfacet
  facet normal -0 0 -1
    outer loop
      vertex 8.33287 6.05419 1.99
      vertex 4.8541 3.52671 1.99
      vertex 7.2832 7.2832 1.99
    endloop
  endfacet
  facet normal 0 0 -1
    outer loop
      vertex 4.24264 4.24264 1.99
      vertex 7.2832 7.2832 1.99
      vertex 4.8541 3.52671 1.99
    endloop
  endfacet
  facet normal -0 0 -1
    outer loop
      vertex 7.2832 7.2832 1.99
      vertex 4.24264 4.24264 1.99
      vertex 6.05419 8.33287 1.99
    endloop
  endfacet
  facet normal 0 0 -1
    outer loop
      vertex 3.52671 4.8541 1.99
      vertex 6.05419 8.33287 1.99
      vertex 4.24264 4.24264 1.99
    endloop
  endfacet
  facet normal -0 0 -1
    outer loop
      vertex 6.05419 8.33287 1.99
      vertex 3.52671 4.8541 1.99
      vertex 4.6761 9.17737 1.99
    endloop
  endfacet
  facet normal 0 0 -1
    outer loop
      vertex 2.72394 5.34604 1.99
      vertex 4.6761 9.17737 1.99
      vertex 3.52671 4.8541 1.99
    endloop
  endfacet
  facet normal 0 0 -1
    outer loop
      vertex 1.18523 7.18772 1.99
      vertex 4.6761 9.17737 1.99
      vertex 2.72394 5.34604 1.99
    endloop
  endfacet
  facet normal 0 0 -1
    outer loop
      vertex 1.2 7 1.99
      vertex 2.72394 5.34604 1.99
      vertex 1.8541 5.70634 1.99
    endloop
  endfacet
  facet normal -0 0 -1
    outer loop
      vertex 4.6761 9.17737 1.99
      vertex 1.18523 7.18772 1.99
      vertex 3.18287 9.79588 1.99
    endloop
  endfacet
  facet normal 0 0 -1
    outer loop
      vertex 2.72394 5.34604 1.99
      vertex 1.2 7 1.99
      vertex 1.18523 7.18772 1.99
    endloop
  endfacet
  facet normal 0 0 -1
    outer loop
      vertex 1.8541 5.70634 1.99
      vertex 1.18523 6.81228 1.99
      vertex 1.2 7 1.99
    endloop
  endfacet
  facet normal 0 0 -1
    outer loop
      vertex 1.8541 5.70634 1.99
      vertex 1.14127 6.62918 1.99
      vertex 1.18523 6.81228 1.99
    endloop
  endfacet
  facet normal 0 0 -1
    outer loop
      vertex 1.8541 5.70634 1.99
      vertex 1.06921 6.45521 1.99
      vertex 1.14127 6.62918 1.99
    endloop
  endfacet
  facet normal 0 0 -1
    outer loop
      vertex 1.8541 5.70634 1.99
      vertex 0.970819 6.29466 1.99
      vertex 1.06921 6.45521 1.99
    endloop
  endfacet
  facet normal 0 0 -1
    outer loop
      vertex 0.938606 5.92613 1.99
      vertex 0.970819 6.29466 1.99
      vertex 1.8541 5.70634 1.99
    endloop
  endfacet
  facet normal 0 0 -1
    outer loop
      vertex 0.938606 5.92613 1.99
      vertex 0.848528 6.15147 1.99
      vertex 0.970819 6.29466 1.99
    endloop
  endfacet
  facet normal 0 0 -1
    outer loop
      vertex 0.938606 5.92613 1.99
      vertex 0.705342 6.02918 1.99
      vertex 0.848528 6.15147 1.99
    endloop
  endfacet
  facet normal 0 -0 -1
    outer loop
      vertex 0.705342 6.02918 1.99
      vertex 0.938606 5.92613 1.99
      vertex 0.582868 5.95413 1.99
    endloop
  endfacet
  facet normal 0 0 -1
    outer loop
      vertex 1.14127 7.37082 1.99
      vertex 3.18287 9.79588 1.99
      vertex 1.18523 7.18772 1.99
    endloop
  endfacet
  facet normal 0 0 -1
    outer loop
      vertex 1.06921 7.54479 1.99
      vertex 3.18287 9.79588 1.99
      vertex 1.14127 7.37082 1.99
    endloop
  endfacet
  facet normal 0 0 -1
    outer loop
      vertex 0.970819 7.70534 1.99
      vertex 3.18287 9.79588 1.99
      vertex 1.06921 7.54479 1.99
    endloop
  endfacet
  facet normal -0 0 -1
    outer loop
      vertex 3.18287 9.79588 1.99
      vertex 0.970819 7.70534 1.99
      vertex 1.61127 10.1732 1.99
    endloop
  endfacet
  facet normal 0 0 -1
    outer loop
      vertex 0.848528 7.84853 1.99
      vertex 1.61127 10.1732 1.99
      vertex 0.970819 7.70534 1.99
    endloop
  endfacet
  facet normal 0 0 -1
    outer loop
      vertex 0.705342 7.97082 1.99
      vertex 1.61127 10.1732 1.99
      vertex 0.848528 7.84853 1.99
    endloop
  endfacet
  facet normal 0 0 -1
    outer loop
      vertex 0.544788 8.06921 1.99
      vertex 1.61127 10.1732 1.99
      vertex 0.705342 7.97082 1.99
    endloop
  endfacet
  facet normal 0 0 -1
    outer loop
      vertex 0.37082 8.14127 1.99
      vertex 1.61127 10.1732 1.99
      vertex 0.544788 8.06921 1.99
    endloop
  endfacet
  facet normal 0 0 -1
    outer loop
      vertex 0 10.3 1.99
      vertex 0.37082 8.14127 1.99
      vertex 0.187721 8.18523 1.99
    endloop
  endfacet
  facet normal 0 0 -1
    outer loop
      vertex 0 10.3 1.99
      vertex 0.187721 8.18523 1.99
      vertex 0 8.2 1.99
    endloop
  endfacet
  facet normal 0 0 -1
    outer loop
      vertex 0.37082 8.14127 1.99
      vertex 0 10.3 1.99
      vertex 1.61127 10.1732 1.99
    endloop
  endfacet
  facet normal 0 0 -1
    outer loop
      vertex -0.187721 8.18523 1.99
      vertex 0 10.3 1.99
      vertex 0 8.2 1.99
    endloop
  endfacet
  facet normal 0 0 -1
    outer loop
      vertex -0.37082 8.14127 1.99
      vertex 0 10.3 1.99
      vertex -0.187721 8.18523 1.99
    endloop
  endfacet
  facet normal 0 0 -1
    outer loop
      vertex -1.61127 10.1732 1.99
      vertex -0.37082 8.14127 1.99
      vertex -0.544788 8.06921 1.99
    endloop
  endfacet
  facet normal 0 0 -1
    outer loop
      vertex -1.61127 10.1732 1.99
      vertex -0.544788 8.06921 1.99
      vertex -0.705342 7.97082 1.99
    endloop
  endfacet
  facet normal 0 0 -1
    outer loop
      vertex -1.61127 10.1732 1.99
      vertex -0.705342 7.97082 1.99
      vertex -0.848528 7.84853 1.99
    endloop
  endfacet
  facet normal 0 0 -1
    outer loop
      vertex -1.61127 10.1732 1.99
      vertex -0.848528 7.84853 1.99
      vertex -0.970819 7.70534 1.99
    endloop
  endfacet
  facet normal 0 0 -1
    outer loop
      vertex -1.61127 10.1732 1.99
      vertex -0.970819 7.70534 1.99
      vertex -1.06921 7.54479 1.99
    endloop
  endfacet
  facet normal 0 0 -1
    outer loop
      vertex -1.61127 10.1732 1.99
      vertex -1.06921 7.54479 1.99
      vertex -1.14127 7.37082 1.99
    endloop
  endfacet
  facet normal 0 0 -1
    outer loop
      vertex -0.37082 8.14127 1.99
      vertex -1.61127 10.1732 1.99
      vertex 0 10.3 1.99
    endloop
  endfacet
  facet normal 0 0 -1
    outer loop
      vertex -1.18523 7.18772 1.99
      vertex -1.61127 10.1732 1.99
      vertex -1.14127 7.37082 1.99
    endloop
  endfacet
  facet normal 0 0 -1
    outer loop
      vertex -1.61127 10.1732 1.99
      vertex -1.18523 7.18772 1.99
      vertex -1.2 7 1.99
    endloop
  endfacet
  facet normal 0 0 -1
    outer loop
      vertex -0.705342 -6.02918 1.99
      vertex -0.938606 -5.92613 1.99
      vertex -0.582868 -5.95413 1.99
    endloop
  endfacet
  facet normal 0 0 -1
    outer loop
      vertex -0.848528 -6.15147 1.99
      vertex -0.938606 -5.92613 1.99
      vertex -0.705342 -6.02918 1.99
    endloop
  endfacet
  facet normal 0 0 -1
    outer loop
      vertex -0.970819 -6.29466 1.99
      vertex -0.938606 -5.92613 1.99
      vertex -0.848528 -6.15147 1.99
    endloop
  endfacet
  facet normal 0 0 -1
    outer loop
      vertex -1.8541 -5.70634 1.99
      vertex -0.970819 -6.29466 1.99
      vertex -1.06921 -6.45521 1.99
    endloop
  endfacet
  facet normal 0 0 -1
    outer loop
      vertex -1.8541 -5.70634 1.99
      vertex -1.06921 -6.45521 1.99
      vertex -1.14127 -6.62918 1.99
    endloop
  endfacet
  facet normal 0 0 -1
    outer loop
      vertex -4.6761 -9.17737 1.99
      vertex -1.18523 -7.18772 1.99
      vertex -3.18287 -9.79588 1.99
    endloop
  endfacet
  facet normal 0 0 -1
    outer loop
      vertex -0.970819 -6.29466 1.99
      vertex -1.8541 -5.70634 1.99
      vertex -0.938606 -5.92613 1.99
    endloop
  endfacet
  facet normal 0 0 -1
    outer loop
      vertex -1.18523 -6.81228 1.99
      vertex -1.8541 -5.70634 1.99
      vertex -1.14127 -6.62918 1.99
    endloop
  endfacet
  facet normal 0 -0 -1
    outer loop
      vertex -2.72394 -5.34604 1.99
      vertex -1.18523 -7.18772 1.99
      vertex -4.6761 -9.17737 1.99
    endloop
  endfacet
  facet normal 0 0 -1
    outer loop
      vertex -1.18523 -7.18772 1.99
      vertex -2.72394 -5.34604 1.99
      vertex -1.2 -7 1.99
    endloop
  endfacet
  facet normal 0 0 -1
    outer loop
      vertex -1.2 -7 1.99
      vertex -1.8541 -5.70634 1.99
      vertex -1.18523 -6.81228 1.99
    endloop
  endfacet
  facet normal -0 -0 -1
    outer loop
      vertex -1.8541 -5.70634 1.99
      vertex -1.2 -7 1.99
      vertex -2.72394 -5.34604 1.99
    endloop
  endfacet
  facet normal -0 0 -1
    outer loop
      vertex -2.72394 -5.34604 1.99
      vertex -4.6761 -9.17737 1.99
      vertex -3.52671 -4.8541 1.99
    endloop
  endfacet
  facet normal 0 0 -1
    outer loop
      vertex -6.05419 -8.33287 1.99
      vertex -3.52671 -4.8541 1.99
      vertex -4.6761 -9.17737 1.99
    endloop
  endfacet
  facet normal -0 0 -1
    outer loop
      vertex -3.52671 -4.8541 1.99
      vertex -6.05419 -8.33287 1.99
      vertex -4.24264 -4.24264 1.99
    endloop
  endfacet
  facet normal 0 0 -1
    outer loop
      vertex -7.2832 -7.2832 1.99
      vertex -4.24264 -4.24264 1.99
      vertex -6.05419 -8.33287 1.99
    endloop
  endfacet
  facet normal -0 0 -1
    outer loop
      vertex -4.24264 -4.24264 1.99
      vertex -7.2832 -7.2832 1.99
      vertex -4.8541 -3.52671 1.99
    endloop
  endfacet
  facet normal 0 0 -1
    outer loop
      vertex -8.33287 -6.05419 1.99
      vertex -4.8541 -3.52671 1.99
      vertex -7.2832 -7.2832 1.99
    endloop
  endfacet
  facet normal 0 0 -1
    outer loop
      vertex -5.92613 -0.938606 1.99
      vertex -6.02918 -0.705342 1.99
      vertex -5.95413 -0.582868 1.99
    endloop
  endfacet
  facet normal -0 0 -1
    outer loop
      vertex -4.8541 -3.52671 1.99
      vertex -8.33287 -6.05419 1.99
      vertex -5.34604 -2.72394 1.99
    endloop
  endfacet
  facet normal 0 0 -1
    outer loop
      vertex -9.17737 -4.6761 1.99
      vertex -5.34604 -2.72394 1.99
      vertex -8.33287 -6.05419 1.99
    endloop
  endfacet
  facet normal 0 0 -1
    outer loop
      vertex -5.92613 -0.938606 1.99
      vertex -6.15147 -0.848528 1.99
      vertex -6.02918 -0.705342 1.99
    endloop
  endfacet
  facet normal -0 0 -1
    outer loop
      vertex -5.92613 -0.938606 1.99
      vertex -6.29466 -0.970819 1.99
      vertex -6.15147 -0.848528 1.99
    endloop
  endfacet
  facet normal -0 -0 -1
    outer loop
      vertex -7 -1.2 1.99
      vertex -5.34604 -2.72394 1.99
      vertex -7.18772 -1.18523 1.99
    endloop
  endfacet
  facet normal 0 0 -1
    outer loop
      vertex -5.70634 -1.8541 1.99
      vertex -6.29466 -0.970819 1.99
      vertex -5.92613 -0.938606 1.99
    endloop
  endfacet
  facet normal 0 -0 -1
    outer loop
      vertex -6.29466 -0.970819 1.99
      vertex -5.70634 -1.8541 1.99
      vertex -6.45521 -1.06921 1.99
    endloop
  endfacet
  facet normal 0 -0 -1
    outer loop
      vertex -6.45521 -1.06921 1.99
      vertex -5.70634 -1.8541 1.99
      vertex -6.62918 -1.14127 1.99
    endloop
  endfacet
  facet normal 0 0 -1
    outer loop
      vertex -5.70634 -1.8541 1.99
      vertex -6.81228 -1.18523 1.99
      vertex -6.62918 -1.14127 1.99
    endloop
  endfacet
  facet normal 0 0 -1
    outer loop
      vertex -5.70634 -1.8541 1.99
      vertex -7 -1.2 1.99
      vertex -6.81228 -1.18523 1.99
    endloop
  endfacet
  facet normal 0 0 -1
    outer loop
      vertex -5.34604 -2.72394 1.99
      vertex -7 -1.2 1.99
      vertex -5.70634 -1.8541 1.99
    endloop
  endfacet
  facet normal -0 0 -1
    outer loop
      vertex -5.34604 -2.72394 1.99
      vertex -9.17737 -4.6761 1.99
      vertex -7.18772 -1.18523 1.99
    endloop
  endfacet
  facet normal 0 0 -1
    outer loop
      vertex -9.79588 -3.18287 1.99
      vertex -7.18772 -1.18523 1.99
      vertex -9.17737 -4.6761 1.99
    endloop
  endfacet
  facet normal -0 0 -1
    outer loop
      vertex -7.18772 -1.18523 1.99
      vertex -9.79588 -3.18287 1.99
      vertex -7.37082 -1.14127 1.99
    endloop
  endfacet
  facet normal -0 0 -1
    outer loop
      vertex -7.37082 -1.14127 1.99
      vertex -9.79588 -3.18287 1.99
      vertex -7.54479 -1.06921 1.99
    endloop
  endfacet
  facet normal -0 0 -1
    outer loop
      vertex -7.54479 -1.06921 1.99
      vertex -9.79588 -3.18287 1.99
      vertex -7.70534 -0.970819 1.99
    endloop
  endfacet
  facet normal 0 0 -1
    outer loop
      vertex -10.1732 -1.61127 1.99
      vertex -7.70534 -0.970819 1.99
      vertex -9.79588 -3.18287 1.99
    endloop
  endfacet
  facet normal -0 0 -1
    outer loop
      vertex -7.70534 -0.970819 1.99
      vertex -10.1732 -1.61127 1.99
      vertex -7.84853 -0.848528 1.99
    endloop
  endfacet
  facet normal -0 0 -1
    outer loop
      vertex -7.97082 -0.705342 1.99
      vertex -10.1732 -1.61127 1.99
      vertex -8.06921 -0.544788 1.99
    endloop
  endfacet
  facet normal -0 0 -1
    outer loop
      vertex -7.84853 -0.848528 1.99
      vertex -10.1732 -1.61127 1.99
      vertex -7.97082 -0.705342 1.99
    endloop
  endfacet
  facet normal 0.972368 0.233453 0
    outer loop
      vertex -9.79588 -3.18287 1.99
      vertex -10.1732 -1.61127 0
      vertex -10.1732 -1.61127 1.99
    endloop
  endfacet
  facet normal 0.972368 0.233453 0
    outer loop
      vertex -10.1732 -1.61127 0
      vertex -9.79588 -3.18287 1.99
      vertex -9.79588 -3.18287 0
    endloop
  endfacet
  facet normal -0.852639 0.522501 0
    outer loop
      vertex 8.33287 -6.05419 0
      vertex 9.17737 -4.6761 1.99
      vertex 9.17737 -4.6761 0
    endloop
  endfacet
  facet normal -0.852639 0.522501 0
    outer loop
      vertex 9.17737 -4.6761 1.99
      vertex 8.33287 -6.05419 0
      vertex 8.33287 -6.05419 1.99
    endloop
  endfacet
  facet normal -0.233453 -0.972368 0
    outer loop
      vertex 1.61127 10.1732 0
      vertex 3.18287 9.79588 1.99
      vertex 1.61127 10.1732 1.99
    endloop
  endfacet
  facet normal -0.233453 -0.972368 -0
    outer loop
      vertex 3.18287 9.79588 1.99
      vertex 1.61127 10.1732 0
      vertex 3.18287 9.79588 0
    endloop
  endfacet
  facet normal -0.760407 -0.649447 0
    outer loop
      vertex 8.33287 6.05419 0
      vertex 7.2832 7.2832 1.99
      vertex 7.2832 7.2832 0
    endloop
  endfacet
  facet normal -0.760407 -0.649447 0
    outer loop
      vertex 7.2832 7.2832 1.99
      vertex 8.33287 6.05419 0
      vertex 8.33287 6.05419 1.99
    endloop
  endfacet
  facet normal 0.923881 0.38268 0
    outer loop
      vertex -9.17737 -4.6761 1.99
      vertex -9.79588 -3.18287 0
      vertex -9.79588 -3.18287 1.99
    endloop
  endfacet
  facet normal 0.923881 0.38268 0
    outer loop
      vertex -9.79588 -3.18287 0
      vertex -9.17737 -4.6761 1.99
      vertex -9.17737 -4.6761 0
    endloop
  endfacet
  facet normal -0.852639 -0.522501 0
    outer loop
      vertex 9.17737 4.6761 0
      vertex 8.33287 6.05419 1.99
      vertex 8.33287 6.05419 0
    endloop
  endfacet
  facet normal -0.852639 -0.522501 0
    outer loop
      vertex 8.33287 6.05419 1.99
      vertex 9.17737 4.6761 0
      vertex 9.17737 4.6761 1.99
    endloop
  endfacet
  facet normal 0.852639 -0.522501 0
    outer loop
      vertex -9.17737 4.6761 1.99
      vertex -8.33287 6.05419 0
      vertex -8.33287 6.05419 1.99
    endloop
  endfacet
  facet normal 0.852639 -0.522501 0
    outer loop
      vertex -8.33287 6.05419 0
      vertex -9.17737 4.6761 1.99
      vertex -9.17737 4.6761 0
    endloop
  endfacet
  facet normal -0.0784531 0.996918 0
    outer loop
      vertex 1.61127 -10.1732 0
      vertex 0 -10.3 1.99
      vertex 1.61127 -10.1732 1.99
    endloop
  endfacet
  facet normal -0.0784531 0.996918 0
    outer loop
      vertex 0 -10.3 1.99
      vertex 1.61127 -10.1732 0
      vertex 0 -10.3 0
    endloop
  endfacet
  facet normal 0.649447 -0.760407 0
    outer loop
      vertex -7.2832 7.2832 0
      vertex -6.05419 8.33287 1.99
      vertex -7.2832 7.2832 1.99
    endloop
  endfacet
  facet normal 0.649447 -0.760407 0
    outer loop
      vertex -6.05419 8.33287 1.99
      vertex -7.2832 7.2832 0
      vertex -6.05419 8.33287 0
    endloop
  endfacet
  facet normal 0.38268 -0.923881 0
    outer loop
      vertex -4.6761 9.17737 0
      vertex -3.18287 9.79588 1.99
      vertex -4.6761 9.17737 1.99
    endloop
  endfacet
  facet normal 0.38268 -0.923881 0
    outer loop
      vertex -3.18287 9.79588 1.99
      vertex -4.6761 9.17737 0
      vertex -3.18287 9.79588 0
    endloop
  endfacet
  facet normal -0.649447 -0.760407 0
    outer loop
      vertex 6.05419 8.33287 0
      vertex 7.2832 7.2832 1.99
      vertex 6.05419 8.33287 1.99
    endloop
  endfacet
  facet normal -0.649447 -0.760407 -0
    outer loop
      vertex 7.2832 7.2832 1.99
      vertex 6.05419 8.33287 0
      vertex 7.2832 7.2832 0
    endloop
  endfacet
  facet normal 0.233453 -0.972368 0
    outer loop
      vertex -3.18287 9.79588 0
      vertex -1.61127 10.1732 1.99
      vertex -3.18287 9.79588 1.99
    endloop
  endfacet
  facet normal 0.233453 -0.972368 0
    outer loop
      vertex -1.61127 10.1732 1.99
      vertex -3.18287 9.79588 0
      vertex -1.61127 10.1732 0
    endloop
  endfacet
  facet normal 0.852639 0.522501 0
    outer loop
      vertex -8.33287 -6.05419 1.99
      vertex -9.17737 -4.6761 0
      vertex -9.17737 -4.6761 1.99
    endloop
  endfacet
  facet normal 0.852639 0.522501 0
    outer loop
      vertex -9.17737 -4.6761 0
      vertex -8.33287 -6.05419 1.99
      vertex -8.33287 -6.05419 0
    endloop
  endfacet
  facet normal 0.0784531 0.996918 -0
    outer loop
      vertex 0 -10.3 0
      vertex -1.61127 -10.1732 1.99
      vertex 0 -10.3 1.99
    endloop
  endfacet
  facet normal 0.0784531 0.996918 0
    outer loop
      vertex -1.61127 -10.1732 1.99
      vertex 0 -10.3 0
      vertex -1.61127 -10.1732 0
    endloop
  endfacet
  facet normal 0.0784531 -0.996918 0
    outer loop
      vertex -1.61127 10.1732 0
      vertex 0 10.3 1.99
      vertex -1.61127 10.1732 1.99
    endloop
  endfacet
  facet normal 0.0784531 -0.996918 0
    outer loop
      vertex 0 10.3 1.99
      vertex -1.61127 10.1732 0
      vertex 0 10.3 0
    endloop
  endfacet
  facet normal 0.923881 -0.38268 0
    outer loop
      vertex -9.79588 3.18287 1.99
      vertex -9.17737 4.6761 0
      vertex -9.17737 4.6761 1.99
    endloop
  endfacet
  facet normal 0.923881 -0.38268 0
    outer loop
      vertex -9.17737 4.6761 0
      vertex -9.79588 3.18287 1.99
      vertex -9.79588 3.18287 0
    endloop
  endfacet
  facet normal 0.760407 0.649447 0
    outer loop
      vertex -7.2832 -7.2832 1.99
      vertex -8.33287 -6.05419 0
      vertex -8.33287 -6.05419 1.99
    endloop
  endfacet
  facet normal 0.760407 0.649447 0
    outer loop
      vertex -8.33287 -6.05419 0
      vertex -7.2832 -7.2832 1.99
      vertex -7.2832 -7.2832 0
    endloop
  endfacet
  facet normal 0.972368 -0.233453 0
    outer loop
      vertex -10.1732 1.61127 1.99
      vertex -9.79588 3.18287 0
      vertex -9.79588 3.18287 1.99
    endloop
  endfacet
  facet normal 0.972368 -0.233453 0
    outer loop
      vertex -9.79588 3.18287 0
      vertex -10.1732 1.61127 1.99
      vertex -10.1732 1.61127 0
    endloop
  endfacet
  facet normal 0.760407 -0.649447 0
    outer loop
      vertex -8.33287 6.05419 1.99
      vertex -7.2832 7.2832 0
      vertex -7.2832 7.2832 1.99
    endloop
  endfacet
  facet normal 0.760407 -0.649447 0
    outer loop
      vertex -7.2832 7.2832 0
      vertex -8.33287 6.05419 1.99
      vertex -8.33287 6.05419 0
    endloop
  endfacet
  facet normal -0.38268 -0.923881 0
    outer loop
      vertex 3.18287 9.79588 0
      vertex 4.6761 9.17737 1.99
      vertex 3.18287 9.79588 1.99
    endloop
  endfacet
  facet normal -0.38268 -0.923881 -0
    outer loop
      vertex 4.6761 9.17737 1.99
      vertex 3.18287 9.79588 0
      vertex 4.6761 9.17737 0
    endloop
  endfacet
  facet normal 0.522501 -0.852639 0
    outer loop
      vertex -6.05419 8.33287 0
      vertex -4.6761 9.17737 1.99
      vertex -6.05419 8.33287 1.99
    endloop
  endfacet
  facet normal 0.522501 -0.852639 0
    outer loop
      vertex -4.6761 9.17737 1.99
      vertex -6.05419 8.33287 0
      vertex -4.6761 9.17737 0
    endloop
  endfacet
  facet normal -0.38268 0.923881 0
    outer loop
      vertex 4.6761 -9.17737 0
      vertex 3.18287 -9.79588 1.99
      vertex 4.6761 -9.17737 1.99
    endloop
  endfacet
  facet normal -0.38268 0.923881 0
    outer loop
      vertex 3.18287 -9.79588 1.99
      vertex 4.6761 -9.17737 0
      vertex 3.18287 -9.79588 0
    endloop
  endfacet
  facet normal -0.923881 0.38268 0
    outer loop
      vertex 9.17737 -4.6761 0
      vertex 9.79588 -3.18287 1.99
      vertex 9.79588 -3.18287 0
    endloop
  endfacet
  facet normal -0.923881 0.38268 0
    outer loop
      vertex 9.79588 -3.18287 1.99
      vertex 9.17737 -4.6761 0
      vertex 9.17737 -4.6761 1.99
    endloop
  endfacet
  facet normal 0.996918 -0.0784531 0
    outer loop
      vertex -10.3 0 1.99
      vertex -10.1732 1.61127 0
      vertex -10.1732 1.61127 1.99
    endloop
  endfacet
  facet normal 0.996918 -0.0784531 0
    outer loop
      vertex -10.1732 1.61127 0
      vertex -10.3 0 1.99
      vertex -10.3 0 0
    endloop
  endfacet
  facet normal 0.649447 0.760407 -0
    outer loop
      vertex -6.05419 -8.33287 0
      vertex -7.2832 -7.2832 1.99
      vertex -6.05419 -8.33287 1.99
    endloop
  endfacet
  facet normal 0.649447 0.760407 0
    outer loop
      vertex -7.2832 -7.2832 1.99
      vertex -6.05419 -8.33287 0
      vertex -7.2832 -7.2832 0
    endloop
  endfacet
  facet normal 0.522501 0.852639 -0
    outer loop
      vertex -4.6761 -9.17737 0
      vertex -6.05419 -8.33287 1.99
      vertex -4.6761 -9.17737 1.99
    endloop
  endfacet
  facet normal 0.522501 0.852639 0
    outer loop
      vertex -6.05419 -8.33287 1.99
      vertex -4.6761 -9.17737 0
      vertex -6.05419 -8.33287 0
    endloop
  endfacet
  facet normal 0.97237 0.233445 0
    outer loop
      vertex -5.70634 -1.8541 6
      vertex -5.92613 -0.938606 1.99
      vertex -5.92613 -0.938606 6
    endloop
  endfacet
  facet normal 0.97237 0.233445 0
    outer loop
      vertex -5.92613 -0.938606 1.99
      vertex -5.70634 -1.8541 6
      vertex -5.70634 -1.8541 1.99
    endloop
  endfacet
  facet normal -0.97237 -0.233445 0
    outer loop
      vertex 5.92613 0.938606 1.99
      vertex 5.70634 1.8541 6
      vertex 5.70634 1.8541 1.99
    endloop
  endfacet
  facet normal -0.97237 -0.233445 0
    outer loop
      vertex 5.70634 1.8541 6
      vertex 5.92613 0.938606 1.99
      vertex 5.92613 0.938606 6
    endloop
  endfacet
  facet normal -0.996917 -0.0784669 0
    outer loop
      vertex 5.95413 0.582868 1.99
      vertex 5.92613 0.938606 6
      vertex 5.92613 0.938606 1.99
    endloop
  endfacet
  facet normal -0.996917 -0.0784669 0
    outer loop
      vertex 5.92613 0.938606 6
      vertex 5.95413 0.582868 1.99
      vertex 5.95413 0.582868 6
    endloop
  endfacet
  facet normal -0.923879 -0.382684 0
    outer loop
      vertex 5.70634 1.8541 1.99
      vertex 5.34604 2.72394 6
      vertex 5.34604 2.72394 1.99
    endloop
  endfacet
  facet normal -0.923879 -0.382684 0
    outer loop
      vertex 5.34604 2.72394 6
      vertex 5.70634 1.8541 1.99
      vertex 5.70634 1.8541 6
    endloop
  endfacet
  facet normal -0.382684 0.923879 0
    outer loop
      vertex 2.72394 -5.34604 1.99
      vertex 1.8541 -5.70634 6
      vertex 2.72394 -5.34604 6
    endloop
  endfacet
  facet normal -0.382684 0.923879 0
    outer loop
      vertex 1.8541 -5.70634 6
      vertex 2.72394 -5.34604 1.99
      vertex 1.8541 -5.70634 1.99
    endloop
  endfacet
  facet normal -0.852639 0.5225 0
    outer loop
      vertex 4.8541 -3.52671 1.99
      vertex 5.34604 -2.72394 6
      vertex 5.34604 -2.72394 1.99
    endloop
  endfacet
  facet normal -0.852639 0.5225 0
    outer loop
      vertex 5.34604 -2.72394 6
      vertex 4.8541 -3.52671 1.99
      vertex 4.8541 -3.52671 6
    endloop
  endfacet
  facet normal 0.649447 -0.760407 0
    outer loop
      vertex -4.24264 4.24264 1.99
      vertex -3.52671 4.8541 6
      vertex -4.24264 4.24264 6
    endloop
  endfacet
  facet normal 0.649447 -0.760407 0
    outer loop
      vertex -3.52671 4.8541 6
      vertex -4.24264 4.24264 1.99
      vertex -3.52671 4.8541 1.99
    endloop
  endfacet
  facet normal 0.382684 -0.923879 0
    outer loop
      vertex -2.72394 5.34604 1.99
      vertex -1.8541 5.70634 6
      vertex -2.72394 5.34604 6
    endloop
  endfacet
  facet normal 0.382684 -0.923879 0
    outer loop
      vertex -1.8541 5.70634 6
      vertex -2.72394 5.34604 1.99
      vertex -1.8541 5.70634 1.99
    endloop
  endfacet
  facet normal -0.760407 0.649447 0
    outer loop
      vertex 4.24264 -4.24264 1.99
      vertex 4.8541 -3.52671 6
      vertex 4.8541 -3.52671 1.99
    endloop
  endfacet
  facet normal -0.760407 0.649447 0
    outer loop
      vertex 4.8541 -3.52671 6
      vertex 4.24264 -4.24264 1.99
      vertex 4.24264 -4.24264 6
    endloop
  endfacet
  facet normal -0.996917 0.0784669 0
    outer loop
      vertex 5.92613 -0.938606 1.99
      vertex 5.95413 -0.582868 6
      vertex 5.95413 -0.582868 1.99
    endloop
  endfacet
  facet normal -0.996917 0.0784669 0
    outer loop
      vertex 5.95413 -0.582868 6
      vertex 5.92613 -0.938606 1.99
      vertex 5.92613 -0.938606 6
    endloop
  endfacet
  facet normal -0.923879 0.382684 0
    outer loop
      vertex 5.34604 -2.72394 1.99
      vertex 5.70634 -1.8541 6
      vertex 5.70634 -1.8541 1.99
    endloop
  endfacet
  facet normal -0.923879 0.382684 0
    outer loop
      vertex 5.70634 -1.8541 6
      vertex 5.34604 -2.72394 1.99
      vertex 5.34604 -2.72394 6
    endloop
  endfacet
  facet normal 0.923879 0.382684 0
    outer loop
      vertex -5.34604 -2.72394 6
      vertex -5.70634 -1.8541 1.99
      vertex -5.70634 -1.8541 6
    endloop
  endfacet
  facet normal 0.923879 0.382684 0
    outer loop
      vertex -5.70634 -1.8541 1.99
      vertex -5.34604 -2.72394 6
      vertex -5.34604 -2.72394 1.99
    endloop
  endfacet
  facet normal 0.996917 -0.0784669 0
    outer loop
      vertex -5.95413 0.582868 6
      vertex -5.92613 0.938606 1.99
      vertex -5.92613 0.938606 6
    endloop
  endfacet
  facet normal 0.996917 -0.0784669 0
    outer loop
      vertex -5.92613 0.938606 1.99
      vertex -5.95413 0.582868 6
      vertex -5.95413 0.582868 1.99
    endloop
  endfacet
  facet normal 0.97237 -0.233445 0
    outer loop
      vertex -5.92613 0.938606 6
      vertex -5.70634 1.8541 1.99
      vertex -5.70634 1.8541 6
    endloop
  endfacet
  facet normal 0.97237 -0.233445 0
    outer loop
      vertex -5.70634 1.8541 1.99
      vertex -5.92613 0.938606 6
      vertex -5.92613 0.938606 1.99
    endloop
  endfacet
  facet normal -0.233445 -0.97237 0
    outer loop
      vertex 0.938606 5.92613 1.99
      vertex 1.8541 5.70634 6
      vertex 0.938606 5.92613 6
    endloop
  endfacet
  facet normal -0.233445 -0.97237 -0
    outer loop
      vertex 1.8541 5.70634 6
      vertex 0.938606 5.92613 1.99
      vertex 1.8541 5.70634 1.99
    endloop
  endfacet
  facet normal 0.0784669 -0.996917 0
    outer loop
      vertex -0.938606 5.92613 1.99
      vertex -0.582868 5.95413 6
      vertex -0.938606 5.92613 6
    endloop
  endfacet
  facet normal 0.0784669 -0.996917 0
    outer loop
      vertex -0.582868 5.95413 6
      vertex -0.938606 5.92613 1.99
      vertex -0.582868 5.95413 1.99
    endloop
  endfacet
  facet normal 0.760407 0.649447 0
    outer loop
      vertex -4.24264 -4.24264 6
      vertex -4.8541 -3.52671 1.99
      vertex -4.8541 -3.52671 6
    endloop
  endfacet
  facet normal 0.760407 0.649447 0
    outer loop
      vertex -4.8541 -3.52671 1.99
      vertex -4.24264 -4.24264 6
      vertex -4.24264 -4.24264 1.99
    endloop
  endfacet
  facet normal 0.233445 0.97237 -0
    outer loop
      vertex -0.938606 -5.92613 1.99
      vertex -1.8541 -5.70634 6
      vertex -0.938606 -5.92613 6
    endloop
  endfacet
  facet normal 0.233445 0.97237 0
    outer loop
      vertex -1.8541 -5.70634 6
      vertex -0.938606 -5.92613 1.99
      vertex -1.8541 -5.70634 1.99
    endloop
  endfacet
  facet normal 0.649447 0.760407 -0
    outer loop
      vertex -3.52671 -4.8541 1.99
      vertex -4.24264 -4.24264 6
      vertex -3.52671 -4.8541 6
    endloop
  endfacet
  facet normal 0.649447 0.760407 0
    outer loop
      vertex -4.24264 -4.24264 6
      vertex -3.52671 -4.8541 1.99
      vertex -4.24264 -4.24264 1.99
    endloop
  endfacet
  facet normal -0.852639 -0.5225 0
    outer loop
      vertex 5.34604 2.72394 1.99
      vertex 4.8541 3.52671 6
      vertex 4.8541 3.52671 1.99
    endloop
  endfacet
  facet normal -0.852639 -0.5225 0
    outer loop
      vertex 4.8541 3.52671 6
      vertex 5.34604 2.72394 1.99
      vertex 5.34604 2.72394 6
    endloop
  endfacet
  facet normal 0.923879 -0.382684 0
    outer loop
      vertex -5.70634 1.8541 6
      vertex -5.34604 2.72394 1.99
      vertex -5.34604 2.72394 6
    endloop
  endfacet
  facet normal 0.923879 -0.382684 0
    outer loop
      vertex -5.34604 2.72394 1.99
      vertex -5.70634 1.8541 6
      vertex -5.70634 1.8541 1.99
    endloop
  endfacet
  facet normal 0.5225 -0.852639 0
    outer loop
      vertex -3.52671 4.8541 1.99
      vertex -2.72394 5.34604 6
      vertex -3.52671 4.8541 6
    endloop
  endfacet
  facet normal 0.5225 -0.852639 0
    outer loop
      vertex -2.72394 5.34604 6
      vertex -3.52671 4.8541 1.99
      vertex -2.72394 5.34604 1.99
    endloop
  endfacet
  facet normal 0.0784669 0.996917 -0
    outer loop
      vertex -0.582868 -5.95413 1.99
      vertex -0.938606 -5.92613 6
      vertex -0.582868 -5.95413 6
    endloop
  endfacet
  facet normal 0.0784669 0.996917 0
    outer loop
      vertex -0.938606 -5.92613 6
      vertex -0.582868 -5.95413 1.99
      vertex -0.938606 -5.92613 1.99
    endloop
  endfacet
  facet normal -0.5225 -0.852639 0
    outer loop
      vertex 2.72394 5.34604 1.99
      vertex 3.52671 4.8541 6
      vertex 2.72394 5.34604 6
    endloop
  endfacet
  facet normal -0.5225 -0.852639 -0
    outer loop
      vertex 3.52671 4.8541 6
      vertex 2.72394 5.34604 1.99
      vertex 3.52671 4.8541 1.99
    endloop
  endfacet
  facet normal -0.5225 0.852639 0
    outer loop
      vertex 3.52671 -4.8541 1.99
      vertex 2.72394 -5.34604 6
      vertex 3.52671 -4.8541 6
    endloop
  endfacet
  facet normal -0.5225 0.852639 0
    outer loop
      vertex 2.72394 -5.34604 6
      vertex 3.52671 -4.8541 1.99
      vertex 2.72394 -5.34604 1.99
    endloop
  endfacet
  facet normal 0.760407 -0.649447 0
    outer loop
      vertex -4.8541 3.52671 6
      vertex -4.24264 4.24264 1.99
      vertex -4.24264 4.24264 6
    endloop
  endfacet
  facet normal 0.760407 -0.649447 0
    outer loop
      vertex -4.24264 4.24264 1.99
      vertex -4.8541 3.52671 6
      vertex -4.8541 3.52671 1.99
    endloop
  endfacet
  facet normal 0.233445 -0.97237 0
    outer loop
      vertex -1.8541 5.70634 1.99
      vertex -0.938606 5.92613 6
      vertex -1.8541 5.70634 6
    endloop
  endfacet
  facet normal 0.233445 -0.97237 0
    outer loop
      vertex -0.938606 5.92613 6
      vertex -1.8541 5.70634 1.99
      vertex -0.938606 5.92613 1.99
    endloop
  endfacet
  facet normal 0.5225 0.852639 -0
    outer loop
      vertex -2.72394 -5.34604 1.99
      vertex -3.52671 -4.8541 6
      vertex -2.72394 -5.34604 6
    endloop
  endfacet
  facet normal 0.5225 0.852639 0
    outer loop
      vertex -3.52671 -4.8541 6
      vertex -2.72394 -5.34604 1.99
      vertex -3.52671 -4.8541 1.99
    endloop
  endfacet
  facet normal -0.760407 -0.649447 0
    outer loop
      vertex 4.8541 3.52671 1.99
      vertex 4.24264 4.24264 6
      vertex 4.24264 4.24264 1.99
    endloop
  endfacet
  facet normal -0.760407 -0.649447 0
    outer loop
      vertex 4.24264 4.24264 6
      vertex 4.8541 3.52671 1.99
      vertex 4.8541 3.52671 6
    endloop
  endfacet
  facet normal -0.649447 -0.760407 0
    outer loop
      vertex 3.52671 4.8541 1.99
      vertex 4.24264 4.24264 6
      vertex 3.52671 4.8541 6
    endloop
  endfacet
  facet normal -0.649447 -0.760407 -0
    outer loop
      vertex 4.24264 4.24264 6
      vertex 3.52671 4.8541 1.99
      vertex 4.24264 4.24264 1.99
    endloop
  endfacet
  facet normal -0.0784669 0.996917 0
    outer loop
      vertex 0.938606 -5.92613 1.99
      vertex 0.582868 -5.95413 6
      vertex 0.938606 -5.92613 6
    endloop
  endfacet
  facet normal -0.0784669 0.996917 0
    outer loop
      vertex 0.582868 -5.95413 6
      vertex 0.938606 -5.92613 1.99
      vertex 0.582868 -5.95413 1.99
    endloop
  endfacet
  facet normal 0.382684 0.923879 -0
    outer loop
      vertex -1.8541 -5.70634 1.99
      vertex -2.72394 -5.34604 6
      vertex -1.8541 -5.70634 6
    endloop
  endfacet
  facet normal 0.382684 0.923879 0
    outer loop
      vertex -2.72394 -5.34604 6
      vertex -1.8541 -5.70634 1.99
      vertex -2.72394 -5.34604 1.99
    endloop
  endfacet
  facet normal 0.852639 0.5225 0
    outer loop
      vertex -4.8541 -3.52671 6
      vertex -5.34604 -2.72394 1.99
      vertex -5.34604 -2.72394 6
    endloop
  endfacet
  facet normal 0.852639 0.5225 0
    outer loop
      vertex -5.34604 -2.72394 1.99
      vertex -4.8541 -3.52671 6
      vertex -4.8541 -3.52671 1.99
    endloop
  endfacet
  facet normal -0.233445 0.97237 0
    outer loop
      vertex 1.8541 -5.70634 1.99
      vertex 0.938606 -5.92613 6
      vertex 1.8541 -5.70634 6
    endloop
  endfacet
  facet normal -0.233445 0.97237 0
    outer loop
      vertex 0.938606 -5.92613 6
      vertex 1.8541 -5.70634 1.99
      vertex 0.938606 -5.92613 1.99
    endloop
  endfacet
  facet normal -0.649447 0.760407 0
    outer loop
      vertex 4.24264 -4.24264 1.99
      vertex 3.52671 -4.8541 6
      vertex 4.24264 -4.24264 6
    endloop
  endfacet
  facet normal -0.649447 0.760407 0
    outer loop
      vertex 3.52671 -4.8541 6
      vertex 4.24264 -4.24264 1.99
      vertex 3.52671 -4.8541 1.99
    endloop
  endfacet
  facet normal 0.996917 0.0784669 0
    outer loop
      vertex -5.92613 -0.938606 6
      vertex -5.95413 -0.582868 1.99
      vertex -5.95413 -0.582868 6
    endloop
  endfacet
  facet normal 0.996917 0.0784669 0
    outer loop
      vertex -5.95413 -0.582868 1.99
      vertex -5.92613 -0.938606 6
      vertex -5.92613 -0.938606 1.99
    endloop
  endfacet
  facet normal -0.97237 0.233445 0
    outer loop
      vertex 5.70634 -1.8541 1.99
      vertex 5.92613 -0.938606 6
      vertex 5.92613 -0.938606 1.99
    endloop
  endfacet
  facet normal -0.97237 0.233445 0
    outer loop
      vertex 5.92613 -0.938606 6
      vertex 5.70634 -1.8541 1.99
      vertex 5.70634 -1.8541 6
    endloop
  endfacet
  facet normal -0.382684 -0.923879 0
    outer loop
      vertex 1.8541 5.70634 1.99
      vertex 2.72394 5.34604 6
      vertex 1.8541 5.70634 6
    endloop
  endfacet
  facet normal -0.382684 -0.923879 -0
    outer loop
      vertex 2.72394 5.34604 6
      vertex 1.8541 5.70634 1.99
      vertex 2.72394 5.34604 1.99
    endloop
  endfacet
  facet normal -0.0784669 -0.996917 0
    outer loop
      vertex 0.582868 5.95413 1.99
      vertex 0.938606 5.92613 6
      vertex 0.582868 5.95413 6
    endloop
  endfacet
  facet normal -0.0784669 -0.996917 -0
    outer loop
      vertex 0.938606 5.92613 6
      vertex 0.582868 5.95413 1.99
      vertex 0.938606 5.92613 1.99
    endloop
  endfacet
  facet normal 0.852639 -0.5225 0
    outer loop
      vertex -5.34604 2.72394 6
      vertex -4.8541 3.52671 1.99
      vertex -4.8541 3.52671 6
    endloop
  endfacet
  facet normal 0.852639 -0.5225 0
    outer loop
      vertex -4.8541 3.52671 1.99
      vertex -5.34604 2.72394 6
      vertex -5.34604 2.72394 1.99
    endloop
  endfacet
  facet normal 0 0.160396 0.987053
    outer loop
      vertex 14.25 5.6 184.928
      vertex -8.94697 0 185.838
      vertex 8.94697 0 185.838
    endloop
  endfacet
  facet normal 0 0.160396 0.987053
    outer loop
      vertex -8.94697 0 185.838
      vertex 14.25 5.6 184.928
      vertex -14.25 5.6 184.928
    endloop
  endfacet
  facet normal -0.00181019 0.865454 0.500986
    outer loop
      vertex -9.72188 10.028 177.259
      vertex -14.25 13.6 171.072
      vertex -9.85921 10.0445 177.23
    endloop
  endfacet
  facet normal 0.00178981 0.865496 0.500913
    outer loop
      vertex 10.1408 10.0445 177.23
      vertex 14.25 13.6 171.072
      vertex 10 10.05 177.221
    endloop
  endfacet
  facet normal -0.00134946 0.866404 0.499343
    outer loop
      vertex 14.25 13.6 171.072
      vertex 10.1408 10.0445 177.23
      vertex 10.2781 10.028 177.259
    endloop
  endfacet
  facet normal 0.00181019 0.865454 0.500986
    outer loop
      vertex 14.25 13.6 171.072
      vertex 9.72188 10.028 177.259
      vertex 9.85921 10.0445 177.23
    endloop
  endfacet
  facet normal 0 0.866029 0.499993
    outer loop
      vertex 9.72188 10.028 177.259
      vertex 14.25 13.6 171.072
      vertex -9.72188 10.028 177.259
    endloop
  endfacet
  facet normal -0.00195795 0.866617 0.49897
    outer loop
      vertex 14.25 13.6 171.072
      vertex 9.85921 10.0445 177.23
      vertex 10 10.05 177.221
    endloop
  endfacet
  facet normal -0 0.866029 0.499993
    outer loop
      vertex -14.25 13.6 171.072
      vertex -9.72188 10.028 177.259
      vertex 14.25 13.6 171.072
    endloop
  endfacet
  facet normal 0.00195795 0.866617 0.49897
    outer loop
      vertex -9.85921 10.0445 177.23
      vertex -14.25 13.6 171.072
      vertex -10 10.05 177.221
    endloop
  endfacet
  facet normal -0.00178981 0.865496 0.500913
    outer loop
      vertex -10 10.05 177.221
      vertex -14.25 13.6 171.072
      vertex -10.1408 10.0445 177.23
    endloop
  endfacet
  facet normal 0.00134946 0.866404 0.499343
    outer loop
      vertex -10.1408 10.0445 177.23
      vertex -14.25 13.6 171.072
      vertex -10.2781 10.028 177.259
    endloop
  endfacet
  facet normal -0.16906 0 0.985606
    outer loop
      vertex -10 0 185.657
      vertex -14.25 5.6 184.928
      vertex -10 -4.328 185.657
    endloop
  endfacet
  facet normal -0.169401 -0.000265922 0.985547
    outer loop
      vertex -14.25 5.6 184.928
      vertex -10 0 185.657
      vertex -8.94697 0 185.838
    endloop
  endfacet
  facet normal -0.00342931 0.865254 0.501321
    outer loop
      vertex 14.25 5.6 184.928
      vertex 10.856 9.46094 178.241
      vertex 10.8227 9.42083 178.31
    endloop
  endfacet
  facet normal 0.000447627 0.866113 0.499849
    outer loop
      vertex 14.25 5.6 184.928
      vertex 10.8889 9.5296 178.122
      vertex 10.856 9.46094 178.241
    endloop
  endfacet
  facet normal 0.000479433 0.866119 0.499837
    outer loop
      vertex 14.25 5.6 184.928
      vertex 10.9 9.6 178
      vertex 10.8889 9.5296 178.122
    endloop
  endfacet
  facet normal 0 0.866019 0.500011
    outer loop
      vertex 14.25 13.6 171.072
      vertex 10.9 9.6 178
      vertex 14.25 5.6 184.928
    endloop
  endfacet
  facet normal -0.000603019 0.866145 0.499792
    outer loop
      vertex 10.9 9.6 178
      vertex 14.25 13.6 171.072
      vertex 10.8889 9.67039 177.878
    endloop
  endfacet
  facet normal -0.000727609 0.866231 0.499643
    outer loop
      vertex 10.4086 10.001 177.306
      vertex 14.25 13.6 171.072
      vertex 10.2781 10.028 177.259
    endloop
  endfacet
  facet normal 0.00309179 0.865207 0.501405
    outer loop
      vertex 10.529 9.96406 177.369
      vertex 14.25 13.6 171.072
      vertex 10.4086 10.001 177.306
    endloop
  endfacet
  facet normal -0.00186358 0.866479 0.499211
    outer loop
      vertex 10.6364 9.9182 177.449
      vertex 14.25 13.6 171.072
      vertex 10.529 9.96406 177.369
    endloop
  endfacet
  facet normal 3.52675e-05 0.866015 0.500019
    outer loop
      vertex 10.7281 9.8645 177.542
      vertex 14.25 13.6 171.072
      vertex 10.6364 9.9182 177.449
    endloop
  endfacet
  facet normal 0.00102815 0.86578 0.500424
    outer loop
      vertex 10.8019 9.8043 177.646
      vertex 14.25 13.6 171.072
      vertex 10.7281 9.8645 177.542
    endloop
  endfacet
  facet normal -3.06069e-05 0.866021 0.500008
    outer loop
      vertex 10.856 9.73906 177.759
      vertex 14.25 13.6 171.072
      vertex 10.8019 9.8043 177.646
    endloop
  endfacet
  facet normal -0.000354787 0.866092 0.499884
    outer loop
      vertex 10.8889 9.67039 177.878
      vertex 14.25 13.6 171.072
      vertex 10.856 9.73906 177.759
    endloop
  endfacet
  facet normal 0.00342931 0.865254 0.501321
    outer loop
      vertex -10.856 9.46094 178.241
      vertex -14.25 5.6 184.928
      vertex -10.8227 9.42083 178.31
    endloop
  endfacet
  facet normal -0.000447627 0.866113 0.499849
    outer loop
      vertex -10.8889 9.5296 178.122
      vertex -14.25 5.6 184.928
      vertex -10.856 9.46094 178.241
    endloop
  endfacet
  facet normal -0.000479433 0.866119 0.499837
    outer loop
      vertex -10.9 9.6 178
      vertex -14.25 5.6 184.928
      vertex -10.8889 9.5296 178.122
    endloop
  endfacet
  facet normal 0.000603019 0.866145 0.499792
    outer loop
      vertex -14.25 13.6 171.072
      vertex -10.9 9.6 178
      vertex -10.8889 9.67039 177.878
    endloop
  endfacet
  facet normal 0.000354787 0.866092 0.499884
    outer loop
      vertex -14.25 13.6 171.072
      vertex -10.8889 9.67039 177.878
      vertex -10.856 9.73906 177.759
    endloop
  endfacet
  facet normal 0 0.866019 0.500011
    outer loop
      vertex -10.9 9.6 178
      vertex -14.25 13.6 171.072
      vertex -14.25 5.6 184.928
    endloop
  endfacet
  facet normal 3.06069e-05 0.866021 0.500008
    outer loop
      vertex -10.8019 9.8043 177.646
      vertex -14.25 13.6 171.072
      vertex -10.856 9.73906 177.759
    endloop
  endfacet
  facet normal -0.00102815 0.86578 0.500424
    outer loop
      vertex -10.7281 9.8645 177.542
      vertex -14.25 13.6 171.072
      vertex -10.8019 9.8043 177.646
    endloop
  endfacet
  facet normal -3.52675e-05 0.866015 0.500019
    outer loop
      vertex -10.6364 9.9182 177.449
      vertex -14.25 13.6 171.072
      vertex -10.7281 9.8645 177.542
    endloop
  endfacet
  facet normal 0.00186358 0.866479 0.499211
    outer loop
      vertex -10.529 9.96406 177.369
      vertex -14.25 13.6 171.072
      vertex -10.6364 9.9182 177.449
    endloop
  endfacet
  facet normal -0.00309179 0.865207 0.501405
    outer loop
      vertex -10.4086 10.001 177.306
      vertex -14.25 13.6 171.072
      vertex -10.529 9.96406 177.369
    endloop
  endfacet
  facet normal 0.000727609 0.866231 0.499643
    outer loop
      vertex -14.25 13.6 171.072
      vertex -10.4086 10.001 177.306
      vertex -10.2781 10.028 177.259
    endloop
  endfacet
  facet normal -1 0 0
    outer loop
      vertex -14.25 10.4823 169.272
      vertex -14.25 5.6 184.928
      vertex -14.25 13.6 171.072
    endloop
  endfacet
  facet normal -1 0 -0
    outer loop
      vertex -14.25 5.6 184.928
      vertex -14.25 10.4823 169.272
      vertex -14.25 2.48231 183.128
    endloop
  endfacet
  facet normal 0 0.499999 -0.866026
    outer loop
      vertex -14.25 10.4823 169.272
      vertex 14.25 13.6 171.072
      vertex 14.25 10.4823 169.272
    endloop
  endfacet
  facet normal 0 0.499999 -0.866026
    outer loop
      vertex 14.25 13.6 171.072
      vertex -14.25 10.4823 169.272
      vertex -14.25 13.6 171.072
    endloop
  endfacet
  facet normal -0.935215 -0.30664 -0.177044
    outer loop
      vertex -14.25 10.4823 169.272
      vertex -11.483 -2.60106 177.316
      vertex -14.25 2.48231 183.128
    endloop
  endfacet
  facet normal -0.935629 -0.30603 -0.17591
    outer loop
      vertex -14.25 10.4823 169.272
      vertex -11.4593 -2.62236 177.227
      vertex -11.483 -2.60106 177.316
    endloop
  endfacet
  facet normal -0.935218 -0.306637 -0.177035
    outer loop
      vertex -11.3414 -2.77248 176.865
      vertex -14.25 10.4823 169.272
      vertex -10 -2.76566 169.767
    endloop
  endfacet
  facet normal -0.935112 -0.306785 -0.177335
    outer loop
      vertex -14.25 10.4823 169.272
      vertex -11.3414 -2.77248 176.865
      vertex -11.4593 -2.62236 177.227
    endloop
  endfacet
  facet normal -0.935131 -0.30691 -0.177019
    outer loop
      vertex -10 -2.76566 169.767
      vertex -11.2109 -2.97746 176.531
      vertex -11.3414 -2.77248 176.865
    endloop
  endfacet
  facet normal -0.935354 -0.30622 -0.177037
    outer loop
      vertex -10 -2.76566 169.767
      vertex -11.0709 -3.23223 176.232
      vertex -11.2109 -2.97746 176.531
    endloop
  endfacet
  facet normal -0.935289 -0.306416 -0.17704
    outer loop
      vertex -10 -2.76566 169.767
      vertex -10.9249 -3.53054 175.977
      vertex -11.0709 -3.23223 176.232
    endloop
  endfacet
  facet normal -0.935198 -0.306684 -0.17706
    outer loop
      vertex -10 -2.76566 169.767
      vertex -10.7764 -3.86502 175.772
      vertex -10.9249 -3.53054 175.977
    endloop
  endfacet
  facet normal -0.935203 -0.30667 -0.177058
    outer loop
      vertex -10 -5.32566 174.201
      vertex -10.7764 -3.86502 175.772
      vertex -10 -2.76566 169.767
    endloop
  endfacet
  facet normal -0.935243 -0.30638 -0.177346
    outer loop
      vertex -10.7764 -3.86502 175.772
      vertex -10 -5.32566 174.201
      vertex -10.7215 -4.00019 175.716
    endloop
  endfacet
  facet normal 0.000379335 -0.0372167 -0.999307
    outer loop
      vertex -10 -2.76566 169.767
      vertex -14.25 10.4823 169.272
      vertex -10 0 169.664
    endloop
  endfacet
  facet normal -0.000379335 -0.0372167 -0.999307
    outer loop
      vertex 10 0 169.664
      vertex 14.25 10.4823 169.272
      vertex 10 -2.76566 169.767
    endloop
  endfacet
  facet normal 0 -0.0373703 -0.999301
    outer loop
      vertex -10 0 169.664
      vertex 14.25 10.4823 169.272
      vertex 10 0 169.664
    endloop
  endfacet
  facet normal -0 -0.0373703 -0.999301
    outer loop
      vertex 14.25 10.4823 169.272
      vertex -10 0 169.664
      vertex -14.25 10.4823 169.272
    endloop
  endfacet
  facet normal -0.000947194 0.865727 0.500515
    outer loop
      vertex 9.59141 9.19905 178.694
      vertex 14.25 5.6 184.928
      vertex 9.72188 9.17202 178.741
    endloop
  endfacet
  facet normal -0.00221574 0.866693 0.498836
    outer loop
      vertex -14.25 5.6 184.928
      vertex -9.85921 9.15554 178.77
      vertex -10 9.15 178.779
    endloop
  endfacet
  facet normal 0.00613608 0.867997 0.496532
    outer loop
      vertex 9.47099 9.23594 178.631
      vertex 14.25 5.6 184.928
      vertex 9.59141 9.19905 178.694
    endloop
  endfacet
  facet normal 0.00195986 0.865405 0.50107
    outer loop
      vertex -14.25 5.6 184.928
      vertex -9.72188 9.17202 178.741
      vertex -9.85921 9.15554 178.77
    endloop
  endfacet
  facet normal -0.00615758 0.863956 0.503529
    outer loop
      vertex 9.3636 9.2818 178.551
      vertex 14.25 5.6 184.928
      vertex 9.47099 9.23594 178.631
    endloop
  endfacet
  facet normal 0.000947194 0.865727 0.500515
    outer loop
      vertex -14.25 5.6 184.928
      vertex -9.59141 9.19905 178.694
      vertex -9.72188 9.17202 178.741
    endloop
  endfacet
  facet normal 0 0.866023 0.500004
    outer loop
      vertex 14.25 5.6 184.928
      vertex 9.3636 9.2818 178.551
      vertex -14.25 5.6 184.928
    endloop
  endfacet
  facet normal -0.00613608 0.867997 0.496532
    outer loop
      vertex -14.25 5.6 184.928
      vertex -9.47099 9.23594 178.631
      vertex -9.59141 9.19905 178.694
    endloop
  endfacet
  facet normal -0 0.866023 0.500004
    outer loop
      vertex -9.3636 9.2818 178.551
      vertex -14.25 5.6 184.928
      vertex 9.3636 9.2818 178.551
    endloop
  endfacet
  facet normal 0.00615758 0.863956 0.503529
    outer loop
      vertex -14.25 5.6 184.928
      vertex -9.3636 9.2818 178.551
      vertex -9.47099 9.23594 178.631
    endloop
  endfacet
  facet normal 0 0.865999 0.500045
    outer loop
      vertex 9.27188 9.3355 178.458
      vertex -9.3636 9.2818 178.551
      vertex 9.3636 9.2818 178.551
    endloop
  endfacet
  facet normal 0 0.865999 0.500045
    outer loop
      vertex 9.27188 9.3355 178.458
      vertex -9.27188 9.3355 178.458
      vertex -9.3636 9.2818 178.551
    endloop
  endfacet
  facet normal 0 0.865464 0.500971
    outer loop
      vertex 9.19809 9.3957 178.354
      vertex -9.27188 9.3355 178.458
      vertex 9.27188 9.3355 178.458
    endloop
  endfacet
  facet normal 0 0.865464 0.500971
    outer loop
      vertex 9.19809 9.3957 178.354
      vertex -9.19809 9.3957 178.354
      vertex -9.27188 9.3355 178.458
    endloop
  endfacet
  facet normal 0 0.866027 0.499997
    outer loop
      vertex 9.14405 9.46094 178.241
      vertex -9.19809 9.3957 178.354
      vertex 9.19809 9.3957 178.354
    endloop
  endfacet
  facet normal 0 0.866027 0.499997
    outer loop
      vertex 9.14405 9.46094 178.241
      vertex -9.14405 9.46094 178.241
      vertex -9.19809 9.3957 178.354
    endloop
  endfacet
  facet normal 0 0.866166 0.499756
    outer loop
      vertex 9.11108 9.5296 178.122
      vertex -9.14405 9.46094 178.241
      vertex 9.14405 9.46094 178.241
    endloop
  endfacet
  facet normal 0 0.866166 0.499756
    outer loop
      vertex 9.11108 9.5296 178.122
      vertex -9.11108 9.5296 178.122
      vertex -9.14405 9.46094 178.241
    endloop
  endfacet
  facet normal 0 0.866138 0.499804
    outer loop
      vertex 9.1 9.6 178
      vertex -9.11108 9.5296 178.122
      vertex 9.11108 9.5296 178.122
    endloop
  endfacet
  facet normal 0 0.866138 0.499804
    outer loop
      vertex 9.1 9.6 178
      vertex -9.1 9.6 178
      vertex -9.11108 9.5296 178.122
    endloop
  endfacet
  facet normal 0 0.866169 0.499751
    outer loop
      vertex 9.11108 9.67039 177.878
      vertex -9.1 9.6 178
      vertex 9.1 9.6 178
    endloop
  endfacet
  facet normal 0 0.866169 0.499751
    outer loop
      vertex 9.11108 9.67039 177.878
      vertex -9.11108 9.67039 177.878
      vertex -9.1 9.6 178
    endloop
  endfacet
  facet normal 0 0.866135 0.499811
    outer loop
      vertex 9.14405 9.73906 177.759
      vertex -9.11108 9.67039 177.878
      vertex 9.11108 9.67039 177.878
    endloop
  endfacet
  facet normal 0 0.866135 0.499811
    outer loop
      vertex 9.14405 9.73906 177.759
      vertex -9.14405 9.73906 177.759
      vertex -9.11108 9.67039 177.878
    endloop
  endfacet
  facet normal 0 0.866027 0.499997
    outer loop
      vertex 9.19809 9.8043 177.646
      vertex -9.14405 9.73906 177.759
      vertex 9.14405 9.73906 177.759
    endloop
  endfacet
  facet normal 0 0.866027 0.499997
    outer loop
      vertex 9.19809 9.8043 177.646
      vertex -9.19809 9.8043 177.646
      vertex -9.14405 9.73906 177.759
    endloop
  endfacet
  facet normal 0 0.865464 0.500971
    outer loop
      vertex 9.27188 9.8645 177.542
      vertex -9.19809 9.8043 177.646
      vertex 9.19809 9.8043 177.646
    endloop
  endfacet
  facet normal 0 0.865464 0.500971
    outer loop
      vertex 9.27188 9.8645 177.542
      vertex -9.27188 9.8645 177.542
      vertex -9.19809 9.8043 177.646
    endloop
  endfacet
  facet normal 0 0.865999 0.500045
    outer loop
      vertex 9.3636 9.9182 177.449
      vertex -9.27188 9.8645 177.542
      vertex 9.27188 9.8645 177.542
    endloop
  endfacet
  facet normal 0 0.865999 0.500045
    outer loop
      vertex 9.3636 9.9182 177.449
      vertex -9.3636 9.9182 177.449
      vertex -9.27188 9.8645 177.542
    endloop
  endfacet
  facet normal 0 0.867562 0.49733
    outer loop
      vertex 9.47099 9.96406 177.369
      vertex -9.3636 9.9182 177.449
      vertex 9.3636 9.9182 177.449
    endloop
  endfacet
  facet normal 0 0.867562 0.49733
    outer loop
      vertex 9.47099 9.96406 177.369
      vertex -9.47099 9.96406 177.369
      vertex -9.3636 9.9182 177.449
    endloop
  endfacet
  facet normal 0 0.862644 0.505811
    outer loop
      vertex 9.59141 10.001 177.306
      vertex -9.47099 9.96406 177.369
      vertex 9.47099 9.96406 177.369
    endloop
  endfacet
  facet normal 0 0.862644 0.505811
    outer loop
      vertex 9.59141 10.001 177.306
      vertex -9.59141 10.001 177.306
      vertex -9.47099 9.96406 177.369
    endloop
  endfacet
  facet normal 0 0.867106 0.498124
    outer loop
      vertex 9.72188 10.028 177.259
      vertex -9.59141 10.001 177.306
      vertex 9.59141 10.001 177.306
    endloop
  endfacet
  facet normal 0 0.867106 0.498124
    outer loop
      vertex -9.59141 10.001 177.306
      vertex 9.72188 10.028 177.259
      vertex -9.72188 10.028 177.259
    endloop
  endfacet
  facet normal 0.00221574 0.866693 0.498836
    outer loop
      vertex 9.85921 9.15554 178.77
      vertex 14.25 5.6 184.928
      vertex 10 9.15 178.779
    endloop
  endfacet
  facet normal -0.00202512 0.865425 0.501035
    outer loop
      vertex 14.25 5.6 184.928
      vertex 10.1408 9.15554 178.77
      vertex 10 9.15 178.779
    endloop
  endfacet
  facet normal 0.00146117 0.866433 0.499291
    outer loop
      vertex 14.25 5.6 184.928
      vertex 10.2781 9.17202 178.741
      vertex 10.1408 9.15554 178.77
    endloop
  endfacet
  facet normal 0.000566659 0.866186 0.499722
    outer loop
      vertex 14.25 5.6 184.928
      vertex 10.4086 9.19905 178.694
      vertex 10.2781 9.17202 178.741
    endloop
  endfacet
  facet normal -0.00281758 0.865278 0.501284
    outer loop
      vertex 14.25 5.6 184.928
      vertex 10.529 9.23594 178.631
      vertex 10.4086 9.19905 178.694
    endloop
  endfacet
  facet normal 0.00186358 0.866479 0.499211
    outer loop
      vertex 14.25 5.6 184.928
      vertex 10.6364 9.2818 178.551
      vertex 10.529 9.23594 178.631
    endloop
  endfacet
  facet normal -3.52675e-05 0.866015 0.500019
    outer loop
      vertex 14.25 5.6 184.928
      vertex 10.7281 9.3355 178.458
      vertex 10.6364 9.2818 178.551
    endloop
  endfacet
  facet normal -0.00102815 0.86578 0.500424
    outer loop
      vertex 14.25 5.6 184.928
      vertex 10.8019 9.3957 178.354
      vertex 10.7281 9.3355 178.458
    endloop
  endfacet
  facet normal 0.00543022 0.867232 0.497875
    outer loop
      vertex 10.8019 9.3957 178.354
      vertex 14.25 5.6 184.928
      vertex 10.8227 9.42083 178.31
    endloop
  endfacet
  facet normal -0.00195986 0.865405 0.50107
    outer loop
      vertex 9.72188 9.17202 178.741
      vertex 14.25 5.6 184.928
      vertex 9.85921 9.15554 178.77
    endloop
  endfacet
  facet normal 0.00202512 0.865425 0.501035
    outer loop
      vertex -10.1408 9.15554 178.77
      vertex -14.25 5.6 184.928
      vertex -10 9.15 178.779
    endloop
  endfacet
  facet normal -0.00146117 0.866433 0.499291
    outer loop
      vertex -10.2781 9.17202 178.741
      vertex -14.25 5.6 184.928
      vertex -10.1408 9.15554 178.77
    endloop
  endfacet
  facet normal -0.000566659 0.866186 0.499722
    outer loop
      vertex -10.4086 9.19905 178.694
      vertex -14.25 5.6 184.928
      vertex -10.2781 9.17202 178.741
    endloop
  endfacet
  facet normal 0.00281758 0.865278 0.501284
    outer loop
      vertex -10.529 9.23594 178.631
      vertex -14.25 5.6 184.928
      vertex -10.4086 9.19905 178.694
    endloop
  endfacet
  facet normal -0.00186358 0.866479 0.499211
    outer loop
      vertex -10.6364 9.2818 178.551
      vertex -14.25 5.6 184.928
      vertex -10.529 9.23594 178.631
    endloop
  endfacet
  facet normal 3.52675e-05 0.866015 0.500019
    outer loop
      vertex -10.7281 9.3355 178.458
      vertex -14.25 5.6 184.928
      vertex -10.6364 9.2818 178.551
    endloop
  endfacet
  facet normal 0.00102815 0.86578 0.500424
    outer loop
      vertex -10.8019 9.3957 178.354
      vertex -14.25 5.6 184.928
      vertex -10.7281 9.3355 178.458
    endloop
  endfacet
  facet normal -0.00543022 0.867232 0.497875
    outer loop
      vertex -14.25 5.6 184.928
      vertex -10.8019 9.3957 178.354
      vertex -10.8227 9.42083 178.31
    endloop
  endfacet
  facet normal 0.878278 -0.478151 9.61412e-05
    outer loop
      vertex 14.25 2.48231 183.128
      vertex 11.5213 -2.53078 178.391
      vertex 11.5381 -2.5 178
    endloop
  endfacet
  facet normal 0.878278 -0.478151 9.67883e-05
    outer loop
      vertex 14.25 2.48231 183.128
      vertex 11.4714 -2.62236 178.773
      vertex 11.5213 -2.53078 178.391
    endloop
  endfacet
  facet normal 0.878321 -0.478071 -2.52413e-05
    outer loop
      vertex 14.25 2.48231 183.128
      vertex 11.3897 -2.77248 179.135
      vertex 11.4714 -2.62236 178.773
    endloop
  endfacet
  facet normal 0.878356 -0.478007 -0.000134884
    outer loop
      vertex 14.25 2.48231 183.128
      vertex 11.2782 -2.97746 179.469
      vertex 11.3897 -2.77248 179.135
    endloop
  endfacet
  facet normal 0.878304 -0.478102 4.95245e-05
    outer loop
      vertex 14.25 2.48231 183.128
      vertex 11.1395 -3.23223 179.768
      vertex 11.2782 -2.97746 179.469
    endloop
  endfacet
  facet normal 0.878304 -0.478103 5.28658e-05
    outer loop
      vertex 14.25 2.48231 183.128
      vertex 10.9771 -3.53054 180.023
      vertex 11.1395 -3.23223 179.768
    endloop
  endfacet
  facet normal 0.878297 -0.478116 8.52285e-05
    outer loop
      vertex 14.25 2.48231 183.128
      vertex 10.795 -3.86502 180.228
      vertex 10.9771 -3.53054 180.023
    endloop
  endfacet
  facet normal 0.878315 -0.478083 -9.62176e-06
    outer loop
      vertex 10 -5.32566 185.081
      vertex 10.795 -3.86502 180.228
      vertex 14.25 2.48231 183.128
    endloop
  endfacet
  facet normal 0.878409 -0.47791 5.79542e-05
    outer loop
      vertex 10.795 -3.86502 180.228
      vertex 10 -5.32566 185.081
      vertex 10.5978 -4.22746 180.378
    endloop
  endfacet
  facet normal 0.878244 -0.478213 -3.38695e-05
    outer loop
      vertex 10.5978 -4.22746 180.378
      vertex 10 -5.32566 185.081
      vertex 10.3901 -4.60891 180.469
    endloop
  endfacet
  facet normal 0.878388 -0.477947 1.96284e-05
    outer loop
      vertex 10.3901 -4.60891 180.469
      vertex 10 -5.32566 185.081
      vertex 10.1773 -5 180.5
    endloop
  endfacet
  facet normal 0.878273 -0.47816 0
    outer loop
      vertex 10.1773 -5 180.5
      vertex 10 -5.32566 185.081
      vertex 10 -5.32566 180.474
    endloop
  endfacet
  facet normal 0.878368 -0.477984 -0.000113106
    outer loop
      vertex 11.5213 -2.53078 177.609
      vertex 14.25 2.48231 183.128
      vertex 11.5381 -2.5 178
    endloop
  endfacet
  facet normal 0.878402 -0.477923 -0.000185528
    outer loop
      vertex 14.25 2.48231 183.128
      vertex 11.5213 -2.53078 177.609
      vertex 11.483 -2.60106 177.316
    endloop
  endfacet
  facet normal 0.878337 -0.478043 -5.86278e-05
    outer loop
      vertex 10.5978 -4.22746 175.622
      vertex 10 -5.32566 174.201
      vertex 10.7215 -4.00019 175.716
    endloop
  endfacet
  facet normal 0.878234 -0.478231 0.000129777
    outer loop
      vertex 10.3901 -4.60891 175.531
      vertex 10 -5.32566 174.201
      vertex 10.5978 -4.22746 175.622
    endloop
  endfacet
  facet normal 0.87839 -0.477944 -7.02263e-05
    outer loop
      vertex 10.1773 -5 175.5
      vertex 10 -5.32566 174.201
      vertex 10.3901 -4.60891 175.531
    endloop
  endfacet
  facet normal 0.878273 -0.47816 0
    outer loop
      vertex 10 -5.32566 174.201
      vertex 10.1773 -5 175.5
      vertex 10 -5.32566 175.526
    endloop
  endfacet
  facet normal 1 0 0
    outer loop
      vertex 14.25 5.6 184.928
      vertex 14.25 10.4823 169.272
      vertex 14.25 13.6 171.072
    endloop
  endfacet
  facet normal 1 0 0
    outer loop
      vertex 14.25 10.4823 169.272
      vertex 14.25 5.6 184.928
      vertex 14.25 2.48231 183.128
    endloop
  endfacet
  facet normal 0.935215 -0.30664 -0.177044
    outer loop
      vertex 11.483 -2.60106 177.316
      vertex 14.25 10.4823 169.272
      vertex 14.25 2.48231 183.128
    endloop
  endfacet
  facet normal 0.935629 -0.30603 -0.17591
    outer loop
      vertex 11.4593 -2.62236 177.227
      vertex 14.25 10.4823 169.272
      vertex 11.483 -2.60106 177.316
    endloop
  endfacet
  facet normal 0.935112 -0.306785 -0.177335
    outer loop
      vertex 11.3414 -2.77248 176.865
      vertex 14.25 10.4823 169.272
      vertex 11.4593 -2.62236 177.227
    endloop
  endfacet
  facet normal 0.935218 -0.306637 -0.177035
    outer loop
      vertex 14.25 10.4823 169.272
      vertex 11.3414 -2.77248 176.865
      vertex 10 -2.76566 169.767
    endloop
  endfacet
  facet normal 0.935131 -0.30691 -0.177019
    outer loop
      vertex 11.2109 -2.97746 176.531
      vertex 10 -2.76566 169.767
      vertex 11.3414 -2.77248 176.865
    endloop
  endfacet
  facet normal 0.935354 -0.30622 -0.177037
    outer loop
      vertex 11.0709 -3.23223 176.232
      vertex 10 -2.76566 169.767
      vertex 11.2109 -2.97746 176.531
    endloop
  endfacet
  facet normal 0.935289 -0.306416 -0.17704
    outer loop
      vertex 10.9249 -3.53054 175.977
      vertex 10 -2.76566 169.767
      vertex 11.0709 -3.23223 176.232
    endloop
  endfacet
  facet normal 0.935198 -0.306684 -0.17706
    outer loop
      vertex 10.7764 -3.86502 175.772
      vertex 10 -2.76566 169.767
      vertex 10.9249 -3.53054 175.977
    endloop
  endfacet
  facet normal 0.935243 -0.30638 -0.177346
    outer loop
      vertex 10 -5.32566 174.201
      vertex 10.7764 -3.86502 175.772
      vertex 10.7215 -4.00019 175.716
    endloop
  endfacet
  facet normal 0.935203 -0.30667 -0.177058
    outer loop
      vertex 10.7764 -3.86502 175.772
      vertex 10 -5.32566 174.201
      vertex 10 -2.76566 169.767
    endloop
  endfacet
  facet normal 0.169401 -0.000265922 0.985547
    outer loop
      vertex 14.25 5.6 184.928
      vertex 8.94697 0 185.838
      vertex 10 0 185.657
    endloop
  endfacet
  facet normal 0.16906 0 0.985606
    outer loop
      vertex 14.25 5.6 184.928
      vertex 10 0 185.657
      vertex 10 -4.328 185.657
    endloop
  endfacet
  facet normal -0.878368 -0.477984 -0.000113106
    outer loop
      vertex -14.25 2.48231 183.128
      vertex -11.5213 -2.53078 177.609
      vertex -11.5381 -2.5 178
    endloop
  endfacet
  facet normal -0.878402 -0.477923 -0.000185528
    outer loop
      vertex -11.5213 -2.53078 177.609
      vertex -14.25 2.48231 183.128
      vertex -11.483 -2.60106 177.316
    endloop
  endfacet
  facet normal -0.878278 -0.478151 9.61412e-05
    outer loop
      vertex -11.5213 -2.53078 178.391
      vertex -14.25 2.48231 183.128
      vertex -11.5381 -2.5 178
    endloop
  endfacet
  facet normal -0.878278 -0.478151 9.67883e-05
    outer loop
      vertex -11.4714 -2.62236 178.773
      vertex -14.25 2.48231 183.128
      vertex -11.5213 -2.53078 178.391
    endloop
  endfacet
  facet normal -0.878321 -0.478071 -2.52413e-05
    outer loop
      vertex -11.3897 -2.77248 179.135
      vertex -14.25 2.48231 183.128
      vertex -11.4714 -2.62236 178.773
    endloop
  endfacet
  facet normal -0.878356 -0.478007 -0.000134884
    outer loop
      vertex -11.2782 -2.97746 179.469
      vertex -14.25 2.48231 183.128
      vertex -11.3897 -2.77248 179.135
    endloop
  endfacet
  facet normal -0.878304 -0.478102 4.95245e-05
    outer loop
      vertex -11.1395 -3.23223 179.768
      vertex -14.25 2.48231 183.128
      vertex -11.2782 -2.97746 179.469
    endloop
  endfacet
  facet normal -0.878304 -0.478103 5.28658e-05
    outer loop
      vertex -10.9771 -3.53054 180.023
      vertex -14.25 2.48231 183.128
      vertex -11.1395 -3.23223 179.768
    endloop
  endfacet
  facet normal -0.878297 -0.478116 8.52285e-05
    outer loop
      vertex -10.795 -3.86502 180.228
      vertex -14.25 2.48231 183.128
      vertex -10.9771 -3.53054 180.023
    endloop
  endfacet
  facet normal -0.878409 -0.47791 5.79542e-05
    outer loop
      vertex -10 -5.32566 185.081
      vertex -10.795 -3.86502 180.228
      vertex -10.5978 -4.22746 180.378
    endloop
  endfacet
  facet normal -0.878244 -0.478213 -3.38695e-05
    outer loop
      vertex -10 -5.32566 185.081
      vertex -10.5978 -4.22746 180.378
      vertex -10.3901 -4.60891 180.469
    endloop
  endfacet
  facet normal -0.878388 -0.477947 1.96284e-05
    outer loop
      vertex -10 -5.32566 185.081
      vertex -10.3901 -4.60891 180.469
      vertex -10.1773 -5 180.5
    endloop
  endfacet
  facet normal -0.878273 -0.47816 -0
    outer loop
      vertex -10 -5.32566 185.081
      vertex -10.1773 -5 180.5
      vertex -10 -5.32566 180.474
    endloop
  endfacet
  facet normal -0.878315 -0.478083 -9.62176e-06
    outer loop
      vertex -10.795 -3.86502 180.228
      vertex -10 -5.32566 185.081
      vertex -14.25 2.48231 183.128
    endloop
  endfacet
  facet normal -0.878337 -0.478043 -5.86278e-05
    outer loop
      vertex -10 -5.32566 174.201
      vertex -10.5978 -4.22746 175.622
      vertex -10.7215 -4.00019 175.716
    endloop
  endfacet
  facet normal -0.878234 -0.478231 0.000129777
    outer loop
      vertex -10 -5.32566 174.201
      vertex -10.3901 -4.60891 175.531
      vertex -10.5978 -4.22746 175.622
    endloop
  endfacet
  facet normal -0.87839 -0.477944 -7.02263e-05
    outer loop
      vertex -10 -5.32566 174.201
      vertex -10.1773 -5 175.5
      vertex -10.3901 -4.60891 175.531
    endloop
  endfacet
  facet normal -0.878273 -0.47816 0
    outer loop
      vertex -10.1773 -5 175.5
      vertex -10 -5.32566 174.201
      vertex -10 -5.32566 175.526
    endloop
  endfacet
  facet normal -0.79633 -0.302431 0.523826
    outer loop
      vertex -14.25 2.48231 183.128
      vertex -10 -4.328 185.657
      vertex -14.25 5.6 184.928
    endloop
  endfacet
  facet normal -0.79633 -0.302431 0.523825
    outer loop
      vertex -10 -4.328 185.657
      vertex -14.25 2.48231 183.128
      vertex -10 -5.32566 185.081
    endloop
  endfacet
  facet normal 0.79633 -0.302431 0.523826
    outer loop
      vertex 10 -4.328 185.657
      vertex 14.25 2.48231 183.128
      vertex 14.25 5.6 184.928
    endloop
  endfacet
  facet normal 0.79633 -0.302431 0.523825
    outer loop
      vertex 14.25 2.48231 183.128
      vertex 10 -4.328 185.657
      vertex 10 -5.32566 185.081
    endloop
  endfacet
  facet normal -5.61014e-06 0.939699 0.342004
    outer loop
      vertex 14.25 12.3362 144.482
      vertex 10.9 9.6 152
      vertex 14.25 6.86384 159.518
    endloop
  endfacet
  facet normal -1.56644e-05 0.9397 0.341999
    outer loop
      vertex -9.72188 9.89275 151.196
      vertex -14.25 12.3362 144.482
      vertex -9.85921 9.90403 151.165
    endloop
  endfacet
  facet normal -0.00135853 0.939971 0.341252
    outer loop
      vertex 10.1408 9.90403 151.165
      vertex 14.25 12.3362 144.482
      vertex 10 9.90782 151.154
    endloop
  endfacet
  facet normal -1.17175e-05 0.939706 0.341984
    outer loop
      vertex 10.2781 9.89275 151.196
      vertex 14.25 12.3362 144.482
      vertex 10.1408 9.90403 151.165
    endloop
  endfacet
  facet normal 0.0016626 0.939386 0.342858
    outer loop
      vertex 10.4086 9.87427 151.246
      vertex 14.25 12.3362 144.482
      vertex 10.2781 9.89275 151.196
    endloop
  endfacet
  facet normal -0.00139848 0.939945 0.341323
    outer loop
      vertex 10.529 9.84903 151.316
      vertex 14.25 12.3362 144.482
      vertex 10.4086 9.87427 151.246
    endloop
  endfacet
  facet normal 0.000433235 0.939626 0.342204
    outer loop
      vertex 10.6364 9.81766 151.402
      vertex 14.25 12.3362 144.482
      vertex 10.529 9.84903 151.316
    endloop
  endfacet
  facet normal -0.000188917 0.93973 0.341917
    outer loop
      vertex 10.7281 9.78093 151.503
      vertex 14.25 12.3362 144.482
      vertex 10.6364 9.81766 151.402
    endloop
  endfacet
  facet normal 0.000389004 0.939637 0.342173
    outer loop
      vertex 10.8019 9.73975 151.616
      vertex 14.25 12.3362 144.482
      vertex 10.7281 9.78093 151.503
    endloop
  endfacet
  facet normal -0.00112883 0.939872 0.341525
    outer loop
      vertex 10.856 9.69512 151.739
      vertex 14.25 12.3362 144.482
      vertex 10.8019 9.73975 151.616
    endloop
  endfacet
  facet normal 0.000224952 0.939669 0.342084
    outer loop
      vertex 10.8889 9.64815 151.868
      vertex 14.25 12.3362 144.482
      vertex 10.856 9.69512 151.739
    endloop
  endfacet
  facet normal 0.0014536 0.939488 0.342578
    outer loop
      vertex 14.25 12.3362 144.482
      vertex 10.8889 9.64815 151.868
      vertex 10.9 9.6 152
    endloop
  endfacet
  facet normal 0 0.93945 0.342686
    outer loop
      vertex 9.11108 9.64815 151.868
      vertex -9.1 9.6 152
      vertex 9.1 9.6 152
    endloop
  endfacet
  facet normal 0 0.93945 0.342686
    outer loop
      vertex 9.11108 9.64815 151.868
      vertex -9.11108 9.64815 151.868
      vertex -9.1 9.6 152
    endloop
  endfacet
  facet normal 0 0.939651 0.342135
    outer loop
      vertex 9.14405 9.69512 151.739
      vertex -9.11108 9.64815 151.868
      vertex 9.11108 9.64815 151.868
    endloop
  endfacet
  facet normal 0 0.939651 0.342135
    outer loop
      vertex 9.14405 9.69512 151.739
      vertex -9.14405 9.69512 151.739
      vertex -9.11108 9.64815 151.868
    endloop
  endfacet
  facet normal 0 0.940032 0.341086
    outer loop
      vertex 9.19809 9.73975 151.616
      vertex -9.14405 9.69512 151.739
      vertex 9.14405 9.69512 151.739
    endloop
  endfacet
  facet normal 0 0.940032 0.341086
    outer loop
      vertex 9.19809 9.73975 151.616
      vertex -9.19809 9.73975 151.616
      vertex -9.14405 9.69512 151.739
    endloop
  endfacet
  facet normal 0 0.939555 0.342397
    outer loop
      vertex 9.27188 9.78093 151.503
      vertex -9.19809 9.73975 151.616
      vertex 9.19809 9.73975 151.616
    endloop
  endfacet
  facet normal 0 0.939555 0.342397
    outer loop
      vertex 9.27188 9.78093 151.503
      vertex -9.27188 9.78093 151.503
      vertex -9.19809 9.73975 151.616
    endloop
  endfacet
  facet normal 0 0.939785 0.341765
    outer loop
      vertex 9.3636 9.81766 151.402
      vertex -9.27188 9.78093 151.503
      vertex 9.27188 9.78093 151.503
    endloop
  endfacet
  facet normal 0 0.939785 0.341765
    outer loop
      vertex 9.3636 9.81766 151.402
      vertex -9.3636 9.81766 151.402
      vertex -9.27188 9.78093 151.503
    endloop
  endfacet
  facet normal 0 0.939452 0.342681
    outer loop
      vertex 9.47099 9.84903 151.316
      vertex -9.3636 9.81766 151.402
      vertex 9.3636 9.81766 151.402
    endloop
  endfacet
  facet normal 0 0.939452 0.342681
    outer loop
      vertex 9.47099 9.84903 151.316
      vertex -9.47099 9.84903 151.316
      vertex -9.3636 9.81766 151.402
    endloop
  endfacet
  facet normal 0.00309861 0.938999 0.343907
    outer loop
      vertex 14.25 12.3362 144.482
      vertex 9.47099 9.84903 151.316
      vertex 9.59141 9.87427 151.246
    endloop
  endfacet
  facet normal 0 0.939702 0.341996
    outer loop
      vertex 9.47099 9.84903 151.316
      vertex 14.25 12.3362 144.482
      vertex -9.47099 9.84903 151.316
    endloop
  endfacet
  facet normal -0.00275359 0.940296 0.340348
    outer loop
      vertex 14.25 12.3362 144.482
      vertex 9.59141 9.87427 151.246
      vertex 9.72188 9.89275 151.196
    endloop
  endfacet
  facet normal -0 0.939702 0.341996
    outer loop
      vertex -14.25 12.3362 144.482
      vertex -9.47099 9.84903 151.316
      vertex 14.25 12.3362 144.482
    endloop
  endfacet
  facet normal 1.56644e-05 0.9397 0.341999
    outer loop
      vertex 14.25 12.3362 144.482
      vertex 9.72188 9.89275 151.196
      vertex 9.85921 9.90403 151.165
    endloop
  endfacet
  facet normal -0.00309861 0.938999 0.343907
    outer loop
      vertex -9.47099 9.84903 151.316
      vertex -14.25 12.3362 144.482
      vertex -9.59141 9.87427 151.246
    endloop
  endfacet
  facet normal 0.00150001 0.939385 0.34286
    outer loop
      vertex 14.25 12.3362 144.482
      vertex 9.85921 9.90403 151.165
      vertex 10 9.90782 151.154
    endloop
  endfacet
  facet normal 0.00275359 0.940296 0.340348
    outer loop
      vertex -9.59141 9.87427 151.246
      vertex -14.25 12.3362 144.482
      vertex -9.72188 9.89275 151.196
    endloop
  endfacet
  facet normal -0.00150001 0.939385 0.34286
    outer loop
      vertex -9.85921 9.90403 151.165
      vertex -14.25 12.3362 144.482
      vertex -10 9.90782 151.154
    endloop
  endfacet
  facet normal 0.00135853 0.939971 0.341252
    outer loop
      vertex -10 9.90782 151.154
      vertex -14.25 12.3362 144.482
      vertex -10.1408 9.90403 151.165
    endloop
  endfacet
  facet normal -0.0014536 0.939488 0.342578
    outer loop
      vertex -10.8889 9.64815 151.868
      vertex -14.25 12.3362 144.482
      vertex -10.9 9.6 152
    endloop
  endfacet
  facet normal -0.000224952 0.939669 0.342084
    outer loop
      vertex -10.856 9.69512 151.739
      vertex -14.25 12.3362 144.482
      vertex -10.8889 9.64815 151.868
    endloop
  endfacet
  facet normal 0.00112883 0.939872 0.341525
    outer loop
      vertex -10.8019 9.73975 151.616
      vertex -14.25 12.3362 144.482
      vertex -10.856 9.69512 151.739
    endloop
  endfacet
  facet normal -0.000389004 0.939637 0.342173
    outer loop
      vertex -10.7281 9.78093 151.503
      vertex -14.25 12.3362 144.482
      vertex -10.8019 9.73975 151.616
    endloop
  endfacet
  facet normal 0.000188917 0.93973 0.341917
    outer loop
      vertex -10.6364 9.81766 151.402
      vertex -14.25 12.3362 144.482
      vertex -10.7281 9.78093 151.503
    endloop
  endfacet
  facet normal -0.000433235 0.939626 0.342204
    outer loop
      vertex -10.529 9.84903 151.316
      vertex -14.25 12.3362 144.482
      vertex -10.6364 9.81766 151.402
    endloop
  endfacet
  facet normal 0.00139848 0.939945 0.341323
    outer loop
      vertex -10.4086 9.87427 151.246
      vertex -14.25 12.3362 144.482
      vertex -10.529 9.84903 151.316
    endloop
  endfacet
  facet normal -0.0016626 0.939386 0.342858
    outer loop
      vertex -10.2781 9.89275 151.196
      vertex -14.25 12.3362 144.482
      vertex -10.4086 9.87427 151.246
    endloop
  endfacet
  facet normal 1.17175e-05 0.939706 0.341984
    outer loop
      vertex -10.1408 9.90403 151.165
      vertex -14.25 12.3362 144.482
      vertex -10.2781 9.89275 151.196
    endloop
  endfacet
  facet normal 1 0 0
    outer loop
      vertex 14.25 6.86384 159.518
      vertex 14.25 8.95327 143.251
      vertex 14.25 12.3362 144.482
    endloop
  endfacet
  facet normal 1 0 0
    outer loop
      vertex 14.25 8.95327 143.251
      vertex 14.25 6.86384 159.518
      vertex 14.25 3.48095 158.286
    endloop
  endfacet
  facet normal -0.894247 -0.447573 -0.000216207
    outer loop
      vertex -14.25 3.48095 158.286
      vertex -11.2395 -2.53078 151.609
      vertex -11.255 -2.5 152
    endloop
  endfacet
  facet normal -0.894138 -0.447792 3.05963e-05
    outer loop
      vertex -11.2395 -2.53078 151.609
      vertex -14.25 3.48095 158.286
      vertex -11.2057 -2.59829 151.328
    endloop
  endfacet
  facet normal -0.894079 -0.447909 0.00018313
    outer loop
      vertex -11.2395 -2.53078 152.391
      vertex -14.25 3.48095 158.286
      vertex -11.255 -2.5 152
    endloop
  endfacet
  facet normal -0.894196 -0.447675 -0.000114868
    outer loop
      vertex -11.1937 -2.62236 152.773
      vertex -14.25 3.48095 158.286
      vertex -11.2395 -2.53078 152.391
    endloop
  endfacet
  facet normal -0.894138 -0.447791 4.62689e-05
    outer loop
      vertex -11.1185 -2.77248 153.135
      vertex -14.25 3.48095 158.286
      vertex -11.1937 -2.62236 152.773
    endloop
  endfacet
  facet normal -0.894181 -0.447706 -8.33049e-05
    outer loop
      vertex -11.0159 -2.97746 153.469
      vertex -14.25 3.48095 158.286
      vertex -11.1185 -2.77248 153.135
    endloop
  endfacet
  facet normal -0.894144 -0.44778 4.00485e-05
    outer loop
      vertex -10.8883 -3.23223 153.768
      vertex -14.25 3.48095 158.286
      vertex -11.0159 -2.97746 153.469
    endloop
  endfacet
  facet normal -0.894145 -0.447777 3.51755e-05
    outer loop
      vertex -10.7389 -3.53054 154.023
      vertex -14.25 3.48095 158.286
      vertex -10.8883 -3.23223 153.768
    endloop
  endfacet
  facet normal -0.894148 -0.447772 -5.33392e-06
    outer loop
      vertex -10 -5.0061 159.452
      vertex -10.7389 -3.53054 154.023
      vertex -10.5714 -3.86502 154.228
    endloop
  endfacet
  facet normal -0.89415 -0.447767 -4.05171e-06
    outer loop
      vertex -10 -5.0061 159.452
      vertex -10.5714 -3.86502 154.228
      vertex -10.3899 -4.22746 154.378
    endloop
  endfacet
  facet normal -0.89417 -0.447729 3.41196e-06
    outer loop
      vertex -10 -5.0061 159.452
      vertex -10.3899 -4.22746 154.378
      vertex -10.1989 -4.60891 154.469
    endloop
  endfacet
  facet normal -0.894194 -0.447679 8.31123e-06
    outer loop
      vertex -10 -5.0061 159.452
      vertex -10.1989 -4.60891 154.469
      vertex -10.0031 -5 154.5
    endloop
  endfacet
  facet normal -0.891485 -0.45305 -0
    outer loop
      vertex -10 -5.0061 159.452
      vertex -10.0031 -5 154.5
      vertex -10 -5.0061 154.5
    endloop
  endfacet
  facet normal -0.894154 -0.447759 -9.82839e-07
    outer loop
      vertex -10.7389 -3.53054 154.023
      vertex -10 -5.0061 159.452
      vertex -14.25 3.48095 158.286
    endloop
  endfacet
  facet normal -0.894013 -0.448042 0.000274003
    outer loop
      vertex -10 -5.0061 148.572
      vertex -10.3899 -4.22746 149.622
      vertex -10.4993 -4.00911 149.713
    endloop
  endfacet
  facet normal -0.894171 -0.447726 -1.92984e-05
    outer loop
      vertex -10 -5.0061 148.572
      vertex -10.1989 -4.60891 149.531
      vertex -10.3899 -4.22746 149.622
    endloop
  endfacet
  facet normal -0.894195 -0.447677 -4.43693e-05
    outer loop
      vertex -10 -5.0061 148.572
      vertex -10.0031 -5 149.5
      vertex -10.1989 -4.60891 149.531
    endloop
  endfacet
  facet normal -0.891485 -0.45305 0
    outer loop
      vertex -10.0031 -5 149.5
      vertex -10 -5.0061 148.572
      vertex -10 -5.0061 149.5
    endloop
  endfacet
  facet normal 0.00275649 0.940298 0.340341
    outer loop
      vertex 9.59141 9.32573 152.754
      vertex 14.25 6.86384 159.518
      vertex 9.72188 9.30725 152.804
    endloop
  endfacet
  facet normal 0.00149955 0.939387 0.342854
    outer loop
      vertex -14.25 6.86384 159.518
      vertex -9.85921 9.29597 152.835
      vertex -10 9.29218 152.846
    endloop
  endfacet
  facet normal -0.00309324 0.939002 0.343898
    outer loop
      vertex 9.47099 9.35097 152.684
      vertex 14.25 6.86384 159.518
      vertex 9.59141 9.32573 152.754
    endloop
  endfacet
  facet normal 1.41738e-05 0.939702 0.341993
    outer loop
      vertex -14.25 6.86384 159.518
      vertex -9.72188 9.30725 152.804
      vertex -9.85921 9.29597 152.835
    endloop
  endfacet
  facet normal 0 0.939703 0.341991
    outer loop
      vertex 14.25 6.86384 159.518
      vertex 9.47099 9.35097 152.684
      vertex -14.25 6.86384 159.518
    endloop
  endfacet
  facet normal -0.00275649 0.940298 0.340341
    outer loop
      vertex -14.25 6.86384 159.518
      vertex -9.59141 9.32573 152.754
      vertex -9.72188 9.30725 152.804
    endloop
  endfacet
  facet normal -0 0.939703 0.341991
    outer loop
      vertex -9.47099 9.35097 152.684
      vertex -14.25 6.86384 159.518
      vertex 9.47099 9.35097 152.684
    endloop
  endfacet
  facet normal 0.00309324 0.939002 0.343898
    outer loop
      vertex -14.25 6.86384 159.518
      vertex -9.47099 9.35097 152.684
      vertex -9.59141 9.32573 152.754
    endloop
  endfacet
  facet normal 0 0.939452 0.342681
    outer loop
      vertex 9.3636 9.38234 152.598
      vertex -9.47099 9.35097 152.684
      vertex 9.47099 9.35097 152.684
    endloop
  endfacet
  facet normal 0 0.939452 0.342681
    outer loop
      vertex 9.3636 9.38234 152.598
      vertex -9.3636 9.38234 152.598
      vertex -9.47099 9.35097 152.684
    endloop
  endfacet
  facet normal 0 0.939785 0.341765
    outer loop
      vertex 9.27188 9.41907 152.497
      vertex -9.3636 9.38234 152.598
      vertex 9.3636 9.38234 152.598
    endloop
  endfacet
  facet normal 0 0.939785 0.341765
    outer loop
      vertex 9.27188 9.41907 152.497
      vertex -9.27188 9.41907 152.497
      vertex -9.3636 9.38234 152.598
    endloop
  endfacet
  facet normal 0 0.939555 0.342397
    outer loop
      vertex 9.19809 9.46025 152.384
      vertex -9.27188 9.41907 152.497
      vertex 9.27188 9.41907 152.497
    endloop
  endfacet
  facet normal 0 0.939555 0.342397
    outer loop
      vertex 9.19809 9.46025 152.384
      vertex -9.19809 9.46025 152.384
      vertex -9.27188 9.41907 152.497
    endloop
  endfacet
  facet normal 0 0.940032 0.341086
    outer loop
      vertex 9.14405 9.50488 152.261
      vertex -9.19809 9.46025 152.384
      vertex 9.19809 9.46025 152.384
    endloop
  endfacet
  facet normal 0 0.940032 0.341086
    outer loop
      vertex 9.14405 9.50488 152.261
      vertex -9.14405 9.50488 152.261
      vertex -9.19809 9.46025 152.384
    endloop
  endfacet
  facet normal 0 0.939651 0.342135
    outer loop
      vertex 9.11108 9.55185 152.132
      vertex -9.14405 9.50488 152.261
      vertex 9.14405 9.50488 152.261
    endloop
  endfacet
  facet normal 0 0.939651 0.342135
    outer loop
      vertex 9.11108 9.55185 152.132
      vertex -9.11108 9.55185 152.132
      vertex -9.14405 9.50488 152.261
    endloop
  endfacet
  facet normal 0 0.93945 0.342686
    outer loop
      vertex 9.1 9.6 152
      vertex -9.11108 9.55185 152.132
      vertex 9.11108 9.55185 152.132
    endloop
  endfacet
  facet normal 0 0.93945 0.342686
    outer loop
      vertex -9.11108 9.55185 152.132
      vertex 9.1 9.6 152
      vertex -9.1 9.6 152
    endloop
  endfacet
  facet normal -0.00149955 0.939387 0.342854
    outer loop
      vertex 9.85921 9.29597 152.835
      vertex 14.25 6.86384 159.518
      vertex 10 9.29218 152.846
    endloop
  endfacet
  facet normal 0.00135812 0.939973 0.341247
    outer loop
      vertex 14.25 6.86384 159.518
      vertex 10.1408 9.29597 152.835
      vertex 10 9.29218 152.846
    endloop
  endfacet
  facet normal 1.06025e-05 0.939708 0.341979
    outer loop
      vertex 14.25 6.86384 159.518
      vertex 10.2781 9.30725 152.804
      vertex 10.1408 9.29597 152.835
    endloop
  endfacet
  facet normal -0.00166435 0.939387 0.342854
    outer loop
      vertex 14.25 6.86384 159.518
      vertex 10.4086 9.32573 152.754
      vertex 10.2781 9.30725 152.804
    endloop
  endfacet
  facet normal 0.00139605 0.939946 0.341319
    outer loop
      vertex 14.25 6.86384 159.518
      vertex 10.529 9.35097 152.684
      vertex 10.4086 9.32573 152.754
    endloop
  endfacet
  facet normal -0.000436303 0.939627 0.3422
    outer loop
      vertex 14.25 6.86384 159.518
      vertex 10.6364 9.38234 152.598
      vertex 10.529 9.35097 152.684
    endloop
  endfacet
  facet normal 0.000185119 0.939731 0.341914
    outer loop
      vertex 14.25 6.86384 159.518
      vertex 10.7281 9.41907 152.497
      vertex 10.6364 9.38234 152.598
    endloop
  endfacet
  facet normal -0.00039364 0.939638 0.34217
    outer loop
      vertex 14.25 6.86384 159.518
      vertex 10.8019 9.46025 152.384
      vertex 10.7281 9.41907 152.497
    endloop
  endfacet
  facet normal 0.00112313 0.939873 0.341523
    outer loop
      vertex 14.25 6.86384 159.518
      vertex 10.856 9.50488 152.261
      vertex 10.8019 9.46025 152.384
    endloop
  endfacet
  facet normal -0.000232118 0.93967 0.342083
    outer loop
      vertex 14.25 6.86384 159.518
      vertex 10.8889 9.55185 152.132
      vertex 10.856 9.50488 152.261
    endloop
  endfacet
  facet normal -0.00146304 0.939489 0.342577
    outer loop
      vertex 10.8889 9.55185 152.132
      vertex 14.25 6.86384 159.518
      vertex 10.9 9.6 152
    endloop
  endfacet
  facet normal -1.41738e-05 0.939702 0.341993
    outer loop
      vertex 9.72188 9.30725 152.804
      vertex 14.25 6.86384 159.518
      vertex 9.85921 9.29597 152.835
    endloop
  endfacet
  facet normal -0.00135812 0.939973 0.341247
    outer loop
      vertex -10.1408 9.29597 152.835
      vertex -14.25 6.86384 159.518
      vertex -10 9.29218 152.846
    endloop
  endfacet
  facet normal -1.06025e-05 0.939708 0.341979
    outer loop
      vertex -10.2781 9.30725 152.804
      vertex -14.25 6.86384 159.518
      vertex -10.1408 9.29597 152.835
    endloop
  endfacet
  facet normal 0.00166435 0.939387 0.342854
    outer loop
      vertex -10.4086 9.32573 152.754
      vertex -14.25 6.86384 159.518
      vertex -10.2781 9.30725 152.804
    endloop
  endfacet
  facet normal -0.00139605 0.939946 0.341319
    outer loop
      vertex -10.529 9.35097 152.684
      vertex -14.25 6.86384 159.518
      vertex -10.4086 9.32573 152.754
    endloop
  endfacet
  facet normal 0.000436303 0.939627 0.3422
    outer loop
      vertex -10.6364 9.38234 152.598
      vertex -14.25 6.86384 159.518
      vertex -10.529 9.35097 152.684
    endloop
  endfacet
  facet normal -0.000185119 0.939731 0.341914
    outer loop
      vertex -10.7281 9.41907 152.497
      vertex -14.25 6.86384 159.518
      vertex -10.6364 9.38234 152.598
    endloop
  endfacet
  facet normal 0.00039364 0.939638 0.34217
    outer loop
      vertex -10.8019 9.46025 152.384
      vertex -14.25 6.86384 159.518
      vertex -10.7281 9.41907 152.497
    endloop
  endfacet
  facet normal -0.00112313 0.939873 0.341523
    outer loop
      vertex -10.856 9.50488 152.261
      vertex -14.25 6.86384 159.518
      vertex -10.8019 9.46025 152.384
    endloop
  endfacet
  facet normal 0.000232118 0.93967 0.342083
    outer loop
      vertex -10.8889 9.55185 152.132
      vertex -14.25 6.86384 159.518
      vertex -10.856 9.50488 152.261
    endloop
  endfacet
  facet normal 0.00146304 0.939489 0.342577
    outer loop
      vertex -14.25 6.86384 159.518
      vertex -10.8889 9.55185 152.132
      vertex -10.9 9.6 152
    endloop
  endfacet
  facet normal 0.935962 -0.330867 -0.120426
    outer loop
      vertex 11.2057 -2.59829 151.328
      vertex 14.25 8.95327 143.251
      vertex 14.25 3.48095 158.286
    endloop
  endfacet
  facet normal 0.936234 -0.330385 -0.119634
    outer loop
      vertex 11.1843 -2.62236 151.227
      vertex 14.25 8.95327 143.251
      vertex 11.2057 -2.59829 151.328
    endloop
  endfacet
  facet normal 0.935928 -0.330924 -0.120535
    outer loop
      vertex 11.0846 -2.77248 150.865
      vertex 14.25 8.95327 143.251
      vertex 11.1843 -2.62236 151.227
    endloop
  endfacet
  facet normal 0.935922 -0.330934 -0.120551
    outer loop
      vertex 10.9691 -2.97746 150.531
      vertex 14.25 8.95327 143.251
      vertex 11.0846 -2.77248 150.865
    endloop
  endfacet
  facet normal 0.936112 -0.330437 -0.120439
    outer loop
      vertex 10 -3.25495 143.76
      vertex 10.9691 -2.97746 150.531
      vertex 10.8407 -3.23223 150.232
    endloop
  endfacet
  facet normal 0.935969 -0.330855 -0.120402
    outer loop
      vertex 10.9691 -2.97746 150.531
      vertex 10 -3.25495 143.76
      vertex 14.25 8.95327 143.251
    endloop
  endfacet
  facet normal 0.936023 -0.330695 -0.120427
    outer loop
      vertex 10.7025 -3.53054 149.977
      vertex 10 -3.25495 143.76
      vertex 10.8407 -3.23223 150.232
    endloop
  endfacet
  facet normal 0.935976 -0.330826 -0.120427
    outer loop
      vertex 10.5579 -3.86502 149.772
      vertex 10 -3.25495 143.76
      vertex 10.7025 -3.53054 149.977
    endloop
  endfacet
  facet normal 0.935808 -0.331516 -0.119834
    outer loop
      vertex 10 -5.0061 148.572
      vertex 10.5579 -3.86502 149.772
      vertex 10.4993 -4.00911 149.713
    endloop
  endfacet
  facet normal 0.935933 -0.330945 -0.120435
    outer loop
      vertex 10.5579 -3.86502 149.772
      vertex 10 -5.0061 148.572
      vertex 10 -3.25495 143.76
    endloop
  endfacet
  facet normal 5.61014e-06 0.939699 0.342004
    outer loop
      vertex -14.25 12.3362 144.482
      vertex -14.25 6.86384 159.518
      vertex -10.9 9.6 152
    endloop
  endfacet
  facet normal -0.685332 -0.2492 0.684266
    outer loop
      vertex -14.25 3.48095 158.286
      vertex -10 -3.92357 159.846
      vertex -14.25 6.86384 159.518
    endloop
  endfacet
  facet normal -0.685217 -0.249102 0.684417
    outer loop
      vertex -10 -3.92357 159.846
      vertex -14.25 3.48095 158.286
      vertex -10 -5.0061 159.452
    endloop
  endfacet
  facet normal 0.000625466 -0.0414397 -0.999141
    outer loop
      vertex -10 -3.25495 143.76
      vertex -14.25 8.95327 143.251
      vertex -10 0 143.625
    endloop
  endfacet
  facet normal -0.000625466 -0.0414397 -0.999141
    outer loop
      vertex 10 0 143.625
      vertex 14.25 8.95327 143.251
      vertex 10 -3.25495 143.76
    endloop
  endfacet
  facet normal 0 -0.041736 -0.999129
    outer loop
      vertex -10 0 143.625
      vertex 14.25 8.95327 143.251
      vertex 10 0 143.625
    endloop
  endfacet
  facet normal -0 -0.041736 -0.999129
    outer loop
      vertex 14.25 8.95327 143.251
      vertex -10 0 143.625
      vertex -14.25 8.95327 143.251
    endloop
  endfacet
  facet normal 0 0.0612209 0.998124
    outer loop
      vertex 14.25 6.86384 159.518
      vertex -8.79478 0 159.939
      vertex 8.79478 0 159.939
    endloop
  endfacet
  facet normal 0 0.0612209 0.998124
    outer loop
      vertex -8.79478 0 159.939
      vertex 14.25 6.86384 159.518
      vertex -14.25 6.86384 159.518
    endloop
  endfacet
  facet normal 0 0.34195 -0.939718
    outer loop
      vertex -14.25 8.95327 143.251
      vertex 14.25 12.3362 144.482
      vertex 14.25 8.95327 143.251
    endloop
  endfacet
  facet normal 0 0.34195 -0.939718
    outer loop
      vertex 14.25 12.3362 144.482
      vertex -14.25 8.95327 143.251
      vertex -14.25 12.3362 144.482
    endloop
  endfacet
  facet normal -1 0 0
    outer loop
      vertex -14.25 8.95327 143.251
      vertex -14.25 6.86384 159.518
      vertex -14.25 12.3362 144.482
    endloop
  endfacet
  facet normal -1 0 -0
    outer loop
      vertex -14.25 6.86384 159.518
      vertex -14.25 8.95327 143.251
      vertex -14.25 3.48095 158.286
    endloop
  endfacet
  facet normal -0.935962 -0.330867 -0.120426
    outer loop
      vertex -14.25 8.95327 143.251
      vertex -11.2057 -2.59829 151.328
      vertex -14.25 3.48095 158.286
    endloop
  endfacet
  facet normal -0.936234 -0.330385 -0.119634
    outer loop
      vertex -14.25 8.95327 143.251
      vertex -11.1843 -2.62236 151.227
      vertex -11.2057 -2.59829 151.328
    endloop
  endfacet
  facet normal -0.935928 -0.330924 -0.120535
    outer loop
      vertex -14.25 8.95327 143.251
      vertex -11.0846 -2.77248 150.865
      vertex -11.1843 -2.62236 151.227
    endloop
  endfacet
  facet normal -0.935922 -0.330934 -0.120551
    outer loop
      vertex -14.25 8.95327 143.251
      vertex -10.9691 -2.97746 150.531
      vertex -11.0846 -2.77248 150.865
    endloop
  endfacet
  facet normal -0.935969 -0.330855 -0.120402
    outer loop
      vertex -10 -3.25495 143.76
      vertex -10.9691 -2.97746 150.531
      vertex -14.25 8.95327 143.251
    endloop
  endfacet
  facet normal -0.936112 -0.330437 -0.120439
    outer loop
      vertex -10.9691 -2.97746 150.531
      vertex -10 -3.25495 143.76
      vertex -10.8407 -3.23223 150.232
    endloop
  endfacet
  facet normal -0.936023 -0.330695 -0.120427
    outer loop
      vertex -10 -3.25495 143.76
      vertex -10.7025 -3.53054 149.977
      vertex -10.8407 -3.23223 150.232
    endloop
  endfacet
  facet normal -0.935976 -0.330826 -0.120427
    outer loop
      vertex -10 -3.25495 143.76
      vertex -10.5579 -3.86502 149.772
      vertex -10.7025 -3.53054 149.977
    endloop
  endfacet
  facet normal -0.935933 -0.330945 -0.120435
    outer loop
      vertex -10 -5.0061 148.572
      vertex -10.5579 -3.86502 149.772
      vertex -10 -3.25495 143.76
    endloop
  endfacet
  facet normal -0.935808 -0.331516 -0.119834
    outer loop
      vertex -10.5579 -3.86502 149.772
      vertex -10 -5.0061 148.572
      vertex -10.4993 -4.00911 149.713
    endloop
  endfacet
  facet normal -0.0769477 0 0.997035
    outer loop
      vertex -10 0 159.846
      vertex -14.25 6.86384 159.518
      vertex -10 -3.92357 159.846
    endloop
  endfacet
  facet normal -0.0769356 7.49184e-06 0.997036
    outer loop
      vertex -14.25 6.86384 159.518
      vertex -10 0 159.846
      vertex -8.79478 0 159.939
    endloop
  endfacet
  facet normal 0.894079 -0.447909 0.00018313
    outer loop
      vertex 14.25 3.48095 158.286
      vertex 11.2395 -2.53078 152.391
      vertex 11.255 -2.5 152
    endloop
  endfacet
  facet normal 0.894196 -0.447675 -0.000114868
    outer loop
      vertex 14.25 3.48095 158.286
      vertex 11.1937 -2.62236 152.773
      vertex 11.2395 -2.53078 152.391
    endloop
  endfacet
  facet normal 0.894138 -0.447791 4.62689e-05
    outer loop
      vertex 14.25 3.48095 158.286
      vertex 11.1185 -2.77248 153.135
      vertex 11.1937 -2.62236 152.773
    endloop
  endfacet
  facet normal 0.894181 -0.447706 -8.33049e-05
    outer loop
      vertex 14.25 3.48095 158.286
      vertex 11.0159 -2.97746 153.469
      vertex 11.1185 -2.77248 153.135
    endloop
  endfacet
  facet normal 0.894144 -0.44778 4.00485e-05
    outer loop
      vertex 14.25 3.48095 158.286
      vertex 10.8883 -3.23223 153.768
      vertex 11.0159 -2.97746 153.469
    endloop
  endfacet
  facet normal 0.894145 -0.447777 3.51755e-05
    outer loop
      vertex 14.25 3.48095 158.286
      vertex 10.7389 -3.53054 154.023
      vertex 10.8883 -3.23223 153.768
    endloop
  endfacet
  facet normal 0.894154 -0.447759 -9.82839e-07
    outer loop
      vertex 10 -5.0061 159.452
      vertex 10.7389 -3.53054 154.023
      vertex 14.25 3.48095 158.286
    endloop
  endfacet
  facet normal 0.894148 -0.447772 -5.33392e-06
    outer loop
      vertex 10.7389 -3.53054 154.023
      vertex 10 -5.0061 159.452
      vertex 10.5714 -3.86502 154.228
    endloop
  endfacet
  facet normal 0.89415 -0.447767 -4.05171e-06
    outer loop
      vertex 10.5714 -3.86502 154.228
      vertex 10 -5.0061 159.452
      vertex 10.3899 -4.22746 154.378
    endloop
  endfacet
  facet normal 0.89417 -0.447729 3.41196e-06
    outer loop
      vertex 10.3899 -4.22746 154.378
      vertex 10 -5.0061 159.452
      vertex 10.1989 -4.60891 154.469
    endloop
  endfacet
  facet normal 0.894194 -0.447679 8.31123e-06
    outer loop
      vertex 10.1989 -4.60891 154.469
      vertex 10 -5.0061 159.452
      vertex 10.0031 -5 154.5
    endloop
  endfacet
  facet normal 0.891485 -0.45305 0
    outer loop
      vertex 10.0031 -5 154.5
      vertex 10 -5.0061 159.452
      vertex 10 -5.0061 154.5
    endloop
  endfacet
  facet normal 0.894247 -0.447573 -0.000216207
    outer loop
      vertex 11.2395 -2.53078 151.609
      vertex 14.25 3.48095 158.286
      vertex 11.255 -2.5 152
    endloop
  endfacet
  facet normal 0.894138 -0.447792 3.05963e-05
    outer loop
      vertex 14.25 3.48095 158.286
      vertex 11.2395 -2.53078 151.609
      vertex 11.2057 -2.59829 151.328
    endloop
  endfacet
  facet normal 0.894013 -0.448042 0.000274003
    outer loop
      vertex 10.3899 -4.22746 149.622
      vertex 10 -5.0061 148.572
      vertex 10.4993 -4.00911 149.713
    endloop
  endfacet
  facet normal 0.894171 -0.447726 -1.92984e-05
    outer loop
      vertex 10.1989 -4.60891 149.531
      vertex 10 -5.0061 148.572
      vertex 10.3899 -4.22746 149.622
    endloop
  endfacet
  facet normal 0.894195 -0.447677 -4.43693e-05
    outer loop
      vertex 10.0031 -5 149.5
      vertex 10 -5.0061 148.572
      vertex 10.1989 -4.60891 149.531
    endloop
  endfacet
  facet normal 0.891485 -0.45305 0
    outer loop
      vertex 10 -5.0061 148.572
      vertex 10.0031 -5 149.5
      vertex 10 -5.0061 149.5
    endloop
  endfacet
  facet normal 0.685332 -0.2492 0.684266
    outer loop
      vertex 10 -3.92357 159.846
      vertex 14.25 3.48095 158.286
      vertex 14.25 6.86384 159.518
    endloop
  endfacet
  facet normal 0.685217 -0.249102 0.684417
    outer loop
      vertex 14.25 3.48095 158.286
      vertex 10 -3.92357 159.846
      vertex 10 -5.0061 159.452
    endloop
  endfacet
  facet normal 0.0769356 7.49184e-06 0.997036
    outer loop
      vertex 14.25 6.86384 159.518
      vertex 8.79478 0 159.939
      vertex 10 0 159.846
    endloop
  endfacet
  facet normal 0.0769477 0 0.997035
    outer loop
      vertex 14.25 6.86384 159.518
      vertex 10 0 159.846
      vertex 10 -3.92357 159.846
    endloop
  endfacet
  facet normal -1 0 0
    outer loop
      vertex -14.25 7.44388 117.496
      vertex -14.25 8.21081 133.878
      vertex -14.25 10.9892 118.122
    endloop
  endfacet
  facet normal -1 0 0
    outer loop
      vertex -14.25 8.21081 133.878
      vertex -14.25 7.44388 117.496
      vertex -14.25 4.66551 133.253
    endloop
  endfacet
  facet normal 0 0.173881 -0.984767
    outer loop
      vertex -14.25 7.44388 117.496
      vertex 14.25 10.9892 118.122
      vertex 14.25 7.44388 117.496
    endloop
  endfacet
  facet normal 0 0.173881 -0.984767
    outer loop
      vertex 14.25 10.9892 118.122
      vertex -14.25 7.44388 117.496
      vertex -14.25 10.9892 118.122
    endloop
  endfacet
  facet normal -0.00023854 -0.0307509 -0.999527
    outer loop
      vertex -10 -3.73796 117.839
      vertex -14.25 7.44388 117.496
      vertex -10 0 117.724
    endloop
  endfacet
  facet normal 0.00023854 -0.0307509 -0.999527
    outer loop
      vertex 10 0 117.724
      vertex 14.25 7.44388 117.496
      vertex 10 -3.73796 117.839
    endloop
  endfacet
  facet normal 0 -0.0306148 -0.999531
    outer loop
      vertex -10 0 117.724
      vertex 14.25 7.44388 117.496
      vertex 10 0 117.724
    endloop
  endfacet
  facet normal -0 -0.0306148 -0.999531
    outer loop
      vertex 14.25 7.44388 117.496
      vertex -10 0 117.724
      vertex -14.25 7.44388 117.496
    endloop
  endfacet
  facet normal 0.909382 -0.415962 4.85436e-05
    outer loop
      vertex 14.25 4.66551 133.253
      vertex 10.9587 -2.53078 126.391
      vertex 10.9728 -2.5 126
    endloop
  endfacet
  facet normal 0.909459 -0.415794 -0.000164887
    outer loop
      vertex 14.25 4.66551 133.253
      vertex 10.9169 -2.62236 126.773
      vertex 10.9587 -2.53078 126.391
    endloop
  endfacet
  facet normal 0.909377 -0.415973 7.84966e-05
    outer loop
      vertex 14.25 4.66551 133.253
      vertex 10.8482 -2.77248 127.135
      vertex 10.9169 -2.62236 126.773
    endloop
  endfacet
  facet normal 0.909373 -0.415982 9.30444e-05
    outer loop
      vertex 14.25 4.66551 133.253
      vertex 10.7544 -2.97746 127.469
      vertex 10.8482 -2.77248 127.135
    endloop
  endfacet
  facet normal 0.909411 -0.415899 -4.06475e-05
    outer loop
      vertex 14.25 4.66551 133.253
      vertex 10.6379 -3.23223 127.768
      vertex 10.7544 -2.97746 127.469
    endloop
  endfacet
  facet normal 0.909401 -0.41592 -3.71912e-06
    outer loop
      vertex 10 -4.62704 133.761
      vertex 10.6379 -3.23223 127.768
      vertex 14.25 4.66551 133.253
    endloop
  endfacet
  facet normal 0.909448 -0.415817 2.53162e-05
    outer loop
      vertex 10.6379 -3.23223 127.768
      vertex 10 -4.62704 133.761
      vertex 10.5015 -3.53054 128.023
    endloop
  endfacet
  facet normal 0.909374 -0.415979 -1.22254e-05
    outer loop
      vertex 10.5015 -3.53054 128.023
      vertex 10 -4.62704 133.761
      vertex 10.3485 -3.86502 128.228
    endloop
  endfacet
  facet normal 0.909465 -0.41578 2.09808e-05
    outer loop
      vertex 10.3485 -3.86502 128.228
      vertex 10 -4.62704 133.761
      vertex 10.1828 -4.22746 128.378
    endloop
  endfacet
  facet normal 0.909364 -0.416002 1.05951e-06
    outer loop
      vertex 10.1828 -4.22746 128.378
      vertex 10 -4.62704 133.761
      vertex 10.0083 -4.60891 128.469
    endloop
  endfacet
  facet normal 0.909247 -0.416257 0
    outer loop
      vertex 10.0083 -4.60891 128.469
      vertex 10 -4.62704 133.761
      vertex 10 -4.62704 128.471
    endloop
  endfacet
  facet normal 0.909422 -0.415874 -5.69521e-05
    outer loop
      vertex 10.9587 -2.53078 125.609
      vertex 14.25 4.66551 133.253
      vertex 10.9728 -2.5 126
    endloop
  endfacet
  facet normal 0.90929 -0.416162 0.000271744
    outer loop
      vertex 10.9169 -2.62236 125.227
      vertex 14.25 4.66551 133.253
      vertex 10.9587 -2.53078 125.609
    endloop
  endfacet
  facet normal 0.909644 -0.415389 -0.000576964
    outer loop
      vertex 14.25 4.66551 133.253
      vertex 10.9169 -2.62236 125.227
      vertex 10.8785 -2.70617 125.025
    endloop
  endfacet
  facet normal 0.909605 -0.415474 -0.000446623
    outer loop
      vertex 10.3485 -3.86502 123.772
      vertex 10 -4.62704 122.881
      vertex 10.3856 -3.78385 123.822
    endloop
  endfacet
  facet normal 0.909492 -0.415722 -0.00019018
    outer loop
      vertex 10.1828 -4.22746 123.622
      vertex 10 -4.62704 122.881
      vertex 10.3485 -3.86502 123.772
    endloop
  endfacet
  facet normal 0.909364 -0.416 -8.6767e-06
    outer loop
      vertex 10.0083 -4.60891 123.531
      vertex 10 -4.62704 122.881
      vertex 10.1828 -4.22746 123.622
    endloop
  endfacet
  facet normal 0.909247 -0.416257 0
    outer loop
      vertex 10 -4.62704 122.881
      vertex 10.0083 -4.60891 123.531
      vertex 10 -4.62704 123.529
    endloop
  endfacet
  facet normal 0.000346681 0.984843 0.173445
    outer loop
      vertex 9.59141 9.46075 126.79
      vertex 14.25 8.21081 133.878
      vertex 9.72188 9.45137 126.843
    endloop
  endfacet
  facet normal 0.000144276 0.984792 0.173738
    outer loop
      vertex -14.25 8.21081 133.878
      vertex -9.85921 9.44564 126.875
      vertex -10 9.44372 126.886
    endloop
  endfacet
  facet normal -0.000859821 0.984707 0.174214
    outer loop
      vertex 9.47099 9.47356 126.717
      vertex 14.25 8.21081 133.878
      vertex 9.59141 9.46075 126.79
    endloop
  endfacet
  facet normal -0.000734728 0.984886 0.173203
    outer loop
      vertex -14.25 8.21081 133.878
      vertex -9.72188 9.45137 126.843
      vertex -9.85921 9.44564 126.875
    endloop
  endfacet
  facet normal 0 0.984806 0.173658
    outer loop
      vertex 14.25 8.21081 133.878
      vertex 9.47099 9.47356 126.717
      vertex -14.25 8.21081 133.878
    endloop
  endfacet
  facet normal -0.000346681 0.984843 0.173445
    outer loop
      vertex -14.25 8.21081 133.878
      vertex -9.59141 9.46075 126.79
      vertex -9.72188 9.45137 126.843
    endloop
  endfacet
  facet normal -0 0.984806 0.173658
    outer loop
      vertex -9.47099 9.47356 126.717
      vertex -14.25 8.21081 133.878
      vertex 9.47099 9.47356 126.717
    endloop
  endfacet
  facet normal 0.000859821 0.984707 0.174214
    outer loop
      vertex -14.25 8.21081 133.878
      vertex -9.47099 9.47356 126.717
      vertex -9.59141 9.46075 126.79
    endloop
  endfacet
  facet normal 0 0.984694 0.174291
    outer loop
      vertex 9.3636 9.48949 126.627
      vertex -9.47099 9.47356 126.717
      vertex 9.47099 9.47356 126.717
    endloop
  endfacet
  facet normal 0 0.984694 0.174291
    outer loop
      vertex 9.3636 9.48949 126.627
      vertex -9.3636 9.48949 126.627
      vertex -9.47099 9.47356 126.717
    endloop
  endfacet
  facet normal 0 0.984872 0.173282
    outer loop
      vertex 9.27188 9.50814 126.521
      vertex -9.3636 9.48949 126.627
      vertex 9.3636 9.48949 126.627
    endloop
  endfacet
  facet normal 0 0.984872 0.173282
    outer loop
      vertex 9.27188 9.50814 126.521
      vertex -9.27188 9.50814 126.521
      vertex -9.3636 9.48949 126.627
    endloop
  endfacet
  facet normal 0 0.984911 0.173063
    outer loop
      vertex 9.19809 9.52905 126.402
      vertex -9.27188 9.50814 126.521
      vertex 9.27188 9.50814 126.521
    endloop
  endfacet
  facet normal 0 0.984911 0.173063
    outer loop
      vertex 9.19809 9.52905 126.402
      vertex -9.19809 9.52905 126.402
      vertex -9.27188 9.50814 126.521
    endloop
  endfacet
  facet normal 0 0.984689 0.174321
    outer loop
      vertex 9.14405 9.55171 126.274
      vertex -9.19809 9.52905 126.402
      vertex 9.19809 9.52905 126.402
    endloop
  endfacet
  facet normal 0 0.984689 0.174321
    outer loop
      vertex 9.14405 9.55171 126.274
      vertex -9.14405 9.55171 126.274
      vertex -9.19809 9.52905 126.402
    endloop
  endfacet
  facet normal 0 0.984763 0.173902
    outer loop
      vertex 9.11108 9.57555 126.139
      vertex -9.14405 9.55171 126.274
      vertex 9.14405 9.55171 126.274
    endloop
  endfacet
  facet normal 0 0.984763 0.173902
    outer loop
      vertex 9.11108 9.57555 126.139
      vertex -9.11108 9.57555 126.139
      vertex -9.14405 9.55171 126.274
    endloop
  endfacet
  facet normal 0 0.98488 0.17324
    outer loop
      vertex 9.1 9.6 126
      vertex -9.11108 9.57555 126.139
      vertex 9.11108 9.57555 126.139
    endloop
  endfacet
  facet normal 0 0.98488 0.17324
    outer loop
      vertex 9.1 9.6 126
      vertex -9.1 9.6 126
      vertex -9.11108 9.57555 126.139
    endloop
  endfacet
  facet normal 0 0.98488 0.17324
    outer loop
      vertex 9.11108 9.62445 125.861
      vertex -9.1 9.6 126
      vertex 9.1 9.6 126
    endloop
  endfacet
  facet normal 0 0.98488 0.17324
    outer loop
      vertex 9.11108 9.62445 125.861
      vertex -9.11108 9.62445 125.861
      vertex -9.1 9.6 126
    endloop
  endfacet
  facet normal 0 0.984763 0.173902
    outer loop
      vertex 9.14405 9.64829 125.726
      vertex -9.11108 9.62445 125.861
      vertex 9.11108 9.62445 125.861
    endloop
  endfacet
  facet normal 0 0.984763 0.173902
    outer loop
      vertex 9.14405 9.64829 125.726
      vertex -9.14405 9.64829 125.726
      vertex -9.11108 9.62445 125.861
    endloop
  endfacet
  facet normal 0 0.984689 0.174321
    outer loop
      vertex 9.19809 9.67095 125.598
      vertex -9.14405 9.64829 125.726
      vertex 9.14405 9.64829 125.726
    endloop
  endfacet
  facet normal 0 0.984689 0.174321
    outer loop
      vertex 9.19809 9.67095 125.598
      vertex -9.19809 9.67095 125.598
      vertex -9.14405 9.64829 125.726
    endloop
  endfacet
  facet normal 0 0.984911 0.173063
    outer loop
      vertex 9.27188 9.69186 125.479
      vertex -9.19809 9.67095 125.598
      vertex 9.19809 9.67095 125.598
    endloop
  endfacet
  facet normal 0 0.984911 0.173063
    outer loop
      vertex 9.27188 9.69186 125.479
      vertex -9.27188 9.69186 125.479
      vertex -9.19809 9.67095 125.598
    endloop
  endfacet
  facet normal 0 0.984872 0.173282
    outer loop
      vertex 9.3636 9.71051 125.373
      vertex -9.27188 9.69186 125.479
      vertex 9.27188 9.69186 125.479
    endloop
  endfacet
  facet normal 0 0.984872 0.173282
    outer loop
      vertex 9.3636 9.71051 125.373
      vertex -9.3636 9.71051 125.373
      vertex -9.27188 9.69186 125.479
    endloop
  endfacet
  facet normal 0 0.984694 0.174291
    outer loop
      vertex 9.47099 9.72644 125.283
      vertex -9.3636 9.71051 125.373
      vertex 9.3636 9.71051 125.373
    endloop
  endfacet
  facet normal 0 0.984694 0.174291
    outer loop
      vertex 9.47099 9.72644 125.283
      vertex -9.47099 9.72644 125.283
      vertex -9.3636 9.71051 125.373
    endloop
  endfacet
  facet normal 0.000861221 0.984707 0.174217
    outer loop
      vertex 14.25 10.9892 118.122
      vertex 9.47099 9.72644 125.283
      vertex 9.59141 9.73925 125.21
    endloop
  endfacet
  facet normal 0 0.984806 0.173659
    outer loop
      vertex 9.47099 9.72644 125.283
      vertex 14.25 10.9892 118.122
      vertex -9.47099 9.72644 125.283
    endloop
  endfacet
  facet normal -0.000345911 0.984843 0.173447
    outer loop
      vertex 14.25 10.9892 118.122
      vertex 9.59141 9.73925 125.21
      vertex 9.72188 9.74863 125.157
    endloop
  endfacet
  facet normal -0 0.984806 0.173659
    outer loop
      vertex -14.25 10.9892 118.122
      vertex -9.47099 9.72644 125.283
      vertex 14.25 10.9892 118.122
    endloop
  endfacet
  facet normal -0.000734344 0.984886 0.173205
    outer loop
      vertex 14.25 10.9892 118.122
      vertex 9.72188 9.74863 125.157
      vertex 9.85921 9.75436 125.125
    endloop
  endfacet
  facet normal -0.000861221 0.984707 0.174217
    outer loop
      vertex -9.47099 9.72644 125.283
      vertex -14.25 10.9892 118.122
      vertex -9.59141 9.73925 125.21
    endloop
  endfacet
  facet normal 0.000144391 0.984792 0.173739
    outer loop
      vertex 14.25 10.9892 118.122
      vertex 9.85921 9.75436 125.125
      vertex 10 9.75628 125.114
    endloop
  endfacet
  facet normal 0.000345911 0.984843 0.173447
    outer loop
      vertex -9.59141 9.73925 125.21
      vertex -14.25 10.9892 118.122
      vertex -9.72188 9.74863 125.157
    endloop
  endfacet
  facet normal -0.000144276 0.984792 0.173738
    outer loop
      vertex 9.85921 9.44564 126.875
      vertex 14.25 8.21081 133.878
      vertex 10 9.44372 126.886
    endloop
  endfacet
  facet normal 0.000131189 0.984821 0.173575
    outer loop
      vertex 14.25 8.21081 133.878
      vertex 10.1408 9.44564 126.875
      vertex 10 9.44372 126.886
    endloop
  endfacet
  facet normal -0.000551953 0.984752 0.173964
    outer loop
      vertex 14.25 8.21081 133.878
      vertex 10.2781 9.45137 126.843
      vertex 10.1408 9.44564 126.875
    endloop
  endfacet
  facet normal -0.000208217 0.984785 0.173776
    outer loop
      vertex 14.25 8.21081 133.878
      vertex 10.4086 9.46075 126.79
      vertex 10.2781 9.45137 126.843
    endloop
  endfacet
  facet normal 0.000389431 0.984841 0.173462
    outer loop
      vertex 14.25 8.21081 133.878
      vertex 10.529 9.47356 126.717
      vertex 10.4086 9.46075 126.79
    endloop
  endfacet
  facet normal -0.000381097 0.984772 0.17385
    outer loop
      vertex 14.25 8.21081 133.878
      vertex 10.6364 9.48949 126.627
      vertex 10.529 9.47356 126.717
    endloop
  endfacet
  facet normal 0.00029032 0.984829 0.173525
    outer loop
      vertex 14.25 8.21081 133.878
      vertex 10.7281 9.50814 126.521
      vertex 10.6364 9.48949 126.627
    endloop
  endfacet
  facet normal 0.000560372 0.984851 0.1734
    outer loop
      vertex 14.25 8.21081 133.878
      vertex 10.8019 9.52905 126.402
      vertex 10.7281 9.50814 126.521
    endloop
  endfacet
  facet normal -0.000781734 0.984745 0.174
    outer loop
      vertex 14.25 8.21081 133.878
      vertex 10.856 9.55171 126.274
      vertex 10.8019 9.52905 126.402
    endloop
  endfacet
  facet normal -0.000358482 0.984778 0.173817
    outer loop
      vertex 14.25 8.21081 133.878
      vertex 10.8889 9.57555 126.139
      vertex 10.856 9.55171 126.274
    endloop
  endfacet
  facet normal 0.000855262 0.984868 0.173306
    outer loop
      vertex 14.25 8.21081 133.878
      vertex 10.9 9.6 126
      vertex 10.8889 9.57555 126.139
    endloop
  endfacet
  facet normal -1.46986e-06 0.984806 0.173659
    outer loop
      vertex 14.25 10.9892 118.122
      vertex 10.9 9.6 126
      vertex 14.25 8.21081 133.878
    endloop
  endfacet
  facet normal -0.000857737 0.984868 0.173306
    outer loop
      vertex 10.9 9.6 126
      vertex 14.25 10.9892 118.122
      vertex 10.8889 9.62445 125.861
    endloop
  endfacet
  facet normal 0.000734344 0.984886 0.173205
    outer loop
      vertex -9.72188 9.74863 125.157
      vertex -14.25 10.9892 118.122
      vertex -9.85921 9.75436 125.125
    endloop
  endfacet
  facet normal -0.000131294 0.98482 0.173576
    outer loop
      vertex 10.1408 9.75436 125.125
      vertex 14.25 10.9892 118.122
      vertex 10 9.75628 125.114
    endloop
  endfacet
  facet normal 0.000551665 0.984752 0.173965
    outer loop
      vertex 10.2781 9.74863 125.157
      vertex 14.25 10.9892 118.122
      vertex 10.1408 9.75436 125.125
    endloop
  endfacet
  facet normal 0.000207755 0.984785 0.173777
    outer loop
      vertex 10.4086 9.73925 125.21
      vertex 14.25 10.9892 118.122
      vertex 10.2781 9.74863 125.157
    endloop
  endfacet
  facet normal -0.000390065 0.98484 0.173463
    outer loop
      vertex 10.529 9.72644 125.283
      vertex 14.25 10.9892 118.122
      vertex 10.4086 9.73925 125.21
    endloop
  endfacet
  facet normal 0.000380294 0.984772 0.173851
    outer loop
      vertex 10.6364 9.71051 125.373
      vertex 14.25 10.9892 118.122
      vertex 10.529 9.72644 125.283
    endloop
  endfacet
  facet normal -0.000291316 0.984829 0.173526
    outer loop
      vertex 10.7281 9.69186 125.479
      vertex 14.25 10.9892 118.122
      vertex 10.6364 9.71051 125.373
    endloop
  endfacet
  facet normal -0.00056159 0.984851 0.173401
    outer loop
      vertex 10.8019 9.67095 125.598
      vertex 14.25 10.9892 118.122
      vertex 10.7281 9.69186 125.479
    endloop
  endfacet
  facet normal 0.000780244 0.984745 0.174001
    outer loop
      vertex 10.856 9.64829 125.726
      vertex 14.25 10.9892 118.122
      vertex 10.8019 9.67095 125.598
    endloop
  endfacet
  facet normal 0.000356605 0.984778 0.173818
    outer loop
      vertex 10.8889 9.62445 125.861
      vertex 14.25 10.9892 118.122
      vertex 10.856 9.64829 125.726
    endloop
  endfacet
  facet normal 0.000734728 0.984886 0.173203
    outer loop
      vertex 9.72188 9.45137 126.843
      vertex 14.25 8.21081 133.878
      vertex 9.85921 9.44564 126.875
    endloop
  endfacet
  facet normal -0.000131189 0.984821 0.173575
    outer loop
      vertex -10.1408 9.44564 126.875
      vertex -14.25 8.21081 133.878
      vertex -10 9.44372 126.886
    endloop
  endfacet
  facet normal 0.000551953 0.984752 0.173964
    outer loop
      vertex -10.2781 9.45137 126.843
      vertex -14.25 8.21081 133.878
      vertex -10.1408 9.44564 126.875
    endloop
  endfacet
  facet normal 0.000208217 0.984785 0.173776
    outer loop
      vertex -10.4086 9.46075 126.79
      vertex -14.25 8.21081 133.878
      vertex -10.2781 9.45137 126.843
    endloop
  endfacet
  facet normal -0.000389431 0.984841 0.173462
    outer loop
      vertex -10.529 9.47356 126.717
      vertex -14.25 8.21081 133.878
      vertex -10.4086 9.46075 126.79
    endloop
  endfacet
  facet normal 0.000381097 0.984772 0.17385
    outer loop
      vertex -10.6364 9.48949 126.627
      vertex -14.25 8.21081 133.878
      vertex -10.529 9.47356 126.717
    endloop
  endfacet
  facet normal -0.00029032 0.984829 0.173525
    outer loop
      vertex -10.7281 9.50814 126.521
      vertex -14.25 8.21081 133.878
      vertex -10.6364 9.48949 126.627
    endloop
  endfacet
  facet normal -0.000560372 0.984851 0.1734
    outer loop
      vertex -10.8019 9.52905 126.402
      vertex -14.25 8.21081 133.878
      vertex -10.7281 9.50814 126.521
    endloop
  endfacet
  facet normal 0.000781734 0.984745 0.174
    outer loop
      vertex -10.856 9.55171 126.274
      vertex -14.25 8.21081 133.878
      vertex -10.8019 9.52905 126.402
    endloop
  endfacet
  facet normal 0.000358482 0.984778 0.173817
    outer loop
      vertex -10.8889 9.57555 126.139
      vertex -14.25 8.21081 133.878
      vertex -10.856 9.55171 126.274
    endloop
  endfacet
  facet normal -0.000855262 0.984868 0.173306
    outer loop
      vertex -10.9 9.6 126
      vertex -14.25 8.21081 133.878
      vertex -10.8889 9.57555 126.139
    endloop
  endfacet
  facet normal 0.000857737 0.984868 0.173306
    outer loop
      vertex -14.25 10.9892 118.122
      vertex -10.9 9.6 126
      vertex -10.8889 9.62445 125.861
    endloop
  endfacet
  facet normal -0.000356605 0.984778 0.173818
    outer loop
      vertex -14.25 10.9892 118.122
      vertex -10.8889 9.62445 125.861
      vertex -10.856 9.64829 125.726
    endloop
  endfacet
  facet normal -0.000144391 0.984792 0.173739
    outer loop
      vertex -9.85921 9.75436 125.125
      vertex -14.25 10.9892 118.122
      vertex -10 9.75628 125.114
    endloop
  endfacet
  facet normal 0.000131294 0.98482 0.173576
    outer loop
      vertex -10 9.75628 125.114
      vertex -14.25 10.9892 118.122
      vertex -10.1408 9.75436 125.125
    endloop
  endfacet
  facet normal 1.46986e-06 0.984806 0.173659
    outer loop
      vertex -10.9 9.6 126
      vertex -14.25 10.9892 118.122
      vertex -14.25 8.21081 133.878
    endloop
  endfacet
  facet normal -0.000780244 0.984745 0.174001
    outer loop
      vertex -10.8019 9.67095 125.598
      vertex -14.25 10.9892 118.122
      vertex -10.856 9.64829 125.726
    endloop
  endfacet
  facet normal 0.00056159 0.984851 0.173401
    outer loop
      vertex -10.7281 9.69186 125.479
      vertex -14.25 10.9892 118.122
      vertex -10.8019 9.67095 125.598
    endloop
  endfacet
  facet normal 0.000291316 0.984829 0.173526
    outer loop
      vertex -10.6364 9.71051 125.373
      vertex -14.25 10.9892 118.122
      vertex -10.7281 9.69186 125.479
    endloop
  endfacet
  facet normal -0.000380294 0.984772 0.173851
    outer loop
      vertex -10.529 9.72644 125.283
      vertex -14.25 10.9892 118.122
      vertex -10.6364 9.71051 125.373
    endloop
  endfacet
  facet normal 0.000390065 0.98484 0.173463
    outer loop
      vertex -10.4086 9.73925 125.21
      vertex -14.25 10.9892 118.122
      vertex -10.529 9.72644 125.283
    endloop
  endfacet
  facet normal -0.000207755 0.984785 0.173777
    outer loop
      vertex -10.2781 9.74863 125.157
      vertex -14.25 10.9892 118.122
      vertex -10.4086 9.73925 125.21
    endloop
  endfacet
  facet normal -0.000551665 0.984752 0.173965
    outer loop
      vertex -10.1408 9.75436 125.125
      vertex -14.25 10.9892 118.122
      vertex -10.2781 9.74863 125.157
    endloop
  endfacet
  facet normal 0.445289 -0.15545 0.881789
    outer loop
      vertex 10 -3.49254 133.961
      vertex 14.25 4.66551 133.253
      vertex 14.25 8.21081 133.878
    endloop
  endfacet
  facet normal 0.445288 -0.15545 0.88179
    outer loop
      vertex 14.25 4.66551 133.253
      vertex 10 -3.49254 133.961
      vertex 10 -4.62704 133.761
    endloop
  endfacet
  facet normal -0.932271 -0.356266 -0.0628189
    outer loop
      vertex -14.25 7.44388 117.496
      vertex -10.8785 -2.70617 125.025
      vertex -14.25 4.66551 133.253
    endloop
  endfacet
  facet normal -0.9323 -0.356206 -0.0627251
    outer loop
      vertex -14.25 7.44388 117.496
      vertex -10.8424 -2.77248 124.865
      vertex -10.8785 -2.70617 125.025
    endloop
  endfacet
  facet normal -0.932236 -0.356337 -0.0629362
    outer loop
      vertex -14.25 7.44388 117.496
      vertex -10.7415 -2.97746 124.531
      vertex -10.8424 -2.77248 124.865
    endloop
  endfacet
  facet normal -0.932271 -0.356265 -0.0628123
    outer loop
      vertex -10 -3.73796 117.839
      vertex -10.7415 -2.97746 124.531
      vertex -14.25 7.44388 117.496
    endloop
  endfacet
  facet normal -0.932416 -0.355877 -0.0628723
    outer loop
      vertex -10.7415 -2.97746 124.531
      vertex -10 -3.73796 117.839
      vertex -10.6241 -3.23223 124.232
    endloop
  endfacet
  facet normal -0.932252 -0.356314 -0.0628218
    outer loop
      vertex -10.6241 -3.23223 124.232
      vertex -10 -3.73796 117.839
      vertex -10.4929 -3.53054 123.977
    endloop
  endfacet
  facet normal -0.932266 -0.356278 -0.0628242
    outer loop
      vertex -10 -4.62704 122.881
      vertex -10.4929 -3.53054 123.977
      vertex -10 -3.73796 117.839
    endloop
  endfacet
  facet normal -0.932138 -0.356694 -0.0623506
    outer loop
      vertex -10.4929 -3.53054 123.977
      vertex -10 -4.62704 122.881
      vertex -10.3856 -3.78385 123.822
    endloop
  endfacet
  facet normal 0.932271 -0.356266 -0.0628189
    outer loop
      vertex 10.8785 -2.70617 125.025
      vertex 14.25 7.44388 117.496
      vertex 14.25 4.66551 133.253
    endloop
  endfacet
  facet normal 0.9323 -0.356206 -0.0627251
    outer loop
      vertex 10.8424 -2.77248 124.865
      vertex 14.25 7.44388 117.496
      vertex 10.8785 -2.70617 125.025
    endloop
  endfacet
  facet normal 0.932236 -0.356337 -0.0629362
    outer loop
      vertex 10.7415 -2.97746 124.531
      vertex 14.25 7.44388 117.496
      vertex 10.8424 -2.77248 124.865
    endloop
  endfacet
  facet normal 0.932416 -0.355877 -0.0628723
    outer loop
      vertex 10 -3.73796 117.839
      vertex 10.7415 -2.97746 124.531
      vertex 10.6241 -3.23223 124.232
    endloop
  endfacet
  facet normal 0.932252 -0.356314 -0.0628218
    outer loop
      vertex 10 -3.73796 117.839
      vertex 10.6241 -3.23223 124.232
      vertex 10.4929 -3.53054 123.977
    endloop
  endfacet
  facet normal 0.932271 -0.356265 -0.0628123
    outer loop
      vertex 10.7415 -2.97746 124.531
      vertex 10 -3.73796 117.839
      vertex 14.25 7.44388 117.496
    endloop
  endfacet
  facet normal 0.932138 -0.356694 -0.0623506
    outer loop
      vertex 10 -4.62704 122.881
      vertex 10.4929 -3.53054 123.977
      vertex 10.3856 -3.78385 123.822
    endloop
  endfacet
  facet normal 0.932266 -0.356278 -0.0628242
    outer loop
      vertex 10.4929 -3.53054 123.977
      vertex 10 -4.62704 122.881
      vertex 10 -3.73796 117.839
    endloop
  endfacet
  facet normal 1 0 0
    outer loop
      vertex 14.25 8.21081 133.878
      vertex 14.25 7.44388 117.496
      vertex 14.25 10.9892 118.122
    endloop
  endfacet
  facet normal 1 0 -0
    outer loop
      vertex 14.25 7.44388 117.496
      vertex 14.25 8.21081 133.878
      vertex 14.25 4.66551 133.253
    endloop
  endfacet
  facet normal 0.0196715 -7.55279e-05 0.999806
    outer loop
      vertex 14.25 8.21081 133.878
      vertex 8.67855 0 133.987
      vertex 10 0 133.961
    endloop
  endfacet
  facet normal 0.0195257 0 0.999809
    outer loop
      vertex 14.25 8.21081 133.878
      vertex 10 0 133.961
      vertex 10 -3.49254 133.961
    endloop
  endfacet
  facet normal -0.445289 -0.15545 0.881789
    outer loop
      vertex -14.25 4.66551 133.253
      vertex -10 -3.49254 133.961
      vertex -14.25 8.21081 133.878
    endloop
  endfacet
  facet normal -0.445288 -0.15545 0.88179
    outer loop
      vertex -10 -3.49254 133.961
      vertex -14.25 4.66551 133.253
      vertex -10 -4.62704 133.761
    endloop
  endfacet
  facet normal -0.909422 -0.415874 -5.69521e-05
    outer loop
      vertex -14.25 4.66551 133.253
      vertex -10.9587 -2.53078 125.609
      vertex -10.9728 -2.5 126
    endloop
  endfacet
  facet normal -0.90929 -0.416162 0.000271744
    outer loop
      vertex -14.25 4.66551 133.253
      vertex -10.9169 -2.62236 125.227
      vertex -10.9587 -2.53078 125.609
    endloop
  endfacet
  facet normal -0.909644 -0.415389 -0.000576964
    outer loop
      vertex -10.9169 -2.62236 125.227
      vertex -14.25 4.66551 133.253
      vertex -10.8785 -2.70617 125.025
    endloop
  endfacet
  facet normal -0.909382 -0.415962 4.85436e-05
    outer loop
      vertex -10.9587 -2.53078 126.391
      vertex -14.25 4.66551 133.253
      vertex -10.9728 -2.5 126
    endloop
  endfacet
  facet normal -0.909459 -0.415794 -0.000164887
    outer loop
      vertex -10.9169 -2.62236 126.773
      vertex -14.25 4.66551 133.253
      vertex -10.9587 -2.53078 126.391
    endloop
  endfacet
  facet normal -0.909377 -0.415973 7.84966e-05
    outer loop
      vertex -10.8482 -2.77248 127.135
      vertex -14.25 4.66551 133.253
      vertex -10.9169 -2.62236 126.773
    endloop
  endfacet
  facet normal -0.909373 -0.415982 9.30444e-05
    outer loop
      vertex -10.7544 -2.97746 127.469
      vertex -14.25 4.66551 133.253
      vertex -10.8482 -2.77248 127.135
    endloop
  endfacet
  facet normal -0.909411 -0.415899 -4.06475e-05
    outer loop
      vertex -10.6379 -3.23223 127.768
      vertex -14.25 4.66551 133.253
      vertex -10.7544 -2.97746 127.469
    endloop
  endfacet
  facet normal -0.909448 -0.415817 2.53162e-05
    outer loop
      vertex -10 -4.62704 133.761
      vertex -10.6379 -3.23223 127.768
      vertex -10.5015 -3.53054 128.023
    endloop
  endfacet
  facet normal -0.909374 -0.415979 -1.22254e-05
    outer loop
      vertex -10 -4.62704 133.761
      vertex -10.5015 -3.53054 128.023
      vertex -10.3485 -3.86502 128.228
    endloop
  endfacet
  facet normal -0.909465 -0.41578 2.09808e-05
    outer loop
      vertex -10 -4.62704 133.761
      vertex -10.3485 -3.86502 128.228
      vertex -10.1828 -4.22746 128.378
    endloop
  endfacet
  facet normal -0.909364 -0.416002 1.05951e-06
    outer loop
      vertex -10 -4.62704 133.761
      vertex -10.1828 -4.22746 128.378
      vertex -10.0083 -4.60891 128.469
    endloop
  endfacet
  facet normal -0.909247 -0.416257 -0
    outer loop
      vertex -10 -4.62704 133.761
      vertex -10.0083 -4.60891 128.469
      vertex -10 -4.62704 128.471
    endloop
  endfacet
  facet normal -0.909401 -0.41592 -3.71912e-06
    outer loop
      vertex -10.6379 -3.23223 127.768
      vertex -10 -4.62704 133.761
      vertex -14.25 4.66551 133.253
    endloop
  endfacet
  facet normal -0.909605 -0.415474 -0.000446623
    outer loop
      vertex -10 -4.62704 122.881
      vertex -10.3485 -3.86502 123.772
      vertex -10.3856 -3.78385 123.822
    endloop
  endfacet
  facet normal -0.909492 -0.415722 -0.00019018
    outer loop
      vertex -10 -4.62704 122.881
      vertex -10.1828 -4.22746 123.622
      vertex -10.3485 -3.86502 123.772
    endloop
  endfacet
  facet normal -0.909364 -0.416 -8.6767e-06
    outer loop
      vertex -10 -4.62704 122.881
      vertex -10.0083 -4.60891 123.531
      vertex -10.1828 -4.22746 123.622
    endloop
  endfacet
  facet normal -0.909247 -0.416257 0
    outer loop
      vertex -10.0083 -4.60891 123.531
      vertex -10 -4.62704 122.881
      vertex -10 -4.62704 123.529
    endloop
  endfacet
  facet normal -0.0195257 0 0.999809
    outer loop
      vertex -10 0 133.961
      vertex -14.25 8.21081 133.878
      vertex -10 -3.49254 133.961
    endloop
  endfacet
  facet normal -0.0196715 -7.55279e-05 0.999806
    outer loop
      vertex -14.25 8.21081 133.878
      vertex -10 0 133.961
      vertex -8.67855 0 133.987
    endloop
  endfacet
  facet normal 0 0.013274 0.999912
    outer loop
      vertex 14.25 8.21081 133.878
      vertex -8.67855 0 133.987
      vertex 8.67855 0 133.987
    endloop
  endfacet
  facet normal 0 0.013274 0.999912
    outer loop
      vertex -8.67855 0 133.987
      vertex 14.25 8.21081 133.878
      vertex -14.25 8.21081 133.878
    endloop
  endfacet
  facet normal -1 0 0
    outer loop
      vertex -14.25 6 92
      vertex -14.25 9.6 108
      vertex -14.25 9.6 92
    endloop
  endfacet
  facet normal -1 -0 0
    outer loop
      vertex -14.25 9.6 108
      vertex -14.25 6 92
      vertex -14.25 6 108
    endloop
  endfacet
  facet normal -0.923076 -0.384618 0
    outer loop
      vertex -14.25 6 92
      vertex -10.7083 -2.5 100
      vertex -14.25 6 108
    endloop
  endfacet
  facet normal -0.923094 -0.384574 5.52022e-05
    outer loop
      vertex -14.25 6 92
      vertex -10.6955 -2.53078 99.6089
      vertex -10.7083 -2.5 100
    endloop
  endfacet
  facet normal -0.923113 -0.384528 0.00011646
    outer loop
      vertex -14.25 6 92
      vertex -10.6574 -2.62236 99.2275
      vertex -10.6955 -2.53078 99.6089
    endloop
  endfacet
  facet normal -0.92305 -0.384679 -9.61555e-05
    outer loop
      vertex -14.25 6 92
      vertex -10.5948 -2.77248 98.865
      vertex -10.6574 -2.62236 99.2275
    endloop
  endfacet
  facet normal -0.923081 -0.384605 1.55429e-05
    outer loop
      vertex -14.25 6 92
      vertex -10.5094 -2.97746 98.5305
      vertex -10.5948 -2.77248 98.865
    endloop
  endfacet
  facet normal -0.923055 -0.384669 -8.79291e-05
    outer loop
      vertex -14.25 6 92
      vertex -10.4032 -3.23223 98.2322
      vertex -10.5094 -2.97746 98.5305
    endloop
  endfacet
  facet normal -0.923077 -0.384615 5.55428e-06
    outer loop
      vertex -10 -4.2 92
      vertex -10.4032 -3.23223 98.2322
      vertex -14.25 6 92
    endloop
  endfacet
  facet normal -0.92307 -0.384633 8.71132e-06
    outer loop
      vertex -10.4032 -3.23223 98.2322
      vertex -10 -4.2 92
      vertex -10.2789 -3.53054 97.9775
    endloop
  endfacet
  facet normal -0.923146 -0.384451 -1.52166e-05
    outer loop
      vertex -10.2789 -3.53054 97.9775
      vertex -10 -4.2 92
      vertex -10.1396 -3.86502 97.7725
    endloop
  endfacet
  facet normal -0.923052 -0.384674 0
    outer loop
      vertex -10.1396 -3.86502 97.7725
      vertex -10 -4.2 92
      vertex -10 -4.2 97.6337
    endloop
  endfacet
  facet normal -0.923094 -0.384574 -5.52154e-05
    outer loop
      vertex -10.6955 -2.53078 100.391
      vertex -14.25 6 108
      vertex -10.7083 -2.5 100
    endloop
  endfacet
  facet normal -0.923113 -0.384528 -0.000116309
    outer loop
      vertex -10.6574 -2.62236 100.773
      vertex -14.25 6 108
      vertex -10.6955 -2.53078 100.391
    endloop
  endfacet
  facet normal -0.92305 -0.38468 9.62557e-05
    outer loop
      vertex -10.5948 -2.77248 101.135
      vertex -14.25 6 108
      vertex -10.6574 -2.62236 100.773
    endloop
  endfacet
  facet normal -0.923081 -0.384605 -1.55587e-05
    outer loop
      vertex -10.5094 -2.97746 101.469
      vertex -14.25 6 108
      vertex -10.5948 -2.77248 101.135
    endloop
  endfacet
  facet normal -0.923055 -0.384669 8.77994e-05
    outer loop
      vertex -10.4032 -3.23223 101.768
      vertex -14.25 6 108
      vertex -10.5094 -2.97746 101.469
    endloop
  endfacet
  facet normal -0.92307 -0.384633 -8.71321e-06
    outer loop
      vertex -10 -4.2 108
      vertex -10.4032 -3.23223 101.768
      vertex -10.2789 -3.53054 102.023
    endloop
  endfacet
  facet normal -0.923146 -0.384451 1.5218e-05
    outer loop
      vertex -10 -4.2 108
      vertex -10.2789 -3.53054 102.023
      vertex -10.1396 -3.86502 102.228
    endloop
  endfacet
  facet normal -0.923052 -0.384674 -0
    outer loop
      vertex -10 -4.2 108
      vertex -10.1396 -3.86502 102.228
      vertex -10 -4.2 102.366
    endloop
  endfacet
  facet normal -0.923077 -0.384615 -5.55446e-06
    outer loop
      vertex -10.4032 -3.23223 101.768
      vertex -10 -4.2 108
      vertex -14.25 6 108
    endloop
  endfacet
  facet normal 0.923076 -0.384618 0
    outer loop
      vertex 14.25 6 108
      vertex 10.7083 -2.5 100
      vertex 14.25 6 92
    endloop
  endfacet
  facet normal 0.923094 -0.384574 -5.52154e-05
    outer loop
      vertex 14.25 6 108
      vertex 10.6955 -2.53078 100.391
      vertex 10.7083 -2.5 100
    endloop
  endfacet
  facet normal 0.923113 -0.384528 -0.000116309
    outer loop
      vertex 14.25 6 108
      vertex 10.6574 -2.62236 100.773
      vertex 10.6955 -2.53078 100.391
    endloop
  endfacet
  facet normal 0.92305 -0.38468 9.62557e-05
    outer loop
      vertex 14.25 6 108
      vertex 10.5948 -2.77248 101.135
      vertex 10.6574 -2.62236 100.773
    endloop
  endfacet
  facet normal 0.923081 -0.384605 -1.55587e-05
    outer loop
      vertex 14.25 6 108
      vertex 10.5094 -2.97746 101.469
      vertex 10.5948 -2.77248 101.135
    endloop
  endfacet
  facet normal 0.923055 -0.384669 8.77994e-05
    outer loop
      vertex 14.25 6 108
      vertex 10.4032 -3.23223 101.768
      vertex 10.5094 -2.97746 101.469
    endloop
  endfacet
  facet normal 0.923077 -0.384615 -5.55446e-06
    outer loop
      vertex 10 -4.2 108
      vertex 10.4032 -3.23223 101.768
      vertex 14.25 6 108
    endloop
  endfacet
  facet normal 0.92307 -0.384633 -8.71321e-06
    outer loop
      vertex 10.4032 -3.23223 101.768
      vertex 10 -4.2 108
      vertex 10.2789 -3.53054 102.023
    endloop
  endfacet
  facet normal 0.923146 -0.384451 1.5218e-05
    outer loop
      vertex 10.2789 -3.53054 102.023
      vertex 10 -4.2 108
      vertex 10.1396 -3.86502 102.228
    endloop
  endfacet
  facet normal 0.923052 -0.384674 0
    outer loop
      vertex 10.1396 -3.86502 102.228
      vertex 10 -4.2 108
      vertex 10 -4.2 102.366
    endloop
  endfacet
  facet normal 0.923094 -0.384574 5.52022e-05
    outer loop
      vertex 10.6955 -2.53078 99.6089
      vertex 14.25 6 92
      vertex 10.7083 -2.5 100
    endloop
  endfacet
  facet normal 0.923113 -0.384528 0.00011646
    outer loop
      vertex 10.6574 -2.62236 99.2275
      vertex 14.25 6 92
      vertex 10.6955 -2.53078 99.6089
    endloop
  endfacet
  facet normal 0.92305 -0.384679 -9.61555e-05
    outer loop
      vertex 10.5948 -2.77248 98.865
      vertex 14.25 6 92
      vertex 10.6574 -2.62236 99.2275
    endloop
  endfacet
  facet normal 0.923081 -0.384605 1.55429e-05
    outer loop
      vertex 10.5094 -2.97746 98.5305
      vertex 14.25 6 92
      vertex 10.5948 -2.77248 98.865
    endloop
  endfacet
  facet normal 0.923055 -0.384669 -8.79291e-05
    outer loop
      vertex 10.4032 -3.23223 98.2322
      vertex 14.25 6 92
      vertex 10.5094 -2.97746 98.5305
    endloop
  endfacet
  facet normal 0.92307 -0.384633 8.71132e-06
    outer loop
      vertex 10 -4.2 92
      vertex 10.4032 -3.23223 98.2322
      vertex 10.2789 -3.53054 97.9775
    endloop
  endfacet
  facet normal 0.923146 -0.384451 -1.52166e-05
    outer loop
      vertex 10 -4.2 92
      vertex 10.2789 -3.53054 97.9775
      vertex 10.1396 -3.86502 97.7725
    endloop
  endfacet
  facet normal 0.923052 -0.384674 0
    outer loop
      vertex 10 -4.2 92
      vertex 10.1396 -3.86502 97.7725
      vertex 10 -4.2 97.6337
    endloop
  endfacet
  facet normal 0.923077 -0.384615 5.55428e-06
    outer loop
      vertex 10.4032 -3.23223 98.2322
      vertex 10 -4.2 92
      vertex 14.25 6 92
    endloop
  endfacet
  facet normal 1 -0 0
    outer loop
      vertex 14.25 6 108
      vertex 14.25 9.6 92
      vertex 14.25 9.6 108
    endloop
  endfacet
  facet normal 1 0 0
    outer loop
      vertex 14.25 9.6 92
      vertex 14.25 6 108
      vertex 14.25 6 92
    endloop
  endfacet
  facet normal 0 0 1
    outer loop
      vertex 14.25 9.6 108
      vertex 10 0 108
      vertex 14.25 6 108
    endloop
  endfacet
  facet normal 0 0 1
    outer loop
      vertex 14.25 9.6 108
      vertex -10 0 108
      vertex 10 0 108
    endloop
  endfacet
  facet normal -0 0 1
    outer loop
      vertex -14.25 9.6 108
      vertex -10 0 108
      vertex 14.25 9.6 108
    endloop
  endfacet
  facet normal -0 0 1
    outer loop
      vertex -14.25 6 108
      vertex -10 0 108
      vertex -14.25 9.6 108
    endloop
  endfacet
  facet normal 0 0 1
    outer loop
      vertex -10 0 108
      vertex -14.25 6 108
      vertex -10 -4.2 108
    endloop
  endfacet
  facet normal 0 0 1
    outer loop
      vertex 14.25 6 108
      vertex 10 0 108
      vertex 10 -4.2 108
    endloop
  endfacet
  facet normal 0 1 0
    outer loop
      vertex 9.59141 9.6 100.802
      vertex 14.25 9.6 108
      vertex 9.72188 9.6 100.856
    endloop
  endfacet
  facet normal 0 1 0
    outer loop
      vertex -14.25 9.6 108
      vertex -9.85921 9.6 100.889
      vertex -10 9.6 100.9
    endloop
  endfacet
  facet normal 0 1 0
    outer loop
      vertex 9.47099 9.6 100.728
      vertex 14.25 9.6 108
      vertex 9.59141 9.6 100.802
    endloop
  endfacet
  facet normal 0 1 0
    outer loop
      vertex -14.25 9.6 108
      vertex -9.72188 9.6 100.856
      vertex -9.85921 9.6 100.889
    endloop
  endfacet
  facet normal 0 1 0
    outer loop
      vertex 14.25 9.6 108
      vertex 9.47099 9.6 100.728
      vertex -14.25 9.6 108
    endloop
  endfacet
  facet normal 0 1 0
    outer loop
      vertex -14.25 9.6 108
      vertex -9.59141 9.6 100.802
      vertex -9.72188 9.6 100.856
    endloop
  endfacet
  facet normal 0 1 -0
    outer loop
      vertex -9.47099 9.6 100.728
      vertex -14.25 9.6 108
      vertex 9.47099 9.6 100.728
    endloop
  endfacet
  facet normal 0 1 0
    outer loop
      vertex -14.25 9.6 108
      vertex -9.47099 9.6 100.728
      vertex -9.59141 9.6 100.802
    endloop
  endfacet
  facet normal 0 1 -0
    outer loop
      vertex 9.3636 9.6 100.636
      vertex -9.47099 9.6 100.728
      vertex 9.47099 9.6 100.728
    endloop
  endfacet
  facet normal 0 1 0
    outer loop
      vertex 9.3636 9.6 100.636
      vertex -9.3636 9.6 100.636
      vertex -9.47099 9.6 100.728
    endloop
  endfacet
  facet normal 0 1 -0
    outer loop
      vertex 9.27188 9.6 100.529
      vertex -9.3636 9.6 100.636
      vertex 9.3636 9.6 100.636
    endloop
  endfacet
  facet normal 0 1 0
    outer loop
      vertex 9.27188 9.6 100.529
      vertex -9.27188 9.6 100.529
      vertex -9.3636 9.6 100.636
    endloop
  endfacet
  facet normal 0 1 -0
    outer loop
      vertex 9.19809 9.6 100.409
      vertex -9.27188 9.6 100.529
      vertex 9.27188 9.6 100.529
    endloop
  endfacet
  facet normal 0 1 0
    outer loop
      vertex 9.19809 9.6 100.409
      vertex -9.19809 9.6 100.409
      vertex -9.27188 9.6 100.529
    endloop
  endfacet
  facet normal 0 1 -0
    outer loop
      vertex 9.14405 9.6 100.278
      vertex -9.19809 9.6 100.409
      vertex 9.19809 9.6 100.409
    endloop
  endfacet
  facet normal 0 1 0
    outer loop
      vertex 9.14405 9.6 100.278
      vertex -9.14405 9.6 100.278
      vertex -9.19809 9.6 100.409
    endloop
  endfacet
  facet normal 0 1 -0
    outer loop
      vertex 9.11108 9.6 100.141
      vertex -9.14405 9.6 100.278
      vertex 9.14405 9.6 100.278
    endloop
  endfacet
  facet normal 0 1 0
    outer loop
      vertex 9.11108 9.6 100.141
      vertex -9.11108 9.6 100.141
      vertex -9.14405 9.6 100.278
    endloop
  endfacet
  facet normal 0 1 -0
    outer loop
      vertex 9.1 9.6 100
      vertex -9.11108 9.6 100.141
      vertex 9.11108 9.6 100.141
    endloop
  endfacet
  facet normal 0 1 0
    outer loop
      vertex 9.1 9.6 100
      vertex -9.1 9.6 100
      vertex -9.11108 9.6 100.141
    endloop
  endfacet
  facet normal 0 1 0
    outer loop
      vertex 9.11108 9.6 99.8592
      vertex -9.1 9.6 100
      vertex 9.1 9.6 100
    endloop
  endfacet
  facet normal 0 1 0
    outer loop
      vertex 9.11108 9.6 99.8592
      vertex -9.11108 9.6 99.8592
      vertex -9.1 9.6 100
    endloop
  endfacet
  facet normal 0 1 0
    outer loop
      vertex 9.14405 9.6 99.7219
      vertex -9.11108 9.6 99.8592
      vertex 9.11108 9.6 99.8592
    endloop
  endfacet
  facet normal 0 1 0
    outer loop
      vertex 9.14405 9.6 99.7219
      vertex -9.14405 9.6 99.7219
      vertex -9.11108 9.6 99.8592
    endloop
  endfacet
  facet normal 0 1 0
    outer loop
      vertex 9.19809 9.6 99.5914
      vertex -9.14405 9.6 99.7219
      vertex 9.14405 9.6 99.7219
    endloop
  endfacet
  facet normal 0 1 0
    outer loop
      vertex 9.19809 9.6 99.5914
      vertex -9.19809 9.6 99.5914
      vertex -9.14405 9.6 99.7219
    endloop
  endfacet
  facet normal 0 1 0
    outer loop
      vertex 9.27188 9.6 99.471
      vertex -9.19809 9.6 99.5914
      vertex 9.19809 9.6 99.5914
    endloop
  endfacet
  facet normal 0 1 0
    outer loop
      vertex 9.27188 9.6 99.471
      vertex -9.27188 9.6 99.471
      vertex -9.19809 9.6 99.5914
    endloop
  endfacet
  facet normal 0 1 0
    outer loop
      vertex 9.3636 9.6 99.3636
      vertex -9.27188 9.6 99.471
      vertex 9.27188 9.6 99.471
    endloop
  endfacet
  facet normal 0 1 0
    outer loop
      vertex 9.3636 9.6 99.3636
      vertex -9.3636 9.6 99.3636
      vertex -9.27188 9.6 99.471
    endloop
  endfacet
  facet normal 0 1 0
    outer loop
      vertex 9.47099 9.6 99.2719
      vertex -9.3636 9.6 99.3636
      vertex 9.3636 9.6 99.3636
    endloop
  endfacet
  facet normal 0 1 0
    outer loop
      vertex 9.47099 9.6 99.2719
      vertex -9.47099 9.6 99.2719
      vertex -9.3636 9.6 99.3636
    endloop
  endfacet
  facet normal 0 1 0
    outer loop
      vertex 14.25 9.6 92
      vertex 9.47099 9.6 99.2719
      vertex 9.59141 9.6 99.1981
    endloop
  endfacet
  facet normal 0 1 0
    outer loop
      vertex 9.47099 9.6 99.2719
      vertex 14.25 9.6 92
      vertex -9.47099 9.6 99.2719
    endloop
  endfacet
  facet normal 0 1 0
    outer loop
      vertex 14.25 9.6 92
      vertex 9.59141 9.6 99.1981
      vertex 9.72188 9.6 99.1441
    endloop
  endfacet
  facet normal 0 1 0
    outer loop
      vertex -14.25 9.6 92
      vertex -9.47099 9.6 99.2719
      vertex 14.25 9.6 92
    endloop
  endfacet
  facet normal 0 1 0
    outer loop
      vertex 14.25 9.6 92
      vertex 9.72188 9.6 99.1441
      vertex 9.85921 9.6 99.1111
    endloop
  endfacet
  facet normal 0 1 0
    outer loop
      vertex -9.47099 9.6 99.2719
      vertex -14.25 9.6 92
      vertex -9.59141 9.6 99.1981
    endloop
  endfacet
  facet normal 0 1 0
    outer loop
      vertex 14.25 9.6 92
      vertex 9.85921 9.6 99.1111
      vertex 10 9.6 99.1
    endloop
  endfacet
  facet normal 0 1 0
    outer loop
      vertex -9.59141 9.6 99.1981
      vertex -14.25 9.6 92
      vertex -9.72188 9.6 99.1441
    endloop
  endfacet
  facet normal 0 1 0
    outer loop
      vertex 9.85921 9.6 100.889
      vertex 14.25 9.6 108
      vertex 10 9.6 100.9
    endloop
  endfacet
  facet normal 0 1 0
    outer loop
      vertex 14.25 9.6 108
      vertex 10.1408 9.6 100.889
      vertex 10 9.6 100.9
    endloop
  endfacet
  facet normal 0 1 0
    outer loop
      vertex 14.25 9.6 108
      vertex 10.2781 9.6 100.856
      vertex 10.1408 9.6 100.889
    endloop
  endfacet
  facet normal 0 1 0
    outer loop
      vertex 14.25 9.6 108
      vertex 10.4086 9.6 100.802
      vertex 10.2781 9.6 100.856
    endloop
  endfacet
  facet normal 0 1 0
    outer loop
      vertex 14.25 9.6 108
      vertex 10.529 9.6 100.728
      vertex 10.4086 9.6 100.802
    endloop
  endfacet
  facet normal 0 1 0
    outer loop
      vertex 14.25 9.6 108
      vertex 10.6364 9.6 100.636
      vertex 10.529 9.6 100.728
    endloop
  endfacet
  facet normal 0 1 0
    outer loop
      vertex 14.25 9.6 108
      vertex 10.7281 9.6 100.529
      vertex 10.6364 9.6 100.636
    endloop
  endfacet
  facet normal 0 1 0
    outer loop
      vertex 14.25 9.6 108
      vertex 10.8019 9.6 100.409
      vertex 10.7281 9.6 100.529
    endloop
  endfacet
  facet normal 0 1 0
    outer loop
      vertex 14.25 9.6 108
      vertex 10.856 9.6 100.278
      vertex 10.8019 9.6 100.409
    endloop
  endfacet
  facet normal 0 1 0
    outer loop
      vertex 14.25 9.6 108
      vertex 10.8889 9.6 100.141
      vertex 10.856 9.6 100.278
    endloop
  endfacet
  facet normal 0 1 0
    outer loop
      vertex 14.25 9.6 108
      vertex 10.9 9.6 100
      vertex 10.8889 9.6 100.141
    endloop
  endfacet
  facet normal 0 1 -0
    outer loop
      vertex 14.25 9.6 92
      vertex 10.9 9.6 100
      vertex 14.25 9.6 108
    endloop
  endfacet
  facet normal 0 1 0
    outer loop
      vertex 10.9 9.6 100
      vertex 14.25 9.6 92
      vertex 10.8889 9.6 99.8592
    endloop
  endfacet
  facet normal 0 1 0
    outer loop
      vertex -9.72188 9.6 99.1441
      vertex -14.25 9.6 92
      vertex -9.85921 9.6 99.1111
    endloop
  endfacet
  facet normal 0 1 0
    outer loop
      vertex 10.1408 9.6 99.1111
      vertex 14.25 9.6 92
      vertex 10 9.6 99.1
    endloop
  endfacet
  facet normal 0 1 0
    outer loop
      vertex 10.2781 9.6 99.1441
      vertex 14.25 9.6 92
      vertex 10.1408 9.6 99.1111
    endloop
  endfacet
  facet normal 0 1 0
    outer loop
      vertex 10.4086 9.6 99.1981
      vertex 14.25 9.6 92
      vertex 10.2781 9.6 99.1441
    endloop
  endfacet
  facet normal 0 1 0
    outer loop
      vertex 10.529 9.6 99.2719
      vertex 14.25 9.6 92
      vertex 10.4086 9.6 99.1981
    endloop
  endfacet
  facet normal 0 1 0
    outer loop
      vertex 10.6364 9.6 99.3636
      vertex 14.25 9.6 92
      vertex 10.529 9.6 99.2719
    endloop
  endfacet
  facet normal 0 1 0
    outer loop
      vertex 10.7281 9.6 99.471
      vertex 14.25 9.6 92
      vertex 10.6364 9.6 99.3636
    endloop
  endfacet
  facet normal 0 1 0
    outer loop
      vertex 10.8019 9.6 99.5914
      vertex 14.25 9.6 92
      vertex 10.7281 9.6 99.471
    endloop
  endfacet
  facet normal 0 1 0
    outer loop
      vertex 10.856 9.6 99.7219
      vertex 14.25 9.6 92
      vertex 10.8019 9.6 99.5914
    endloop
  endfacet
  facet normal 0 1 0
    outer loop
      vertex 10.8889 9.6 99.8592
      vertex 14.25 9.6 92
      vertex 10.856 9.6 99.7219
    endloop
  endfacet
  facet normal 0 1 0
    outer loop
      vertex 9.72188 9.6 100.856
      vertex 14.25 9.6 108
      vertex 9.85921 9.6 100.889
    endloop
  endfacet
  facet normal 0 1 -0
    outer loop
      vertex -10.1408 9.6 100.889
      vertex -14.25 9.6 108
      vertex -10 9.6 100.9
    endloop
  endfacet
  facet normal 0 1 -0
    outer loop
      vertex -10.2781 9.6 100.856
      vertex -14.25 9.6 108
      vertex -10.1408 9.6 100.889
    endloop
  endfacet
  facet normal 0 1 -0
    outer loop
      vertex -10.4086 9.6 100.802
      vertex -14.25 9.6 108
      vertex -10.2781 9.6 100.856
    endloop
  endfacet
  facet normal 0 1 -0
    outer loop
      vertex -10.529 9.6 100.728
      vertex -14.25 9.6 108
      vertex -10.4086 9.6 100.802
    endloop
  endfacet
  facet normal 0 1 -0
    outer loop
      vertex -10.6364 9.6 100.636
      vertex -14.25 9.6 108
      vertex -10.529 9.6 100.728
    endloop
  endfacet
  facet normal 0 1 -0
    outer loop
      vertex -10.7281 9.6 100.529
      vertex -14.25 9.6 108
      vertex -10.6364 9.6 100.636
    endloop
  endfacet
  facet normal 0 1 -0
    outer loop
      vertex -10.8019 9.6 100.409
      vertex -14.25 9.6 108
      vertex -10.7281 9.6 100.529
    endloop
  endfacet
  facet normal 0 1 -0
    outer loop
      vertex -10.856 9.6 100.278
      vertex -14.25 9.6 108
      vertex -10.8019 9.6 100.409
    endloop
  endfacet
  facet normal 0 1 -0
    outer loop
      vertex -10.8889 9.6 100.141
      vertex -14.25 9.6 108
      vertex -10.856 9.6 100.278
    endloop
  endfacet
  facet normal 0 1 -0
    outer loop
      vertex -10.9 9.6 100
      vertex -14.25 9.6 108
      vertex -10.8889 9.6 100.141
    endloop
  endfacet
  facet normal 0 1 0
    outer loop
      vertex -14.25 9.6 92
      vertex -10.9 9.6 100
      vertex -10.8889 9.6 99.8592
    endloop
  endfacet
  facet normal 0 1 0
    outer loop
      vertex -14.25 9.6 92
      vertex -10.8889 9.6 99.8592
      vertex -10.856 9.6 99.7219
    endloop
  endfacet
  facet normal 0 1 0
    outer loop
      vertex -9.85921 9.6 99.1111
      vertex -14.25 9.6 92
      vertex -10 9.6 99.1
    endloop
  endfacet
  facet normal 0 1 0
    outer loop
      vertex -10 9.6 99.1
      vertex -14.25 9.6 92
      vertex -10.1408 9.6 99.1111
    endloop
  endfacet
  facet normal 0 1 0
    outer loop
      vertex -10.9 9.6 100
      vertex -14.25 9.6 92
      vertex -14.25 9.6 108
    endloop
  endfacet
  facet normal 0 1 0
    outer loop
      vertex -10.8019 9.6 99.5914
      vertex -14.25 9.6 92
      vertex -10.856 9.6 99.7219
    endloop
  endfacet
  facet normal 0 1 0
    outer loop
      vertex -10.7281 9.6 99.471
      vertex -14.25 9.6 92
      vertex -10.8019 9.6 99.5914
    endloop
  endfacet
  facet normal 0 1 0
    outer loop
      vertex -10.6364 9.6 99.3636
      vertex -14.25 9.6 92
      vertex -10.7281 9.6 99.471
    endloop
  endfacet
  facet normal 0 1 0
    outer loop
      vertex -10.529 9.6 99.2719
      vertex -14.25 9.6 92
      vertex -10.6364 9.6 99.3636
    endloop
  endfacet
  facet normal 0 1 0
    outer loop
      vertex -10.4086 9.6 99.1981
      vertex -14.25 9.6 92
      vertex -10.529 9.6 99.2719
    endloop
  endfacet
  facet normal 0 1 0
    outer loop
      vertex -10.2781 9.6 99.1441
      vertex -14.25 9.6 92
      vertex -10.4086 9.6 99.1981
    endloop
  endfacet
  facet normal 0 1 0
    outer loop
      vertex -10.1408 9.6 99.1111
      vertex -14.25 9.6 92
      vertex -10.2781 9.6 99.1441
    endloop
  endfacet
  facet normal 0 0 -1
    outer loop
      vertex -10 -4.2 92
      vertex -14.25 6 92
      vertex -10 0 92
    endloop
  endfacet
  facet normal 0 0 -1
    outer loop
      vertex 10 0 92
      vertex 14.25 6 92
      vertex 10 -4.2 92
    endloop
  endfacet
  facet normal -0 0 -1
    outer loop
      vertex 14.25 6 92
      vertex 10 0 92
      vertex 14.25 9.6 92
    endloop
  endfacet
  facet normal 0 0 -1
    outer loop
      vertex -10 0 92
      vertex 14.25 9.6 92
      vertex 10 0 92
    endloop
  endfacet
  facet normal 0 0 -1
    outer loop
      vertex -14.25 9.6 92
      vertex -10 0 92
      vertex -14.25 6 92
    endloop
  endfacet
  facet normal 0 0 -1
    outer loop
      vertex -10 0 92
      vertex -14.25 9.6 92
      vertex 14.25 9.6 92
    endloop
  endfacet
  facet normal 0.909422 -0.415874 5.69364e-05
    outer loop
      vertex 14.25 4.66551 66.7467
      vertex 10.9587 -2.53078 74.3911
      vertex 10.9728 -2.5 74
    endloop
  endfacet
  facet normal 0.90929 -0.416163 -0.000272322
    outer loop
      vertex 14.25 4.66551 66.7467
      vertex 10.9169 -2.62236 74.7725
      vertex 10.9587 -2.53078 74.3911
    endloop
  endfacet
  facet normal 0.909643 -0.415391 0.000574856
    outer loop
      vertex 10.9169 -2.62236 74.7725
      vertex 14.25 4.66551 66.7467
      vertex 10.8785 -2.70617 74.9749
    endloop
  endfacet
  facet normal 0.909382 -0.415962 -4.85319e-05
    outer loop
      vertex 10.9587 -2.53078 73.6089
      vertex 14.25 4.66551 66.7467
      vertex 10.9728 -2.5 74
    endloop
  endfacet
  facet normal 0.909459 -0.415793 0.000165097
    outer loop
      vertex 10.9169 -2.62236 73.2275
      vertex 14.25 4.66551 66.7467
      vertex 10.9587 -2.53078 73.6089
    endloop
  endfacet
  facet normal 0.909377 -0.415972 -7.84149e-05
    outer loop
      vertex 10.8482 -2.77248 72.865
      vertex 14.25 4.66551 66.7467
      vertex 10.9169 -2.62236 73.2275
    endloop
  endfacet
  facet normal 0.909373 -0.415982 -9.29504e-05
    outer loop
      vertex 10.7544 -2.97746 72.5305
      vertex 14.25 4.66551 66.7467
      vertex 10.8482 -2.77248 72.865
    endloop
  endfacet
  facet normal 0.909411 -0.415899 4.0706e-05
    outer loop
      vertex 10.6379 -3.23223 72.2322
      vertex 14.25 4.66551 66.7467
      vertex 10.7544 -2.97746 72.5305
    endloop
  endfacet
  facet normal 0.909448 -0.415817 -2.53072e-05
    outer loop
      vertex 10 -4.62704 66.2389
      vertex 10.6379 -3.23223 72.2322
      vertex 10.5015 -3.53054 71.9775
    endloop
  endfacet
  facet normal 0.909374 -0.415979 1.2224e-05
    outer loop
      vertex 10 -4.62704 66.2389
      vertex 10.5015 -3.53054 71.9775
      vertex 10.3485 -3.86502 71.7725
    endloop
  endfacet
  facet normal 0.909465 -0.41578 -2.09792e-05
    outer loop
      vertex 10 -4.62704 66.2389
      vertex 10.3485 -3.86502 71.7725
      vertex 10.1828 -4.22746 71.6224
    endloop
  endfacet
  facet normal 0.909364 -0.416002 -1.05953e-06
    outer loop
      vertex 10 -4.62704 66.2389
      vertex 10.1828 -4.22746 71.6224
      vertex 10.0083 -4.60891 71.5308
    endloop
  endfacet
  facet normal 0.909247 -0.416257 0
    outer loop
      vertex 10 -4.62704 66.2389
      vertex 10.0083 -4.60891 71.5308
      vertex 10 -4.62704 71.5294
    endloop
  endfacet
  facet normal 0.909401 -0.41592 3.71891e-06
    outer loop
      vertex 10.6379 -3.23223 72.2322
      vertex 10 -4.62704 66.2389
      vertex 14.25 4.66551 66.7467
    endloop
  endfacet
  facet normal 0.909604 -0.415477 0.000443241
    outer loop
      vertex 10 -4.62704 77.1189
      vertex 10.3485 -3.86502 76.2275
      vertex 10.3856 -3.78385 76.1778
    endloop
  endfacet
  facet normal 0.909492 -0.415722 0.000190118
    outer loop
      vertex 10 -4.62704 77.1189
      vertex 10.1828 -4.22746 76.3776
      vertex 10.3485 -3.86502 76.2275
    endloop
  endfacet
  facet normal 0.909364 -0.416 8.68111e-06
    outer loop
      vertex 10 -4.62704 77.1189
      vertex 10.0083 -4.60891 76.4692
      vertex 10.1828 -4.22746 76.3776
    endloop
  endfacet
  facet normal 0.909247 -0.416257 0
    outer loop
      vertex 10.0083 -4.60891 76.4692
      vertex 10 -4.62704 77.1189
      vertex 10 -4.62704 76.4706
    endloop
  endfacet
  facet normal 0 -0.0306148 0.999531
    outer loop
      vertex 14.25 7.44388 82.5036
      vertex -10 0 82.2756
      vertex 10 0 82.2756
    endloop
  endfacet
  facet normal -4.36523e-06 -0.0306173 0.999531
    outer loop
      vertex -10 0 82.2756
      vertex -14.25 7.44388 82.5036
      vertex -10 -3.73796 82.1611
    endloop
  endfacet
  facet normal 0 -0.0306148 0.999531
    outer loop
      vertex -14.25 7.44388 82.5036
      vertex -10 0 82.2756
      vertex 14.25 7.44388 82.5036
    endloop
  endfacet
  facet normal 4.36523e-06 -0.0306173 0.999531
    outer loop
      vertex 14.25 7.44388 82.5036
      vertex 10 0 82.2756
      vertex 10 -3.73796 82.1611
    endloop
  endfacet
  facet normal 0.0194316 0 -0.999811
    outer loop
      vertex 10 0 66.0389
      vertex 14.25 8.21081 66.1215
      vertex 10 -3.49254 66.0389
    endloop
  endfacet
  facet normal 0.0194447 -6.74792e-06 -0.999811
    outer loop
      vertex 14.25 8.21081 66.1215
      vertex 10 0 66.0389
      vertex 8.67855 0 66.0132
    endloop
  endfacet
  facet normal -0.0194316 0 -0.999811
    outer loop
      vertex -10 -3.49254 66.0389
      vertex -14.25 8.21081 66.1215
      vertex -10 0 66.0389
    endloop
  endfacet
  facet normal -0.0194447 -6.74792e-06 -0.999811
    outer loop
      vertex -8.67855 0 66.0132
      vertex -10 0 66.0389
      vertex -14.25 8.21081 66.1215
    endloop
  endfacet
  facet normal 0 0.0131888 -0.999913
    outer loop
      vertex -8.67855 0 66.0132
      vertex 14.25 8.21081 66.1215
      vertex 8.67855 0 66.0132
    endloop
  endfacet
  facet normal 0 0.0131888 -0.999913
    outer loop
      vertex 14.25 8.21081 66.1215
      vertex -8.67855 0 66.0132
      vertex -14.25 8.21081 66.1215
    endloop
  endfacet
  facet normal 1 0 0
    outer loop
      vertex 14.25 7.44388 82.5036
      vertex 14.25 8.21081 66.1215
      vertex 14.25 10.9892 81.8785
    endloop
  endfacet
  facet normal 1 0 0
    outer loop
      vertex 14.25 8.21081 66.1215
      vertex 14.25 7.44388 82.5036
      vertex 14.25 4.66551 66.7467
    endloop
  endfacet
  facet normal -0 0.173639 0.984809
    outer loop
      vertex -14.25 10.9892 81.8785
      vertex 14.25 7.44388 82.5036
      vertex 14.25 10.9892 81.8785
    endloop
  endfacet
  facet normal 0 0.173639 0.984809
    outer loop
      vertex 14.25 7.44388 82.5036
      vertex -14.25 10.9892 81.8785
      vertex -14.25 7.44388 82.5036
    endloop
  endfacet
  facet normal 6.39433e-06 0.984807 -0.173653
    outer loop
      vertex 9.59141 9.73925 74.7897
      vertex 14.25 10.9892 81.8785
      vertex 9.72188 9.74863 74.8429
    endloop
  endfacet
  facet normal -1.44912e-05 0.984806 -0.173658
    outer loop
      vertex -14.25 10.9892 81.8785
      vertex -9.85921 9.75436 74.8754
      vertex -10 9.75628 74.8863
    endloop
  endfacet
  facet normal -0.000116856 0.984821 -0.173574
    outer loop
      vertex 9.47099 9.72644 74.7171
      vertex 14.25 10.9892 81.8785
      vertex 9.59141 9.73925 74.7897
    endloop
  endfacet
  facet normal -5.45529e-06 0.984807 -0.173652
    outer loop
      vertex -14.25 10.9892 81.8785
      vertex -9.72188 9.74863 74.8429
      vertex -9.85921 9.75436 74.8754
    endloop
  endfacet
  facet normal 0 0.984807 -0.17365
    outer loop
      vertex 14.25 10.9892 81.8785
      vertex 9.47099 9.72644 74.7171
      vertex -14.25 10.9892 81.8785
    endloop
  endfacet
  facet normal -6.39433e-06 0.984807 -0.173653
    outer loop
      vertex -14.25 10.9892 81.8785
      vertex -9.59141 9.73925 74.7897
      vertex -9.72188 9.74863 74.8429
    endloop
  endfacet
  facet normal 0 0.984807 -0.17365
    outer loop
      vertex -9.47099 9.72644 74.7171
      vertex -14.25 10.9892 81.8785
      vertex 9.47099 9.72644 74.7171
    endloop
  endfacet
  facet normal 0.000116856 0.984821 -0.173574
    outer loop
      vertex -14.25 10.9892 81.8785
      vertex -9.47099 9.72644 74.7171
      vertex -9.59141 9.73925 74.7897
    endloop
  endfacet
  facet normal 0 0.984826 -0.173543
    outer loop
      vertex 9.3636 9.71051 74.6267
      vertex -9.47099 9.72644 74.7171
      vertex 9.47099 9.72644 74.7171
    endloop
  endfacet
  facet normal 0 0.984826 -0.173543
    outer loop
      vertex 9.3636 9.71051 74.6267
      vertex -9.3636 9.71051 74.6267
      vertex -9.47099 9.72644 74.7171
    endloop
  endfacet
  facet normal 0 0.984788 -0.173759
    outer loop
      vertex 9.27188 9.69186 74.521
      vertex -9.3636 9.71051 74.6267
      vertex 9.3636 9.71051 74.6267
    endloop
  endfacet
  facet normal 0 0.984788 -0.173759
    outer loop
      vertex 9.27188 9.69186 74.521
      vertex -9.27188 9.69186 74.521
      vertex -9.3636 9.71051 74.6267
    endloop
  endfacet
  facet normal 0 0.984811 -0.173629
    outer loop
      vertex 9.19809 9.67095 74.4024
      vertex -9.27188 9.69186 74.521
      vertex 9.27188 9.69186 74.521
    endloop
  endfacet
  facet normal 0 0.984811 -0.173629
    outer loop
      vertex 9.19809 9.67095 74.4024
      vertex -9.19809 9.67095 74.4024
      vertex -9.27188 9.69186 74.521
    endloop
  endfacet
  facet normal 0 0.984805 -0.173663
    outer loop
      vertex 9.14405 9.64829 74.2739
      vertex -9.19809 9.67095 74.4024
      vertex 9.19809 9.67095 74.4024
    endloop
  endfacet
  facet normal 0 0.984805 -0.173663
    outer loop
      vertex 9.14405 9.64829 74.2739
      vertex -9.14405 9.64829 74.2739
      vertex -9.19809 9.67095 74.4024
    endloop
  endfacet
  facet normal 0 0.984829 -0.173528
    outer loop
      vertex 9.11108 9.62445 74.1386
      vertex -9.14405 9.64829 74.2739
      vertex 9.14405 9.64829 74.2739
    endloop
  endfacet
  facet normal 0 0.984829 -0.173528
    outer loop
      vertex 9.11108 9.62445 74.1386
      vertex -9.11108 9.62445 74.1386
      vertex -9.14405 9.64829 74.2739
    endloop
  endfacet
  facet normal 0 0.984794 -0.173725
    outer loop
      vertex 9.1 9.6 74
      vertex -9.11108 9.62445 74.1386
      vertex 9.11108 9.62445 74.1386
    endloop
  endfacet
  facet normal 0 0.984794 -0.173725
    outer loop
      vertex 9.1 9.6 74
      vertex -9.1 9.6 74
      vertex -9.11108 9.62445 74.1386
    endloop
  endfacet
  facet normal 0 0.984794 -0.173725
    outer loop
      vertex 9.11108 9.57555 73.8614
      vertex -9.1 9.6 74
      vertex 9.1 9.6 74
    endloop
  endfacet
  facet normal 0 0.984794 -0.173725
    outer loop
      vertex 9.11108 9.57555 73.8614
      vertex -9.11108 9.57555 73.8614
      vertex -9.1 9.6 74
    endloop
  endfacet
  facet normal 0 0.984829 -0.173528
    outer loop
      vertex 9.14405 9.55171 73.7261
      vertex -9.11108 9.57555 73.8614
      vertex 9.11108 9.57555 73.8614
    endloop
  endfacet
  facet normal 0 0.984829 -0.173528
    outer loop
      vertex 9.14405 9.55171 73.7261
      vertex -9.14405 9.55171 73.7261
      vertex -9.11108 9.57555 73.8614
    endloop
  endfacet
  facet normal 0 0.984805 -0.173663
    outer loop
      vertex 9.19809 9.52905 73.5976
      vertex -9.14405 9.55171 73.7261
      vertex 9.14405 9.55171 73.7261
    endloop
  endfacet
  facet normal 0 0.984805 -0.173663
    outer loop
      vertex 9.19809 9.52905 73.5976
      vertex -9.19809 9.52905 73.5976
      vertex -9.14405 9.55171 73.7261
    endloop
  endfacet
  facet normal 0 0.984811 -0.173629
    outer loop
      vertex 9.27188 9.50814 73.479
      vertex -9.19809 9.52905 73.5976
      vertex 9.19809 9.52905 73.5976
    endloop
  endfacet
  facet normal 0 0.984811 -0.173629
    outer loop
      vertex 9.27188 9.50814 73.479
      vertex -9.27188 9.50814 73.479
      vertex -9.19809 9.52905 73.5976
    endloop
  endfacet
  facet normal 0 0.984788 -0.173759
    outer loop
      vertex 9.3636 9.48949 73.3733
      vertex -9.27188 9.50814 73.479
      vertex 9.27188 9.50814 73.479
    endloop
  endfacet
  facet normal 0 0.984788 -0.173759
    outer loop
      vertex 9.3636 9.48949 73.3733
      vertex -9.3636 9.48949 73.3733
      vertex -9.27188 9.50814 73.479
    endloop
  endfacet
  facet normal 0 0.984826 -0.173543
    outer loop
      vertex 9.47099 9.47356 73.2829
      vertex -9.3636 9.48949 73.3733
      vertex 9.3636 9.48949 73.3733
    endloop
  endfacet
  facet normal 0 0.984826 -0.173543
    outer loop
      vertex 9.47099 9.47356 73.2829
      vertex -9.47099 9.47356 73.2829
      vertex -9.3636 9.48949 73.3733
    endloop
  endfacet
  facet normal 0.000118243 0.984821 -0.173572
    outer loop
      vertex 14.25 8.21081 66.1215
      vertex 9.47099 9.47356 73.2829
      vertex 9.59141 9.46075 73.2103
    endloop
  endfacet
  facet normal 0 0.984808 -0.173648
    outer loop
      vertex 9.47099 9.47356 73.2829
      vertex 14.25 8.21081 66.1215
      vertex -9.47099 9.47356 73.2829
    endloop
  endfacet
  facet normal -5.6205e-06 0.984807 -0.173651
    outer loop
      vertex 14.25 8.21081 66.1215
      vertex 9.59141 9.46075 73.2103
      vertex 9.72188 9.45137 73.1571
    endloop
  endfacet
  facet normal 0 0.984808 -0.173648
    outer loop
      vertex -14.25 8.21081 66.1215
      vertex -9.47099 9.47356 73.2829
      vertex 14.25 8.21081 66.1215
    endloop
  endfacet
  facet normal -5.06451e-06 0.984807 -0.173651
    outer loop
      vertex 14.25 8.21081 66.1215
      vertex 9.72188 9.45137 73.1571
      vertex 9.85921 9.44564 73.1246
    endloop
  endfacet
  facet normal -0.000118243 0.984821 -0.173572
    outer loop
      vertex -9.47099 9.47356 73.2829
      vertex -14.25 8.21081 66.1215
      vertex -9.59141 9.46075 73.2103
    endloop
  endfacet
  facet normal -1.43767e-05 0.984806 -0.173656
    outer loop
      vertex 14.25 8.21081 66.1215
      vertex 9.85921 9.44564 73.1246
      vertex 10 9.44372 73.1137
    endloop
  endfacet
  facet normal 5.6205e-06 0.984807 -0.173651
    outer loop
      vertex -9.59141 9.46075 73.2103
      vertex -14.25 8.21081 66.1215
      vertex -9.72188 9.45137 73.1571
    endloop
  endfacet
  facet normal 1.44912e-05 0.984806 -0.173658
    outer loop
      vertex 9.85921 9.75436 74.8754
      vertex 14.25 10.9892 81.8785
      vertex 10 9.75628 74.8863
    endloop
  endfacet
  facet normal -1.31878e-05 0.984809 -0.173641
    outer loop
      vertex 14.25 10.9892 81.8785
      vertex 10.1408 9.75436 74.8754
      vertex 10 9.75628 74.8863
    endloop
  endfacet
  facet normal -4.08015e-06 0.984808 -0.173646
    outer loop
      vertex 14.25 10.9892 81.8785
      vertex 10.2781 9.74863 74.8429
      vertex 10.1408 9.75436 74.8754
    endloop
  endfacet
  facet normal -3.83303e-06 0.984808 -0.173647
    outer loop
      vertex 14.25 10.9892 81.8785
      vertex 10.4086 9.73925 74.7897
      vertex 10.2781 9.74863 74.8429
    endloop
  endfacet
  facet normal 5.31877e-05 0.984803 -0.173677
    outer loop
      vertex 14.25 10.9892 81.8785
      vertex 10.529 9.72644 74.7171
      vertex 10.4086 9.73925 74.7897
    endloop
  endfacet
  facet normal -6.44972e-05 0.984813 -0.173617
    outer loop
      vertex 14.25 10.9892 81.8785
      vertex 10.6364 9.71051 74.6267
      vertex 10.529 9.72644 74.7171
    endloop
  endfacet
  facet normal 8.32814e-05 0.984801 -0.173689
    outer loop
      vertex 14.25 10.9892 81.8785
      vertex 10.7281 9.69186 74.521
      vertex 10.6364 9.71051 74.6267
    endloop
  endfacet
  facet normal -1.96812e-05 0.984809 -0.173641
    outer loop
      vertex 14.25 10.9892 81.8785
      vertex 10.8019 9.67095 74.4024
      vertex 10.7281 9.69186 74.521
    endloop
  endfacet
  facet normal 1.54552e-05 0.984806 -0.173657
    outer loop
      vertex 14.25 10.9892 81.8785
      vertex 10.856 9.64829 74.2739
      vertex 10.8019 9.67095 74.4024
    endloop
  endfacet
  facet normal -0.000182497 0.984821 -0.173571
    outer loop
      vertex 14.25 10.9892 81.8785
      vertex 10.8889 9.62445 74.1386
      vertex 10.856 9.64829 74.2739
    endloop
  endfacet
  facet normal 0.000153861 0.984796 -0.173713
    outer loop
      vertex 14.25 10.9892 81.8785
      vertex 10.9 9.6 74
      vertex 10.8889 9.62445 74.1386
    endloop
  endfacet
  facet normal -1.46986e-06 0.984808 -0.173649
    outer loop
      vertex 14.25 8.21081 66.1215
      vertex 10.9 9.6 74
      vertex 14.25 10.9892 81.8785
    endloop
  endfacet
  facet normal -0.000156334 0.984796 -0.173712
    outer loop
      vertex 10.9 9.6 74
      vertex 14.25 8.21081 66.1215
      vertex 10.8889 9.57555 73.8614
    endloop
  endfacet
  facet normal 5.06451e-06 0.984807 -0.173651
    outer loop
      vertex -9.72188 9.45137 73.1571
      vertex -14.25 8.21081 66.1215
      vertex -9.85921 9.44564 73.1246
    endloop
  endfacet
  facet normal 1.30836e-05 0.984809 -0.17364
    outer loop
      vertex 10.1408 9.44564 73.1246
      vertex 14.25 8.21081 66.1215
      vertex 10 9.44372 73.1137
    endloop
  endfacet
  facet normal 3.78788e-06 0.984808 -0.173645
    outer loop
      vertex 10.2781 9.45137 73.1571
      vertex 14.25 8.21081 66.1215
      vertex 10.1408 9.44564 73.1246
    endloop
  endfacet
  facet normal 3.36916e-06 0.984808 -0.173646
    outer loop
      vertex 10.4086 9.46075 73.2103
      vertex 14.25 8.21081 66.1215
      vertex 10.2781 9.45137 73.1571
    endloop
  endfacet
  facet normal -5.38191e-05 0.984803 -0.173676
    outer loop
      vertex 10.529 9.47356 73.2829
      vertex 14.25 8.21081 66.1215
      vertex 10.4086 9.46075 73.2103
    endloop
  endfacet
  facet normal 6.36919e-05 0.984813 -0.173616
    outer loop
      vertex 10.6364 9.48949 73.3733
      vertex 14.25 8.21081 66.1215
      vertex 10.529 9.47356 73.2829
    endloop
  endfacet
  facet normal -8.42757e-05 0.984801 -0.173688
    outer loop
      vertex 10.7281 9.50814 73.479
      vertex 14.25 8.21081 66.1215
      vertex 10.6364 9.48949 73.3733
    endloop
  endfacet
  facet normal 1.84654e-05 0.984809 -0.17364
    outer loop
      vertex 10.8019 9.52905 73.5976
      vertex 14.25 8.21081 66.1215
      vertex 10.7281 9.50814 73.479
    endloop
  endfacet
  facet normal -1.69484e-05 0.984806 -0.173656
    outer loop
      vertex 10.856 9.55171 73.7261
      vertex 14.25 8.21081 66.1215
      vertex 10.8019 9.52905 73.5976
    endloop
  endfacet
  facet normal 0.000180619 0.984821 -0.17357
    outer loop
      vertex 10.8889 9.57555 73.8614
      vertex 14.25 8.21081 66.1215
      vertex 10.856 9.55171 73.7261
    endloop
  endfacet
  facet normal 5.45529e-06 0.984807 -0.173652
    outer loop
      vertex 9.72188 9.74863 74.8429
      vertex 14.25 10.9892 81.8785
      vertex 9.85921 9.75436 74.8754
    endloop
  endfacet
  facet normal 1.31878e-05 0.984809 -0.173641
    outer loop
      vertex -10.1408 9.75436 74.8754
      vertex -14.25 10.9892 81.8785
      vertex -10 9.75628 74.8863
    endloop
  endfacet
  facet normal 4.08015e-06 0.984808 -0.173646
    outer loop
      vertex -10.2781 9.74863 74.8429
      vertex -14.25 10.9892 81.8785
      vertex -10.1408 9.75436 74.8754
    endloop
  endfacet
  facet normal 3.83303e-06 0.984808 -0.173647
    outer loop
      vertex -10.4086 9.73925 74.7897
      vertex -14.25 10.9892 81.8785
      vertex -10.2781 9.74863 74.8429
    endloop
  endfacet
  facet normal -5.31877e-05 0.984803 -0.173677
    outer loop
      vertex -10.529 9.72644 74.7171
      vertex -14.25 10.9892 81.8785
      vertex -10.4086 9.73925 74.7897
    endloop
  endfacet
  facet normal 6.44972e-05 0.984813 -0.173617
    outer loop
      vertex -10.6364 9.71051 74.6267
      vertex -14.25 10.9892 81.8785
      vertex -10.529 9.72644 74.7171
    endloop
  endfacet
  facet normal -8.32814e-05 0.984801 -0.173689
    outer loop
      vertex -10.7281 9.69186 74.521
      vertex -14.25 10.9892 81.8785
      vertex -10.6364 9.71051 74.6267
    endloop
  endfacet
  facet normal 1.96812e-05 0.984809 -0.173641
    outer loop
      vertex -10.8019 9.67095 74.4024
      vertex -14.25 10.9892 81.8785
      vertex -10.7281 9.69186 74.521
    endloop
  endfacet
  facet normal -1.54552e-05 0.984806 -0.173657
    outer loop
      vertex -10.856 9.64829 74.2739
      vertex -14.25 10.9892 81.8785
      vertex -10.8019 9.67095 74.4024
    endloop
  endfacet
  facet normal 0.000182497 0.984821 -0.173571
    outer loop
      vertex -10.8889 9.62445 74.1386
      vertex -14.25 10.9892 81.8785
      vertex -10.856 9.64829 74.2739
    endloop
  endfacet
  facet normal -0.000153861 0.984796 -0.173713
    outer loop
      vertex -10.9 9.6 74
      vertex -14.25 10.9892 81.8785
      vertex -10.8889 9.62445 74.1386
    endloop
  endfacet
  facet normal 0.000156334 0.984796 -0.173712
    outer loop
      vertex -14.25 8.21081 66.1215
      vertex -10.9 9.6 74
      vertex -10.8889 9.57555 73.8614
    endloop
  endfacet
  facet normal -0.000180619 0.984821 -0.17357
    outer loop
      vertex -14.25 8.21081 66.1215
      vertex -10.8889 9.57555 73.8614
      vertex -10.856 9.55171 73.7261
    endloop
  endfacet
  facet normal 1.43767e-05 0.984806 -0.173656
    outer loop
      vertex -9.85921 9.44564 73.1246
      vertex -14.25 8.21081 66.1215
      vertex -10 9.44372 73.1137
    endloop
  endfacet
  facet normal -1.30836e-05 0.984809 -0.17364
    outer loop
      vertex -10 9.44372 73.1137
      vertex -14.25 8.21081 66.1215
      vertex -10.1408 9.44564 73.1246
    endloop
  endfacet
  facet normal 1.46986e-06 0.984808 -0.173649
    outer loop
      vertex -10.9 9.6 74
      vertex -14.25 8.21081 66.1215
      vertex -14.25 10.9892 81.8785
    endloop
  endfacet
  facet normal 1.69484e-05 0.984806 -0.173656
    outer loop
      vertex -10.8019 9.52905 73.5976
      vertex -14.25 8.21081 66.1215
      vertex -10.856 9.55171 73.7261
    endloop
  endfacet
  facet normal -1.84654e-05 0.984809 -0.17364
    outer loop
      vertex -10.7281 9.50814 73.479
      vertex -14.25 8.21081 66.1215
      vertex -10.8019 9.52905 73.5976
    endloop
  endfacet
  facet normal 8.42757e-05 0.984801 -0.173688
    outer loop
      vertex -10.6364 9.48949 73.3733
      vertex -14.25 8.21081 66.1215
      vertex -10.7281 9.50814 73.479
    endloop
  endfacet
  facet normal -6.36919e-05 0.984813 -0.173616
    outer loop
      vertex -10.529 9.47356 73.2829
      vertex -14.25 8.21081 66.1215
      vertex -10.6364 9.48949 73.3733
    endloop
  endfacet
  facet normal 5.38191e-05 0.984803 -0.173676
    outer loop
      vertex -10.4086 9.46075 73.2103
      vertex -14.25 8.21081 66.1215
      vertex -10.529 9.47356 73.2829
    endloop
  endfacet
  facet normal -3.36916e-06 0.984808 -0.173646
    outer loop
      vertex -10.2781 9.45137 73.1571
      vertex -14.25 8.21081 66.1215
      vertex -10.4086 9.46075 73.2103
    endloop
  endfacet
  facet normal -3.78788e-06 0.984808 -0.173645
    outer loop
      vertex -10.1408 9.44564 73.1246
      vertex -14.25 8.21081 66.1215
      vertex -10.2781 9.45137 73.1571
    endloop
  endfacet
  facet normal -0.909382 -0.415962 -4.85319e-05
    outer loop
      vertex -14.25 4.66551 66.7467
      vertex -10.9587 -2.53078 73.6089
      vertex -10.9728 -2.5 74
    endloop
  endfacet
  facet normal -0.909459 -0.415793 0.000165097
    outer loop
      vertex -14.25 4.66551 66.7467
      vertex -10.9169 -2.62236 73.2275
      vertex -10.9587 -2.53078 73.6089
    endloop
  endfacet
  facet normal -0.909377 -0.415972 -7.84149e-05
    outer loop
      vertex -14.25 4.66551 66.7467
      vertex -10.8482 -2.77248 72.865
      vertex -10.9169 -2.62236 73.2275
    endloop
  endfacet
  facet normal -0.909373 -0.415982 -9.29504e-05
    outer loop
      vertex -14.25 4.66551 66.7467
      vertex -10.7544 -2.97746 72.5305
      vertex -10.8482 -2.77248 72.865
    endloop
  endfacet
  facet normal -0.909411 -0.415899 4.0706e-05
    outer loop
      vertex -14.25 4.66551 66.7467
      vertex -10.6379 -3.23223 72.2322
      vertex -10.7544 -2.97746 72.5305
    endloop
  endfacet
  facet normal -0.909401 -0.41592 3.71891e-06
    outer loop
      vertex -10 -4.62704 66.2389
      vertex -10.6379 -3.23223 72.2322
      vertex -14.25 4.66551 66.7467
    endloop
  endfacet
  facet normal -0.909448 -0.415817 -2.53072e-05
    outer loop
      vertex -10.6379 -3.23223 72.2322
      vertex -10 -4.62704 66.2389
      vertex -10.5015 -3.53054 71.9775
    endloop
  endfacet
  facet normal -0.909374 -0.415979 1.2224e-05
    outer loop
      vertex -10.5015 -3.53054 71.9775
      vertex -10 -4.62704 66.2389
      vertex -10.3485 -3.86502 71.7725
    endloop
  endfacet
  facet normal -0.909465 -0.41578 -2.09792e-05
    outer loop
      vertex -10.3485 -3.86502 71.7725
      vertex -10 -4.62704 66.2389
      vertex -10.1828 -4.22746 71.6224
    endloop
  endfacet
  facet normal -0.909364 -0.416002 -1.05953e-06
    outer loop
      vertex -10.1828 -4.22746 71.6224
      vertex -10 -4.62704 66.2389
      vertex -10.0083 -4.60891 71.5308
    endloop
  endfacet
  facet normal -0.909247 -0.416257 0
    outer loop
      vertex -10.0083 -4.60891 71.5308
      vertex -10 -4.62704 66.2389
      vertex -10 -4.62704 71.5294
    endloop
  endfacet
  facet normal -0.909422 -0.415874 5.69364e-05
    outer loop
      vertex -10.9587 -2.53078 74.3911
      vertex -14.25 4.66551 66.7467
      vertex -10.9728 -2.5 74
    endloop
  endfacet
  facet normal -0.90929 -0.416163 -0.000272322
    outer loop
      vertex -10.9169 -2.62236 74.7725
      vertex -14.25 4.66551 66.7467
      vertex -10.9587 -2.53078 74.3911
    endloop
  endfacet
  facet normal -0.909643 -0.415391 0.000574856
    outer loop
      vertex -14.25 4.66551 66.7467
      vertex -10.9169 -2.62236 74.7725
      vertex -10.8785 -2.70617 74.9749
    endloop
  endfacet
  facet normal -0.909604 -0.415477 0.000443241
    outer loop
      vertex -10.3485 -3.86502 76.2275
      vertex -10 -4.62704 77.1189
      vertex -10.3856 -3.78385 76.1778
    endloop
  endfacet
  facet normal -0.909492 -0.415722 0.000190118
    outer loop
      vertex -10.1828 -4.22746 76.3776
      vertex -10 -4.62704 77.1189
      vertex -10.3485 -3.86502 76.2275
    endloop
  endfacet
  facet normal -0.909364 -0.416 8.68111e-06
    outer loop
      vertex -10.0083 -4.60891 76.4692
      vertex -10 -4.62704 77.1189
      vertex -10.1828 -4.22746 76.3776
    endloop
  endfacet
  facet normal -0.909247 -0.416257 -0
    outer loop
      vertex -10 -4.62704 77.1189
      vertex -10.0083 -4.60891 76.4692
      vertex -10 -4.62704 76.4706
    endloop
  endfacet
  facet normal 0.445255 -0.155453 -0.881806
    outer loop
      vertex 10 -3.49254 66.0389
      vertex 14.25 4.66551 66.7467
      vertex 10 -4.62704 66.2389
    endloop
  endfacet
  facet normal 0.445329 -0.155495 -0.881761
    outer loop
      vertex 14.25 4.66551 66.7467
      vertex 10 -3.49254 66.0389
      vertex 14.25 8.21081 66.1215
    endloop
  endfacet
  facet normal 0.932271 -0.356264 0.062819
    outer loop
      vertex 14.25 7.44388 82.5036
      vertex 10.8785 -2.70617 74.9749
      vertex 14.25 4.66551 66.7467
    endloop
  endfacet
  facet normal 0.932309 -0.356186 0.0626964
    outer loop
      vertex 14.25 7.44388 82.5036
      vertex 10.8424 -2.77248 75.135
      vertex 10.8785 -2.70617 74.9749
    endloop
  endfacet
  facet normal 0.932256 -0.356295 0.0628734
    outer loop
      vertex 14.25 7.44388 82.5036
      vertex 10.7415 -2.97746 75.4695
      vertex 10.8424 -2.77248 75.135
    endloop
  endfacet
  facet normal 0.932272 -0.356263 0.0628164
    outer loop
      vertex 10 -3.73796 82.1611
      vertex 10.7415 -2.97746 75.4695
      vertex 14.25 7.44388 82.5036
    endloop
  endfacet
  facet normal 0.932352 -0.356047 0.0628498
    outer loop
      vertex 10.7415 -2.97746 75.4695
      vertex 10 -3.73796 82.1611
      vertex 10.6241 -3.23223 75.7678
    endloop
  endfacet
  facet normal 0.932229 -0.356375 0.0628118
    outer loop
      vertex 10.6241 -3.23223 75.7678
      vertex 10 -3.73796 82.1611
      vertex 10.4929 -3.53054 76.0225
    endloop
  endfacet
  facet normal 0.932272 -0.356263 0.062819
    outer loop
      vertex 10 -4.62704 77.1189
      vertex 10.4929 -3.53054 76.0225
      vertex 10 -3.73796 82.1611
    endloop
  endfacet
  facet normal 0.932182 -0.356556 0.0624856
    outer loop
      vertex 10.4929 -3.53054 76.0225
      vertex 10 -4.62704 77.1189
      vertex 10.3856 -3.78385 76.1778
    endloop
  endfacet
  facet normal -0.445255 -0.155453 -0.881806
    outer loop
      vertex -14.25 4.66551 66.7467
      vertex -10 -3.49254 66.0389
      vertex -10 -4.62704 66.2389
    endloop
  endfacet
  facet normal -0.445329 -0.155495 -0.881761
    outer loop
      vertex -10 -3.49254 66.0389
      vertex -14.25 4.66551 66.7467
      vertex -14.25 8.21081 66.1215
    endloop
  endfacet
  facet normal -0.932271 -0.356264 0.062819
    outer loop
      vertex -10.8785 -2.70617 74.9749
      vertex -14.25 7.44388 82.5036
      vertex -14.25 4.66551 66.7467
    endloop
  endfacet
  facet normal -0.932309 -0.356186 0.0626964
    outer loop
      vertex -10.8424 -2.77248 75.135
      vertex -14.25 7.44388 82.5036
      vertex -10.8785 -2.70617 74.9749
    endloop
  endfacet
  facet normal -0.932256 -0.356295 0.0628734
    outer loop
      vertex -10.7415 -2.97746 75.4695
      vertex -14.25 7.44388 82.5036
      vertex -10.8424 -2.77248 75.135
    endloop
  endfacet
  facet normal -0.932352 -0.356047 0.0628498
    outer loop
      vertex -10 -3.73796 82.1611
      vertex -10.7415 -2.97746 75.4695
      vertex -10.6241 -3.23223 75.7678
    endloop
  endfacet
  facet normal -0.932229 -0.356375 0.0628118
    outer loop
      vertex -10 -3.73796 82.1611
      vertex -10.6241 -3.23223 75.7678
      vertex -10.4929 -3.53054 76.0225
    endloop
  endfacet
  facet normal -0.932272 -0.356263 0.0628164
    outer loop
      vertex -10.7415 -2.97746 75.4695
      vertex -10 -3.73796 82.1611
      vertex -14.25 7.44388 82.5036
    endloop
  endfacet
  facet normal -0.932182 -0.356556 0.0624856
    outer loop
      vertex -10 -4.62704 77.1189
      vertex -10.4929 -3.53054 76.0225
      vertex -10.3856 -3.78385 76.1778
    endloop
  endfacet
  facet normal -0.932272 -0.356263 0.062819
    outer loop
      vertex -10.4929 -3.53054 76.0225
      vertex -10 -4.62704 77.1189
      vertex -10 -3.73796 82.1611
    endloop
  endfacet
  facet normal -1 0 0
    outer loop
      vertex -14.25 8.21081 66.1215
      vertex -14.25 7.44388 82.5036
      vertex -14.25 10.9892 81.8785
    endloop
  endfacet
  facet normal -1 0 -0
    outer loop
      vertex -14.25 7.44388 82.5036
      vertex -14.25 8.21081 66.1215
      vertex -14.25 4.66551 66.7467
    endloop
  endfacet
  facet normal 0.935965 -0.33086 0.120423
    outer loop
      vertex 14.25 8.95327 56.7488
      vertex 11.2057 -2.5983 48.6723
      vertex 14.25 3.48095 41.7137
    endloop
  endfacet
  facet normal 0.935957 -0.330874 0.120446
    outer loop
      vertex 14.25 8.95327 56.7488
      vertex 11.1843 -2.62236 48.7725
      vertex 11.2057 -2.5983 48.6723
    endloop
  endfacet
  facet normal 0.935969 -0.330852 0.12041
    outer loop
      vertex 14.25 8.95327 56.7488
      vertex 11.0846 -2.77248 49.135
      vertex 11.1843 -2.62236 48.7725
    endloop
  endfacet
  facet normal 0.935963 -0.330863 0.120429
    outer loop
      vertex 14.25 8.95327 56.7488
      vertex 10.9691 -2.97746 49.4695
      vertex 11.0846 -2.77248 49.135
    endloop
  endfacet
  facet normal 0.935967 -0.330857 0.120417
    outer loop
      vertex 10 -3.25495 56.2396
      vertex 10.9691 -2.97746 49.4695
      vertex 14.25 8.95327 56.7488
    endloop
  endfacet
  facet normal 0.93601 -0.330729 0.120429
    outer loop
      vertex 10.9691 -2.97746 49.4695
      vertex 10 -3.25495 56.2396
      vertex 10.8407 -3.23223 49.7678
    endloop
  endfacet
  facet normal 0.935986 -0.3308 0.120425
    outer loop
      vertex 10 -3.25495 56.2396
      vertex 10.7025 -3.53054 50.0225
      vertex 10.8407 -3.23223 49.7678
    endloop
  endfacet
  facet normal 0.935976 -0.330827 0.120425
    outer loop
      vertex 10 -3.25495 56.2396
      vertex 10.5579 -3.86502 50.2275
      vertex 10.7025 -3.53054 50.0225
    endloop
  endfacet
  facet normal 0.93596 -0.330871 0.120428
    outer loop
      vertex 10 -5.0061 51.4284
      vertex 10.5579 -3.86502 50.2275
      vertex 10 -3.25495 56.2396
    endloop
  endfacet
  facet normal 0.936001 -0.330685 0.120623
    outer loop
      vertex 10.5579 -3.86502 50.2275
      vertex 10 -5.0061 51.4284
      vertex 10.4993 -4.00911 50.2872
    endloop
  endfacet
  facet normal -0.68515 -0.249115 -0.684479
    outer loop
      vertex -10 -3.92357 40.1544
      vertex -14.25 3.48095 41.7137
      vertex -14.25 6.86384 40.4825
    endloop
  endfacet
  facet normal -0.685157 -0.249121 -0.68447
    outer loop
      vertex -14.25 3.48095 41.7137
      vertex -10 -3.92357 40.1544
      vertex -10 -5.0061 40.5484
    endloop
  endfacet
  facet normal 0.894247 -0.447573 0.000216148
    outer loop
      vertex 14.25 3.48095 41.7137
      vertex 11.2395 -2.53078 48.3911
      vertex 11.255 -2.5 48
    endloop
  endfacet
  facet normal 0.894128 -0.447811 -5.22827e-05
    outer loop
      vertex 11.2395 -2.53078 48.3911
      vertex 14.25 3.48095 41.7137
      vertex 11.2057 -2.5983 48.6723
    endloop
  endfacet
  facet normal 0.894079 -0.447909 -0.000183086
    outer loop
      vertex 11.2395 -2.53078 47.6089
      vertex 14.25 3.48095 41.7137
      vertex 11.255 -2.5 48
    endloop
  endfacet
  facet normal 0.894196 -0.447675 0.000115014
    outer loop
      vertex 11.1937 -2.62236 47.2275
      vertex 14.25 3.48095 41.7137
      vertex 11.2395 -2.53078 47.6089
    endloop
  endfacet
  facet normal 0.894138 -0.447791 -4.62207e-05
    outer loop
      vertex 11.1185 -2.77248 46.865
      vertex 14.25 3.48095 41.7137
      vertex 11.1937 -2.62236 47.2275
    endloop
  endfacet
  facet normal 0.894181 -0.447706 8.32205e-05
    outer loop
      vertex 11.0159 -2.97746 46.5305
      vertex 14.25 3.48095 41.7137
      vertex 11.1185 -2.77248 46.865
    endloop
  endfacet
  facet normal 0.894144 -0.44778 -4.01065e-05
    outer loop
      vertex 10.8883 -3.23223 46.2322
      vertex 14.25 3.48095 41.7137
      vertex 11.0159 -2.97746 46.5305
    endloop
  endfacet
  facet normal 0.894145 -0.447777 -3.51969e-05
    outer loop
      vertex 10.7389 -3.53054 45.9775
      vertex 14.25 3.48095 41.7137
      vertex 10.8883 -3.23223 46.2322
    endloop
  endfacet
  facet normal 0.894148 -0.447772 5.3338e-06
    outer loop
      vertex 10 -5.0061 40.5484
      vertex 10.7389 -3.53054 45.9775
      vertex 10.5714 -3.86502 45.7725
    endloop
  endfacet
  facet normal 0.89415 -0.447767 4.05189e-06
    outer loop
      vertex 10 -5.0061 40.5484
      vertex 10.5714 -3.86502 45.7725
      vertex 10.3899 -4.22746 45.6224
    endloop
  endfacet
  facet normal 0.89417 -0.447729 -3.41282e-06
    outer loop
      vertex 10 -5.0061 40.5484
      vertex 10.3899 -4.22746 45.6224
      vertex 10.1989 -4.60891 45.5308
    endloop
  endfacet
  facet normal 0.894194 -0.447679 -8.3119e-06
    outer loop
      vertex 10 -5.0061 40.5484
      vertex 10.1989 -4.60891 45.5308
      vertex 10.0031 -5 45.5
    endloop
  endfacet
  facet normal 0.891485 -0.45305 0
    outer loop
      vertex 10 -5.0061 40.5484
      vertex 10.0031 -5 45.5
      vertex 10 -5.0061 45.5005
    endloop
  endfacet
  facet normal 0.894154 -0.447759 9.82797e-07
    outer loop
      vertex 10.7389 -3.53054 45.9775
      vertex 10 -5.0061 40.5484
      vertex 14.25 3.48095 41.7137
    endloop
  endfacet
  facet normal 0.894013 -0.448041 -0.000272898
    outer loop
      vertex 10 -5.0061 51.4284
      vertex 10.3899 -4.22746 50.3776
      vertex 10.4993 -4.00911 50.2872
    endloop
  endfacet
  facet normal 0.894171 -0.447726 1.93079e-05
    outer loop
      vertex 10 -5.0061 51.4284
      vertex 10.1989 -4.60891 50.4692
      vertex 10.3899 -4.22746 50.3776
    endloop
  endfacet
  facet normal 0.894195 -0.447677 4.435e-05
    outer loop
      vertex 10 -5.0061 51.4284
      vertex 10.0031 -5 50.5
      vertex 10.1989 -4.60891 50.4692
    endloop
  endfacet
  facet normal 0.891485 -0.45305 0
    outer loop
      vertex 10.0031 -5 50.5
      vertex 10 -5.0061 51.4284
      vertex 10 -5.0061 50.4995
    endloop
  endfacet
  facet normal 2.50275e-05 0.939687 -0.342036
    outer loop
      vertex -9.72189 9.30725 47.1957
      vertex -14.25 6.86384 40.4825
      vertex -9.85921 9.29597 47.1647
    endloop
  endfacet
  facet normal -2.99851e-05 0.939686 -0.342037
    outer loop
      vertex 10.1408 9.29597 47.1647
      vertex 14.25 6.86384 40.4825
      vertex 10 9.29218 47.1543
    endloop
  endfacet
  facet normal 1.87192e-05 0.939696 -0.342011
    outer loop
      vertex 14.25 6.86384 40.4825
      vertex 10.1408 9.29597 47.1647
      vertex 10.2781 9.30725 47.1957
    endloop
  endfacet
  facet normal -2.50275e-05 0.939687 -0.342036
    outer loop
      vertex 14.25 6.86384 40.4825
      vertex 9.72189 9.30725 47.1957
      vertex 9.85921 9.29597 47.1647
    endloop
  endfacet
  facet normal 0 0.939692 -0.342021
    outer loop
      vertex 9.72189 9.30725 47.1957
      vertex 14.25 6.86384 40.4825
      vertex -9.72189 9.30725 47.1957
    endloop
  endfacet
  facet normal 3.2949e-05 0.939699 -0.342002
    outer loop
      vertex 14.25 6.86384 40.4825
      vertex 9.85921 9.29597 47.1647
      vertex 10 9.29218 47.1543
    endloop
  endfacet
  facet normal 0 0.939692 -0.342021
    outer loop
      vertex -14.25 6.86384 40.4825
      vertex -9.72189 9.30725 47.1957
      vertex 14.25 6.86384 40.4825
    endloop
  endfacet
  facet normal -3.2949e-05 0.939699 -0.342002
    outer loop
      vertex -9.85921 9.29597 47.1647
      vertex -14.25 6.86384 40.4825
      vertex -10 9.29218 47.1543
    endloop
  endfacet
  facet normal 2.99851e-05 0.939686 -0.342037
    outer loop
      vertex -10 9.29218 47.1543
      vertex -14.25 6.86384 40.4825
      vertex -10.1408 9.29597 47.1647
    endloop
  endfacet
  facet normal -1.87192e-05 0.939696 -0.342011
    outer loop
      vertex -10.1408 9.29597 47.1647
      vertex -14.25 6.86384 40.4825
      vertex -10.2781 9.30725 47.1957
    endloop
  endfacet
  facet normal 0.68515 -0.249115 -0.684479
    outer loop
      vertex 14.25 3.48095 41.7137
      vertex 10 -3.92357 40.1544
      vertex 14.25 6.86384 40.4825
    endloop
  endfacet
  facet normal 0.685157 -0.249121 -0.68447
    outer loop
      vertex 10 -3.92357 40.1544
      vertex 14.25 3.48095 41.7137
      vertex 10 -5.0061 40.5484
    endloop
  endfacet
  facet normal 1 0 0
    outer loop
      vertex 14.25 8.95327 56.7488
      vertex 14.25 6.86384 40.4825
      vertex 14.25 12.3362 55.5175
    endloop
  endfacet
  facet normal 1 0 -0
    outer loop
      vertex 14.25 6.86384 40.4825
      vertex 14.25 8.95327 56.7488
      vertex 14.25 3.48095 41.7137
    endloop
  endfacet
  facet normal -0 0.342024 0.939691
    outer loop
      vertex -14.25 12.3362 55.5175
      vertex 14.25 8.95327 56.7488
      vertex 14.25 12.3362 55.5175
    endloop
  endfacet
  facet normal 0 0.342024 0.939691
    outer loop
      vertex 14.25 8.95327 56.7488
      vertex -14.25 12.3362 55.5175
      vertex -14.25 8.95327 56.7488
    endloop
  endfacet
  facet normal -0.076971 0 -0.997033
    outer loop
      vertex -10 -3.92357 40.1544
      vertex -14.25 6.86384 40.4825
      vertex -10 0 40.1544
    endloop
  endfacet
  facet normal -0.0769356 2.20178e-05 -0.997036
    outer loop
      vertex -8.79478 0 40.0614
      vertex -10 0 40.1544
      vertex -14.25 6.86384 40.4825
    endloop
  endfacet
  facet normal -1 0 0
    outer loop
      vertex -14.25 6.86384 40.4825
      vertex -14.25 8.95327 56.7488
      vertex -14.25 12.3362 55.5175
    endloop
  endfacet
  facet normal -1 0 0
    outer loop
      vertex -14.25 8.95327 56.7488
      vertex -14.25 6.86384 40.4825
      vertex -14.25 3.48095 41.7137
    endloop
  endfacet
  facet normal 0 -0.0416692 0.999131
    outer loop
      vertex 14.25 8.95327 56.7488
      vertex -10 0 56.3754
      vertex 10 0 56.3754
    endloop
  endfacet
  facet normal -3.29157e-05 -0.0416848 0.999131
    outer loop
      vertex -10 0 56.3754
      vertex -14.25 8.95327 56.7488
      vertex -10 -3.25495 56.2396
    endloop
  endfacet
  facet normal 0 -0.0416692 0.999131
    outer loop
      vertex -14.25 8.95327 56.7488
      vertex -10 0 56.3754
      vertex 14.25 8.95327 56.7488
    endloop
  endfacet
  facet normal 3.29157e-05 -0.0416848 0.999131
    outer loop
      vertex 14.25 8.95327 56.7488
      vertex 10 0 56.3754
      vertex 10 -3.25495 56.2396
    endloop
  endfacet
  facet normal -5.15689e-05 0.939699 -0.342003
    outer loop
      vertex 14.25 12.3362 55.5175
      vertex 10.856 9.69512 48.2613
      vertex 10.8227 9.72256 48.3367
    endloop
  endfacet
  facet normal 0.00017277 0.939665 -0.342096
    outer loop
      vertex 14.25 12.3362 55.5175
      vertex 10.8889 9.64815 48.1323
      vertex 10.856 9.69512 48.2613
    endloop
  endfacet
  facet normal -5.64462e-05 0.939699 -0.342004
    outer loop
      vertex 14.25 12.3362 55.5175
      vertex 10.9 9.6 48
      vertex 10.8889 9.64815 48.1323
    endloop
  endfacet
  facet normal -5.6101e-06 0.939691 -0.342024
    outer loop
      vertex 14.25 6.86384 40.4825
      vertex 10.9 9.6 48
      vertex 14.25 12.3362 55.5175
    endloop
  endfacet
  facet normal 4.70037e-05 0.939699 -0.342003
    outer loop
      vertex 10.9 9.6 48
      vertex 14.25 6.86384 40.4825
      vertex 10.8889 9.55185 47.8677
    endloop
  endfacet
  facet normal 5.69239e-05 0.939703 -0.341991
    outer loop
      vertex 10.4086 9.32573 47.2465
      vertex 14.25 6.86384 40.4825
      vertex 10.2781 9.30725 47.1957
    endloop
  endfacet
  facet normal -9.94664e-05 0.939675 -0.342069
    outer loop
      vertex 10.529 9.35097 47.3158
      vertex 14.25 6.86384 40.4825
      vertex 10.4086 9.32573 47.2465
    endloop
  endfacet
  facet normal 2.67168e-05 0.939697 -0.342009
    outer loop
      vertex 10.6364 9.38234 47.402
      vertex 14.25 6.86384 40.4825
      vertex 10.529 9.35097 47.3158
    endloop
  endfacet
  facet normal -3.44084e-05 0.939686 -0.342037
    outer loop
      vertex 10.7281 9.41907 47.5029
      vertex 14.25 6.86384 40.4825
      vertex 10.6364 9.38234 47.402
    endloop
  endfacet
  facet normal 0.000155765 0.939717 -0.341953
    outer loop
      vertex 10.8019 9.46025 47.6161
      vertex 14.25 6.86384 40.4825
      vertex 10.7281 9.41907 47.5029
    endloop
  endfacet
  facet normal -6.12407e-05 0.939683 -0.342045
    outer loop
      vertex 10.856 9.50488 47.7387
      vertex 14.25 6.86384 40.4825
      vertex 10.8019 9.46025 47.6161
    endloop
  endfacet
  facet normal -0.000179937 0.939666 -0.342094
    outer loop
      vertex 10.8889 9.55185 47.8677
      vertex 14.25 6.86384 40.4825
      vertex 10.856 9.50488 47.7387
    endloop
  endfacet
  facet normal 5.15689e-05 0.939699 -0.342003
    outer loop
      vertex -10.856 9.69512 48.2613
      vertex -14.25 12.3362 55.5175
      vertex -10.8227 9.72256 48.3367
    endloop
  endfacet
  facet normal -0.00017277 0.939665 -0.342096
    outer loop
      vertex -10.8889 9.64815 48.1323
      vertex -14.25 12.3362 55.5175
      vertex -10.856 9.69512 48.2613
    endloop
  endfacet
  facet normal 5.64462e-05 0.939699 -0.342004
    outer loop
      vertex -10.9 9.6 48
      vertex -14.25 12.3362 55.5175
      vertex -10.8889 9.64815 48.1323
    endloop
  endfacet
  facet normal -4.70037e-05 0.939699 -0.342003
    outer loop
      vertex -14.25 6.86384 40.4825
      vertex -10.9 9.6 48
      vertex -10.8889 9.55185 47.8677
    endloop
  endfacet
  facet normal 0.000179937 0.939666 -0.342094
    outer loop
      vertex -14.25 6.86384 40.4825
      vertex -10.8889 9.55185 47.8677
      vertex -10.856 9.50488 47.7387
    endloop
  endfacet
  facet normal 5.6101e-06 0.939691 -0.342024
    outer loop
      vertex -10.9 9.6 48
      vertex -14.25 6.86384 40.4825
      vertex -14.25 12.3362 55.5175
    endloop
  endfacet
  facet normal 6.12407e-05 0.939683 -0.342045
    outer loop
      vertex -10.8019 9.46025 47.6161
      vertex -14.25 6.86384 40.4825
      vertex -10.856 9.50488 47.7387
    endloop
  endfacet
  facet normal -0.000155765 0.939717 -0.341953
    outer loop
      vertex -10.7281 9.41907 47.5029
      vertex -14.25 6.86384 40.4825
      vertex -10.8019 9.46025 47.6161
    endloop
  endfacet
  facet normal 3.44084e-05 0.939686 -0.342037
    outer loop
      vertex -10.6364 9.38234 47.402
      vertex -14.25 6.86384 40.4825
      vertex -10.7281 9.41907 47.5029
    endloop
  endfacet
  facet normal -2.67168e-05 0.939697 -0.342009
    outer loop
      vertex -10.529 9.35097 47.3158
      vertex -14.25 6.86384 40.4825
      vertex -10.6364 9.38234 47.402
    endloop
  endfacet
  facet normal 9.94664e-05 0.939675 -0.342069
    outer loop
      vertex -10.4086 9.32573 47.2465
      vertex -14.25 6.86384 40.4825
      vertex -10.529 9.35097 47.3158
    endloop
  endfacet
  facet normal -5.69239e-05 0.939703 -0.341991
    outer loop
      vertex -14.25 6.86384 40.4825
      vertex -10.4086 9.32573 47.2465
      vertex -10.2781 9.30725 47.1957
    endloop
  endfacet
  facet normal 0 0.0612354 -0.998123
    outer loop
      vertex -8.79478 0 40.0614
      vertex 14.25 6.86384 40.4825
      vertex 8.79478 0 40.0614
    endloop
  endfacet
  facet normal 0 0.0612354 -0.998123
    outer loop
      vertex 14.25 6.86384 40.4825
      vertex -8.79478 0 40.0614
      vertex -14.25 6.86384 40.4825
    endloop
  endfacet
  facet normal -0.894079 -0.447909 -0.000183086
    outer loop
      vertex -14.25 3.48095 41.7137
      vertex -11.2395 -2.53078 47.6089
      vertex -11.255 -2.5 48
    endloop
  endfacet
  facet normal -0.894196 -0.447675 0.000115014
    outer loop
      vertex -14.25 3.48095 41.7137
      vertex -11.1937 -2.62236 47.2275
      vertex -11.2395 -2.53078 47.6089
    endloop
  endfacet
  facet normal -0.894138 -0.447791 -4.62207e-05
    outer loop
      vertex -14.25 3.48095 41.7137
      vertex -11.1185 -2.77248 46.865
      vertex -11.1937 -2.62236 47.2275
    endloop
  endfacet
  facet normal -0.894181 -0.447706 8.32205e-05
    outer loop
      vertex -14.25 3.48095 41.7137
      vertex -11.0159 -2.97746 46.5305
      vertex -11.1185 -2.77248 46.865
    endloop
  endfacet
  facet normal -0.894144 -0.44778 -4.01065e-05
    outer loop
      vertex -14.25 3.48095 41.7137
      vertex -10.8883 -3.23223 46.2322
      vertex -11.0159 -2.97746 46.5305
    endloop
  endfacet
  facet normal -0.894145 -0.447777 -3.51969e-05
    outer loop
      vertex -14.25 3.48095 41.7137
      vertex -10.7389 -3.53054 45.9775
      vertex -10.8883 -3.23223 46.2322
    endloop
  endfacet
  facet normal -0.894154 -0.447759 9.82797e-07
    outer loop
      vertex -10 -5.0061 40.5484
      vertex -10.7389 -3.53054 45.9775
      vertex -14.25 3.48095 41.7137
    endloop
  endfacet
  facet normal -0.894148 -0.447772 5.3338e-06
    outer loop
      vertex -10.7389 -3.53054 45.9775
      vertex -10 -5.0061 40.5484
      vertex -10.5714 -3.86502 45.7725
    endloop
  endfacet
  facet normal -0.89415 -0.447767 4.05189e-06
    outer loop
      vertex -10.5714 -3.86502 45.7725
      vertex -10 -5.0061 40.5484
      vertex -10.3899 -4.22746 45.6224
    endloop
  endfacet
  facet normal -0.89417 -0.447729 -3.41282e-06
    outer loop
      vertex -10.3899 -4.22746 45.6224
      vertex -10 -5.0061 40.5484
      vertex -10.1989 -4.60891 45.5308
    endloop
  endfacet
  facet normal -0.894194 -0.447679 -8.3119e-06
    outer loop
      vertex -10.1989 -4.60891 45.5308
      vertex -10 -5.0061 40.5484
      vertex -10.0031 -5 45.5
    endloop
  endfacet
  facet normal -0.891485 -0.45305 0
    outer loop
      vertex -10.0031 -5 45.5
      vertex -10 -5.0061 40.5484
      vertex -10 -5.0061 45.5005
    endloop
  endfacet
  facet normal -0.894247 -0.447573 0.000216148
    outer loop
      vertex -11.2395 -2.53078 48.3911
      vertex -14.25 3.48095 41.7137
      vertex -11.255 -2.5 48
    endloop
  endfacet
  facet normal -0.894128 -0.447811 -5.22827e-05
    outer loop
      vertex -14.25 3.48095 41.7137
      vertex -11.2395 -2.53078 48.3911
      vertex -11.2057 -2.5983 48.6723
    endloop
  endfacet
  facet normal -0.894013 -0.448041 -0.000272898
    outer loop
      vertex -10.3899 -4.22746 50.3776
      vertex -10 -5.0061 51.4284
      vertex -10.4993 -4.00911 50.2872
    endloop
  endfacet
  facet normal -0.894171 -0.447726 1.93079e-05
    outer loop
      vertex -10.1989 -4.60891 50.4692
      vertex -10 -5.0061 51.4284
      vertex -10.3899 -4.22746 50.3776
    endloop
  endfacet
  facet normal -0.894195 -0.447677 4.435e-05
    outer loop
      vertex -10.0031 -5 50.5
      vertex -10 -5.0061 51.4284
      vertex -10.1989 -4.60891 50.4692
    endloop
  endfacet
  facet normal -0.891485 -0.45305 -0
    outer loop
      vertex -10 -5.0061 51.4284
      vertex -10.0031 -5 50.5
      vertex -10 -5.0061 50.4995
    endloop
  endfacet
  facet normal -0.935965 -0.33086 0.120423
    outer loop
      vertex -11.2057 -2.5983 48.6723
      vertex -14.25 8.95327 56.7488
      vertex -14.25 3.48095 41.7137
    endloop
  endfacet
  facet normal -0.935957 -0.330874 0.120446
    outer loop
      vertex -11.1843 -2.62236 48.7725
      vertex -14.25 8.95327 56.7488
      vertex -11.2057 -2.5983 48.6723
    endloop
  endfacet
  facet normal -0.935969 -0.330852 0.12041
    outer loop
      vertex -11.0846 -2.77248 49.135
      vertex -14.25 8.95327 56.7488
      vertex -11.1843 -2.62236 48.7725
    endloop
  endfacet
  facet normal -0.935963 -0.330863 0.120429
    outer loop
      vertex -10.9691 -2.97746 49.4695
      vertex -14.25 8.95327 56.7488
      vertex -11.0846 -2.77248 49.135
    endloop
  endfacet
  facet normal -0.93601 -0.330729 0.120429
    outer loop
      vertex -10 -3.25495 56.2396
      vertex -10.9691 -2.97746 49.4695
      vertex -10.8407 -3.23223 49.7678
    endloop
  endfacet
  facet normal -0.935967 -0.330857 0.120417
    outer loop
      vertex -10.9691 -2.97746 49.4695
      vertex -10 -3.25495 56.2396
      vertex -14.25 8.95327 56.7488
    endloop
  endfacet
  facet normal -0.935986 -0.3308 0.120425
    outer loop
      vertex -10.7025 -3.53054 50.0225
      vertex -10 -3.25495 56.2396
      vertex -10.8407 -3.23223 49.7678
    endloop
  endfacet
  facet normal -0.935976 -0.330827 0.120425
    outer loop
      vertex -10.5579 -3.86502 50.2275
      vertex -10 -3.25495 56.2396
      vertex -10.7025 -3.53054 50.0225
    endloop
  endfacet
  facet normal -0.936001 -0.330685 0.120623
    outer loop
      vertex -10 -5.0061 51.4284
      vertex -10.5579 -3.86502 50.2275
      vertex -10.4993 -4.00911 50.2872
    endloop
  endfacet
  facet normal -0.93596 -0.330871 0.120428
    outer loop
      vertex -10.5579 -3.86502 50.2275
      vertex -10 -5.0061 51.4284
      vertex -10 -3.25495 56.2396
    endloop
  endfacet
  facet normal 9.79531e-05 0.939669 -0.342084
    outer loop
      vertex 9.59141 9.87427 48.7535
      vertex 14.25 12.3362 55.5175
      vertex 9.72188 9.89275 48.8043
    endloop
  endfacet
  facet normal 3.25122e-05 0.939697 -0.342007
    outer loop
      vertex -14.25 12.3362 55.5175
      vertex -9.85921 9.90403 48.8353
      vertex -10 9.90782 48.8457
    endloop
  endfacet
  facet normal -0.00021332 0.939738 -0.341895
    outer loop
      vertex 9.47099 9.84903 48.6842
      vertex 14.25 12.3362 55.5175
      vertex 9.59141 9.87427 48.7535
    endloop
  endfacet
  facet normal -2.65162e-05 0.939685 -0.342042
    outer loop
      vertex -14.25 12.3362 55.5175
      vertex -9.72188 9.89275 48.8043
      vertex -9.85921 9.90403 48.8353
    endloop
  endfacet
  facet normal 0 0.93969 -0.342026
    outer loop
      vertex 14.25 12.3362 55.5175
      vertex 9.47099 9.84903 48.6842
      vertex -14.25 12.3362 55.5175
    endloop
  endfacet
  facet normal -9.79531e-05 0.939669 -0.342084
    outer loop
      vertex -14.25 12.3362 55.5175
      vertex -9.59141 9.87427 48.7535
      vertex -9.72188 9.89275 48.8043
    endloop
  endfacet
  facet normal 0 0.93969 -0.342026
    outer loop
      vertex -9.47099 9.84903 48.6842
      vertex -14.25 12.3362 55.5175
      vertex 9.47099 9.84903 48.6842
    endloop
  endfacet
  facet normal 0.00021332 0.939738 -0.341895
    outer loop
      vertex -14.25 12.3362 55.5175
      vertex -9.47099 9.84903 48.6842
      vertex -9.59141 9.87427 48.7535
    endloop
  endfacet
  facet normal 0 0.939707 -0.341979
    outer loop
      vertex 9.3636 9.81766 48.598
      vertex -9.47099 9.84903 48.6842
      vertex 9.47099 9.84903 48.6842
    endloop
  endfacet
  facet normal 0 0.939707 -0.341979
    outer loop
      vertex 9.3636 9.81766 48.598
      vertex -9.3636 9.81766 48.598
      vertex -9.47099 9.84903 48.6842
    endloop
  endfacet
  facet normal 0 0.939676 -0.342065
    outer loop
      vertex 9.27188 9.78093 48.4971
      vertex -9.3636 9.81766 48.598
      vertex 9.3636 9.81766 48.598
    endloop
  endfacet
  facet normal 0 0.939676 -0.342065
    outer loop
      vertex 9.27188 9.78093 48.4971
      vertex -9.27188 9.78093 48.4971
      vertex -9.3636 9.81766 48.598
    endloop
  endfacet
  facet normal 0 0.93975 -0.341863
    outer loop
      vertex 9.19809 9.73975 48.3839
      vertex -9.27188 9.78093 48.4971
      vertex 9.27188 9.78093 48.4971
    endloop
  endfacet
  facet normal 0 0.93975 -0.341863
    outer loop
      vertex 9.19809 9.73975 48.3839
      vertex -9.19809 9.73975 48.3839
      vertex -9.27188 9.78093 48.4971
    endloop
  endfacet
  facet normal 0 0.939675 -0.342069
    outer loop
      vertex 9.14405 9.69512 48.2613
      vertex -9.19809 9.73975 48.3839
      vertex 9.19809 9.73975 48.3839
    endloop
  endfacet
  facet normal 0 0.939675 -0.342069
    outer loop
      vertex 9.14405 9.69512 48.2613
      vertex -9.14405 9.69512 48.2613
      vertex -9.19809 9.73975 48.3839
    endloop
  endfacet
  facet normal 0 0.939651 -0.342135
    outer loop
      vertex 9.11108 9.64815 48.1323
      vertex -9.14405 9.69512 48.2613
      vertex 9.14405 9.69512 48.2613
    endloop
  endfacet
  facet normal 0 0.939651 -0.342135
    outer loop
      vertex 9.11108 9.64815 48.1323
      vertex -9.11108 9.64815 48.1323
      vertex -9.14405 9.69512 48.2613
    endloop
  endfacet
  facet normal 0 0.9397 -0.342
    outer loop
      vertex 9.1 9.6 48
      vertex -9.11108 9.64815 48.1323
      vertex 9.11108 9.64815 48.1323
    endloop
  endfacet
  facet normal 0 0.9397 -0.342
    outer loop
      vertex 9.1 9.6 48
      vertex -9.1 9.6 48
      vertex -9.11108 9.64815 48.1323
    endloop
  endfacet
  facet normal 0 0.9397 -0.342
    outer loop
      vertex 9.11108 9.55185 47.8677
      vertex -9.1 9.6 48
      vertex 9.1 9.6 48
    endloop
  endfacet
  facet normal 0 0.9397 -0.342
    outer loop
      vertex 9.11108 9.55185 47.8677
      vertex -9.11108 9.55185 47.8677
      vertex -9.1 9.6 48
    endloop
  endfacet
  facet normal 0 0.939651 -0.342135
    outer loop
      vertex 9.14405 9.50488 47.7387
      vertex -9.11108 9.55185 47.8677
      vertex 9.11108 9.55185 47.8677
    endloop
  endfacet
  facet normal 0 0.939651 -0.342135
    outer loop
      vertex 9.14405 9.50488 47.7387
      vertex -9.14405 9.50488 47.7387
      vertex -9.11108 9.55185 47.8677
    endloop
  endfacet
  facet normal 0 0.939675 -0.342069
    outer loop
      vertex 9.19809 9.46025 47.6161
      vertex -9.14405 9.50488 47.7387
      vertex 9.14405 9.50488 47.7387
    endloop
  endfacet
  facet normal 0 0.939675 -0.342069
    outer loop
      vertex 9.19809 9.46025 47.6161
      vertex -9.19809 9.46025 47.6161
      vertex -9.14405 9.50488 47.7387
    endloop
  endfacet
  facet normal 0 0.93975 -0.341863
    outer loop
      vertex 9.27188 9.41907 47.5029
      vertex -9.19809 9.46025 47.6161
      vertex 9.19809 9.46025 47.6161
    endloop
  endfacet
  facet normal 0 0.93975 -0.341863
    outer loop
      vertex 9.27188 9.41907 47.5029
      vertex -9.27188 9.41907 47.5029
      vertex -9.19809 9.46025 47.6161
    endloop
  endfacet
  facet normal 0 0.939676 -0.342065
    outer loop
      vertex 9.3636 9.38234 47.402
      vertex -9.27188 9.41907 47.5029
      vertex 9.27188 9.41907 47.5029
    endloop
  endfacet
  facet normal 0 0.939676 -0.342065
    outer loop
      vertex 9.3636 9.38234 47.402
      vertex -9.3636 9.38234 47.402
      vertex -9.27188 9.41907 47.5029
    endloop
  endfacet
  facet normal 0 0.939707 -0.341979
    outer loop
      vertex 9.47099 9.35097 47.3158
      vertex -9.3636 9.38234 47.402
      vertex 9.3636 9.38234 47.402
    endloop
  endfacet
  facet normal 0 0.939707 -0.341979
    outer loop
      vertex 9.47099 9.35097 47.3158
      vertex -9.47099 9.35097 47.3158
      vertex -9.3636 9.38234 47.402
    endloop
  endfacet
  facet normal 0 0.939619 -0.342222
    outer loop
      vertex 9.59141 9.32573 47.2465
      vertex -9.47099 9.35097 47.3158
      vertex 9.47099 9.35097 47.3158
    endloop
  endfacet
  facet normal 0 0.939619 -0.342222
    outer loop
      vertex 9.59141 9.32573 47.2465
      vertex -9.59141 9.32573 47.2465
      vertex -9.47099 9.35097 47.3158
    endloop
  endfacet
  facet normal 0 0.93975 -0.341862
    outer loop
      vertex 9.72188 9.30725 47.1957
      vertex -9.59141 9.32573 47.2465
      vertex 9.59141 9.32573 47.2465
    endloop
  endfacet
  facet normal 0 0.93975 -0.341862
    outer loop
      vertex -9.59141 9.32573 47.2465
      vertex 9.72188 9.30725 47.1957
      vertex -9.72188 9.30725 47.1957
    endloop
  endfacet
  facet normal -3.25122e-05 0.939697 -0.342007
    outer loop
      vertex 9.85921 9.90403 48.8353
      vertex 14.25 12.3362 55.5175
      vertex 10 9.90782 48.8457
    endloop
  endfacet
  facet normal 2.95876e-05 0.939685 -0.342042
    outer loop
      vertex 14.25 12.3362 55.5175
      vertex 10.1408 9.90403 48.8353
      vertex 10 9.90782 48.8457
    endloop
  endfacet
  facet normal -1.98344e-05 0.939694 -0.342015
    outer loop
      vertex 14.25 12.3362 55.5175
      vertex 10.2781 9.89275 48.8043
      vertex 10.1408 9.90403 48.8353
    endloop
  endfacet
  facet normal -5.86953e-05 0.939702 -0.341995
    outer loop
      vertex 14.25 12.3362 55.5175
      vertex 10.4086 9.87427 48.7535
      vertex 10.2781 9.89275 48.8043
    endloop
  endfacet
  facet normal 9.70557e-05 0.939673 -0.342073
    outer loop
      vertex 14.25 12.3362 55.5175
      vertex 10.529 9.84903 48.6842
      vertex 10.4086 9.87427 48.7535
    endloop
  endfacet
  facet normal -2.9789e-05 0.939696 -0.342012
    outer loop
      vertex 14.25 12.3362 55.5175
      vertex 10.6364 9.81766 48.598
      vertex 10.529 9.84903 48.6842
    endloop
  endfacet
  facet normal 3.06124e-05 0.939685 -0.34204
    outer loop
      vertex 14.25 12.3362 55.5175
      vertex 10.7281 9.78093 48.4971
      vertex 10.6364 9.81766 48.598
    endloop
  endfacet
  facet normal -0.000160406 0.939716 -0.341955
    outer loop
      vertex 14.25 12.3362 55.5175
      vertex 10.8019 9.73975 48.3839
      vertex 10.7281 9.78093 48.4971
    endloop
  endfacet
  facet normal 0.000223926 0.939656 -0.342119
    outer loop
      vertex 10.8019 9.73975 48.3839
      vertex 14.25 12.3362 55.5175
      vertex 10.8227 9.72256 48.3367
    endloop
  endfacet
  facet normal 2.65162e-05 0.939685 -0.342042
    outer loop
      vertex 9.72188 9.89275 48.8043
      vertex 14.25 12.3362 55.5175
      vertex 9.85921 9.90403 48.8353
    endloop
  endfacet
  facet normal -2.95876e-05 0.939685 -0.342042
    outer loop
      vertex -10.1408 9.90403 48.8353
      vertex -14.25 12.3362 55.5175
      vertex -10 9.90782 48.8457
    endloop
  endfacet
  facet normal 1.98344e-05 0.939694 -0.342015
    outer loop
      vertex -10.2781 9.89275 48.8043
      vertex -14.25 12.3362 55.5175
      vertex -10.1408 9.90403 48.8353
    endloop
  endfacet
  facet normal 5.86953e-05 0.939702 -0.341995
    outer loop
      vertex -10.4086 9.87427 48.7535
      vertex -14.25 12.3362 55.5175
      vertex -10.2781 9.89275 48.8043
    endloop
  endfacet
  facet normal -9.70557e-05 0.939673 -0.342073
    outer loop
      vertex -10.529 9.84903 48.6842
      vertex -14.25 12.3362 55.5175
      vertex -10.4086 9.87427 48.7535
    endloop
  endfacet
  facet normal 2.9789e-05 0.939696 -0.342012
    outer loop
      vertex -10.6364 9.81766 48.598
      vertex -14.25 12.3362 55.5175
      vertex -10.529 9.84903 48.6842
    endloop
  endfacet
  facet normal -3.06124e-05 0.939685 -0.34204
    outer loop
      vertex -10.7281 9.78093 48.4971
      vertex -14.25 12.3362 55.5175
      vertex -10.6364 9.81766 48.598
    endloop
  endfacet
  facet normal 0.000160406 0.939716 -0.341955
    outer loop
      vertex -10.8019 9.73975 48.3839
      vertex -14.25 12.3362 55.5175
      vertex -10.7281 9.78093 48.4971
    endloop
  endfacet
  facet normal -0.000223926 0.939656 -0.342119
    outer loop
      vertex -14.25 12.3362 55.5175
      vertex -10.8019 9.73975 48.3839
      vertex -10.8227 9.72256 48.3367
    endloop
  endfacet
  facet normal 0 -0 0
    outer loop
      vertex 9.72188 9.30725 47.1957
      vertex 9.72189 9.30725 47.1957
      vertex -9.72189 9.30725 47.1957
    endloop
  endfacet
  facet normal 0 -0 0
    outer loop
      vertex -9.72188 9.30725 47.1957
      vertex 9.72188 9.30725 47.1957
      vertex -9.72189 9.30725 47.1957
    endloop
  endfacet
  facet normal 0.076971 0 -0.997033
    outer loop
      vertex 10 0 40.1544
      vertex 14.25 6.86384 40.4825
      vertex 10 -3.92357 40.1544
    endloop
  endfacet
  facet normal 0.0769356 2.20178e-05 -0.997036
    outer loop
      vertex 14.25 6.86384 40.4825
      vertex 10 0 40.1544
      vertex 8.79478 0 40.0614
    endloop
  endfacet
  facet normal 0 0.160293 -0.987069
    outer loop
      vertex -8.94697 0 14.1624
      vertex 14.25 5.6 15.0718
      vertex 8.94697 0 14.1624
    endloop
  endfacet
  facet normal 0 0.160293 -0.987069
    outer loop
      vertex 14.25 5.6 15.0718
      vertex -8.94697 0 14.1624
      vertex -14.25 5.6 15.0718
    endloop
  endfacet
  facet normal 0.935215 -0.306643 0.17704
    outer loop
      vertex 14.25 10.4823 30.7282
      vertex 11.483 -2.60106 22.6838
      vertex 14.25 2.48231 16.8718
    endloop
  endfacet
  facet normal 0.935451 -0.306295 0.176393
    outer loop
      vertex 14.25 10.4823 30.7282
      vertex 11.4593 -2.62236 22.7725
      vertex 11.483 -2.60106 22.6838
    endloop
  endfacet
  facet normal 0.935217 -0.306639 0.177035
    outer loop
      vertex 11.3414 -2.77248 23.135
      vertex 14.25 10.4823 30.7282
      vertex 10 -2.76566 30.233
    endloop
  endfacet
  facet normal 0.935177 -0.306695 0.177148
    outer loop
      vertex 14.25 10.4823 30.7282
      vertex 11.3414 -2.77248 23.135
      vertex 11.4593 -2.62236 22.7725
    endloop
  endfacet
  facet normal 0.935255 -0.306519 0.177042
    outer loop
      vertex 10 -2.76566 30.233
      vertex 11.2109 -2.97746 23.4695
      vertex 11.3414 -2.77248 23.135
    endloop
  endfacet
  facet normal 0.935219 -0.30663 0.177039
    outer loop
      vertex 10 -2.76566 30.233
      vertex 11.0709 -3.23223 23.7678
      vertex 11.2109 -2.97746 23.4695
    endloop
  endfacet
  facet normal 0.935239 -0.306572 0.177038
    outer loop
      vertex 10 -2.76566 30.233
      vertex 10.9249 -3.53054 24.0225
      vertex 11.0709 -3.23223 23.7678
    endloop
  endfacet
  facet normal 0.935198 -0.306692 0.177046
    outer loop
      vertex 10 -2.76566 30.233
      vertex 10.7764 -3.86502 24.2275
      vertex 10.9249 -3.53054 24.0225
    endloop
  endfacet
  facet normal 0.935217 -0.306637 0.177039
    outer loop
      vertex 10 -5.32566 25.799
      vertex 10.7764 -3.86502 24.2275
      vertex 10 -2.76566 30.233
    endloop
  endfacet
  facet normal 0.935242 -0.306455 0.17722
    outer loop
      vertex 10.7764 -3.86502 24.2275
      vertex 10 -5.32566 25.799
      vertex 10.7215 -4.00018 24.2835
    endloop
  endfacet
  facet normal 0.878368 -0.477985 0.000113075
    outer loop
      vertex 14.25 2.48231 16.8718
      vertex 11.5213 -2.53078 22.3911
      vertex 11.5381 -2.5 22
    endloop
  endfacet
  facet normal 0.878402 -0.477923 0.000185791
    outer loop
      vertex 11.5213 -2.53078 22.3911
      vertex 14.25 2.48231 16.8718
      vertex 11.483 -2.60106 22.6838
    endloop
  endfacet
  facet normal 0.878278 -0.478151 -9.61181e-05
    outer loop
      vertex 11.5213 -2.53078 21.6089
      vertex 14.25 2.48231 16.8718
      vertex 11.5381 -2.5 22
    endloop
  endfacet
  facet normal 0.878278 -0.478151 -9.6912e-05
    outer loop
      vertex 11.4714 -2.62236 21.2275
      vertex 14.25 2.48231 16.8718
      vertex 11.5213 -2.53078 21.6089
    endloop
  endfacet
  facet normal 0.878321 -0.478071 2.52145e-05
    outer loop
      vertex 11.3897 -2.77248 20.865
      vertex 14.25 2.48231 16.8718
      vertex 11.4714 -2.62236 21.2275
    endloop
  endfacet
  facet normal 0.878356 -0.478007 0.000134744
    outer loop
      vertex 11.2782 -2.97746 20.5305
      vertex 14.25 2.48231 16.8718
      vertex 11.3897 -2.77248 20.865
    endloop
  endfacet
  facet normal 0.878304 -0.478102 -4.95999e-05
    outer loop
      vertex 11.1395 -3.23223 20.2322
      vertex 14.25 2.48231 16.8718
      vertex 11.2782 -2.97746 20.5305
    endloop
  endfacet
  facet normal 0.878304 -0.478103 -5.29001e-05
    outer loop
      vertex 10.9771 -3.53054 19.9775
      vertex 14.25 2.48231 16.8718
      vertex 11.1395 -3.23223 20.2322
    endloop
  endfacet
  facet normal 0.878297 -0.478116 -8.52197e-05
    outer loop
      vertex 10.795 -3.86502 19.7725
      vertex 14.25 2.48231 16.8718
      vertex 10.9771 -3.53054 19.9775
    endloop
  endfacet
  facet normal 0.878409 -0.47791 -5.79529e-05
    outer loop
      vertex 10 -5.32566 14.919
      vertex 10.795 -3.86502 19.7725
      vertex 10.5978 -4.22746 19.6224
    endloop
  endfacet
  facet normal 0.878244 -0.478213 3.38796e-05
    outer loop
      vertex 10 -5.32566 14.919
      vertex 10.5978 -4.22746 19.6224
      vertex 10.3901 -4.60891 19.5308
    endloop
  endfacet
  facet normal 0.878388 -0.477947 -1.96277e-05
    outer loop
      vertex 10 -5.32566 14.919
      vertex 10.3901 -4.60891 19.5308
      vertex 10.1773 -5 19.5
    endloop
  endfacet
  facet normal 0.878273 -0.47816 0
    outer loop
      vertex 10 -5.32566 14.919
      vertex 10.1773 -5 19.5
      vertex 10 -5.32566 19.5256
    endloop
  endfacet
  facet normal 0.878315 -0.478083 9.62061e-06
    outer loop
      vertex 10.795 -3.86502 19.7725
      vertex 10 -5.32566 14.919
      vertex 14.25 2.48231 16.8718
    endloop
  endfacet
  facet normal 0.87835 -0.478019 8.2528e-05
    outer loop
      vertex 10 -5.32566 25.799
      vertex 10.5978 -4.22746 24.3776
      vertex 10.7215 -4.00018 24.2835
    endloop
  endfacet
  facet normal 0.878234 -0.478231 -0.000129926
    outer loop
      vertex 10 -5.32566 25.799
      vertex 10.3901 -4.60891 24.4692
      vertex 10.5978 -4.22746 24.3776
    endloop
  endfacet
  facet normal 0.87839 -0.477944 7.02172e-05
    outer loop
      vertex 10 -5.32566 25.799
      vertex 10.1773 -5 24.5
      vertex 10.3901 -4.60891 24.4692
    endloop
  endfacet
  facet normal 0.878273 -0.47816 0
    outer loop
      vertex 10.1773 -5 24.5
      vertex 10 -5.32566 25.799
      vertex 10 -5.32566 24.4744
    endloop
  endfacet
  facet normal -0.935215 -0.306643 0.17704
    outer loop
      vertex -11.483 -2.60106 22.6838
      vertex -14.25 10.4823 30.7282
      vertex -14.25 2.48231 16.8718
    endloop
  endfacet
  facet normal -0.935451 -0.306295 0.176393
    outer loop
      vertex -11.4593 -2.62236 22.7725
      vertex -14.25 10.4823 30.7282
      vertex -11.483 -2.60106 22.6838
    endloop
  endfacet
  facet normal -0.935177 -0.306695 0.177148
    outer loop
      vertex -11.3414 -2.77248 23.135
      vertex -14.25 10.4823 30.7282
      vertex -11.4593 -2.62236 22.7725
    endloop
  endfacet
  facet normal -0.935217 -0.306639 0.177035
    outer loop
      vertex -14.25 10.4823 30.7282
      vertex -11.3414 -2.77248 23.135
      vertex -10 -2.76566 30.233
    endloop
  endfacet
  facet normal -0.935255 -0.306519 0.177042
    outer loop
      vertex -11.2109 -2.97746 23.4695
      vertex -10 -2.76566 30.233
      vertex -11.3414 -2.77248 23.135
    endloop
  endfacet
  facet normal -0.935219 -0.30663 0.177039
    outer loop
      vertex -11.0709 -3.23223 23.7678
      vertex -10 -2.76566 30.233
      vertex -11.2109 -2.97746 23.4695
    endloop
  endfacet
  facet normal -0.935239 -0.306572 0.177038
    outer loop
      vertex -10.9249 -3.53054 24.0225
      vertex -10 -2.76566 30.233
      vertex -11.0709 -3.23223 23.7678
    endloop
  endfacet
  facet normal -0.935198 -0.306692 0.177046
    outer loop
      vertex -10.7764 -3.86502 24.2275
      vertex -10 -2.76566 30.233
      vertex -10.9249 -3.53054 24.0225
    endloop
  endfacet
  facet normal -0.935242 -0.306455 0.17722
    outer loop
      vertex -10 -5.32566 25.799
      vertex -10.7764 -3.86502 24.2275
      vertex -10.7215 -4.00018 24.2835
    endloop
  endfacet
  facet normal -0.935217 -0.306637 0.177039
    outer loop
      vertex -10.7764 -3.86502 24.2275
      vertex -10 -5.32566 25.799
      vertex -10 -2.76566 30.233
    endloop
  endfacet
  facet normal 0.796321 -0.302437 -0.523836
    outer loop
      vertex 14.25 2.48231 16.8718
      vertex 10 -4.328 14.343
      vertex 14.25 5.6 15.0718
    endloop
  endfacet
  facet normal 0.796321 -0.302437 -0.523836
    outer loop
      vertex 10 -4.328 14.343
      vertex 14.25 2.48231 16.8718
      vertex 10 -5.32566 14.919
    endloop
  endfacet
  facet normal 1 0 0
    outer loop
      vertex 14.25 10.4823 30.7282
      vertex 14.25 5.6 15.0718
      vertex 14.25 13.6 28.9282
    endloop
  endfacet
  facet normal 1 0 -0
    outer loop
      vertex 14.25 5.6 15.0718
      vertex 14.25 10.4823 30.7282
      vertex 14.25 2.48231 16.8718
    endloop
  endfacet
  facet normal -0 0.499999 0.866026
    outer loop
      vertex -14.25 13.6 28.9282
      vertex 14.25 10.4823 30.7282
      vertex 14.25 13.6 28.9282
    endloop
  endfacet
  facet normal 0 0.499999 0.866026
    outer loop
      vertex 14.25 10.4823 30.7282
      vertex -14.25 13.6 28.9282
      vertex -14.25 10.4823 30.7282
    endloop
  endfacet
  facet normal -0.878278 -0.478151 -9.61181e-05
    outer loop
      vertex -14.25 2.48231 16.8718
      vertex -11.5213 -2.53078 21.6089
      vertex -11.5381 -2.5 22
    endloop
  endfacet
  facet normal -0.878278 -0.478151 -9.6912e-05
    outer loop
      vertex -14.25 2.48231 16.8718
      vertex -11.4714 -2.62236 21.2275
      vertex -11.5213 -2.53078 21.6089
    endloop
  endfacet
  facet normal -0.878321 -0.478071 2.52145e-05
    outer loop
      vertex -14.25 2.48231 16.8718
      vertex -11.3897 -2.77248 20.865
      vertex -11.4714 -2.62236 21.2275
    endloop
  endfacet
  facet normal -0.878356 -0.478007 0.000134744
    outer loop
      vertex -14.25 2.48231 16.8718
      vertex -11.2782 -2.97746 20.5305
      vertex -11.3897 -2.77248 20.865
    endloop
  endfacet
  facet normal -0.878304 -0.478102 -4.95999e-05
    outer loop
      vertex -14.25 2.48231 16.8718
      vertex -11.1395 -3.23223 20.2322
      vertex -11.2782 -2.97746 20.5305
    endloop
  endfacet
  facet normal -0.878304 -0.478103 -5.29001e-05
    outer loop
      vertex -14.25 2.48231 16.8718
      vertex -10.9771 -3.53054 19.9775
      vertex -11.1395 -3.23223 20.2322
    endloop
  endfacet
  facet normal -0.878297 -0.478116 -8.52197e-05
    outer loop
      vertex -14.25 2.48231 16.8718
      vertex -10.795 -3.86502 19.7725
      vertex -10.9771 -3.53054 19.9775
    endloop
  endfacet
  facet normal -0.878315 -0.478083 9.62061e-06
    outer loop
      vertex -10 -5.32566 14.919
      vertex -10.795 -3.86502 19.7725
      vertex -14.25 2.48231 16.8718
    endloop
  endfacet
  facet normal -0.878409 -0.47791 -5.79529e-05
    outer loop
      vertex -10.795 -3.86502 19.7725
      vertex -10 -5.32566 14.919
      vertex -10.5978 -4.22746 19.6224
    endloop
  endfacet
  facet normal -0.878244 -0.478213 3.38796e-05
    outer loop
      vertex -10.5978 -4.22746 19.6224
      vertex -10 -5.32566 14.919
      vertex -10.3901 -4.60891 19.5308
    endloop
  endfacet
  facet normal -0.878388 -0.477947 -1.96277e-05
    outer loop
      vertex -10.3901 -4.60891 19.5308
      vertex -10 -5.32566 14.919
      vertex -10.1773 -5 19.5
    endloop
  endfacet
  facet normal -0.878273 -0.47816 0
    outer loop
      vertex -10.1773 -5 19.5
      vertex -10 -5.32566 14.919
      vertex -10 -5.32566 19.5256
    endloop
  endfacet
  facet normal -0.878368 -0.477985 0.000113075
    outer loop
      vertex -11.5213 -2.53078 22.3911
      vertex -14.25 2.48231 16.8718
      vertex -11.5381 -2.5 22
    endloop
  endfacet
  facet normal -0.878402 -0.477923 0.000185791
    outer loop
      vertex -14.25 2.48231 16.8718
      vertex -11.5213 -2.53078 22.3911
      vertex -11.483 -2.60106 22.6838
    endloop
  endfacet
  facet normal -0.87835 -0.478019 8.2528e-05
    outer loop
      vertex -10.5978 -4.22746 24.3776
      vertex -10 -5.32566 25.799
      vertex -10.7215 -4.00018 24.2835
    endloop
  endfacet
  facet normal -0.878234 -0.478231 -0.000129926
    outer loop
      vertex -10.3901 -4.60891 24.4692
      vertex -10 -5.32566 25.799
      vertex -10.5978 -4.22746 24.3776
    endloop
  endfacet
  facet normal -0.87839 -0.477944 7.02172e-05
    outer loop
      vertex -10.1773 -5 24.5
      vertex -10 -5.32566 25.799
      vertex -10.3901 -4.60891 24.4692
    endloop
  endfacet
  facet normal -0.878273 -0.47816 -0
    outer loop
      vertex -10 -5.32566 25.799
      vertex -10.1773 -5 24.5
      vertex -10 -5.32566 24.4744
    endloop
  endfacet
  facet normal 0.000179365 0.865969 -0.500098
    outer loop
      vertex 9.59141 10.001 22.6945
      vertex 14.25 13.6 28.9282
      vertex 9.72188 10.028 22.7413
    endloop
  endfacet
  facet normal -0.00027462 0.865944 -0.500141
    outer loop
      vertex -14.25 13.6 28.9282
      vertex -9.85921 10.0445 22.7698
      vertex -10 10.05 22.7794
    endloop
  endfacet
  facet normal -0.000567516 0.866211 -0.499679
    outer loop
      vertex 9.47099 9.96406 22.6306
      vertex 14.25 13.6 28.9282
      vertex 9.59141 10.001 22.6945
    endloop
  endfacet
  facet normal 0.000338775 0.866133 -0.499813
    outer loop
      vertex -14.25 13.6 28.9282
      vertex -9.72188 10.028 22.7413
      vertex -9.85921 10.0445 22.7698
    endloop
  endfacet
  facet normal 0.000728267 0.865785 -0.500416
    outer loop
      vertex 9.3636 9.9182 22.5511
      vertex 14.25 13.6 28.9282
      vertex 9.47099 9.96406 22.6306
    endloop
  endfacet
  facet normal -0.000179365 0.865969 -0.500098
    outer loop
      vertex -14.25 13.6 28.9282
      vertex -9.59141 10.001 22.6945
      vertex -9.72188 10.028 22.7413
    endloop
  endfacet
  facet normal 0 0.866027 -0.499998
    outer loop
      vertex 14.25 13.6 28.9282
      vertex 9.3636 9.9182 22.5511
      vertex -14.25 13.6 28.9282
    endloop
  endfacet
  facet normal 0.000567516 0.866211 -0.499679
    outer loop
      vertex -14.25 13.6 28.9282
      vertex -9.47099 9.96406 22.6306
      vertex -9.59141 10.001 22.6945
    endloop
  endfacet
  facet normal 0 0.866027 -0.499998
    outer loop
      vertex -9.3636 9.9182 22.5511
      vertex -14.25 13.6 28.9282
      vertex 9.3636 9.9182 22.5511
    endloop
  endfacet
  facet normal -0.000728267 0.865785 -0.500416
    outer loop
      vertex -14.25 13.6 28.9282
      vertex -9.3636 9.9182 22.5511
      vertex -9.47099 9.96406 22.6306
    endloop
  endfacet
  facet normal 0 0.865999 -0.500045
    outer loop
      vertex 9.27188 9.8645 22.4581
      vertex -9.3636 9.9182 22.5511
      vertex 9.3636 9.9182 22.5511
    endloop
  endfacet
  facet normal 0 0.865999 -0.500045
    outer loop
      vertex 9.27188 9.8645 22.4581
      vertex -9.27188 9.8645 22.4581
      vertex -9.3636 9.9182 22.5511
    endloop
  endfacet
  facet normal 0 0.865881 -0.50025
    outer loop
      vertex 9.19809 9.8043 22.3539
      vertex -9.27188 9.8645 22.4581
      vertex 9.27188 9.8645 22.4581
    endloop
  endfacet
  facet normal 0 0.865881 -0.50025
    outer loop
      vertex 9.19809 9.8043 22.3539
      vertex -9.19809 9.8043 22.3539
      vertex -9.27188 9.8645 22.4581
    endloop
  endfacet
  facet normal 0 0.866027 -0.499997
    outer loop
      vertex 9.14405 9.73906 22.2409
      vertex -9.19809 9.8043 22.3539
      vertex 9.19809 9.8043 22.3539
    endloop
  endfacet
  facet normal 0 0.866027 -0.499997
    outer loop
      vertex 9.14405 9.73906 22.2409
      vertex -9.14405 9.73906 22.2409
      vertex -9.19809 9.8043 22.3539
    endloop
  endfacet
  facet normal 0 0.866166 -0.499756
    outer loop
      vertex 9.11108 9.6704 22.1219
      vertex -9.14405 9.73906 22.2409
      vertex 9.14405 9.73906 22.2409
    endloop
  endfacet
  facet normal 0 0.866166 -0.499756
    outer loop
      vertex 9.11108 9.6704 22.1219
      vertex -9.11108 9.6704 22.1219
      vertex -9.14405 9.73906 22.2409
    endloop
  endfacet
  facet normal 0 0.865961 -0.500112
    outer loop
      vertex 9.1 9.6 22
      vertex -9.11108 9.6704 22.1219
      vertex 9.11108 9.6704 22.1219
    endloop
  endfacet
  facet normal 0 0.865961 -0.500112
    outer loop
      vertex 9.1 9.6 22
      vertex -9.1 9.6 22
      vertex -9.11108 9.6704 22.1219
    endloop
  endfacet
  facet normal 0 0.865961 -0.500112
    outer loop
      vertex 9.11108 9.5296 21.8781
      vertex -9.1 9.6 22
      vertex 9.1 9.6 22
    endloop
  endfacet
  facet normal 0 0.865961 -0.500112
    outer loop
      vertex 9.11108 9.5296 21.8781
      vertex -9.11108 9.5296 21.8781
      vertex -9.1 9.6 22
    endloop
  endfacet
  facet normal 0 0.866166 -0.499756
    outer loop
      vertex 9.14405 9.46094 21.7591
      vertex -9.11108 9.5296 21.8781
      vertex 9.11108 9.5296 21.8781
    endloop
  endfacet
  facet normal 0 0.866166 -0.499756
    outer loop
      vertex 9.14405 9.46094 21.7591
      vertex -9.14405 9.46094 21.7591
      vertex -9.11108 9.5296 21.8781
    endloop
  endfacet
  facet normal 0 0.866027 -0.499997
    outer loop
      vertex 9.19809 9.3957 21.6461
      vertex -9.14405 9.46094 21.7591
      vertex 9.14405 9.46094 21.7591
    endloop
  endfacet
  facet normal 0 0.866027 -0.499997
    outer loop
      vertex 9.19809 9.3957 21.6461
      vertex -9.19809 9.3957 21.6461
      vertex -9.14405 9.46094 21.7591
    endloop
  endfacet
  facet normal 0 0.865881 -0.50025
    outer loop
      vertex 9.19809 9.3957 21.6461
      vertex 9.27188 9.3355 21.5419
      vertex -9.19809 9.3957 21.6461
    endloop
  endfacet
  facet normal 0 0.865881 -0.50025
    outer loop
      vertex -9.27188 9.3355 21.5419
      vertex -9.19809 9.3957 21.6461
      vertex 9.27188 9.3355 21.5419
    endloop
  endfacet
  facet normal 0.00027462 0.865944 -0.500141
    outer loop
      vertex 9.85921 10.0445 22.7698
      vertex 14.25 13.6 28.9282
      vertex 10 10.05 22.7794
    endloop
  endfacet
  facet normal -0.000249927 0.866101 -0.499869
    outer loop
      vertex 14.25 13.6 28.9282
      vertex 10.1408 10.0445 22.7698
      vertex 10 10.05 22.7794
    endloop
  endfacet
  facet normal 0.000253536 0.865955 -0.500121
    outer loop
      vertex 14.25 13.6 28.9282
      vertex 10.2781 10.028 22.7413
      vertex 10.1408 10.0445 22.7698
    endloop
  endfacet
  facet normal -0.000107508 0.866056 -0.499947
    outer loop
      vertex 14.25 13.6 28.9282
      vertex 10.4086 10.001 22.6945
      vertex 10.2781 10.028 22.7413
    endloop
  endfacet
  facet normal 0.000258029 0.865958 -0.500116
    outer loop
      vertex 14.25 13.6 28.9282
      vertex 10.529 9.96406 22.6306
      vertex 10.4086 10.001 22.6945
    endloop
  endfacet
  facet normal -0.000222087 0.866081 -0.499904
    outer loop
      vertex 14.25 13.6 28.9282
      vertex 10.6364 9.9182 22.5511
      vertex 10.529 9.96406 22.6306
    endloop
  endfacet
  facet normal 4.03175e-05 0.866017 -0.500015
    outer loop
      vertex 14.25 13.6 28.9282
      vertex 10.7281 9.8645 22.4581
      vertex 10.6364 9.9182 22.5511
    endloop
  endfacet
  facet normal 0.000267559 0.865963 -0.500108
    outer loop
      vertex 14.25 13.6 28.9282
      vertex 10.8019 9.8043 22.3539
      vertex 10.7281 9.8645 22.4581
    endloop
  endfacet
  facet normal -7.86425e-06 0.866026 -0.499999
    outer loop
      vertex 14.25 13.6 28.9282
      vertex 10.856 9.73906 22.2409
      vertex 10.8019 9.8043 22.3539
    endloop
  endfacet
  facet normal -0.000419027 0.866116 -0.499843
    outer loop
      vertex 14.25 13.6 28.9282
      vertex 10.8889 9.6704 22.1219
      vertex 10.856 9.73906 22.2409
    endloop
  endfacet
  facet normal 0.000259255 0.865971 -0.500094
    outer loop
      vertex 14.25 13.6 28.9282
      vertex 10.9 9.6 22
      vertex 10.8889 9.6704 22.1219
    endloop
  endfacet
  facet normal 0.000393954 0.865943 -0.500143
    outer loop
      vertex 10.9 9.6 22
      vertex 14.25 13.6 28.9282
      vertex 10.889 9.53035 21.8794
    endloop
  endfacet
  facet normal -0.000338775 0.866133 -0.499813
    outer loop
      vertex 9.72188 10.028 22.7413
      vertex 14.25 13.6 28.9282
      vertex 9.85921 10.0445 22.7698
    endloop
  endfacet
  facet normal 0.000249927 0.866101 -0.499869
    outer loop
      vertex -10.1408 10.0445 22.7698
      vertex -14.25 13.6 28.9282
      vertex -10 10.05 22.7794
    endloop
  endfacet
  facet normal -0.000253536 0.865955 -0.500121
    outer loop
      vertex -10.2781 10.028 22.7413
      vertex -14.25 13.6 28.9282
      vertex -10.1408 10.0445 22.7698
    endloop
  endfacet
  facet normal 0.000107508 0.866056 -0.499947
    outer loop
      vertex -10.4086 10.001 22.6945
      vertex -14.25 13.6 28.9282
      vertex -10.2781 10.028 22.7413
    endloop
  endfacet
  facet normal -0.000258029 0.865958 -0.500116
    outer loop
      vertex -10.529 9.96406 22.6306
      vertex -14.25 13.6 28.9282
      vertex -10.4086 10.001 22.6945
    endloop
  endfacet
  facet normal 0.000222087 0.866081 -0.499904
    outer loop
      vertex -10.6364 9.9182 22.5511
      vertex -14.25 13.6 28.9282
      vertex -10.529 9.96406 22.6306
    endloop
  endfacet
  facet normal -4.03175e-05 0.866017 -0.500015
    outer loop
      vertex -10.7281 9.8645 22.4581
      vertex -14.25 13.6 28.9282
      vertex -10.6364 9.9182 22.5511
    endloop
  endfacet
  facet normal -0.000267559 0.865963 -0.500108
    outer loop
      vertex -10.8019 9.8043 22.3539
      vertex -14.25 13.6 28.9282
      vertex -10.7281 9.8645 22.4581
    endloop
  endfacet
  facet normal 7.86425e-06 0.866026 -0.499999
    outer loop
      vertex -10.856 9.73906 22.2409
      vertex -14.25 13.6 28.9282
      vertex -10.8019 9.8043 22.3539
    endloop
  endfacet
  facet normal 0.000419027 0.866116 -0.499843
    outer loop
      vertex -10.8889 9.6704 22.1219
      vertex -14.25 13.6 28.9282
      vertex -10.856 9.73906 22.2409
    endloop
  endfacet
  facet normal -0.000259255 0.865971 -0.500094
    outer loop
      vertex -10.9 9.6 22
      vertex -14.25 13.6 28.9282
      vertex -10.8889 9.6704 22.1219
    endloop
  endfacet
  facet normal -0.000393954 0.865943 -0.500143
    outer loop
      vertex -14.25 13.6 28.9282
      vertex -10.9 9.6 22
      vertex -10.889 9.53035 21.8794
    endloop
  endfacet
  facet normal 0.169015 0 -0.985613
    outer loop
      vertex 10 0 14.343
      vertex 14.25 5.6 15.0718
      vertex 10 -4.328 14.343
    endloop
  endfacet
  facet normal 0.169037 -1.7004e-05 -0.98561
    outer loop
      vertex 14.25 5.6 15.0718
      vertex 10 0 14.343
      vertex 8.94697 0 14.1624
    endloop
  endfacet
  facet normal 0 -0.0373512 0.999302
    outer loop
      vertex 14.25 10.4823 30.7282
      vertex -10 0 30.3364
      vertex 10 0 30.3364
    endloop
  endfacet
  facet normal -2.41647e-05 -0.037361 0.999302
    outer loop
      vertex -10 0 30.3364
      vertex -14.25 10.4823 30.7282
      vertex -10 -2.76566 30.233
    endloop
  endfacet
  facet normal 0 -0.0373512 0.999302
    outer loop
      vertex -14.25 10.4823 30.7282
      vertex -10 0 30.3364
      vertex 14.25 10.4823 30.7282
    endloop
  endfacet
  facet normal 2.41647e-05 -0.037361 0.999302
    outer loop
      vertex 14.25 10.4823 30.7282
      vertex 10 0 30.3364
      vertex 10 -2.76566 30.233
    endloop
  endfacet
  facet normal -5.54634e-06 0.866025 -0.5
    outer loop
      vertex 14.25 5.6 15.0718
      vertex 10.889 9.53035 21.8794
      vertex 14.25 13.6 28.9282
    endloop
  endfacet
  facet normal 0.000644041 0.866164 -0.49976
    outer loop
      vertex 10.889 9.53035 21.8794
      vertex 14.25 5.6 15.0718
      vertex 10.8889 9.5296 21.8781
    endloop
  endfacet
  facet normal -0.000267559 0.865963 -0.500108
    outer loop
      vertex 10.8019 9.3957 21.6461
      vertex 14.25 5.6 15.0718
      vertex 10.7281 9.3355 21.5419
    endloop
  endfacet
  facet normal 7.86425e-06 0.866026 -0.499999
    outer loop
      vertex 10.856 9.46094 21.7591
      vertex 14.25 5.6 15.0718
      vertex 10.8019 9.3957 21.6461
    endloop
  endfacet
  facet normal 0.000419027 0.866116 -0.499843
    outer loop
      vertex 10.8889 9.5296 21.8781
      vertex 14.25 5.6 15.0718
      vertex 10.856 9.46094 21.7591
    endloop
  endfacet
  facet normal -0.169015 0 -0.985613
    outer loop
      vertex -10 -4.328 14.343
      vertex -14.25 5.6 15.0718
      vertex -10 0 14.343
    endloop
  endfacet
  facet normal -0.169037 -1.7004e-05 -0.98561
    outer loop
      vertex -8.94697 0 14.1624
      vertex -10 0 14.343
      vertex -14.25 5.6 15.0718
    endloop
  endfacet
  facet normal -0.796321 -0.302437 -0.523836
    outer loop
      vertex -10 -4.328 14.343
      vertex -14.25 2.48231 16.8718
      vertex -14.25 5.6 15.0718
    endloop
  endfacet
  facet normal -0.796321 -0.302437 -0.523836
    outer loop
      vertex -14.25 2.48231 16.8718
      vertex -10 -4.328 14.343
      vertex -10 -5.32566 14.919
    endloop
  endfacet
  facet normal -1 0 0
    outer loop
      vertex -14.25 5.6 15.0718
      vertex -14.25 10.4823 30.7282
      vertex -14.25 13.6 28.9282
    endloop
  endfacet
  facet normal -1 0 0
    outer loop
      vertex -14.25 10.4823 30.7282
      vertex -14.25 5.6 15.0718
      vertex -14.25 2.48231 16.8718
    endloop
  endfacet
  facet normal -0.00018935 0.866085 -0.499897
    outer loop
      vertex -9.72188 9.17202 21.2587
      vertex -14.25 5.6 15.0718
      vertex -9.85921 9.15554 21.2302
    endloop
  endfacet
  facet normal 1.49486e-05 0.866031 -0.499991
    outer loop
      vertex 10.1408 9.15554 21.2302
      vertex 14.25 5.6 15.0718
      vertex 10 9.15 21.2206
    endloop
  endfacet
  facet normal -0.000141721 0.865985 -0.500069
    outer loop
      vertex 10.2781 9.17202 21.2587
      vertex 14.25 5.6 15.0718
      vertex 10.1408 9.15554 21.2302
    endloop
  endfacet
  facet normal -5.35077e-05 0.86601 -0.500027
    outer loop
      vertex 10.4086 9.19905 21.3055
      vertex 14.25 5.6 15.0718
      vertex 10.2781 9.17202 21.2587
    endloop
  endfacet
  facet normal 1.57398e-05 0.866028 -0.499995
    outer loop
      vertex 10.529 9.23594 21.3694
      vertex 14.25 5.6 15.0718
      vertex 10.4086 9.19905 21.3055
    endloop
  endfacet
  facet normal 0.000222087 0.866081 -0.499904
    outer loop
      vertex 10.6364 9.2818 21.4489
      vertex 14.25 5.6 15.0718
      vertex 10.529 9.23594 21.3694
    endloop
  endfacet
  facet normal -4.03175e-05 0.866017 -0.500015
    outer loop
      vertex 14.25 5.6 15.0718
      vertex 10.6364 9.2818 21.4489
      vertex 10.7281 9.3355 21.5419
    endloop
  endfacet
  facet normal 0 0.865999 -0.500045
    outer loop
      vertex 9.3636 9.2818 21.4489
      vertex -9.27188 9.3355 21.5419
      vertex 9.27188 9.3355 21.5419
    endloop
  endfacet
  facet normal 0 0.865999 -0.500045
    outer loop
      vertex 9.3636 9.2818 21.4489
      vertex -9.3636 9.2818 21.4489
      vertex -9.27188 9.3355 21.5419
    endloop
  endfacet
  facet normal -0.000728267 0.865785 -0.500416
    outer loop
      vertex 14.25 5.6 15.0718
      vertex 9.3636 9.2818 21.4489
      vertex 9.47099 9.23594 21.3694
    endloop
  endfacet
  facet normal 0 0.866027 -0.499998
    outer loop
      vertex 9.3636 9.2818 21.4489
      vertex 14.25 5.6 15.0718
      vertex -9.3636 9.2818 21.4489
    endloop
  endfacet
  facet normal -3.46078e-05 0.866013 -0.500022
    outer loop
      vertex 14.25 5.6 15.0718
      vertex 9.47099 9.23594 21.3694
      vertex 9.59141 9.19905 21.3055
    endloop
  endfacet
  facet normal 0 0.866027 -0.499998
    outer loop
      vertex -14.25 5.6 15.0718
      vertex -9.3636 9.2818 21.4489
      vertex 14.25 5.6 15.0718
    endloop
  endfacet
  facet normal 8.92853e-05 0.866053 -0.499952
    outer loop
      vertex 14.25 5.6 15.0718
      vertex 9.59141 9.19905 21.3055
      vertex 9.72188 9.17202 21.2587
    endloop
  endfacet
  facet normal 0.000728267 0.865785 -0.500416
    outer loop
      vertex -9.3636 9.2818 21.4489
      vertex -14.25 5.6 15.0718
      vertex -9.47099 9.23594 21.3694
    endloop
  endfacet
  facet normal 0.00018935 0.866085 -0.499897
    outer loop
      vertex 14.25 5.6 15.0718
      vertex 9.72188 9.17202 21.2587
      vertex 9.85921 9.15554 21.2302
    endloop
  endfacet
  facet normal 3.46078e-05 0.866013 -0.500022
    outer loop
      vertex -9.47099 9.23594 21.3694
      vertex -14.25 5.6 15.0718
      vertex -9.59141 9.19905 21.3055
    endloop
  endfacet
  facet normal -1.64283e-05 0.866021 -0.500007
    outer loop
      vertex 14.25 5.6 15.0718
      vertex 9.85921 9.15554 21.2302
      vertex 10 9.15 21.2206
    endloop
  endfacet
  facet normal -8.92853e-05 0.866053 -0.499952
    outer loop
      vertex -9.59141 9.19905 21.3055
      vertex -14.25 5.6 15.0718
      vertex -9.72188 9.17202 21.2587
    endloop
  endfacet
  facet normal 1.64283e-05 0.866021 -0.500007
    outer loop
      vertex -9.85921 9.15554 21.2302
      vertex -14.25 5.6 15.0718
      vertex -10 9.15 21.2206
    endloop
  endfacet
  facet normal -1.49486e-05 0.866031 -0.499991
    outer loop
      vertex -10 9.15 21.2206
      vertex -14.25 5.6 15.0718
      vertex -10.1408 9.15554 21.2302
    endloop
  endfacet
  facet normal 4.03175e-05 0.866017 -0.500015
    outer loop
      vertex -10.6364 9.2818 21.4489
      vertex -14.25 5.6 15.0718
      vertex -10.7281 9.3355 21.5419
    endloop
  endfacet
  facet normal -0.000222087 0.866081 -0.499904
    outer loop
      vertex -10.529 9.23594 21.3694
      vertex -14.25 5.6 15.0718
      vertex -10.6364 9.2818 21.4489
    endloop
  endfacet
  facet normal -1.57398e-05 0.866028 -0.499995
    outer loop
      vertex -10.4086 9.19905 21.3055
      vertex -14.25 5.6 15.0718
      vertex -10.529 9.23594 21.3694
    endloop
  endfacet
  facet normal 5.35077e-05 0.86601 -0.500027
    outer loop
      vertex -10.2781 9.17202 21.2587
      vertex -14.25 5.6 15.0718
      vertex -10.4086 9.19905 21.3055
    endloop
  endfacet
  facet normal 0.000141721 0.865985 -0.500069
    outer loop
      vertex -10.1408 9.15554 21.2302
      vertex -14.25 5.6 15.0718
      vertex -10.2781 9.17202 21.2587
    endloop
  endfacet
  facet normal -0.000644041 0.866164 -0.49976
    outer loop
      vertex -14.25 5.6 15.0718
      vertex -10.889 9.53035 21.8794
      vertex -10.8889 9.5296 21.8781
    endloop
  endfacet
  facet normal -0.000419027 0.866116 -0.499843
    outer loop
      vertex -14.25 5.6 15.0718
      vertex -10.8889 9.5296 21.8781
      vertex -10.856 9.46094 21.7591
    endloop
  endfacet
  facet normal 5.54634e-06 0.866025 -0.5
    outer loop
      vertex -10.889 9.53035 21.8794
      vertex -14.25 5.6 15.0718
      vertex -14.25 13.6 28.9282
    endloop
  endfacet
  facet normal -7.86425e-06 0.866026 -0.499999
    outer loop
      vertex -10.8019 9.3957 21.6461
      vertex -14.25 5.6 15.0718
      vertex -10.856 9.46094 21.7591
    endloop
  endfacet
  facet normal 0.000267559 0.865963 -0.500108
    outer loop
      vertex -14.25 5.6 15.0718
      vertex -10.8019 9.3957 21.6461
      vertex -10.7281 9.3355 21.5419
    endloop
  endfacet
  facet normal 1 0 0
    outer loop
      vertex 10 0 194
      vertex 10 -4.328 185.657
      vertex 10 0 185.657
    endloop
  endfacet
  facet normal 1 -0 0
    outer loop
      vertex 10 -10 194
      vertex 10 -4.328 185.657
      vertex 10 0 194
    endloop
  endfacet
  facet normal 1 0 0
    outer loop
      vertex 10 -5.32566 185.081
      vertex 10 -5.39109 180.469
      vertex 10 -5.32566 180.474
    endloop
  endfacet
  facet normal 1 0 0
    outer loop
      vertex 10 -5.32566 185.081
      vertex 10 -5.77254 180.378
      vertex 10 -5.39109 180.469
    endloop
  endfacet
  facet normal 1 0 0
    outer loop
      vertex 10 -5.32566 185.081
      vertex 10 -6.13498 180.228
      vertex 10 -5.77254 180.378
    endloop
  endfacet
  facet normal 1 0 0
    outer loop
      vertex 10 -5.32566 185.081
      vertex 10 -6.46946 180.023
      vertex 10 -6.13498 180.228
    endloop
  endfacet
  facet normal 1 0 0
    outer loop
      vertex 10 -5.32566 185.081
      vertex 10 -6.76777 179.768
      vertex 10 -6.46946 180.023
    endloop
  endfacet
  facet normal 1 0 0
    outer loop
      vertex 10 -5.32566 185.081
      vertex 10 -7.02254 179.469
      vertex 10 -6.76777 179.768
    endloop
  endfacet
  facet normal 1 0 0
    outer loop
      vertex 10 -10 194
      vertex 10 -7.02254 179.469
      vertex 10 -5.32566 185.081
    endloop
  endfacet
  facet normal 1 0 0
    outer loop
      vertex 10 -7.02254 179.469
      vertex 10 -10 194
      vertex 10 -7.22752 179.135
    endloop
  endfacet
  facet normal 1 0 0
    outer loop
      vertex 10 -7.46922 152.391
      vertex 10 -10 194
      vertex 10 -7.5 152
    endloop
  endfacet
  facet normal 1 0 0
    outer loop
      vertex 10 -7.5 152
      vertex 10 -10 194
      vertex 10 -7.5 126
    endloop
  endfacet
  facet normal 1 0 0
    outer loop
      vertex 10 -7.5 126
      vertex 10 -10 194
      vertex 10 -7.5 100
    endloop
  endfacet
  facet normal 1 0 0
    outer loop
      vertex 10 -10 6
      vertex 10 -7.5 100
      vertex 10 -10 194
    endloop
  endfacet
  facet normal 1 0 0
    outer loop
      vertex 10 -7.5 100
      vertex 10 -10 6
      vertex 10 -7.5 74
    endloop
  endfacet
  facet normal 1 0 0
    outer loop
      vertex 10 -7.5 74
      vertex 10 -10 6
      vertex 10 -7.5 48
    endloop
  endfacet
  facet normal 1 0 0
    outer loop
      vertex 10 -7.46922 178.391
      vertex 10 -10 194
      vertex 10 -7.5 178
    endloop
  endfacet
  facet normal 1 0 0
    outer loop
      vertex 10 -7.37764 178.773
      vertex 10 -10 194
      vertex 10 -7.46922 178.391
    endloop
  endfacet
  facet normal 1 0 0
    outer loop
      vertex 10 -7.22752 179.135
      vertex 10 -10 194
      vertex 10 -7.37764 178.773
    endloop
  endfacet
  facet normal 1 0 0
    outer loop
      vertex 10 -4.328 185.657
      vertex 10 -10 194
      vertex 10 -5.32566 185.081
    endloop
  endfacet
  facet normal 1 0 0
    outer loop
      vertex 10 -5.39109 45.5308
      vertex 10 -5.0061 40.5484
      vertex 10 -5.0061 45.5005
    endloop
  endfacet
  facet normal 1 0 0
    outer loop
      vertex 10 -5.77254 45.6224
      vertex 10 -5.0061 40.5484
      vertex 10 -5.39109 45.5308
    endloop
  endfacet
  facet normal 1 0 0
    outer loop
      vertex 10 -6.13498 45.7725
      vertex 10 -5.0061 40.5484
      vertex 10 -5.77254 45.6224
    endloop
  endfacet
  facet normal 1 0 0
    outer loop
      vertex 10 -5.32566 25.799
      vertex 10 -5.39109 24.4692
      vertex 10 -5.32566 24.4744
    endloop
  endfacet
  facet normal 1 0 0
    outer loop
      vertex 10 -6.46946 45.9775
      vertex 10 -5.0061 40.5484
      vertex 10 -6.13498 45.7725
    endloop
  endfacet
  facet normal 1 0 0
    outer loop
      vertex 10 -5.32566 25.799
      vertex 10 -5.77254 24.3776
      vertex 10 -5.39109 24.4692
    endloop
  endfacet
  facet normal 1 0 0
    outer loop
      vertex 10 -6.76777 46.2322
      vertex 10 -5.0061 40.5484
      vertex 10 -6.46946 45.9775
    endloop
  endfacet
  facet normal 1 0 0
    outer loop
      vertex 10 -5.32566 25.799
      vertex 10 -6.13498 24.2275
      vertex 10 -5.77254 24.3776
    endloop
  endfacet
  facet normal 1 0 0
    outer loop
      vertex 10 -7.02254 46.5305
      vertex 10 -5.0061 40.5484
      vertex 10 -6.76777 46.2322
    endloop
  endfacet
  facet normal 1 0 0
    outer loop
      vertex 10 -5.32566 25.799
      vertex 10 -6.46946 24.0225
      vertex 10 -6.13498 24.2275
    endloop
  endfacet
  facet normal 1 0 0
    outer loop
      vertex 10 -5.0061 40.5484
      vertex 10 -6.76777 23.7678
      vertex 10 -5.32566 25.799
    endloop
  endfacet
  facet normal 1 0 0
    outer loop
      vertex 10 -5.32566 25.799
      vertex 10 -6.76777 23.7678
      vertex 10 -6.46946 24.0225
    endloop
  endfacet
  facet normal 1 0 0
    outer loop
      vertex 10 -7.22752 46.865
      vertex 10 -5.0061 40.5484
      vertex 10 -7.02254 46.5305
    endloop
  endfacet
  facet normal 1 0 0
    outer loop
      vertex 10 -5.0061 40.5484
      vertex 10 -7.02254 23.4695
      vertex 10 -6.76777 23.7678
    endloop
  endfacet
  facet normal 1 0 0
    outer loop
      vertex 10 -7.22752 23.135
      vertex 10 -5.0061 40.5484
      vertex 10 -7.22752 46.865
    endloop
  endfacet
  facet normal 1 0 0
    outer loop
      vertex 10 -5.0061 40.5484
      vertex 10 -7.22752 23.135
      vertex 10 -7.02254 23.4695
    endloop
  endfacet
  facet normal 1 0 0
    outer loop
      vertex 10 -7.37764 47.2275
      vertex 10 -7.22752 23.135
      vertex 10 -7.22752 46.865
    endloop
  endfacet
  facet normal 1 0 0
    outer loop
      vertex 10 -7.37764 47.2275
      vertex 10 -7.37764 22.7725
      vertex 10 -7.22752 23.135
    endloop
  endfacet
  facet normal 1 0 0
    outer loop
      vertex 10 -7.46922 47.6089
      vertex 10 -7.37764 22.7725
      vertex 10 -7.37764 47.2275
    endloop
  endfacet
  facet normal 1 0 0
    outer loop
      vertex 10 -7.46922 47.6089
      vertex 10 -7.46922 22.3911
      vertex 10 -7.37764 22.7725
    endloop
  endfacet
  facet normal 1 0 0
    outer loop
      vertex 10 -7.5 48
      vertex 10 -7.46922 22.3911
      vertex 10 -7.46922 47.6089
    endloop
  endfacet
  facet normal 1 0 0
    outer loop
      vertex 10 -7.46922 22.3911
      vertex 10 -7.5 48
      vertex 10 -7.5 22
    endloop
  endfacet
  facet normal 1 0 0
    outer loop
      vertex 10 0 40.1544
      vertex 10 -2.76566 30.233
      vertex 10 0 30.3364
    endloop
  endfacet
  facet normal 1 -0 0
    outer loop
      vertex 10 -3.92357 40.1544
      vertex 10 -2.76566 30.233
      vertex 10 0 40.1544
    endloop
  endfacet
  facet normal 1 0 0
    outer loop
      vertex 10 -5.0061 40.5484
      vertex 10 -2.76566 30.233
      vertex 10 -3.92357 40.1544
    endloop
  endfacet
  facet normal 1 0 0
    outer loop
      vertex 10 -2.76566 30.233
      vertex 10 -5.0061 40.5484
      vertex 10 -5.32566 25.799
    endloop
  endfacet
  facet normal 1 0 0
    outer loop
      vertex 10 -5.32566 19.5256
      vertex 10 -5.39109 19.5308
      vertex 10 -5.32566 14.919
    endloop
  endfacet
  facet normal 1 0 0
    outer loop
      vertex 10 -5.32566 175.526
      vertex 10 -5.39109 175.531
      vertex 10 -5.32566 174.201
    endloop
  endfacet
  facet normal 1 0 0
    outer loop
      vertex 10 -5.0061 149.5
      vertex 10 -5.39109 149.531
      vertex 10 -5.0061 148.572
    endloop
  endfacet
  facet normal 1 0 0
    outer loop
      vertex 10 -4.62704 71.5294
      vertex 10 -5 71.5
      vertex 10 -4.62704 66.2389
    endloop
  endfacet
  facet normal 1 0 0
    outer loop
      vertex 10 -4.62704 123.529
      vertex 10 -5 123.5
      vertex 10 -4.62704 122.881
    endloop
  endfacet
  facet normal 1 0 0
    outer loop
      vertex 10 -4.2 97.6337
      vertex 10 -4.22746 97.6224
      vertex 10 -4.2 92
    endloop
  endfacet
  facet normal 1 0 0
    outer loop
      vertex 10 0 92
      vertex 10 -3.73796 82.1611
      vertex 10 0 82.2756
    endloop
  endfacet
  facet normal 1 -0 0
    outer loop
      vertex 10 -4.2 92
      vertex 10 -3.73796 82.1611
      vertex 10 0 92
    endloop
  endfacet
  facet normal 1 -0 0
    outer loop
      vertex 10 -4.60891 97.5308
      vertex 10 -4.2 92
      vertex 10 -4.22746 97.6224
    endloop
  endfacet
  facet normal 1 -0 0
    outer loop
      vertex 10 -5 97.5
      vertex 10 -4.2 92
      vertex 10 -4.60891 97.5308
    endloop
  endfacet
  facet normal 1 0 0
    outer loop
      vertex 10 -5.39109 97.5308
      vertex 10 -4.2 92
      vertex 10 -5 97.5
    endloop
  endfacet
  facet normal 1 0 0
    outer loop
      vertex 10 -5.77254 97.6224
      vertex 10 -4.2 92
      vertex 10 -5.39109 97.5308
    endloop
  endfacet
  facet normal 1 0 0
    outer loop
      vertex 10 -6.13498 97.7725
      vertex 10 -4.2 92
      vertex 10 -5.77254 97.6224
    endloop
  endfacet
  facet normal 1 0 0
    outer loop
      vertex 10 -4.62704 77.1189
      vertex 10 -5 76.5
      vertex 10 -4.62704 76.4706
    endloop
  endfacet
  facet normal 1 0 0
    outer loop
      vertex 10 -6.46946 97.9775
      vertex 10 -4.2 92
      vertex 10 -6.13498 97.7725
    endloop
  endfacet
  facet normal 1 0 0
    outer loop
      vertex 10 -4.62704 77.1189
      vertex 10 -5.39109 76.4692
      vertex 10 -5 76.5
    endloop
  endfacet
  facet normal 1 0 0
    outer loop
      vertex 10 -6.76777 98.2322
      vertex 10 -4.2 92
      vertex 10 -6.46946 97.9775
    endloop
  endfacet
  facet normal 1 0 0
    outer loop
      vertex 10 -4.62704 77.1189
      vertex 10 -5.77254 76.3776
      vertex 10 -5.39109 76.4692
    endloop
  endfacet
  facet normal 1 0 -0
    outer loop
      vertex 10 -5.77254 76.3776
      vertex 10 -3.73796 82.1611
      vertex 10 -6.13498 76.2275
    endloop
  endfacet
  facet normal 1 0 0
    outer loop
      vertex 10 -3.73796 82.1611
      vertex 10 -5.77254 76.3776
      vertex 10 -4.62704 77.1189
    endloop
  endfacet
  facet normal 1 0 0
    outer loop
      vertex 10 -7.02254 98.5305
      vertex 10 -4.2 92
      vertex 10 -6.76777 98.2322
    endloop
  endfacet
  facet normal 1 0 0
    outer loop
      vertex 10 -3.73796 82.1611
      vertex 10 -6.46946 76.0225
      vertex 10 -6.13498 76.2275
    endloop
  endfacet
  facet normal 1 0 0
    outer loop
      vertex 10 -7.02254 75.4695
      vertex 10 -4.2 92
      vertex 10 -7.02254 98.5305
    endloop
  endfacet
  facet normal 1 0 0
    outer loop
      vertex 10 -3.73796 82.1611
      vertex 10 -6.76777 75.7678
      vertex 10 -6.46946 76.0225
    endloop
  endfacet
  facet normal 1 0 0
    outer loop
      vertex 10 -4.2 92
      vertex 10 -7.02254 75.4695
      vertex 10 -3.73796 82.1611
    endloop
  endfacet
  facet normal 1 0 0
    outer loop
      vertex 10 -3.73796 82.1611
      vertex 10 -7.02254 75.4695
      vertex 10 -6.76777 75.7678
    endloop
  endfacet
  facet normal 1 0 0
    outer loop
      vertex 10 -7.22752 98.865
      vertex 10 -7.02254 75.4695
      vertex 10 -7.02254 98.5305
    endloop
  endfacet
  facet normal 1 0 0
    outer loop
      vertex 10 -7.22752 98.865
      vertex 10 -7.22752 75.135
      vertex 10 -7.02254 75.4695
    endloop
  endfacet
  facet normal 1 0 0
    outer loop
      vertex 10 -7.37764 99.2275
      vertex 10 -7.22752 75.135
      vertex 10 -7.22752 98.865
    endloop
  endfacet
  facet normal 1 0 0
    outer loop
      vertex 10 -7.37764 99.2275
      vertex 10 -7.37764 74.7725
      vertex 10 -7.22752 75.135
    endloop
  endfacet
  facet normal 1 0 0
    outer loop
      vertex 10 -7.46922 99.6089
      vertex 10 -7.37764 74.7725
      vertex 10 -7.37764 99.2275
    endloop
  endfacet
  facet normal 1 0 0
    outer loop
      vertex 10 -7.46922 99.6089
      vertex 10 -7.46922 74.3911
      vertex 10 -7.37764 74.7725
    endloop
  endfacet
  facet normal 1 0 0
    outer loop
      vertex 10 -7.5 100
      vertex 10 -7.46922 74.3911
      vertex 10 -7.46922 99.6089
    endloop
  endfacet
  facet normal 1 0 0
    outer loop
      vertex 10 -7.46922 74.3911
      vertex 10 -7.5 100
      vertex 10 -7.5 74
    endloop
  endfacet
  facet normal 1 0 0
    outer loop
      vertex 10 -3.73796 117.839
      vertex 10 0 108
      vertex 10 0 117.724
    endloop
  endfacet
  facet normal 1 0 0
    outer loop
      vertex 10 -3.73796 117.839
      vertex 10 -4.2 108
      vertex 10 0 108
    endloop
  endfacet
  facet normal 1 0 0
    outer loop
      vertex 10 -4.2 108
      vertex 10 -4.22746 102.378
      vertex 10 -4.2 102.366
    endloop
  endfacet
  facet normal 1 0 0
    outer loop
      vertex 10 -4.2 108
      vertex 10 -4.60891 102.469
      vertex 10 -4.22746 102.378
    endloop
  endfacet
  facet normal 1 0 0
    outer loop
      vertex 10 -7.02254 124.531
      vertex 10 -4.2 108
      vertex 10 -3.73796 117.839
    endloop
  endfacet
  facet normal 1 0 0
    outer loop
      vertex 10 -5.77254 123.622
      vertex 10 -3.73796 117.839
      vertex 10 -4.62704 122.881
    endloop
  endfacet
  facet normal 1 0 0
    outer loop
      vertex 10 -5.39109 123.531
      vertex 10 -4.62704 122.881
      vertex 10 -5 123.5
    endloop
  endfacet
  facet normal 1 0 0
    outer loop
      vertex 10 -4.2 108
      vertex 10 -5 102.5
      vertex 10 -4.60891 102.469
    endloop
  endfacet
  facet normal 1 0 0
    outer loop
      vertex 10 -5.77254 123.622
      vertex 10 -4.62704 122.881
      vertex 10 -5.39109 123.531
    endloop
  endfacet
  facet normal 1 0 0
    outer loop
      vertex 10 -4.2 108
      vertex 10 -5.39109 102.469
      vertex 10 -5 102.5
    endloop
  endfacet
  facet normal 1 0 0
    outer loop
      vertex 10 -3.73796 117.839
      vertex 10 -5.77254 123.622
      vertex 10 -6.13498 123.772
    endloop
  endfacet
  facet normal 1 0 0
    outer loop
      vertex 10 -4.2 108
      vertex 10 -5.77254 102.378
      vertex 10 -5.39109 102.469
    endloop
  endfacet
  facet normal 1 0 0
    outer loop
      vertex 10 -6.46946 123.977
      vertex 10 -3.73796 117.839
      vertex 10 -6.13498 123.772
    endloop
  endfacet
  facet normal 1 0 0
    outer loop
      vertex 10 -4.2 108
      vertex 10 -6.13498 102.228
      vertex 10 -5.77254 102.378
    endloop
  endfacet
  facet normal 1 0 0
    outer loop
      vertex 10 -6.76777 124.232
      vertex 10 -3.73796 117.839
      vertex 10 -6.46946 123.977
    endloop
  endfacet
  facet normal 1 0 0
    outer loop
      vertex 10 -4.2 108
      vertex 10 -6.46946 102.023
      vertex 10 -6.13498 102.228
    endloop
  endfacet
  facet normal 1 0 0
    outer loop
      vertex 10 -7.02254 124.531
      vertex 10 -3.73796 117.839
      vertex 10 -6.76777 124.232
    endloop
  endfacet
  facet normal 1 0 0
    outer loop
      vertex 10 -4.2 108
      vertex 10 -6.76777 101.768
      vertex 10 -6.46946 102.023
    endloop
  endfacet
  facet normal 1 0 0
    outer loop
      vertex 10 -4.2 108
      vertex 10 -7.02254 124.531
      vertex 10 -7.02254 101.469
    endloop
  endfacet
  facet normal 1 0 0
    outer loop
      vertex 10 -4.2 108
      vertex 10 -7.02254 101.469
      vertex 10 -6.76777 101.768
    endloop
  endfacet
  facet normal 1 0 0
    outer loop
      vertex 10 -7.22752 124.865
      vertex 10 -7.02254 101.469
      vertex 10 -7.02254 124.531
    endloop
  endfacet
  facet normal 1 0 0
    outer loop
      vertex 10 -7.22752 124.865
      vertex 10 -7.22752 101.135
      vertex 10 -7.02254 101.469
    endloop
  endfacet
  facet normal 1 0 0
    outer loop
      vertex 10 -7.37764 125.227
      vertex 10 -7.22752 101.135
      vertex 10 -7.22752 124.865
    endloop
  endfacet
  facet normal 1 0 0
    outer loop
      vertex 10 -7.37764 125.227
      vertex 10 -7.37764 100.773
      vertex 10 -7.22752 101.135
    endloop
  endfacet
  facet normal 1 0 0
    outer loop
      vertex 10 -7.46922 125.609
      vertex 10 -7.37764 100.773
      vertex 10 -7.37764 125.227
    endloop
  endfacet
  facet normal 1 0 0
    outer loop
      vertex 10 -7.46922 125.609
      vertex 10 -7.46922 100.391
      vertex 10 -7.37764 100.773
    endloop
  endfacet
  facet normal 1 0 0
    outer loop
      vertex 10 -7.5 126
      vertex 10 -7.46922 100.391
      vertex 10 -7.46922 125.609
    endloop
  endfacet
  facet normal 1 0 0
    outer loop
      vertex 10 -7.46922 100.391
      vertex 10 -7.5 126
      vertex 10 -7.5 100
    endloop
  endfacet
  facet normal 1 -0 0
    outer loop
      vertex 10 -3.49254 66.0389
      vertex 10 0 56.3754
      vertex 10 0 66.0389
    endloop
  endfacet
  facet normal 1 0 0
    outer loop
      vertex 10 0 56.3754
      vertex 10 -3.49254 66.0389
      vertex 10 -3.25495 56.2396
    endloop
  endfacet
  facet normal 1 0 0
    outer loop
      vertex 10 -4.62704 66.2389
      vertex 10 -3.25495 56.2396
      vertex 10 -3.49254 66.0389
    endloop
  endfacet
  facet normal 1 0 0
    outer loop
      vertex 10 -6.76777 49.7678
      vertex 10 -3.25495 56.2396
      vertex 10 -4.62704 66.2389
    endloop
  endfacet
  facet normal 1 0 0
    outer loop
      vertex 10 -5.39109 71.5308
      vertex 10 -4.62704 66.2389
      vertex 10 -5 71.5
    endloop
  endfacet
  facet normal 1 0 0
    outer loop
      vertex 10 -5.77254 71.6224
      vertex 10 -4.62704 66.2389
      vertex 10 -5.39109 71.5308
    endloop
  endfacet
  facet normal 1 0 0
    outer loop
      vertex 10 -6.13498 71.7725
      vertex 10 -4.62704 66.2389
      vertex 10 -5.77254 71.6224
    endloop
  endfacet
  facet normal 1 0 0
    outer loop
      vertex 10 -5.0061 51.4284
      vertex 10 -5.39109 50.4692
      vertex 10 -5.0061 50.4995
    endloop
  endfacet
  facet normal 1 0 0
    outer loop
      vertex 10 -6.46946 71.9775
      vertex 10 -4.62704 66.2389
      vertex 10 -6.13498 71.7725
    endloop
  endfacet
  facet normal 1 0 0
    outer loop
      vertex 10 -5.0061 51.4284
      vertex 10 -5.77254 50.3776
      vertex 10 -5.39109 50.4692
    endloop
  endfacet
  facet normal 1 0 0
    outer loop
      vertex 10 -6.76777 72.2322
      vertex 10 -4.62704 66.2389
      vertex 10 -6.46946 71.9775
    endloop
  endfacet
  facet normal 1 0 0
    outer loop
      vertex 10 -5.0061 51.4284
      vertex 10 -6.13498 50.2275
      vertex 10 -5.77254 50.3776
    endloop
  endfacet
  facet normal 1 0 0
    outer loop
      vertex 10 -3.25495 56.2396
      vertex 10 -6.46946 50.0225
      vertex 10 -5.0061 51.4284
    endloop
  endfacet
  facet normal 1 0 0
    outer loop
      vertex 10 -5.0061 51.4284
      vertex 10 -6.46946 50.0225
      vertex 10 -6.13498 50.2275
    endloop
  endfacet
  facet normal 1 0 0
    outer loop
      vertex 10 -7.02254 72.5305
      vertex 10 -4.62704 66.2389
      vertex 10 -6.76777 72.2322
    endloop
  endfacet
  facet normal 1 0 0
    outer loop
      vertex 10 -3.25495 56.2396
      vertex 10 -6.76777 49.7678
      vertex 10 -6.46946 50.0225
    endloop
  endfacet
  facet normal 1 0 0
    outer loop
      vertex 10 -7.22752 72.865
      vertex 10 -4.62704 66.2389
      vertex 10 -7.02254 72.5305
    endloop
  endfacet
  facet normal 1 0 0
    outer loop
      vertex 10 -4.62704 66.2389
      vertex 10 -7.02254 49.4695
      vertex 10 -6.76777 49.7678
    endloop
  endfacet
  facet normal 1 0 0
    outer loop
      vertex 10 -7.22752 49.135
      vertex 10 -4.62704 66.2389
      vertex 10 -7.22752 72.865
    endloop
  endfacet
  facet normal 1 0 0
    outer loop
      vertex 10 -4.62704 66.2389
      vertex 10 -7.22752 49.135
      vertex 10 -7.02254 49.4695
    endloop
  endfacet
  facet normal 1 0 0
    outer loop
      vertex 10 -7.37764 73.2275
      vertex 10 -7.22752 49.135
      vertex 10 -7.22752 72.865
    endloop
  endfacet
  facet normal 1 0 0
    outer loop
      vertex 10 -7.37764 73.2275
      vertex 10 -7.37764 48.7725
      vertex 10 -7.22752 49.135
    endloop
  endfacet
  facet normal 1 0 0
    outer loop
      vertex 10 -7.46922 73.6089
      vertex 10 -7.37764 48.7725
      vertex 10 -7.37764 73.2275
    endloop
  endfacet
  facet normal 1 0 0
    outer loop
      vertex 10 -7.46922 73.6089
      vertex 10 -7.46922 48.3911
      vertex 10 -7.37764 48.7725
    endloop
  endfacet
  facet normal 1 0 0
    outer loop
      vertex 10 -7.5 74
      vertex 10 -7.46922 48.3911
      vertex 10 -7.46922 73.6089
    endloop
  endfacet
  facet normal 1 0 0
    outer loop
      vertex 10 -7.46922 48.3911
      vertex 10 -7.5 74
      vertex 10 -7.5 48
    endloop
  endfacet
  facet normal 1 0 0
    outer loop
      vertex 10 -3.49254 133.961
      vertex 10 0 143.625
      vertex 10 -3.25495 143.76
    endloop
  endfacet
  facet normal 1 0 0
    outer loop
      vertex 10 0 143.625
      vertex 10 -3.49254 133.961
      vertex 10 0 133.961
    endloop
  endfacet
  facet normal 1 0 0
    outer loop
      vertex 10 -3.25495 143.76
      vertex 10 -4.62704 133.761
      vertex 10 -3.49254 133.961
    endloop
  endfacet
  facet normal 1 0 0
    outer loop
      vertex 10 -4.62704 133.761
      vertex 10 -5 128.5
      vertex 10 -4.62704 128.471
    endloop
  endfacet
  facet normal 1 0 0
    outer loop
      vertex 10 -6.46946 149.977
      vertex 10 -3.25495 143.76
      vertex 10 -5.0061 148.572
    endloop
  endfacet
  facet normal 1 0 0
    outer loop
      vertex 10 -6.76777 150.232
      vertex 10 -3.25495 143.76
      vertex 10 -6.46946 149.977
    endloop
  endfacet
  facet normal 1 0 0
    outer loop
      vertex 10 -5.77254 149.622
      vertex 10 -5.0061 148.572
      vertex 10 -5.39109 149.531
    endloop
  endfacet
  facet normal 1 0 0
    outer loop
      vertex 10 -4.62704 133.761
      vertex 10 -5.39109 128.469
      vertex 10 -5 128.5
    endloop
  endfacet
  facet normal 1 0 0
    outer loop
      vertex 10 -6.13498 149.772
      vertex 10 -5.0061 148.572
      vertex 10 -5.77254 149.622
    endloop
  endfacet
  facet normal 1 0 0
    outer loop
      vertex 10 -4.62704 133.761
      vertex 10 -5.77254 128.378
      vertex 10 -5.39109 128.469
    endloop
  endfacet
  facet normal 1 0 0
    outer loop
      vertex 10 -6.46946 149.977
      vertex 10 -5.0061 148.572
      vertex 10 -6.13498 149.772
    endloop
  endfacet
  facet normal 1 0 0
    outer loop
      vertex 10 -4.62704 133.761
      vertex 10 -6.13498 128.228
      vertex 10 -5.77254 128.378
    endloop
  endfacet
  facet normal 1 0 0
    outer loop
      vertex 10 -3.25495 143.76
      vertex 10 -6.76777 150.232
      vertex 10 -4.62704 133.761
    endloop
  endfacet
  facet normal 1 0 0
    outer loop
      vertex 10 -4.62704 133.761
      vertex 10 -6.46946 128.023
      vertex 10 -6.13498 128.228
    endloop
  endfacet
  facet normal 1 0 0
    outer loop
      vertex 10 -7.02254 150.531
      vertex 10 -4.62704 133.761
      vertex 10 -6.76777 150.232
    endloop
  endfacet
  facet normal 1 0 0
    outer loop
      vertex 10 -4.62704 133.761
      vertex 10 -6.76777 127.768
      vertex 10 -6.46946 128.023
    endloop
  endfacet
  facet normal 1 0 0
    outer loop
      vertex 10 -7.22752 150.865
      vertex 10 -4.62704 133.761
      vertex 10 -7.02254 150.531
    endloop
  endfacet
  facet normal 1 0 0
    outer loop
      vertex 10 -4.62704 133.761
      vertex 10 -7.02254 127.469
      vertex 10 -6.76777 127.768
    endloop
  endfacet
  facet normal 1 0 0
    outer loop
      vertex 10 -7.22752 127.135
      vertex 10 -4.62704 133.761
      vertex 10 -7.22752 150.865
    endloop
  endfacet
  facet normal 1 0 0
    outer loop
      vertex 10 -4.62704 133.761
      vertex 10 -7.22752 127.135
      vertex 10 -7.02254 127.469
    endloop
  endfacet
  facet normal 1 0 0
    outer loop
      vertex 10 -7.37764 151.227
      vertex 10 -7.22752 127.135
      vertex 10 -7.22752 150.865
    endloop
  endfacet
  facet normal 1 0 0
    outer loop
      vertex 10 -7.37764 151.227
      vertex 10 -7.37764 126.773
      vertex 10 -7.22752 127.135
    endloop
  endfacet
  facet normal 1 0 0
    outer loop
      vertex 10 -7.46922 151.609
      vertex 10 -7.37764 126.773
      vertex 10 -7.37764 151.227
    endloop
  endfacet
  facet normal 1 0 0
    outer loop
      vertex 10 -7.46922 151.609
      vertex 10 -7.46922 126.391
      vertex 10 -7.37764 126.773
    endloop
  endfacet
  facet normal 1 0 0
    outer loop
      vertex 10 -7.5 152
      vertex 10 -7.46922 126.391
      vertex 10 -7.46922 151.609
    endloop
  endfacet
  facet normal 1 0 0
    outer loop
      vertex 10 -7.46922 126.391
      vertex 10 -7.5 152
      vertex 10 -7.5 126
    endloop
  endfacet
  facet normal 1 0 0
    outer loop
      vertex 10 -2.76566 169.767
      vertex 10 0 159.846
      vertex 10 0 169.664
    endloop
  endfacet
  facet normal 1 0 0
    outer loop
      vertex 10 -2.76566 169.767
      vertex 10 -3.92357 159.846
      vertex 10 0 159.846
    endloop
  endfacet
  facet normal 1 0 0
    outer loop
      vertex 10 -2.76566 169.767
      vertex 10 -5.0061 159.452
      vertex 10 -3.92357 159.846
    endloop
  endfacet
  facet normal 1 0 0
    outer loop
      vertex 10 -5.32566 174.201
      vertex 10 -5.0061 159.452
      vertex 10 -2.76566 169.767
    endloop
  endfacet
  facet normal 1 0 0
    outer loop
      vertex 10 -6.76777 176.232
      vertex 10 -5.0061 159.452
      vertex 10 -5.32566 174.201
    endloop
  endfacet
  facet normal 1 0 0
    outer loop
      vertex 10 -5.77254 175.622
      vertex 10 -5.32566 174.201
      vertex 10 -5.39109 175.531
    endloop
  endfacet
  facet normal 1 0 0
    outer loop
      vertex 10 -5.0061 159.452
      vertex 10 -5.39109 154.469
      vertex 10 -5.0061 154.5
    endloop
  endfacet
  facet normal 1 0 0
    outer loop
      vertex 10 -6.13498 175.772
      vertex 10 -5.32566 174.201
      vertex 10 -5.77254 175.622
    endloop
  endfacet
  facet normal 1 0 0
    outer loop
      vertex 10 -5.0061 159.452
      vertex 10 -5.77254 154.378
      vertex 10 -5.39109 154.469
    endloop
  endfacet
  facet normal 1 0 0
    outer loop
      vertex 10 -6.46946 175.977
      vertex 10 -5.32566 174.201
      vertex 10 -6.13498 175.772
    endloop
  endfacet
  facet normal 1 0 0
    outer loop
      vertex 10 -5.0061 159.452
      vertex 10 -6.13498 154.228
      vertex 10 -5.77254 154.378
    endloop
  endfacet
  facet normal 1 0 0
    outer loop
      vertex 10 -6.76777 176.232
      vertex 10 -5.32566 174.201
      vertex 10 -6.46946 175.977
    endloop
  endfacet
  facet normal 1 0 0
    outer loop
      vertex 10 -5.0061 159.452
      vertex 10 -6.46946 154.023
      vertex 10 -6.13498 154.228
    endloop
  endfacet
  facet normal 1 0 0
    outer loop
      vertex 10 -7.02254 176.531
      vertex 10 -5.0061 159.452
      vertex 10 -6.76777 176.232
    endloop
  endfacet
  facet normal 1 0 0
    outer loop
      vertex 10 -5.0061 159.452
      vertex 10 -6.76777 153.768
      vertex 10 -6.46946 154.023
    endloop
  endfacet
  facet normal 1 0 0
    outer loop
      vertex 10 -7.22752 176.865
      vertex 10 -5.0061 159.452
      vertex 10 -7.02254 176.531
    endloop
  endfacet
  facet normal 1 0 0
    outer loop
      vertex 10 -5.0061 159.452
      vertex 10 -7.02254 153.469
      vertex 10 -6.76777 153.768
    endloop
  endfacet
  facet normal 1 0 0
    outer loop
      vertex 10 -7.22752 153.135
      vertex 10 -5.0061 159.452
      vertex 10 -7.22752 176.865
    endloop
  endfacet
  facet normal 1 0 0
    outer loop
      vertex 10 -5.0061 159.452
      vertex 10 -7.22752 153.135
      vertex 10 -7.02254 153.469
    endloop
  endfacet
  facet normal 1 0 0
    outer loop
      vertex 10 -7.37764 177.227
      vertex 10 -7.22752 153.135
      vertex 10 -7.22752 176.865
    endloop
  endfacet
  facet normal 1 0 0
    outer loop
      vertex 10 -7.37764 177.227
      vertex 10 -7.37764 152.773
      vertex 10 -7.22752 153.135
    endloop
  endfacet
  facet normal 1 0 0
    outer loop
      vertex 10 -7.46922 177.609
      vertex 10 -7.37764 152.773
      vertex 10 -7.37764 177.227
    endloop
  endfacet
  facet normal 1 0 0
    outer loop
      vertex 10 -7.46922 177.609
      vertex 10 -7.46922 152.391
      vertex 10 -7.37764 152.773
    endloop
  endfacet
  facet normal 1 0 0
    outer loop
      vertex 10 -10 194
      vertex 10 -7.46922 177.609
      vertex 10 -7.5 178
    endloop
  endfacet
  facet normal 1 0 0
    outer loop
      vertex 10 -7.46922 177.609
      vertex 10 -10 194
      vertex 10 -7.46922 152.391
    endloop
  endfacet
  facet normal 1 -0 0
    outer loop
      vertex 10 -4.328 14.343
      vertex 10 0 6
      vertex 10 0 14.343
    endloop
  endfacet
  facet normal 1 0 0
    outer loop
      vertex 10 -10 6
      vertex 10 -4.328 14.343
      vertex 10 -5.32566 14.919
    endloop
  endfacet
  facet normal 1 0 0
    outer loop
      vertex 10 -5.77254 19.6224
      vertex 10 -5.32566 14.919
      vertex 10 -5.39109 19.5308
    endloop
  endfacet
  facet normal 1 0 0
    outer loop
      vertex 10 -6.13498 19.7725
      vertex 10 -5.32566 14.919
      vertex 10 -5.77254 19.6224
    endloop
  endfacet
  facet normal 1 0 0
    outer loop
      vertex 10 -6.46946 19.9775
      vertex 10 -5.32566 14.919
      vertex 10 -6.13498 19.7725
    endloop
  endfacet
  facet normal 1 0 0
    outer loop
      vertex 10 -6.76777 20.2322
      vertex 10 -5.32566 14.919
      vertex 10 -6.46946 19.9775
    endloop
  endfacet
  facet normal 1 0 0
    outer loop
      vertex 10 -7.02254 20.5305
      vertex 10 -5.32566 14.919
      vertex 10 -6.76777 20.2322
    endloop
  endfacet
  facet normal 1 0 0
    outer loop
      vertex 10 -10 6
      vertex 10 -7.02254 20.5305
      vertex 10 -7.22752 20.865
    endloop
  endfacet
  facet normal 1 0 0
    outer loop
      vertex 10 -10 6
      vertex 10 -7.22752 20.865
      vertex 10 -7.37764 21.2275
    endloop
  endfacet
  facet normal 1 0 0
    outer loop
      vertex 10 -4.328 14.343
      vertex 10 -10 6
      vertex 10 0 6
    endloop
  endfacet
  facet normal 1 0 0
    outer loop
      vertex 10 -7.02254 20.5305
      vertex 10 -10 6
      vertex 10 -5.32566 14.919
    endloop
  endfacet
  facet normal 1 0 0
    outer loop
      vertex 10 -7.46922 21.6089
      vertex 10 -10 6
      vertex 10 -7.37764 21.2275
    endloop
  endfacet
  facet normal 1 0 0
    outer loop
      vertex 10 -7.5 22
      vertex 10 -10 6
      vertex 10 -7.46922 21.6089
    endloop
  endfacet
  facet normal 1 0 0
    outer loop
      vertex 10 -7.5 48
      vertex 10 -10 6
      vertex 10 -7.5 22
    endloop
  endfacet
  facet normal -0 0 1
    outer loop
      vertex -10 0 194
      vertex 10 -10 194
      vertex 10 0 194
    endloop
  endfacet
  facet normal 0 0 1
    outer loop
      vertex 10 -10 194
      vertex -10 0 194
      vertex -10 -10 194
    endloop
  endfacet
  facet normal -1 0 0
    outer loop
      vertex -10 0 6
      vertex -10 -4.328 14.343
      vertex -10 0 14.343
    endloop
  endfacet
  facet normal -1 0 0
    outer loop
      vertex -10 -10 6
      vertex -10 -4.328 14.343
      vertex -10 0 6
    endloop
  endfacet
  facet normal -1 0 0
    outer loop
      vertex -10 -5.32566 14.919
      vertex -10 -5.39109 19.5308
      vertex -10 -5.32566 19.5256
    endloop
  endfacet
  facet normal -1 0 0
    outer loop
      vertex -10 -5.32566 14.919
      vertex -10 -5.77254 19.6224
      vertex -10 -5.39109 19.5308
    endloop
  endfacet
  facet normal -1 0 0
    outer loop
      vertex -10 -5.32566 14.919
      vertex -10 -6.13498 19.7725
      vertex -10 -5.77254 19.6224
    endloop
  endfacet
  facet normal -1 0 0
    outer loop
      vertex -10 -5.32566 14.919
      vertex -10 -6.46946 19.9775
      vertex -10 -6.13498 19.7725
    endloop
  endfacet
  facet normal -1 0 0
    outer loop
      vertex -10 -5.32566 14.919
      vertex -10 -6.76777 20.2322
      vertex -10 -6.46946 19.9775
    endloop
  endfacet
  facet normal -1 0 0
    outer loop
      vertex -10 -5.32566 14.919
      vertex -10 -7.02254 20.5305
      vertex -10 -6.76777 20.2322
    endloop
  endfacet
  facet normal -1 0 0
    outer loop
      vertex -10 -10 6
      vertex -10 -7.02254 20.5305
      vertex -10 -5.32566 14.919
    endloop
  endfacet
  facet normal -1 -0 0
    outer loop
      vertex -10 -7.02254 20.5305
      vertex -10 -10 6
      vertex -10 -7.22752 20.865
    endloop
  endfacet
  facet normal -1 -0 0
    outer loop
      vertex -10 -7.46922 47.6089
      vertex -10 -10 6
      vertex -10 -7.5 48
    endloop
  endfacet
  facet normal -1 -0 0
    outer loop
      vertex -10 -7.5 48
      vertex -10 -10 6
      vertex -10 -7.5 74
    endloop
  endfacet
  facet normal -1 -0 0
    outer loop
      vertex -10 -7.5 74
      vertex -10 -10 6
      vertex -10 -7.5 100
    endloop
  endfacet
  facet normal -1 0 0
    outer loop
      vertex -10 -10 194
      vertex -10 -7.5 100
      vertex -10 -10 6
    endloop
  endfacet
  facet normal -1 0 0
    outer loop
      vertex -10 -7.5 100
      vertex -10 -10 194
      vertex -10 -7.5 126
    endloop
  endfacet
  facet normal -1 0 0
    outer loop
      vertex -10 -7.5 126
      vertex -10 -10 194
      vertex -10 -7.5 152
    endloop
  endfacet
  facet normal -1 -0 0
    outer loop
      vertex -10 -7.46922 21.6089
      vertex -10 -10 6
      vertex -10 -7.5 22
    endloop
  endfacet
  facet normal -1 -0 0
    outer loop
      vertex -10 -7.37764 21.2275
      vertex -10 -10 6
      vertex -10 -7.46922 21.6089
    endloop
  endfacet
  facet normal -1 -0 0
    outer loop
      vertex -10 -7.22752 20.865
      vertex -10 -10 6
      vertex -10 -7.37764 21.2275
    endloop
  endfacet
  facet normal -1 -0 0
    outer loop
      vertex -10 -4.328 14.343
      vertex -10 -10 6
      vertex -10 -5.32566 14.919
    endloop
  endfacet
  facet normal -1 0 0
    outer loop
      vertex -10 -5.39109 154.469
      vertex -10 -5.0061 159.452
      vertex -10 -5.0061 154.5
    endloop
  endfacet
  facet normal -1 0 0
    outer loop
      vertex -10 -5.77254 154.378
      vertex -10 -5.0061 159.452
      vertex -10 -5.39109 154.469
    endloop
  endfacet
  facet normal -1 0 0
    outer loop
      vertex -10 -6.13498 154.228
      vertex -10 -5.0061 159.452
      vertex -10 -5.77254 154.378
    endloop
  endfacet
  facet normal -1 0 0
    outer loop
      vertex -10 -5.32566 174.201
      vertex -10 -5.39109 175.531
      vertex -10 -5.32566 175.526
    endloop
  endfacet
  facet normal -1 0 0
    outer loop
      vertex -10 -6.46946 154.023
      vertex -10 -5.0061 159.452
      vertex -10 -6.13498 154.228
    endloop
  endfacet
  facet normal -1 0 0
    outer loop
      vertex -10 -5.32566 174.201
      vertex -10 -5.77254 175.622
      vertex -10 -5.39109 175.531
    endloop
  endfacet
  facet normal -1 0 0
    outer loop
      vertex -10 -6.76777 153.768
      vertex -10 -5.0061 159.452
      vertex -10 -6.46946 154.023
    endloop
  endfacet
  facet normal -1 0 0
    outer loop
      vertex -10 -5.32566 174.201
      vertex -10 -6.13498 175.772
      vertex -10 -5.77254 175.622
    endloop
  endfacet
  facet normal -1 0 0
    outer loop
      vertex -10 -7.02254 153.469
      vertex -10 -5.0061 159.452
      vertex -10 -6.76777 153.768
    endloop
  endfacet
  facet normal -1 0 0
    outer loop
      vertex -10 -5.32566 174.201
      vertex -10 -6.46946 175.977
      vertex -10 -6.13498 175.772
    endloop
  endfacet
  facet normal -1 0 0
    outer loop
      vertex -10 -5.0061 159.452
      vertex -10 -6.76777 176.232
      vertex -10 -5.32566 174.201
    endloop
  endfacet
  facet normal -1 0 0
    outer loop
      vertex -10 -5.32566 174.201
      vertex -10 -6.76777 176.232
      vertex -10 -6.46946 175.977
    endloop
  endfacet
  facet normal -1 0 0
    outer loop
      vertex -10 -7.22752 153.135
      vertex -10 -5.0061 159.452
      vertex -10 -7.02254 153.469
    endloop
  endfacet
  facet normal -1 0 0
    outer loop
      vertex -10 -5.0061 159.452
      vertex -10 -7.02254 176.531
      vertex -10 -6.76777 176.232
    endloop
  endfacet
  facet normal -1 0 0
    outer loop
      vertex -10 -7.22752 176.865
      vertex -10 -5.0061 159.452
      vertex -10 -7.22752 153.135
    endloop
  endfacet
  facet normal -1 0 0
    outer loop
      vertex -10 -5.0061 159.452
      vertex -10 -7.22752 176.865
      vertex -10 -7.02254 176.531
    endloop
  endfacet
  facet normal -1 0 0
    outer loop
      vertex -10 -7.37764 152.773
      vertex -10 -7.22752 176.865
      vertex -10 -7.22752 153.135
    endloop
  endfacet
  facet normal -1 0 0
    outer loop
      vertex -10 -7.37764 152.773
      vertex -10 -7.37764 177.227
      vertex -10 -7.22752 176.865
    endloop
  endfacet
  facet normal -1 0 0
    outer loop
      vertex -10 -7.46922 152.391
      vertex -10 -7.37764 177.227
      vertex -10 -7.37764 152.773
    endloop
  endfacet
  facet normal -1 0 0
    outer loop
      vertex -10 -7.46922 152.391
      vertex -10 -7.46922 177.609
      vertex -10 -7.37764 177.227
    endloop
  endfacet
  facet normal -1 0 0
    outer loop
      vertex -10 -7.5 152
      vertex -10 -7.46922 177.609
      vertex -10 -7.46922 152.391
    endloop
  endfacet
  facet normal -1 -0 0
    outer loop
      vertex -10 -7.46922 177.609
      vertex -10 -7.5 152
      vertex -10 -7.5 178
    endloop
  endfacet
  facet normal -1 0 0
    outer loop
      vertex -10 0 159.846
      vertex -10 -2.76566 169.767
      vertex -10 0 169.664
    endloop
  endfacet
  facet normal -1 0 0
    outer loop
      vertex -10 -3.92357 159.846
      vertex -10 -2.76566 169.767
      vertex -10 0 159.846
    endloop
  endfacet
  facet normal -1 0 0
    outer loop
      vertex -10 -5.0061 159.452
      vertex -10 -2.76566 169.767
      vertex -10 -3.92357 159.846
    endloop
  endfacet
  facet normal -1 -0 0
    outer loop
      vertex -10 -2.76566 169.767
      vertex -10 -5.0061 159.452
      vertex -10 -5.32566 174.201
    endloop
  endfacet
  facet normal -1 -0 0
    outer loop
      vertex -10 -5.32566 180.474
      vertex -10 -5.39109 180.469
      vertex -10 -5.32566 185.081
    endloop
  endfacet
  facet normal -1 -0 0
    outer loop
      vertex -10 -5.32566 24.4744
      vertex -10 -5.39109 24.4692
      vertex -10 -5.32566 25.799
    endloop
  endfacet
  facet normal -1 -0 0
    outer loop
      vertex -10 -5.0061 50.4995
      vertex -10 -5.39109 50.4692
      vertex -10 -5.0061 51.4284
    endloop
  endfacet
  facet normal -1 0 0
    outer loop
      vertex -10 -4.62704 128.471
      vertex -10 -5 128.5
      vertex -10 -4.62704 133.761
    endloop
  endfacet
  facet normal -1 0 0
    outer loop
      vertex -10 -4.62704 76.4706
      vertex -10 -5 76.5
      vertex -10 -4.62704 77.1189
    endloop
  endfacet
  facet normal -1 0 0
    outer loop
      vertex -10 -4.2 102.366
      vertex -10 -4.22746 102.378
      vertex -10 -4.2 108
    endloop
  endfacet
  facet normal -1 0 0
    outer loop
      vertex -10 0 108
      vertex -10 -3.73796 117.839
      vertex -10 0 117.724
    endloop
  endfacet
  facet normal -1 0 0
    outer loop
      vertex -10 -4.2 108
      vertex -10 -3.73796 117.839
      vertex -10 0 108
    endloop
  endfacet
  facet normal -1 0 0
    outer loop
      vertex -10 -4.60891 102.469
      vertex -10 -4.2 108
      vertex -10 -4.22746 102.378
    endloop
  endfacet
  facet normal -1 0 0
    outer loop
      vertex -10 -5 102.5
      vertex -10 -4.2 108
      vertex -10 -4.60891 102.469
    endloop
  endfacet
  facet normal -1 0 0
    outer loop
      vertex -10 -5.39109 102.469
      vertex -10 -4.2 108
      vertex -10 -5 102.5
    endloop
  endfacet
  facet normal -1 0 0
    outer loop
      vertex -10 -5.77254 102.378
      vertex -10 -4.2 108
      vertex -10 -5.39109 102.469
    endloop
  endfacet
  facet normal -1 0 0
    outer loop
      vertex -10 -6.13498 102.228
      vertex -10 -4.2 108
      vertex -10 -5.77254 102.378
    endloop
  endfacet
  facet normal -1 0 0
    outer loop
      vertex -10 -4.62704 122.881
      vertex -10 -5 123.5
      vertex -10 -4.62704 123.529
    endloop
  endfacet
  facet normal -1 0 0
    outer loop
      vertex -10 -6.46946 102.023
      vertex -10 -4.2 108
      vertex -10 -6.13498 102.228
    endloop
  endfacet
  facet normal -1 0 0
    outer loop
      vertex -10 -4.62704 122.881
      vertex -10 -5.39109 123.531
      vertex -10 -5 123.5
    endloop
  endfacet
  facet normal -1 0 0
    outer loop
      vertex -10 -6.76777 101.768
      vertex -10 -4.2 108
      vertex -10 -6.46946 102.023
    endloop
  endfacet
  facet normal -1 0 0
    outer loop
      vertex -10 -4.62704 122.881
      vertex -10 -5.77254 123.622
      vertex -10 -5.39109 123.531
    endloop
  endfacet
  facet normal -1 -0 -0
    outer loop
      vertex -10 -5.77254 123.622
      vertex -10 -3.73796 117.839
      vertex -10 -6.13498 123.772
    endloop
  endfacet
  facet normal -1 0 0
    outer loop
      vertex -10 -3.73796 117.839
      vertex -10 -5.77254 123.622
      vertex -10 -4.62704 122.881
    endloop
  endfacet
  facet normal -1 0 0
    outer loop
      vertex -10 -7.02254 101.469
      vertex -10 -4.2 108
      vertex -10 -6.76777 101.768
    endloop
  endfacet
  facet normal -1 0 0
    outer loop
      vertex -10 -3.73796 117.839
      vertex -10 -6.46946 123.977
      vertex -10 -6.13498 123.772
    endloop
  endfacet
  facet normal -1 0 0
    outer loop
      vertex -10 -7.02254 124.531
      vertex -10 -4.2 108
      vertex -10 -7.02254 101.469
    endloop
  endfacet
  facet normal -1 0 0
    outer loop
      vertex -10 -3.73796 117.839
      vertex -10 -6.76777 124.232
      vertex -10 -6.46946 123.977
    endloop
  endfacet
  facet normal -1 0 0
    outer loop
      vertex -10 -4.2 108
      vertex -10 -7.02254 124.531
      vertex -10 -3.73796 117.839
    endloop
  endfacet
  facet normal -1 0 0
    outer loop
      vertex -10 -3.73796 117.839
      vertex -10 -7.02254 124.531
      vertex -10 -6.76777 124.232
    endloop
  endfacet
  facet normal -1 0 0
    outer loop
      vertex -10 -7.22752 101.135
      vertex -10 -7.02254 124.531
      vertex -10 -7.02254 101.469
    endloop
  endfacet
  facet normal -1 0 0
    outer loop
      vertex -10 -7.22752 101.135
      vertex -10 -7.22752 124.865
      vertex -10 -7.02254 124.531
    endloop
  endfacet
  facet normal -1 0 0
    outer loop
      vertex -10 -7.37764 100.773
      vertex -10 -7.22752 124.865
      vertex -10 -7.22752 101.135
    endloop
  endfacet
  facet normal -1 0 0
    outer loop
      vertex -10 -7.37764 100.773
      vertex -10 -7.37764 125.227
      vertex -10 -7.22752 124.865
    endloop
  endfacet
  facet normal -1 0 0
    outer loop
      vertex -10 -7.46922 100.391
      vertex -10 -7.37764 125.227
      vertex -10 -7.37764 100.773
    endloop
  endfacet
  facet normal -1 0 0
    outer loop
      vertex -10 -7.46922 100.391
      vertex -10 -7.46922 125.609
      vertex -10 -7.37764 125.227
    endloop
  endfacet
  facet normal -1 0 0
    outer loop
      vertex -10 -7.5 100
      vertex -10 -7.46922 125.609
      vertex -10 -7.46922 100.391
    endloop
  endfacet
  facet normal -1 -0 0
    outer loop
      vertex -10 -7.46922 125.609
      vertex -10 -7.5 100
      vertex -10 -7.5 126
    endloop
  endfacet
  facet normal -1 0 0
    outer loop
      vertex -10 -3.73796 82.1611
      vertex -10 0 92
      vertex -10 0 82.2756
    endloop
  endfacet
  facet normal -1 0 0
    outer loop
      vertex -10 -3.73796 82.1611
      vertex -10 -4.2 92
      vertex -10 0 92
    endloop
  endfacet
  facet normal -1 0 0
    outer loop
      vertex -10 -4.2 92
      vertex -10 -4.22746 97.6224
      vertex -10 -4.2 97.6337
    endloop
  endfacet
  facet normal -1 0 0
    outer loop
      vertex -10 -4.2 92
      vertex -10 -4.60891 97.5308
      vertex -10 -4.22746 97.6224
    endloop
  endfacet
  facet normal -1 0 0
    outer loop
      vertex -10 -7.02254 75.4695
      vertex -10 -4.2 92
      vertex -10 -3.73796 82.1611
    endloop
  endfacet
  facet normal -1 0 0
    outer loop
      vertex -10 -5.77254 76.3776
      vertex -10 -3.73796 82.1611
      vertex -10 -4.62704 77.1189
    endloop
  endfacet
  facet normal -1 0 0
    outer loop
      vertex -10 -5.39109 76.4692
      vertex -10 -4.62704 77.1189
      vertex -10 -5 76.5
    endloop
  endfacet
  facet normal -1 0 0
    outer loop
      vertex -10 -4.2 92
      vertex -10 -5 97.5
      vertex -10 -4.60891 97.5308
    endloop
  endfacet
  facet normal -1 0 0
    outer loop
      vertex -10 -5.77254 76.3776
      vertex -10 -4.62704 77.1189
      vertex -10 -5.39109 76.4692
    endloop
  endfacet
  facet normal -1 0 0
    outer loop
      vertex -10 -4.2 92
      vertex -10 -5.39109 97.5308
      vertex -10 -5 97.5
    endloop
  endfacet
  facet normal -1 0 0
    outer loop
      vertex -10 -3.73796 82.1611
      vertex -10 -5.77254 76.3776
      vertex -10 -6.13498 76.2275
    endloop
  endfacet
  facet normal -1 0 0
    outer loop
      vertex -10 -4.2 92
      vertex -10 -5.77254 97.6224
      vertex -10 -5.39109 97.5308
    endloop
  endfacet
  facet normal -1 0 0
    outer loop
      vertex -10 -6.46946 76.0225
      vertex -10 -3.73796 82.1611
      vertex -10 -6.13498 76.2275
    endloop
  endfacet
  facet normal -1 0 0
    outer loop
      vertex -10 -4.2 92
      vertex -10 -6.13498 97.7725
      vertex -10 -5.77254 97.6224
    endloop
  endfacet
  facet normal -1 0 0
    outer loop
      vertex -10 -6.76777 75.7678
      vertex -10 -3.73796 82.1611
      vertex -10 -6.46946 76.0225
    endloop
  endfacet
  facet normal -1 0 0
    outer loop
      vertex -10 -4.2 92
      vertex -10 -6.46946 97.9775
      vertex -10 -6.13498 97.7725
    endloop
  endfacet
  facet normal -1 0 0
    outer loop
      vertex -10 -7.02254 75.4695
      vertex -10 -3.73796 82.1611
      vertex -10 -6.76777 75.7678
    endloop
  endfacet
  facet normal -1 0 0
    outer loop
      vertex -10 -4.2 92
      vertex -10 -6.76777 98.2322
      vertex -10 -6.46946 97.9775
    endloop
  endfacet
  facet normal -1 -0 0
    outer loop
      vertex -10 -4.2 92
      vertex -10 -7.02254 75.4695
      vertex -10 -7.02254 98.5305
    endloop
  endfacet
  facet normal -1 0 0
    outer loop
      vertex -10 -4.2 92
      vertex -10 -7.02254 98.5305
      vertex -10 -6.76777 98.2322
    endloop
  endfacet
  facet normal -1 0 0
    outer loop
      vertex -10 -7.22752 75.135
      vertex -10 -7.02254 98.5305
      vertex -10 -7.02254 75.4695
    endloop
  endfacet
  facet normal -1 0 0
    outer loop
      vertex -10 -7.22752 75.135
      vertex -10 -7.22752 98.865
      vertex -10 -7.02254 98.5305
    endloop
  endfacet
  facet normal -1 0 0
    outer loop
      vertex -10 -7.37764 74.7725
      vertex -10 -7.22752 98.865
      vertex -10 -7.22752 75.135
    endloop
  endfacet
  facet normal -1 0 0
    outer loop
      vertex -10 -7.37764 74.7725
      vertex -10 -7.37764 99.2275
      vertex -10 -7.22752 98.865
    endloop
  endfacet
  facet normal -1 0 0
    outer loop
      vertex -10 -7.46922 74.3911
      vertex -10 -7.37764 99.2275
      vertex -10 -7.37764 74.7725
    endloop
  endfacet
  facet normal -1 0 0
    outer loop
      vertex -10 -7.46922 74.3911
      vertex -10 -7.46922 99.6089
      vertex -10 -7.37764 99.2275
    endloop
  endfacet
  facet normal -1 0 0
    outer loop
      vertex -10 -7.5 74
      vertex -10 -7.46922 99.6089
      vertex -10 -7.46922 74.3911
    endloop
  endfacet
  facet normal -1 -0 0
    outer loop
      vertex -10 -7.46922 99.6089
      vertex -10 -7.5 74
      vertex -10 -7.5 100
    endloop
  endfacet
  facet normal -1 0 0
    outer loop
      vertex -10 -3.49254 133.961
      vertex -10 0 143.625
      vertex -10 0 133.961
    endloop
  endfacet
  facet normal -1 -0 0
    outer loop
      vertex -10 0 143.625
      vertex -10 -3.49254 133.961
      vertex -10 -3.25495 143.76
    endloop
  endfacet
  facet normal -1 0 0
    outer loop
      vertex -10 -4.62704 133.761
      vertex -10 -3.25495 143.76
      vertex -10 -3.49254 133.961
    endloop
  endfacet
  facet normal -1 0 0
    outer loop
      vertex -10 -6.76777 150.232
      vertex -10 -3.25495 143.76
      vertex -10 -4.62704 133.761
    endloop
  endfacet
  facet normal -1 0 0
    outer loop
      vertex -10 -5.39109 128.469
      vertex -10 -4.62704 133.761
      vertex -10 -5 128.5
    endloop
  endfacet
  facet normal -1 0 0
    outer loop
      vertex -10 -5.77254 128.378
      vertex -10 -4.62704 133.761
      vertex -10 -5.39109 128.469
    endloop
  endfacet
  facet normal -1 0 0
    outer loop
      vertex -10 -6.13498 128.228
      vertex -10 -4.62704 133.761
      vertex -10 -5.77254 128.378
    endloop
  endfacet
  facet normal -1 0 0
    outer loop
      vertex -10 -5.0061 148.572
      vertex -10 -5.39109 149.531
      vertex -10 -5.0061 149.5
    endloop
  endfacet
  facet normal -1 0 0
    outer loop
      vertex -10 -6.46946 128.023
      vertex -10 -4.62704 133.761
      vertex -10 -6.13498 128.228
    endloop
  endfacet
  facet normal -1 0 0
    outer loop
      vertex -10 -5.0061 148.572
      vertex -10 -5.77254 149.622
      vertex -10 -5.39109 149.531
    endloop
  endfacet
  facet normal -1 0 0
    outer loop
      vertex -10 -6.76777 127.768
      vertex -10 -4.62704 133.761
      vertex -10 -6.46946 128.023
    endloop
  endfacet
  facet normal -1 0 0
    outer loop
      vertex -10 -5.0061 148.572
      vertex -10 -6.13498 149.772
      vertex -10 -5.77254 149.622
    endloop
  endfacet
  facet normal -1 0 0
    outer loop
      vertex -10 -3.25495 143.76
      vertex -10 -6.46946 149.977
      vertex -10 -5.0061 148.572
    endloop
  endfacet
  facet normal -1 0 0
    outer loop
      vertex -10 -5.0061 148.572
      vertex -10 -6.46946 149.977
      vertex -10 -6.13498 149.772
    endloop
  endfacet
  facet normal -1 0 0
    outer loop
      vertex -10 -7.02254 127.469
      vertex -10 -4.62704 133.761
      vertex -10 -6.76777 127.768
    endloop
  endfacet
  facet normal -1 0 0
    outer loop
      vertex -10 -3.25495 143.76
      vertex -10 -6.76777 150.232
      vertex -10 -6.46946 149.977
    endloop
  endfacet
  facet normal -1 0 0
    outer loop
      vertex -10 -7.22752 127.135
      vertex -10 -4.62704 133.761
      vertex -10 -7.02254 127.469
    endloop
  endfacet
  facet normal -1 0 0
    outer loop
      vertex -10 -4.62704 133.761
      vertex -10 -7.02254 150.531
      vertex -10 -6.76777 150.232
    endloop
  endfacet
  facet normal -1 0 0
    outer loop
      vertex -10 -7.22752 150.865
      vertex -10 -4.62704 133.761
      vertex -10 -7.22752 127.135
    endloop
  endfacet
  facet normal -1 0 0
    outer loop
      vertex -10 -4.62704 133.761
      vertex -10 -7.22752 150.865
      vertex -10 -7.02254 150.531
    endloop
  endfacet
  facet normal -1 0 0
    outer loop
      vertex -10 -7.37764 126.773
      vertex -10 -7.22752 150.865
      vertex -10 -7.22752 127.135
    endloop
  endfacet
  facet normal -1 0 0
    outer loop
      vertex -10 -7.37764 126.773
      vertex -10 -7.37764 151.227
      vertex -10 -7.22752 150.865
    endloop
  endfacet
  facet normal -1 0 0
    outer loop
      vertex -10 -7.46922 126.391
      vertex -10 -7.37764 151.227
      vertex -10 -7.37764 126.773
    endloop
  endfacet
  facet normal -1 0 0
    outer loop
      vertex -10 -7.46922 126.391
      vertex -10 -7.46922 151.609
      vertex -10 -7.37764 151.227
    endloop
  endfacet
  facet normal -1 0 0
    outer loop
      vertex -10 -7.5 126
      vertex -10 -7.46922 151.609
      vertex -10 -7.46922 126.391
    endloop
  endfacet
  facet normal -1 -0 0
    outer loop
      vertex -10 -7.46922 151.609
      vertex -10 -7.5 126
      vertex -10 -7.5 152
    endloop
  endfacet
  facet normal -1 0 0
    outer loop
      vertex -10 -3.49254 66.0389
      vertex -10 0 56.3754
      vertex -10 -3.25495 56.2396
    endloop
  endfacet
  facet normal -1 0 0
    outer loop
      vertex -10 0 56.3754
      vertex -10 -3.49254 66.0389
      vertex -10 0 66.0389
    endloop
  endfacet
  facet normal -1 0 0
    outer loop
      vertex -10 -3.25495 56.2396
      vertex -10 -4.62704 66.2389
      vertex -10 -3.49254 66.0389
    endloop
  endfacet
  facet normal -1 0 0
    outer loop
      vertex -10 -4.62704 66.2389
      vertex -10 -5 71.5
      vertex -10 -4.62704 71.5294
    endloop
  endfacet
  facet normal -1 0 0
    outer loop
      vertex -10 -6.46946 50.0225
      vertex -10 -3.25495 56.2396
      vertex -10 -5.0061 51.4284
    endloop
  endfacet
  facet normal -1 0 0
    outer loop
      vertex -10 -6.76777 49.7678
      vertex -10 -3.25495 56.2396
      vertex -10 -6.46946 50.0225
    endloop
  endfacet
  facet normal -1 0 0
    outer loop
      vertex -10 -5.77254 50.3776
      vertex -10 -5.0061 51.4284
      vertex -10 -5.39109 50.4692
    endloop
  endfacet
  facet normal -1 0 0
    outer loop
      vertex -10 -4.62704 66.2389
      vertex -10 -5.39109 71.5308
      vertex -10 -5 71.5
    endloop
  endfacet
  facet normal -1 0 0
    outer loop
      vertex -10 -6.13498 50.2275
      vertex -10 -5.0061 51.4284
      vertex -10 -5.77254 50.3776
    endloop
  endfacet
  facet normal -1 0 0
    outer loop
      vertex -10 -4.62704 66.2389
      vertex -10 -5.77254 71.6224
      vertex -10 -5.39109 71.5308
    endloop
  endfacet
  facet normal -1 0 0
    outer loop
      vertex -10 -6.46946 50.0225
      vertex -10 -5.0061 51.4284
      vertex -10 -6.13498 50.2275
    endloop
  endfacet
  facet normal -1 0 0
    outer loop
      vertex -10 -4.62704 66.2389
      vertex -10 -6.13498 71.7725
      vertex -10 -5.77254 71.6224
    endloop
  endfacet
  facet normal -1 -0 0
    outer loop
      vertex -10 -3.25495 56.2396
      vertex -10 -6.76777 49.7678
      vertex -10 -4.62704 66.2389
    endloop
  endfacet
  facet normal -1 0 0
    outer loop
      vertex -10 -4.62704 66.2389
      vertex -10 -6.46946 71.9775
      vertex -10 -6.13498 71.7725
    endloop
  endfacet
  facet normal -1 0 0
    outer loop
      vertex -10 -7.02254 49.4695
      vertex -10 -4.62704 66.2389
      vertex -10 -6.76777 49.7678
    endloop
  endfacet
  facet normal -1 0 0
    outer loop
      vertex -10 -4.62704 66.2389
      vertex -10 -6.76777 72.2322
      vertex -10 -6.46946 71.9775
    endloop
  endfacet
  facet normal -1 0 0
    outer loop
      vertex -10 -7.22752 49.135
      vertex -10 -4.62704 66.2389
      vertex -10 -7.02254 49.4695
    endloop
  endfacet
  facet normal -1 0 0
    outer loop
      vertex -10 -4.62704 66.2389
      vertex -10 -7.02254 72.5305
      vertex -10 -6.76777 72.2322
    endloop
  endfacet
  facet normal -1 0 0
    outer loop
      vertex -10 -7.22752 72.865
      vertex -10 -4.62704 66.2389
      vertex -10 -7.22752 49.135
    endloop
  endfacet
  facet normal -1 0 0
    outer loop
      vertex -10 -4.62704 66.2389
      vertex -10 -7.22752 72.865
      vertex -10 -7.02254 72.5305
    endloop
  endfacet
  facet normal -1 0 0
    outer loop
      vertex -10 -7.37764 48.7725
      vertex -10 -7.22752 72.865
      vertex -10 -7.22752 49.135
    endloop
  endfacet
  facet normal -1 0 0
    outer loop
      vertex -10 -7.37764 48.7725
      vertex -10 -7.37764 73.2275
      vertex -10 -7.22752 72.865
    endloop
  endfacet
  facet normal -1 0 0
    outer loop
      vertex -10 -7.46922 48.3911
      vertex -10 -7.37764 73.2275
      vertex -10 -7.37764 48.7725
    endloop
  endfacet
  facet normal -1 0 0
    outer loop
      vertex -10 -7.46922 48.3911
      vertex -10 -7.46922 73.6089
      vertex -10 -7.37764 73.2275
    endloop
  endfacet
  facet normal -1 0 0
    outer loop
      vertex -10 -7.5 48
      vertex -10 -7.46922 73.6089
      vertex -10 -7.46922 48.3911
    endloop
  endfacet
  facet normal -1 -0 0
    outer loop
      vertex -10 -7.46922 73.6089
      vertex -10 -7.5 48
      vertex -10 -7.5 74
    endloop
  endfacet
  facet normal -1 0 0
    outer loop
      vertex -10 -2.76566 30.233
      vertex -10 0 40.1544
      vertex -10 0 30.3364
    endloop
  endfacet
  facet normal -1 0 0
    outer loop
      vertex -10 -2.76566 30.233
      vertex -10 -3.92357 40.1544
      vertex -10 0 40.1544
    endloop
  endfacet
  facet normal -1 0 0
    outer loop
      vertex -10 -2.76566 30.233
      vertex -10 -5.0061 40.5484
      vertex -10 -3.92357 40.1544
    endloop
  endfacet
  facet normal -1 0 0
    outer loop
      vertex -10 -5.32566 25.799
      vertex -10 -5.0061 40.5484
      vertex -10 -2.76566 30.233
    endloop
  endfacet
  facet normal -1 0 0
    outer loop
      vertex -10 -6.76777 23.7678
      vertex -10 -5.0061 40.5484
      vertex -10 -5.32566 25.799
    endloop
  endfacet
  facet normal -1 0 0
    outer loop
      vertex -10 -5.77254 24.3776
      vertex -10 -5.32566 25.799
      vertex -10 -5.39109 24.4692
    endloop
  endfacet
  facet normal -1 0 0
    outer loop
      vertex -10 -5.0061 40.5484
      vertex -10 -5.39109 45.5308
      vertex -10 -5.0061 45.5005
    endloop
  endfacet
  facet normal -1 0 0
    outer loop
      vertex -10 -6.13498 24.2275
      vertex -10 -5.32566 25.799
      vertex -10 -5.77254 24.3776
    endloop
  endfacet
  facet normal -1 0 0
    outer loop
      vertex -10 -5.0061 40.5484
      vertex -10 -5.77254 45.6224
      vertex -10 -5.39109 45.5308
    endloop
  endfacet
  facet normal -1 0 0
    outer loop
      vertex -10 -6.46946 24.0225
      vertex -10 -5.32566 25.799
      vertex -10 -6.13498 24.2275
    endloop
  endfacet
  facet normal -1 0 0
    outer loop
      vertex -10 -5.0061 40.5484
      vertex -10 -6.13498 45.7725
      vertex -10 -5.77254 45.6224
    endloop
  endfacet
  facet normal -1 0 0
    outer loop
      vertex -10 -6.76777 23.7678
      vertex -10 -5.32566 25.799
      vertex -10 -6.46946 24.0225
    endloop
  endfacet
  facet normal -1 0 0
    outer loop
      vertex -10 -5.0061 40.5484
      vertex -10 -6.46946 45.9775
      vertex -10 -6.13498 45.7725
    endloop
  endfacet
  facet normal -1 0 0
    outer loop
      vertex -10 -7.02254 23.4695
      vertex -10 -5.0061 40.5484
      vertex -10 -6.76777 23.7678
    endloop
  endfacet
  facet normal -1 0 0
    outer loop
      vertex -10 -5.0061 40.5484
      vertex -10 -6.76777 46.2322
      vertex -10 -6.46946 45.9775
    endloop
  endfacet
  facet normal -1 0 0
    outer loop
      vertex -10 -7.22752 23.135
      vertex -10 -5.0061 40.5484
      vertex -10 -7.02254 23.4695
    endloop
  endfacet
  facet normal -1 0 0
    outer loop
      vertex -10 -5.0061 40.5484
      vertex -10 -7.02254 46.5305
      vertex -10 -6.76777 46.2322
    endloop
  endfacet
  facet normal -1 0 0
    outer loop
      vertex -10 -7.22752 46.865
      vertex -10 -5.0061 40.5484
      vertex -10 -7.22752 23.135
    endloop
  endfacet
  facet normal -1 0 0
    outer loop
      vertex -10 -5.0061 40.5484
      vertex -10 -7.22752 46.865
      vertex -10 -7.02254 46.5305
    endloop
  endfacet
  facet normal -1 0 0
    outer loop
      vertex -10 -7.37764 22.7725
      vertex -10 -7.22752 46.865
      vertex -10 -7.22752 23.135
    endloop
  endfacet
  facet normal -1 0 0
    outer loop
      vertex -10 -7.37764 22.7725
      vertex -10 -7.37764 47.2275
      vertex -10 -7.22752 46.865
    endloop
  endfacet
  facet normal -1 0 0
    outer loop
      vertex -10 -7.46922 22.3911
      vertex -10 -7.37764 47.2275
      vertex -10 -7.37764 22.7725
    endloop
  endfacet
  facet normal -1 0 0
    outer loop
      vertex -10 -7.46922 22.3911
      vertex -10 -7.46922 47.6089
      vertex -10 -7.37764 47.2275
    endloop
  endfacet
  facet normal -1 0 0
    outer loop
      vertex -10 -10 6
      vertex -10 -7.46922 22.3911
      vertex -10 -7.5 22
    endloop
  endfacet
  facet normal -1 -0 0
    outer loop
      vertex -10 -7.46922 22.3911
      vertex -10 -10 6
      vertex -10 -7.46922 47.6089
    endloop
  endfacet
  facet normal -1 0 0
    outer loop
      vertex -10 -4.328 185.657
      vertex -10 0 194
      vertex -10 0 185.657
    endloop
  endfacet
  facet normal -1 0 0
    outer loop
      vertex -10 -10 194
      vertex -10 -4.328 185.657
      vertex -10 -5.32566 185.081
    endloop
  endfacet
  facet normal -1 0 0
    outer loop
      vertex -10 -5.77254 180.378
      vertex -10 -5.32566 185.081
      vertex -10 -5.39109 180.469
    endloop
  endfacet
  facet normal -1 0 0
    outer loop
      vertex -10 -6.13498 180.228
      vertex -10 -5.32566 185.081
      vertex -10 -5.77254 180.378
    endloop
  endfacet
  facet normal -1 0 0
    outer loop
      vertex -10 -6.46946 180.023
      vertex -10 -5.32566 185.081
      vertex -10 -6.13498 180.228
    endloop
  endfacet
  facet normal -1 0 0
    outer loop
      vertex -10 -6.76777 179.768
      vertex -10 -5.32566 185.081
      vertex -10 -6.46946 180.023
    endloop
  endfacet
  facet normal -1 0 0
    outer loop
      vertex -10 -7.02254 179.469
      vertex -10 -5.32566 185.081
      vertex -10 -6.76777 179.768
    endloop
  endfacet
  facet normal -1 0 0
    outer loop
      vertex -10 -10 194
      vertex -10 -7.02254 179.469
      vertex -10 -7.22752 179.135
    endloop
  endfacet
  facet normal -1 0 0
    outer loop
      vertex -10 -10 194
      vertex -10 -7.22752 179.135
      vertex -10 -7.37764 178.773
    endloop
  endfacet
  facet normal -1 0 0
    outer loop
      vertex -10 -4.328 185.657
      vertex -10 -10 194
      vertex -10 0 194
    endloop
  endfacet
  facet normal -1 0 0
    outer loop
      vertex -10 -7.02254 179.469
      vertex -10 -10 194
      vertex -10 -5.32566 185.081
    endloop
  endfacet
  facet normal -1 0 0
    outer loop
      vertex -10 -7.46922 178.391
      vertex -10 -10 194
      vertex -10 -7.37764 178.773
    endloop
  endfacet
  facet normal -1 0 0
    outer loop
      vertex -10 -7.5 178
      vertex -10 -10 194
      vertex -10 -7.46922 178.391
    endloop
  endfacet
  facet normal -1 0 0
    outer loop
      vertex -10 -7.5 152
      vertex -10 -10 194
      vertex -10 -7.5 178
    endloop
  endfacet
  facet normal 0 1 0
    outer loop
      vertex 10 0 194
      vertex 8.94697 0 185.838
      vertex -10 0 194
    endloop
  endfacet
  facet normal -0 1 0
    outer loop
      vertex 8.94697 0 185.838
      vertex 10 0 194
      vertex 10 0 185.657
    endloop
  endfacet
  facet normal 0 1 -0
    outer loop
      vertex -8.94697 0 185.838
      vertex -10 0 194
      vertex 8.94697 0 185.838
    endloop
  endfacet
  facet normal 0 1 0
    outer loop
      vertex -10 0 194
      vertex -8.94697 0 185.838
      vertex -10 0 185.657
    endloop
  endfacet
  facet normal 0 1 0
    outer loop
      vertex 8.2 0 6
      vertex 8.94697 0 14.1624
      vertex 10 0 6
    endloop
  endfacet
  facet normal 0 1 -0
    outer loop
      vertex 10 0 6
      vertex 8.94697 0 14.1624
      vertex 10 0 14.343
    endloop
  endfacet
  facet normal 0 1 0
    outer loop
      vertex 8.94697 0 14.1624
      vertex 8.2 0 6
      vertex -8.94697 0 14.1624
    endloop
  endfacet
  facet normal 0 1 -0
    outer loop
      vertex -8.2 0 6
      vertex -8.94697 0 14.1624
      vertex 8.2 0 6
    endloop
  endfacet
  facet normal 0 1 0
    outer loop
      vertex -10 0 6
      vertex -8.94697 0 14.1624
      vertex -8.2 0 6
    endloop
  endfacet
  facet normal 0 1 0
    outer loop
      vertex -8.94697 0 14.1624
      vertex -10 0 6
      vertex -10 0 14.343
    endloop
  endfacet
  facet normal 0 1 0
    outer loop
      vertex 8.67855 0 66.0132
      vertex 10 0 56.3754
      vertex -8.67855 0 66.0132
    endloop
  endfacet
  facet normal 0 1 -0
    outer loop
      vertex 10 0 56.3754
      vertex 8.67855 0 66.0132
      vertex 10 0 66.0389
    endloop
  endfacet
  facet normal 0 1 0
    outer loop
      vertex -10 0 56.3754
      vertex -8.67855 0 66.0132
      vertex 10 0 56.3754
    endloop
  endfacet
  facet normal 0 1 0
    outer loop
      vertex -8.67855 0 66.0132
      vertex -10 0 56.3754
      vertex -10 0 66.0389
    endloop
  endfacet
  facet normal 0 1 0
    outer loop
      vertex 8.79478 0 40.0614
      vertex 10 0 30.3364
      vertex -8.79478 0 40.0614
    endloop
  endfacet
  facet normal 0 1 -0
    outer loop
      vertex 10 0 30.3364
      vertex 8.79478 0 40.0614
      vertex 10 0 40.1544
    endloop
  endfacet
  facet normal 0 1 0
    outer loop
      vertex -10 0 30.3364
      vertex -8.79478 0 40.0614
      vertex 10 0 30.3364
    endloop
  endfacet
  facet normal 0 1 0
    outer loop
      vertex -8.79478 0 40.0614
      vertex -10 0 30.3364
      vertex -10 0 40.1544
    endloop
  endfacet
  facet normal 0 1 0
    outer loop
      vertex 10 0 169.664
      vertex 8.79478 0 159.939
      vertex -10 0 169.664
    endloop
  endfacet
  facet normal -0 1 0
    outer loop
      vertex 8.79478 0 159.939
      vertex 10 0 169.664
      vertex 10 0 159.846
    endloop
  endfacet
  facet normal 0 1 -0
    outer loop
      vertex -8.79478 0 159.939
      vertex -10 0 169.664
      vertex 8.79478 0 159.939
    endloop
  endfacet
  facet normal 0 1 0
    outer loop
      vertex -10 0 169.664
      vertex -8.79478 0 159.939
      vertex -10 0 159.846
    endloop
  endfacet
  facet normal 0 1 0
    outer loop
      vertex 10 0 143.625
      vertex 8.67855 0 133.987
      vertex -10 0 143.625
    endloop
  endfacet
  facet normal -0 1 0
    outer loop
      vertex 8.67855 0 133.987
      vertex 10 0 143.625
      vertex 10 0 133.961
    endloop
  endfacet
  facet normal 0 1 -0
    outer loop
      vertex -8.67855 0 133.987
      vertex -10 0 143.625
      vertex 8.67855 0 133.987
    endloop
  endfacet
  facet normal 0 1 0
    outer loop
      vertex -10 0 143.625
      vertex -8.67855 0 133.987
      vertex -10 0 133.961
    endloop
  endfacet
  facet normal 0 1 -0
    outer loop
      vertex 10 0 108
      vertex -10 0 117.724
      vertex 10 0 117.724
    endloop
  endfacet
  facet normal 0 1 0
    outer loop
      vertex -10 0 117.724
      vertex 10 0 108
      vertex -10 0 108
    endloop
  endfacet
  facet normal 0 1 -0
    outer loop
      vertex 10 0 82.2756
      vertex -10 0 92
      vertex 10 0 92
    endloop
  endfacet
  facet normal 0 1 0
    outer loop
      vertex -10 0 92
      vertex 10 0 82.2756
      vertex -10 0 82.2756
    endloop
  endfacet
  facet normal 0 -1 0
    outer loop
      vertex -10 -10 6
      vertex 10 -10 194
      vertex -10 -10 194
    endloop
  endfacet
  facet normal 0 -1 -0
    outer loop
      vertex 10 -10 194
      vertex -10 -10 6
      vertex 10 -10 6
    endloop
  endfacet
  facet normal 0.923747 -0.191502 0.331691
    outer loop
      vertex -10.856 9.73906 177.759
      vertex -10.8019 -0.241599 171.846
      vertex -10.8019 9.8043 177.646
    endloop
  endfacet
  facet normal 0.923746 -0.191503 0.331693
    outer loop
      vertex -10.8019 -0.241599 171.846
      vertex -10.856 9.73906 177.759
      vertex -10.856 -0.306837 171.959
    endloop
  endfacet
  facet normal -0.972394 -0.116673 0.202083
    outer loop
      vertex -9.14405 -0.306837 171.959
      vertex -9.11108 9.67039 177.878
      vertex -9.14405 9.73906 177.759
    endloop
  endfacet
  facet normal -0.972392 -0.116676 0.202089
    outer loop
      vertex -9.11108 9.67039 177.878
      vertex -9.14405 -0.306837 171.959
      vertex -9.11108 -0.375499 172.078
    endloop
  endfacet
  facet normal -0.99692 -0.0392115 0.0679162
    outer loop
      vertex -9.11108 -0.375499 172.078
      vertex -9.1 9.6 178
      vertex -9.11108 9.67039 177.878
    endloop
  endfacet
  facet normal -0.99692 -0.0392108 0.067915
    outer loop
      vertex -9.1 9.6 178
      vertex -9.11108 -0.375499 172.078
      vertex -9.1 -0.445894 172.2
    endloop
  endfacet
  facet normal -0.923897 -0.191321 0.331377
    outer loop
      vertex -9.19809 -0.241599 171.846
      vertex -9.14405 9.73906 177.759
      vertex -9.19809 9.8043 177.646
    endloop
  endfacet
  facet normal -0.923896 -0.191322 0.331379
    outer loop
      vertex -9.14405 9.73906 177.759
      vertex -9.19809 -0.241599 171.846
      vertex -9.14405 -0.306837 171.959
    endloop
  endfacet
  facet normal -0.518433 0.427559 -0.740554
    outer loop
      vertex -9.59141 9.19905 178.694
      vertex -9.47099 -0.809952 172.831
      vertex -9.59141 -0.846847 172.894
    endloop
  endfacet
  facet normal -0.51842 0.427563 -0.740561
    outer loop
      vertex -9.47099 -0.809952 172.831
      vertex -9.59141 9.19905 178.694
      vertex -9.47099 9.23594 178.631
    endloop
  endfacet
  facet normal -0.972392 0.116677 -0.20209
    outer loop
      vertex -9.11108 -0.51629 172.322
      vertex -9.14405 9.46094 178.241
      vertex -9.11108 9.5296 178.122
    endloop
  endfacet
  facet normal -0.972392 0.116676 -0.202089
    outer loop
      vertex -9.14405 9.46094 178.241
      vertex -9.11108 -0.51629 172.322
      vertex -9.14405 -0.584952 172.441
    endloop
  endfacet
  facet normal -0.383721 0.461725 -0.79973
    outer loop
      vertex -9.72188 9.17202 178.741
      vertex -9.59141 -0.846847 172.894
      vertex -9.72188 -0.873869 172.941
    endloop
  endfacet
  facet normal -0.383745 0.461719 -0.799722
    outer loop
      vertex -9.59141 -0.846847 172.894
      vertex -9.72188 9.17202 178.741
      vertex -9.59141 9.19905 178.694
    endloop
  endfacet
  facet normal 0.383579 -0.461753 0.799782
    outer loop
      vertex -10.4086 10.001 177.306
      vertex -10.2781 -0.017919 171.459
      vertex -10.2781 10.028 177.259
    endloop
  endfacet
  facet normal 0.383647 -0.461738 0.799758
    outer loop
      vertex -10.2781 -0.017919 171.459
      vertex -10.4086 10.001 177.306
      vertex -10.4086 -0.0449414 171.506
    endloop
  endfacet
  facet normal 0.383646 0.46174 -0.799757
    outer loop
      vertex -10.4086 -0.846847 172.894
      vertex -10.2781 9.17202 178.741
      vertex -10.2781 -0.873869 172.941
    endloop
  endfacet
  facet normal 0.38367 0.461735 -0.799749
    outer loop
      vertex -10.2781 9.17202 178.741
      vertex -10.4086 -0.846847 172.894
      vertex -10.4086 9.19905 178.694
    endloop
  endfacet
  facet normal 0.518613 -0.427503 0.740461
    outer loop
      vertex -10.529 9.96406 177.369
      vertex -10.4086 -0.0449414 171.506
      vertex -10.4086 10.001 177.306
    endloop
  endfacet
  facet normal 0.518497 -0.42754 0.740521
    outer loop
      vertex -10.4086 -0.0449414 171.506
      vertex -10.529 9.96406 177.369
      vertex -10.529 -0.0818366 171.569
    endloop
  endfacet
  facet normal -0.651457 -0.379343 0.657041
    outer loop
      vertex -9.47099 -0.0818366 171.569
      vertex -9.3636 9.9182 177.449
      vertex -9.47099 9.96406 177.369
    endloop
  endfacet
  facet normal -0.651456 -0.379343 0.657042
    outer loop
      vertex -9.3636 9.9182 177.449
      vertex -9.47099 -0.0818366 171.569
      vertex -9.3636 -0.127696 171.649
    endloop
  endfacet
  facet normal 0.236134 -0.485859 0.841535
    outer loop
      vertex -10.2781 10.028 177.259
      vertex -10.1408 -0.00143475 171.43
      vertex -10.1408 10.0445 177.23
    endloop
  endfacet
  facet normal 0.236081 -0.485866 0.841546
    outer loop
      vertex -10.1408 -0.00143475 171.43
      vertex -10.2781 10.028 177.259
      vertex -10.2781 -0.017919 171.459
    endloop
  endfacet
  facet normal 0.92509 0.189837 -0.328893
    outer loop
      vertex -10.856 -0.584952 172.441
      vertex -10.8227 9.42083 178.31
      vertex -10.8019 9.3957 178.354
    endloop
  endfacet
  facet normal 0.92289 0.192532 -0.333475
    outer loop
      vertex -10.8227 9.42083 178.31
      vertex -10.856 -0.584952 172.441
      vertex -10.856 9.46094 178.241
    endloop
  endfacet
  facet normal 0.923746 0.191503 -0.331693
    outer loop
      vertex -10.856 -0.584952 172.441
      vertex -10.8019 9.3957 178.354
      vertex -10.8019 -0.65019 172.554
    endloop
  endfacet
  facet normal 0.0746789 -0.498604 0.863607
    outer loop
      vertex -10.1408 10.0445 177.23
      vertex -10 0.00410562 171.421
      vertex -10 10.05 177.221
    endloop
  endfacet
  facet normal 0.074821 -0.498597 0.863599
    outer loop
      vertex -10 0.00410562 171.421
      vertex -10.1408 10.0445 177.23
      vertex -10.1408 -0.00143475 171.43
    endloop
  endfacet
  facet normal 0.236084 0.485866 -0.841545
    outer loop
      vertex -10.2781 -0.873869 172.941
      vertex -10.1408 9.15554 178.77
      vertex -10.1408 -0.890354 172.97
    endloop
  endfacet
  facet normal 0.236067 0.485869 -0.841549
    outer loop
      vertex -10.1408 9.15554 178.77
      vertex -10.2781 -0.873869 172.941
      vertex -10.2781 9.17202 178.741
    endloop
  endfacet
  facet normal -0.00209744 0.865906 0.500202
    outer loop
      vertex -10 0.00410562 171.421
      vertex -10 -0.895894 172.979
      vertex -9.85921 -0.890354 172.97
    endloop
  endfacet
  facet normal 0.0016043 0.866073 0.499915
    outer loop
      vertex -9.85921 -0.00143475 171.43
      vertex -9.85921 -0.890354 172.97
      vertex -9.72188 -0.873869 172.941
    endloop
  endfacet
  facet normal 0.0020973 0.865906 0.500202
    outer loop
      vertex -10 -0.895894 172.979
      vertex -10 0.00410562 171.421
      vertex -10.1408 -0.890354 172.97
    endloop
  endfacet
  facet normal 0.000819769 0.865945 0.500139
    outer loop
      vertex -9.72188 -0.017919 171.459
      vertex -9.72188 -0.873869 172.941
      vertex -9.59141 -0.846847 172.894
    endloop
  endfacet
  facet normal -0.00212451 0.866072 0.499914
    outer loop
      vertex -10.1408 -0.00143475 171.43
      vertex -10.1408 -0.890354 172.97
      vertex -10 0.00410562 171.421
    endloop
  endfacet
  facet normal -0.00357557 0.865873 0.500251
    outer loop
      vertex -9.59141 -0.0449414 171.506
      vertex -9.59141 -0.846847 172.894
      vertex -9.47099 -0.809952 172.831
    endloop
  endfacet
  facet normal -0.00160465 0.866073 0.499915
    outer loop
      vertex -10.1408 -0.890354 172.97
      vertex -10.1408 -0.00143475 171.43
      vertex -10.2781 -0.873869 172.941
    endloop
  endfacet
  facet normal 0.00238974 0.866172 0.499741
    outer loop
      vertex -9.47099 -0.0818366 171.569
      vertex -9.47099 -0.809952 172.831
      vertex -9.3636 -0.764092 172.751
    endloop
  endfacet
  facet normal 0.00167203 0.865944 0.500138
    outer loop
      vertex -10.2781 -0.017919 171.459
      vertex -10.2781 -0.873869 172.941
      vertex -10.1408 -0.00143475 171.43
    endloop
  endfacet
  facet normal 0.000110847 0.865972 0.500092
    outer loop
      vertex -9.3636 -0.127696 171.649
      vertex -9.3636 -0.764092 172.751
      vertex -9.27188 -0.710397 172.658
    endloop
  endfacet
  facet normal -0.000819581 0.865945 0.500139
    outer loop
      vertex -10.2781 -0.873869 172.941
      vertex -10.2781 -0.017919 171.459
      vertex -10.4086 -0.846847 172.894
    endloop
  endfacet
  facet normal -0.0017038 0.865961 0.500108
    outer loop
      vertex -9.27188 -0.181391 171.742
      vertex -9.27188 -0.710397 172.658
      vertex -9.19809 -0.65019 172.554
    endloop
  endfacet
  facet normal 0.000872274 0.865878 0.500254
    outer loop
      vertex -10.4086 -0.0449414 171.506
      vertex -10.4086 -0.846847 172.894
      vertex -10.2781 -0.017919 171.459
    endloop
  endfacet
  facet normal -0.000401159 0.866117 0.499841
    outer loop
      vertex -9.19809 -0.241599 171.846
      vertex -9.19809 -0.65019 172.554
      vertex -9.14405 -0.584952 172.441
    endloop
  endfacet
  facet normal 0.00357617 0.865873 0.500251
    outer loop
      vertex -10.4086 -0.846847 172.894
      vertex -10.4086 -0.0449414 171.506
      vertex -10.529 -0.809952 172.831
    endloop
  endfacet
  facet normal 0.000170149 0.866139 0.499802
    outer loop
      vertex -9.19809 -0.241599 171.846
      vertex -9.14405 -0.584952 172.441
      vertex -9.11108 -0.51629 172.322
    endloop
  endfacet
  facet normal -0.00393606 0.866167 0.499738
    outer loop
      vertex -10.529 -0.0818366 171.569
      vertex -10.529 -0.809952 172.831
      vertex -10.4086 -0.0449414 171.506
    endloop
  endfacet
  facet normal 0.000207469 0.866142 0.499797
    outer loop
      vertex -9.19809 -0.241599 171.846
      vertex -9.11108 -0.51629 172.322
      vertex -9.1 -0.445894 172.2
    endloop
  endfacet
  facet normal -0.00238951 0.866172 0.499741
    outer loop
      vertex -10.529 -0.809952 172.831
      vertex -10.529 -0.0818366 171.569
      vertex -10.6364 -0.764092 172.751
    endloop
  endfacet
  facet normal -7.72027e-05 0.866151 0.499783
    outer loop
      vertex -9.14405 -0.306837 171.959
      vertex -9.1 -0.445894 172.2
      vertex -9.11108 -0.375499 172.078
    endloop
  endfacet
  facet normal 0.00212466 0.866072 0.499914
    outer loop
      vertex -9.85921 -0.890354 172.97
      vertex -9.85921 -0.00143475 171.43
      vertex -10 0.00410562 171.421
    endloop
  endfacet
  facet normal 0.000960005 0.866232 0.499641
    outer loop
      vertex -9.19809 -0.241599 171.846
      vertex -9.1 -0.445894 172.2
      vertex -9.14405 -0.306837 171.959
    endloop
  endfacet
  facet normal 0.002741 0.865969 0.50009
    outer loop
      vertex -10.6364 -0.127696 171.649
      vertex -10.6364 -0.764092 172.751
      vertex -10.529 -0.0818366 171.569
    endloop
  endfacet
  facet normal 0.0022182 0.866115 0.49984
    outer loop
      vertex -9.19809 -0.65019 172.554
      vertex -9.19809 -0.241599 171.846
      vertex -9.27188 -0.181391 171.742
    endloop
  endfacet
  facet normal -0.000110872 0.865972 0.500092
    outer loop
      vertex -10.6364 -0.764092 172.751
      vertex -10.6364 -0.127696 171.649
      vertex -10.7281 -0.710397 172.658
    endloop
  endfacet
  facet normal -0.000133354 0.865963 0.500109
    outer loop
      vertex -9.27188 -0.710397 172.658
      vertex -9.27188 -0.181391 171.742
      vertex -9.3636 -0.127696 171.649
    endloop
  endfacet
  facet normal 0.000133383 0.865963 0.500109
    outer loop
      vertex -10.7281 -0.181391 171.742
      vertex -10.7281 -0.710397 172.658
      vertex -10.6364 -0.127696 171.649
    endloop
  endfacet
  facet normal -0.00274125 0.865969 0.50009
    outer loop
      vertex -9.3636 -0.764092 172.751
      vertex -9.3636 -0.127696 171.649
      vertex -9.47099 -0.0818366 171.569
    endloop
  endfacet
  facet normal -0.00167166 0.865944 0.500138
    outer loop
      vertex -9.72188 -0.873869 172.941
      vertex -9.72188 -0.017919 171.459
      vertex -9.85921 -0.00143475 171.43
    endloop
  endfacet
  facet normal 0.00393541 0.866167 0.499738
    outer loop
      vertex -9.47099 -0.809952 172.831
      vertex -9.47099 -0.0818366 171.569
      vertex -9.59141 -0.0449414 171.506
    endloop
  endfacet
  facet normal -0.000872475 0.865878 0.500254
    outer loop
      vertex -9.59141 -0.846847 172.894
      vertex -9.59141 -0.0449414 171.506
      vertex -9.72188 -0.017919 171.459
    endloop
  endfacet
  facet normal -0.0022179 0.866115 0.49984
    outer loop
      vertex -10.8019 -0.241599 171.846
      vertex -10.8019 -0.65019 172.554
      vertex -10.7281 -0.181391 171.742
    endloop
  endfacet
  facet normal -0.000957612 0.866232 0.499641
    outer loop
      vertex -10.9 -0.445894 172.2
      vertex -10.8019 -0.241599 171.846
      vertex -10.856 -0.306837 171.959
    endloop
  endfacet
  facet normal 7.75158e-05 0.866151 0.499783
    outer loop
      vertex -10.9 -0.445894 172.2
      vertex -10.856 -0.306837 171.959
      vertex -10.8889 -0.375499 172.078
    endloop
  endfacet
  facet normal -0.000207361 0.866142 0.499797
    outer loop
      vertex -10.8889 -0.51629 172.322
      vertex -10.8019 -0.241599 171.846
      vertex -10.9 -0.445894 172.2
    endloop
  endfacet
  facet normal 0.000400714 0.866117 0.499841
    outer loop
      vertex -10.8019 -0.65019 172.554
      vertex -10.8019 -0.241599 171.846
      vertex -10.856 -0.584952 172.441
    endloop
  endfacet
  facet normal -0.000170375 0.866139 0.499802
    outer loop
      vertex -10.856 -0.584952 172.441
      vertex -10.8019 -0.241599 171.846
      vertex -10.8889 -0.51629 172.322
    endloop
  endfacet
  facet normal 0.00170357 0.865961 0.500108
    outer loop
      vertex -10.7281 -0.710397 172.658
      vertex -10.7281 -0.181391 171.742
      vertex -10.8019 -0.65019 172.554
    endloop
  endfacet
  facet normal -0.923897 0.191321 -0.331377
    outer loop
      vertex -9.14405 -0.584952 172.441
      vertex -9.19809 9.3957 178.354
      vertex -9.14405 9.46094 178.241
    endloop
  endfacet
  facet normal -0.923896 0.191322 -0.331379
    outer loop
      vertex -9.19809 9.3957 178.354
      vertex -9.14405 -0.584952 172.441
      vertex -9.19809 -0.65019 172.554
    endloop
  endfacet
  facet normal 0.760476 0.324683 -0.562367
    outer loop
      vertex -10.6364 9.2818 178.551
      vertex -10.7281 -0.710397 172.658
      vertex -10.7281 9.3355 178.458
    endloop
  endfacet
  facet normal 0.760469 0.324687 -0.562375
    outer loop
      vertex -10.7281 -0.710397 172.658
      vertex -10.6364 9.2818 178.551
      vertex -10.6364 -0.764092 172.751
    endloop
  endfacet
  facet normal 0.651422 -0.379358 0.657067
    outer loop
      vertex -10.6364 9.9182 177.449
      vertex -10.529 -0.0818366 171.569
      vertex -10.529 9.96406 177.369
    endloop
  endfacet
  facet normal 0.651421 -0.379358 0.657068
    outer loop
      vertex -10.529 -0.0818366 171.569
      vertex -10.6364 9.9182 177.449
      vertex -10.6364 -0.127696 171.649
    endloop
  endfacet
  facet normal -0.074825 0.498598 -0.863598
    outer loop
      vertex -10 9.15 178.779
      vertex -9.85921 -0.890354 172.97
      vertex -10 -0.895894 172.979
    endloop
  endfacet
  facet normal -0.074825 0.498598 -0.863598
    outer loop
      vertex -9.85921 -0.890354 172.97
      vertex -10 9.15 178.779
      vertex -9.85921 9.15554 178.77
    endloop
  endfacet
  facet normal 0.651422 0.379358 -0.657067
    outer loop
      vertex -10.6364 -0.764092 172.751
      vertex -10.529 9.23594 178.631
      vertex -10.529 -0.809952 172.831
    endloop
  endfacet
  facet normal 0.651422 0.379358 -0.657067
    outer loop
      vertex -10.529 9.23594 178.631
      vertex -10.6364 -0.764092 172.751
      vertex -10.6364 9.2818 178.551
    endloop
  endfacet
  facet normal -0.85216 0.261641 -0.453174
    outer loop
      vertex -9.19809 -0.65019 172.554
      vertex -9.27188 9.3355 178.458
      vertex -9.19809 9.3957 178.354
    endloop
  endfacet
  facet normal -0.852167 0.261635 -0.453165
    outer loop
      vertex -9.27188 9.3355 178.458
      vertex -9.19809 -0.65019 172.554
      vertex -9.27188 -0.710397 172.658
    endloop
  endfacet
  facet normal -0.85216 -0.261641 0.453174
    outer loop
      vertex -9.27188 -0.181391 171.742
      vertex -9.19809 9.8043 177.646
      vertex -9.27188 9.8645 177.542
    endloop
  endfacet
  facet normal -0.852168 -0.261634 0.453164
    outer loop
      vertex -9.19809 9.8043 177.646
      vertex -9.27188 -0.181391 171.742
      vertex -9.19809 -0.241599 171.846
    endloop
  endfacet
  facet normal -0.760406 -0.324724 0.562438
    outer loop
      vertex -9.3636 -0.127696 171.649
      vertex -9.27188 9.8645 177.542
      vertex -9.3636 9.9182 177.449
    endloop
  endfacet
  facet normal -0.760399 -0.324728 0.562446
    outer loop
      vertex -9.27188 9.8645 177.542
      vertex -9.3636 -0.127696 171.649
      vertex -9.27188 -0.181391 171.742
    endloop
  endfacet
  facet normal 0.760476 -0.324683 0.562367
    outer loop
      vertex -10.7281 9.8645 177.542
      vertex -10.6364 -0.127696 171.649
      vertex -10.6364 9.9182 177.449
    endloop
  endfacet
  facet normal 0.760469 -0.324687 0.562375
    outer loop
      vertex -10.6364 -0.127696 171.649
      vertex -10.7281 9.8645 177.542
      vertex -10.7281 -0.181391 171.742
    endloop
  endfacet
  facet normal -0.0746841 -0.498604 0.863607
    outer loop
      vertex -10 0.00410562 171.421
      vertex -9.85921 10.0445 177.23
      vertex -10 10.05 177.221
    endloop
  endfacet
  facet normal -0.0748263 -0.498597 0.863598
    outer loop
      vertex -9.85921 10.0445 177.23
      vertex -10 0.00410562 171.421
      vertex -9.85921 -0.00143475 171.43
    endloop
  endfacet
  facet normal -0.383654 -0.461738 0.799755
    outer loop
      vertex -9.72188 -0.017919 171.459
      vertex -9.59141 10.001 177.306
      vertex -9.72188 10.028 177.259
    endloop
  endfacet
  facet normal -0.383722 -0.461723 0.799731
    outer loop
      vertex -9.59141 10.001 177.306
      vertex -9.72188 -0.017919 171.459
      vertex -9.59141 -0.0449414 171.506
    endloop
  endfacet
  facet normal 0.972506 -0.116439 0.201677
    outer loop
      vertex -10.8889 9.67039 177.878
      vertex -10.856 -0.306837 171.959
      vertex -10.856 9.73906 177.759
    endloop
  endfacet
  facet normal 0.972505 -0.116442 0.201683
    outer loop
      vertex -10.856 -0.306837 171.959
      vertex -10.8889 9.67039 177.878
      vertex -10.8889 -0.375499 172.078
    endloop
  endfacet
  facet normal -0.51855 -0.427522 0.740494
    outer loop
      vertex -9.59141 -0.0449414 171.506
      vertex -9.47099 9.96406 177.369
      vertex -9.59141 10.001 177.306
    endloop
  endfacet
  facet normal -0.518434 -0.427559 0.740554
    outer loop
      vertex -9.47099 9.96406 177.369
      vertex -9.59141 -0.0449414 171.506
      vertex -9.47099 -0.0818366 171.569
    endloop
  endfacet
  facet normal -0.236035 0.485872 -0.841555
    outer loop
      vertex -9.85921 9.15554 178.77
      vertex -9.72188 -0.873869 172.941
      vertex -9.85921 -0.890354 172.97
    endloop
  endfacet
  facet normal -0.236018 0.485874 -0.841559
    outer loop
      vertex -9.72188 -0.873869 172.941
      vertex -9.85921 9.15554 178.77
      vertex -9.72188 9.17202 178.741
    endloop
  endfacet
  facet normal -0.99692 0.0392101 -0.0679138
    outer loop
      vertex -9.1 -0.445894 172.2
      vertex -9.11108 9.5296 178.122
      vertex -9.1 9.6 178
    endloop
  endfacet
  facet normal -0.99692 0.0392106 -0.0679148
    outer loop
      vertex -9.11108 9.5296 178.122
      vertex -9.1 -0.445894 172.2
      vertex -9.11108 -0.51629 172.322
    endloop
  endfacet
  facet normal -0.760406 0.324724 -0.562438
    outer loop
      vertex -9.27188 -0.710397 172.658
      vertex -9.3636 9.2818 178.551
      vertex -9.27188 9.3355 178.458
    endloop
  endfacet
  facet normal -0.760399 0.324728 -0.562446
    outer loop
      vertex -9.3636 9.2818 178.551
      vertex -9.27188 -0.710397 172.658
      vertex -9.3636 -0.764092 172.751
    endloop
  endfacet
  facet normal 0.852129 0.261666 -0.453219
    outer loop
      vertex -10.7281 9.3355 178.458
      vertex -10.8019 -0.65019 172.554
      vertex -10.8019 9.3957 178.354
    endloop
  endfacet
  facet normal 0.852135 0.261661 -0.45321
    outer loop
      vertex -10.8019 -0.65019 172.554
      vertex -10.7281 9.3355 178.458
      vertex -10.7281 -0.710397 172.658
    endloop
  endfacet
  facet normal 0.996909 0.0392804 -0.0680357
    outer loop
      vertex -10.8889 9.5296 178.122
      vertex -10.9 -0.445894 172.2
      vertex -10.9 9.6 178
    endloop
  endfacet
  facet normal 0.996909 0.039281 -0.0680366
    outer loop
      vertex -10.9 -0.445894 172.2
      vertex -10.8889 9.5296 178.122
      vertex -10.8889 -0.51629 172.322
    endloop
  endfacet
  facet normal 0.0748197 0.498599 -0.863598
    outer loop
      vertex -10.1408 -0.890354 172.97
      vertex -10 9.15 178.779
      vertex -10 -0.895894 172.979
    endloop
  endfacet
  facet normal 0.0748197 0.498599 -0.863598
    outer loop
      vertex -10 9.15 178.779
      vertex -10.1408 -0.890354 172.97
      vertex -10.1408 9.15554 178.77
    endloop
  endfacet
  facet normal 0.972504 0.116443 -0.201684
    outer loop
      vertex -10.856 9.46094 178.241
      vertex -10.8889 -0.51629 172.322
      vertex -10.8889 9.5296 178.122
    endloop
  endfacet
  facet normal 0.972505 0.116442 -0.201683
    outer loop
      vertex -10.8889 -0.51629 172.322
      vertex -10.856 9.46094 178.241
      vertex -10.856 -0.584952 172.441
    endloop
  endfacet
  facet normal -0.236085 -0.485865 0.841546
    outer loop
      vertex -9.85921 -0.00143475 171.43
      vertex -9.72188 10.028 177.259
      vertex -9.85921 10.0445 177.23
    endloop
  endfacet
  facet normal -0.236033 -0.485872 0.841556
    outer loop
      vertex -9.72188 10.028 177.259
      vertex -9.85921 -0.00143475 171.43
      vertex -9.72188 -0.017919 171.459
    endloop
  endfacet
  facet normal 0.518496 0.42754 -0.740521
    outer loop
      vertex -10.529 -0.809952 172.831
      vertex -10.4086 9.19905 178.694
      vertex -10.4086 -0.846847 172.894
    endloop
  endfacet
  facet normal 0.518483 0.427544 -0.740528
    outer loop
      vertex -10.4086 9.19905 178.694
      vertex -10.529 -0.809952 172.831
      vertex -10.529 9.23594 178.631
    endloop
  endfacet
  facet normal 0.996909 -0.0392818 0.0680381
    outer loop
      vertex -10.9 9.6 178
      vertex -10.8889 -0.375499 172.078
      vertex -10.8889 9.67039 177.878
    endloop
  endfacet
  facet normal 0.996909 -0.0392811 0.0680369
    outer loop
      vertex -10.8889 -0.375499 172.078
      vertex -10.9 9.6 178
      vertex -10.9 -0.445894 172.2
    endloop
  endfacet
  facet normal 0.852129 -0.261666 0.453219
    outer loop
      vertex -10.8019 9.8043 177.646
      vertex -10.7281 -0.181391 171.742
      vertex -10.7281 9.8645 177.542
    endloop
  endfacet
  facet normal 0.852136 -0.26166 0.453208
    outer loop
      vertex -10.7281 -0.181391 171.742
      vertex -10.8019 9.8043 177.646
      vertex -10.8019 -0.241599 171.846
    endloop
  endfacet
  facet normal -0.651457 0.379343 -0.657041
    outer loop
      vertex -9.47099 9.23594 178.631
      vertex -9.3636 -0.764092 172.751
      vertex -9.47099 -0.809952 172.831
    endloop
  endfacet
  facet normal -0.651457 0.379343 -0.657041
    outer loop
      vertex -9.3636 -0.764092 172.751
      vertex -9.47099 9.23594 178.631
      vertex -9.3636 9.2818 178.551
    endloop
  endfacet
  facet normal 0.923897 -0.191321 0.331377
    outer loop
      vertex 9.14405 9.73906 177.759
      vertex 9.19809 -0.241599 171.846
      vertex 9.19809 9.8043 177.646
    endloop
  endfacet
  facet normal 0.923896 -0.191322 0.331379
    outer loop
      vertex 9.19809 -0.241599 171.846
      vertex 9.14405 9.73906 177.759
      vertex 9.14405 -0.306837 171.959
    endloop
  endfacet
  facet normal -0.972506 -0.116439 0.201677
    outer loop
      vertex 10.856 -0.306837 171.959
      vertex 10.8889 9.67039 177.878
      vertex 10.856 9.73906 177.759
    endloop
  endfacet
  facet normal -0.972505 -0.116442 0.201683
    outer loop
      vertex 10.8889 9.67039 177.878
      vertex 10.856 -0.306837 171.959
      vertex 10.8889 -0.375499 172.078
    endloop
  endfacet
  facet normal -0.996909 -0.0392818 0.0680381
    outer loop
      vertex 10.8889 -0.375499 172.078
      vertex 10.9 9.6 178
      vertex 10.8889 9.67039 177.878
    endloop
  endfacet
  facet normal -0.996909 -0.0392811 0.0680369
    outer loop
      vertex 10.9 9.6 178
      vertex 10.8889 -0.375499 172.078
      vertex 10.9 -0.445894 172.2
    endloop
  endfacet
  facet normal -0.923747 -0.191502 0.331691
    outer loop
      vertex 10.8019 -0.241599 171.846
      vertex 10.856 9.73906 177.759
      vertex 10.8019 9.8043 177.646
    endloop
  endfacet
  facet normal -0.923746 -0.191503 0.331693
    outer loop
      vertex 10.856 9.73906 177.759
      vertex 10.8019 -0.241599 171.846
      vertex 10.856 -0.306837 171.959
    endloop
  endfacet
  facet normal -0.518496 0.42754 -0.740521
    outer loop
      vertex 10.4086 9.19905 178.694
      vertex 10.529 -0.809952 172.831
      vertex 10.4086 -0.846847 172.894
    endloop
  endfacet
  facet normal -0.518483 0.427544 -0.740528
    outer loop
      vertex 10.529 -0.809952 172.831
      vertex 10.4086 9.19905 178.694
      vertex 10.529 9.23594 178.631
    endloop
  endfacet
  facet normal -0.972504 0.116443 -0.201684
    outer loop
      vertex 10.8889 -0.51629 172.322
      vertex 10.856 9.46094 178.241
      vertex 10.8889 9.5296 178.122
    endloop
  endfacet
  facet normal -0.972505 0.116442 -0.201683
    outer loop
      vertex 10.856 9.46094 178.241
      vertex 10.8889 -0.51629 172.322
      vertex 10.856 -0.584952 172.441
    endloop
  endfacet
  facet normal -0.383646 0.46174 -0.799757
    outer loop
      vertex 10.2781 9.17202 178.741
      vertex 10.4086 -0.846847 172.894
      vertex 10.2781 -0.873869 172.941
    endloop
  endfacet
  facet normal -0.38367 0.461735 -0.799749
    outer loop
      vertex 10.4086 -0.846847 172.894
      vertex 10.2781 9.17202 178.741
      vertex 10.4086 9.19905 178.694
    endloop
  endfacet
  facet normal 0.383654 -0.461738 0.799755
    outer loop
      vertex 9.59141 10.001 177.306
      vertex 9.72188 -0.017919 171.459
      vertex 9.72188 10.028 177.259
    endloop
  endfacet
  facet normal 0.383722 -0.461723 0.799731
    outer loop
      vertex 9.72188 -0.017919 171.459
      vertex 9.59141 10.001 177.306
      vertex 9.59141 -0.0449414 171.506
    endloop
  endfacet
  facet normal 0.383721 0.461725 -0.79973
    outer loop
      vertex 9.59141 -0.846847 172.894
      vertex 9.72188 9.17202 178.741
      vertex 9.72188 -0.873869 172.941
    endloop
  endfacet
  facet normal 0.383745 0.461719 -0.799722
    outer loop
      vertex 9.72188 9.17202 178.741
      vertex 9.59141 -0.846847 172.894
      vertex 9.59141 9.19905 178.694
    endloop
  endfacet
  facet normal 0.51855 -0.427522 0.740494
    outer loop
      vertex 9.47099 9.96406 177.369
      vertex 9.59141 -0.0449414 171.506
      vertex 9.59141 10.001 177.306
    endloop
  endfacet
  facet normal 0.518434 -0.427559 0.740554
    outer loop
      vertex 9.59141 -0.0449414 171.506
      vertex 9.47099 9.96406 177.369
      vertex 9.47099 -0.0818366 171.569
    endloop
  endfacet
  facet normal -0.651422 -0.379358 0.657067
    outer loop
      vertex 10.529 -0.0818366 171.569
      vertex 10.6364 9.9182 177.449
      vertex 10.529 9.96406 177.369
    endloop
  endfacet
  facet normal -0.651421 -0.379358 0.657068
    outer loop
      vertex 10.6364 9.9182 177.449
      vertex 10.529 -0.0818366 171.569
      vertex 10.6364 -0.127696 171.649
    endloop
  endfacet
  facet normal 0.236085 -0.485865 0.841546
    outer loop
      vertex 9.72188 10.028 177.259
      vertex 9.85921 -0.00143475 171.43
      vertex 9.85921 10.0445 177.23
    endloop
  endfacet
  facet normal 0.236033 -0.485872 0.841556
    outer loop
      vertex 9.85921 -0.00143475 171.43
      vertex 9.72188 10.028 177.259
      vertex 9.72188 -0.017919 171.459
    endloop
  endfacet
  facet normal 0.923897 0.191321 -0.331377
    outer loop
      vertex 9.19809 9.3957 178.354
      vertex 9.14405 -0.584952 172.441
      vertex 9.14405 9.46094 178.241
    endloop
  endfacet
  facet normal 0.923896 0.191322 -0.331379
    outer loop
      vertex 9.14405 -0.584952 172.441
      vertex 9.19809 9.3957 178.354
      vertex 9.19809 -0.65019 172.554
    endloop
  endfacet
  facet normal 0.0746841 -0.498604 0.863607
    outer loop
      vertex 9.85921 10.0445 177.23
      vertex 10 0.00410562 171.421
      vertex 10 10.05 177.221
    endloop
  endfacet
  facet normal 0.0748263 -0.498597 0.863598
    outer loop
      vertex 10 0.00410562 171.421
      vertex 9.85921 10.0445 177.23
      vertex 9.85921 -0.00143475 171.43
    endloop
  endfacet
  facet normal 0.236035 0.485872 -0.841555
    outer loop
      vertex 9.72188 -0.873869 172.941
      vertex 9.85921 9.15554 178.77
      vertex 9.85921 -0.890354 172.97
    endloop
  endfacet
  facet normal 0.236018 0.485874 -0.841559
    outer loop
      vertex 9.85921 9.15554 178.77
      vertex 9.72188 -0.873869 172.941
      vertex 9.72188 9.17202 178.741
    endloop
  endfacet
  facet normal -0.0020973 0.865906 0.500202
    outer loop
      vertex 10 0.00410562 171.421
      vertex 10 -0.895894 172.979
      vertex 10.1408 -0.890354 172.97
    endloop
  endfacet
  facet normal 0.00160465 0.866073 0.499915
    outer loop
      vertex 10.1408 -0.00143475 171.43
      vertex 10.1408 -0.890354 172.97
      vertex 10.2781 -0.873869 172.941
    endloop
  endfacet
  facet normal 0.00209744 0.865906 0.500202
    outer loop
      vertex 10 -0.895894 172.979
      vertex 10 0.00410562 171.421
      vertex 9.85921 -0.890354 172.97
    endloop
  endfacet
  facet normal 0.000819581 0.865945 0.500139
    outer loop
      vertex 10.2781 -0.017919 171.459
      vertex 10.2781 -0.873869 172.941
      vertex 10.4086 -0.846847 172.894
    endloop
  endfacet
  facet normal -0.00212466 0.866072 0.499914
    outer loop
      vertex 9.85921 -0.00143475 171.43
      vertex 9.85921 -0.890354 172.97
      vertex 10 0.00410562 171.421
    endloop
  endfacet
  facet normal -0.00357617 0.865873 0.500251
    outer loop
      vertex 10.4086 -0.0449414 171.506
      vertex 10.4086 -0.846847 172.894
      vertex 10.529 -0.809952 172.831
    endloop
  endfacet
  facet normal -0.0016043 0.866073 0.499915
    outer loop
      vertex 9.85921 -0.890354 172.97
      vertex 9.85921 -0.00143475 171.43
      vertex 9.72188 -0.873869 172.941
    endloop
  endfacet
  facet normal 0.00238951 0.866172 0.499741
    outer loop
      vertex 10.529 -0.0818366 171.569
      vertex 10.529 -0.809952 172.831
      vertex 10.6364 -0.764092 172.751
    endloop
  endfacet
  facet normal 0.00167166 0.865944 0.500138
    outer loop
      vertex 9.72188 -0.017919 171.459
      vertex 9.72188 -0.873869 172.941
      vertex 9.85921 -0.00143475 171.43
    endloop
  endfacet
  facet normal 0.000110872 0.865972 0.500092
    outer loop
      vertex 10.6364 -0.127696 171.649
      vertex 10.6364 -0.764092 172.751
      vertex 10.7281 -0.710397 172.658
    endloop
  endfacet
  facet normal -0.000819769 0.865945 0.500139
    outer loop
      vertex 9.72188 -0.873869 172.941
      vertex 9.72188 -0.017919 171.459
      vertex 9.59141 -0.846847 172.894
    endloop
  endfacet
  facet normal -0.00170357 0.865961 0.500108
    outer loop
      vertex 10.7281 -0.181391 171.742
      vertex 10.7281 -0.710397 172.658
      vertex 10.8019 -0.65019 172.554
    endloop
  endfacet
  facet normal 0.000872475 0.865878 0.500254
    outer loop
      vertex 9.59141 -0.0449414 171.506
      vertex 9.59141 -0.846847 172.894
      vertex 9.72188 -0.017919 171.459
    endloop
  endfacet
  facet normal -0.000400714 0.866117 0.499841
    outer loop
      vertex 10.8019 -0.241599 171.846
      vertex 10.8019 -0.65019 172.554
      vertex 10.856 -0.584952 172.441
    endloop
  endfacet
  facet normal 0.00357557 0.865873 0.500251
    outer loop
      vertex 9.59141 -0.846847 172.894
      vertex 9.59141 -0.0449414 171.506
      vertex 9.47099 -0.809952 172.831
    endloop
  endfacet
  facet normal 0.000170375 0.866139 0.499802
    outer loop
      vertex 10.8019 -0.241599 171.846
      vertex 10.856 -0.584952 172.441
      vertex 10.8889 -0.51629 172.322
    endloop
  endfacet
  facet normal -0.00393541 0.866167 0.499738
    outer loop
      vertex 9.47099 -0.0818366 171.569
      vertex 9.47099 -0.809952 172.831
      vertex 9.59141 -0.0449414 171.506
    endloop
  endfacet
  facet normal 0.000207361 0.866142 0.499797
    outer loop
      vertex 10.8019 -0.241599 171.846
      vertex 10.8889 -0.51629 172.322
      vertex 10.9 -0.445894 172.2
    endloop
  endfacet
  facet normal -0.00238974 0.866172 0.499741
    outer loop
      vertex 9.47099 -0.809952 172.831
      vertex 9.47099 -0.0818366 171.569
      vertex 9.3636 -0.764092 172.751
    endloop
  endfacet
  facet normal -7.75158e-05 0.866151 0.499783
    outer loop
      vertex 10.856 -0.306837 171.959
      vertex 10.9 -0.445894 172.2
      vertex 10.8889 -0.375499 172.078
    endloop
  endfacet
  facet normal 0.00212451 0.866072 0.499914
    outer loop
      vertex 10.1408 -0.890354 172.97
      vertex 10.1408 -0.00143475 171.43
      vertex 10 0.00410562 171.421
    endloop
  endfacet
  facet normal 0.000957612 0.866232 0.499641
    outer loop
      vertex 10.8019 -0.241599 171.846
      vertex 10.9 -0.445894 172.2
      vertex 10.856 -0.306837 171.959
    endloop
  endfacet
  facet normal 0.00274125 0.865969 0.50009
    outer loop
      vertex 9.3636 -0.127696 171.649
      vertex 9.3636 -0.764092 172.751
      vertex 9.47099 -0.0818366 171.569
    endloop
  endfacet
  facet normal 0.0022179 0.866115 0.49984
    outer loop
      vertex 10.8019 -0.65019 172.554
      vertex 10.8019 -0.241599 171.846
      vertex 10.7281 -0.181391 171.742
    endloop
  endfacet
  facet normal -0.000110847 0.865972 0.500092
    outer loop
      vertex 9.3636 -0.764092 172.751
      vertex 9.3636 -0.127696 171.649
      vertex 9.27188 -0.710397 172.658
    endloop
  endfacet
  facet normal -0.000133383 0.865963 0.500109
    outer loop
      vertex 10.7281 -0.710397 172.658
      vertex 10.7281 -0.181391 171.742
      vertex 10.6364 -0.127696 171.649
    endloop
  endfacet
  facet normal 0.000133354 0.865963 0.500109
    outer loop
      vertex 9.27188 -0.181391 171.742
      vertex 9.27188 -0.710397 172.658
      vertex 9.3636 -0.127696 171.649
    endloop
  endfacet
  facet normal -0.002741 0.865969 0.50009
    outer loop
      vertex 10.6364 -0.764092 172.751
      vertex 10.6364 -0.127696 171.649
      vertex 10.529 -0.0818366 171.569
    endloop
  endfacet
  facet normal -0.00167203 0.865944 0.500138
    outer loop
      vertex 10.2781 -0.873869 172.941
      vertex 10.2781 -0.017919 171.459
      vertex 10.1408 -0.00143475 171.43
    endloop
  endfacet
  facet normal 0.00393606 0.866167 0.499738
    outer loop
      vertex 10.529 -0.809952 172.831
      vertex 10.529 -0.0818366 171.569
      vertex 10.4086 -0.0449414 171.506
    endloop
  endfacet
  facet normal -0.000872274 0.865878 0.500254
    outer loop
      vertex 10.4086 -0.846847 172.894
      vertex 10.4086 -0.0449414 171.506
      vertex 10.2781 -0.017919 171.459
    endloop
  endfacet
  facet normal -0.0022182 0.866115 0.49984
    outer loop
      vertex 9.19809 -0.241599 171.846
      vertex 9.19809 -0.65019 172.554
      vertex 9.27188 -0.181391 171.742
    endloop
  endfacet
  facet normal -0.000960005 0.866232 0.499641
    outer loop
      vertex 9.1 -0.445894 172.2
      vertex 9.19809 -0.241599 171.846
      vertex 9.14405 -0.306837 171.959
    endloop
  endfacet
  facet normal 7.72027e-05 0.866151 0.499783
    outer loop
      vertex 9.1 -0.445894 172.2
      vertex 9.14405 -0.306837 171.959
      vertex 9.11108 -0.375499 172.078
    endloop
  endfacet
  facet normal -0.000207469 0.866142 0.499797
    outer loop
      vertex 9.11108 -0.51629 172.322
      vertex 9.19809 -0.241599 171.846
      vertex 9.1 -0.445894 172.2
    endloop
  endfacet
  facet normal 0.000401159 0.866117 0.499841
    outer loop
      vertex 9.19809 -0.65019 172.554
      vertex 9.19809 -0.241599 171.846
      vertex 9.14405 -0.584952 172.441
    endloop
  endfacet
  facet normal -0.000170149 0.866139 0.499802
    outer loop
      vertex 9.14405 -0.584952 172.441
      vertex 9.19809 -0.241599 171.846
      vertex 9.11108 -0.51629 172.322
    endloop
  endfacet
  facet normal 0.0017038 0.865961 0.500108
    outer loop
      vertex 9.27188 -0.710397 172.658
      vertex 9.27188 -0.181391 171.742
      vertex 9.19809 -0.65019 172.554
    endloop
  endfacet
  facet normal -0.92289 0.192532 -0.333475
    outer loop
      vertex 10.856 -0.584952 172.441
      vertex 10.8227 9.42083 178.31
      vertex 10.856 9.46094 178.241
    endloop
  endfacet
  facet normal -0.92509 0.189837 -0.328893
    outer loop
      vertex 10.8227 9.42083 178.31
      vertex 10.856 -0.584952 172.441
      vertex 10.8019 9.3957 178.354
    endloop
  endfacet
  facet normal -0.923746 0.191503 -0.331693
    outer loop
      vertex 10.8019 9.3957 178.354
      vertex 10.856 -0.584952 172.441
      vertex 10.8019 -0.65019 172.554
    endloop
  endfacet
  facet normal 0.760406 0.324724 -0.562438
    outer loop
      vertex 9.3636 9.2818 178.551
      vertex 9.27188 -0.710397 172.658
      vertex 9.27188 9.3355 178.458
    endloop
  endfacet
  facet normal 0.760399 0.324728 -0.562446
    outer loop
      vertex 9.27188 -0.710397 172.658
      vertex 9.3636 9.2818 178.551
      vertex 9.3636 -0.764092 172.751
    endloop
  endfacet
  facet normal 0.651457 -0.379343 0.657041
    outer loop
      vertex 9.3636 9.9182 177.449
      vertex 9.47099 -0.0818366 171.569
      vertex 9.47099 9.96406 177.369
    endloop
  endfacet
  facet normal 0.651456 -0.379343 0.657042
    outer loop
      vertex 9.47099 -0.0818366 171.569
      vertex 9.3636 9.9182 177.449
      vertex 9.3636 -0.127696 171.649
    endloop
  endfacet
  facet normal -0.0748197 0.498599 -0.863598
    outer loop
      vertex 10 9.15 178.779
      vertex 10.1408 -0.890354 172.97
      vertex 10 -0.895894 172.979
    endloop
  endfacet
  facet normal -0.0748197 0.498599 -0.863598
    outer loop
      vertex 10.1408 -0.890354 172.97
      vertex 10 9.15 178.779
      vertex 10.1408 9.15554 178.77
    endloop
  endfacet
  facet normal 0.651457 0.379343 -0.657041
    outer loop
      vertex 9.3636 -0.764092 172.751
      vertex 9.47099 9.23594 178.631
      vertex 9.47099 -0.809952 172.831
    endloop
  endfacet
  facet normal 0.651457 0.379343 -0.657041
    outer loop
      vertex 9.47099 9.23594 178.631
      vertex 9.3636 -0.764092 172.751
      vertex 9.3636 9.2818 178.551
    endloop
  endfacet
  facet normal -0.852129 0.261666 -0.453219
    outer loop
      vertex 10.8019 -0.65019 172.554
      vertex 10.7281 9.3355 178.458
      vertex 10.8019 9.3957 178.354
    endloop
  endfacet
  facet normal -0.852135 0.261661 -0.45321
    outer loop
      vertex 10.7281 9.3355 178.458
      vertex 10.8019 -0.65019 172.554
      vertex 10.7281 -0.710397 172.658
    endloop
  endfacet
  facet normal -0.852129 -0.261666 0.453219
    outer loop
      vertex 10.7281 -0.181391 171.742
      vertex 10.8019 9.8043 177.646
      vertex 10.7281 9.8645 177.542
    endloop
  endfacet
  facet normal -0.852136 -0.26166 0.453208
    outer loop
      vertex 10.8019 9.8043 177.646
      vertex 10.7281 -0.181391 171.742
      vertex 10.8019 -0.241599 171.846
    endloop
  endfacet
  facet normal -0.760476 -0.324683 0.562367
    outer loop
      vertex 10.6364 -0.127696 171.649
      vertex 10.7281 9.8645 177.542
      vertex 10.6364 9.9182 177.449
    endloop
  endfacet
  facet normal -0.760469 -0.324687 0.562375
    outer loop
      vertex 10.7281 9.8645 177.542
      vertex 10.6364 -0.127696 171.649
      vertex 10.7281 -0.181391 171.742
    endloop
  endfacet
  facet normal 0.760406 -0.324724 0.562438
    outer loop
      vertex 9.27188 9.8645 177.542
      vertex 9.3636 -0.127696 171.649
      vertex 9.3636 9.9182 177.449
    endloop
  endfacet
  facet normal 0.760399 -0.324728 0.562446
    outer loop
      vertex 9.3636 -0.127696 171.649
      vertex 9.27188 9.8645 177.542
      vertex 9.27188 -0.181391 171.742
    endloop
  endfacet
  facet normal -0.0746789 -0.498604 0.863607
    outer loop
      vertex 10 0.00410562 171.421
      vertex 10.1408 10.0445 177.23
      vertex 10 10.05 177.221
    endloop
  endfacet
  facet normal -0.074821 -0.498597 0.863599
    outer loop
      vertex 10.1408 10.0445 177.23
      vertex 10 0.00410562 171.421
      vertex 10.1408 -0.00143475 171.43
    endloop
  endfacet
  facet normal -0.383579 -0.461753 0.799782
    outer loop
      vertex 10.2781 -0.017919 171.459
      vertex 10.4086 10.001 177.306
      vertex 10.2781 10.028 177.259
    endloop
  endfacet
  facet normal -0.383647 -0.461738 0.799758
    outer loop
      vertex 10.4086 10.001 177.306
      vertex 10.2781 -0.017919 171.459
      vertex 10.4086 -0.0449414 171.506
    endloop
  endfacet
  facet normal 0.972394 -0.116673 0.202083
    outer loop
      vertex 9.11108 9.67039 177.878
      vertex 9.14405 -0.306837 171.959
      vertex 9.14405 9.73906 177.759
    endloop
  endfacet
  facet normal 0.972392 -0.116676 0.202089
    outer loop
      vertex 9.14405 -0.306837 171.959
      vertex 9.11108 9.67039 177.878
      vertex 9.11108 -0.375499 172.078
    endloop
  endfacet
  facet normal 0.972392 0.116677 -0.20209
    outer loop
      vertex 9.14405 9.46094 178.241
      vertex 9.11108 -0.51629 172.322
      vertex 9.11108 9.5296 178.122
    endloop
  endfacet
  facet normal 0.972392 0.116676 -0.202089
    outer loop
      vertex 9.11108 -0.51629 172.322
      vertex 9.14405 9.46094 178.241
      vertex 9.14405 -0.584952 172.441
    endloop
  endfacet
  facet normal -0.518613 -0.427503 0.740461
    outer loop
      vertex 10.4086 -0.0449414 171.506
      vertex 10.529 9.96406 177.369
      vertex 10.4086 10.001 177.306
    endloop
  endfacet
  facet normal -0.518497 -0.42754 0.740521
    outer loop
      vertex 10.529 9.96406 177.369
      vertex 10.4086 -0.0449414 171.506
      vertex 10.529 -0.0818366 171.569
    endloop
  endfacet
  facet normal -0.236084 0.485866 -0.841545
    outer loop
      vertex 10.1408 9.15554 178.77
      vertex 10.2781 -0.873869 172.941
      vertex 10.1408 -0.890354 172.97
    endloop
  endfacet
  facet normal -0.236067 0.485869 -0.841549
    outer loop
      vertex 10.2781 -0.873869 172.941
      vertex 10.1408 9.15554 178.77
      vertex 10.2781 9.17202 178.741
    endloop
  endfacet
  facet normal -0.996909 0.0392804 -0.0680357
    outer loop
      vertex 10.9 -0.445894 172.2
      vertex 10.8889 9.5296 178.122
      vertex 10.9 9.6 178
    endloop
  endfacet
  facet normal -0.996909 0.039281 -0.0680366
    outer loop
      vertex 10.8889 9.5296 178.122
      vertex 10.9 -0.445894 172.2
      vertex 10.8889 -0.51629 172.322
    endloop
  endfacet
  facet normal -0.760476 0.324683 -0.562367
    outer loop
      vertex 10.7281 -0.710397 172.658
      vertex 10.6364 9.2818 178.551
      vertex 10.7281 9.3355 178.458
    endloop
  endfacet
  facet normal -0.760469 0.324687 -0.562375
    outer loop
      vertex 10.6364 9.2818 178.551
      vertex 10.7281 -0.710397 172.658
      vertex 10.6364 -0.764092 172.751
    endloop
  endfacet
  facet normal 0.85216 0.261641 -0.453174
    outer loop
      vertex 9.27188 9.3355 178.458
      vertex 9.19809 -0.65019 172.554
      vertex 9.19809 9.3957 178.354
    endloop
  endfacet
  facet normal 0.852167 0.261635 -0.453165
    outer loop
      vertex 9.19809 -0.65019 172.554
      vertex 9.27188 9.3355 178.458
      vertex 9.27188 -0.710397 172.658
    endloop
  endfacet
  facet normal 0.99692 0.0392101 -0.0679138
    outer loop
      vertex 9.11108 9.5296 178.122
      vertex 9.1 -0.445894 172.2
      vertex 9.1 9.6 178
    endloop
  endfacet
  facet normal 0.99692 0.0392106 -0.0679148
    outer loop
      vertex 9.1 -0.445894 172.2
      vertex 9.11108 9.5296 178.122
      vertex 9.11108 -0.51629 172.322
    endloop
  endfacet
  facet normal 0.074825 0.498598 -0.863598
    outer loop
      vertex 9.85921 -0.890354 172.97
      vertex 10 9.15 178.779
      vertex 10 -0.895894 172.979
    endloop
  endfacet
  facet normal 0.074825 0.498598 -0.863598
    outer loop
      vertex 10 9.15 178.779
      vertex 9.85921 -0.890354 172.97
      vertex 9.85921 9.15554 178.77
    endloop
  endfacet
  facet normal -0.236134 -0.485859 0.841535
    outer loop
      vertex 10.1408 -0.00143475 171.43
      vertex 10.2781 10.028 177.259
      vertex 10.1408 10.0445 177.23
    endloop
  endfacet
  facet normal -0.236081 -0.485866 0.841546
    outer loop
      vertex 10.2781 10.028 177.259
      vertex 10.1408 -0.00143475 171.43
      vertex 10.2781 -0.017919 171.459
    endloop
  endfacet
  facet normal 0.518433 0.427559 -0.740554
    outer loop
      vertex 9.47099 -0.809952 172.831
      vertex 9.59141 9.19905 178.694
      vertex 9.59141 -0.846847 172.894
    endloop
  endfacet
  facet normal 0.51842 0.427563 -0.740561
    outer loop
      vertex 9.59141 9.19905 178.694
      vertex 9.47099 -0.809952 172.831
      vertex 9.47099 9.23594 178.631
    endloop
  endfacet
  facet normal 0.99692 -0.0392115 0.0679162
    outer loop
      vertex 9.1 9.6 178
      vertex 9.11108 -0.375499 172.078
      vertex 9.11108 9.67039 177.878
    endloop
  endfacet
  facet normal 0.99692 -0.0392108 0.067915
    outer loop
      vertex 9.11108 -0.375499 172.078
      vertex 9.1 9.6 178
      vertex 9.1 -0.445894 172.2
    endloop
  endfacet
  facet normal 0.85216 -0.261641 0.453174
    outer loop
      vertex 9.19809 9.8043 177.646
      vertex 9.27188 -0.181391 171.742
      vertex 9.27188 9.8645 177.542
    endloop
  endfacet
  facet normal 0.852168 -0.261634 0.453164
    outer loop
      vertex 9.27188 -0.181391 171.742
      vertex 9.19809 9.8043 177.646
      vertex 9.19809 -0.241599 171.846
    endloop
  endfacet
  facet normal -0.651422 0.379358 -0.657067
    outer loop
      vertex 10.529 9.23594 178.631
      vertex 10.6364 -0.764092 172.751
      vertex 10.529 -0.809952 172.831
    endloop
  endfacet
  facet normal -0.651422 0.379358 -0.657067
    outer loop
      vertex 10.6364 -0.764092 172.751
      vertex 10.529 9.23594 178.631
      vertex 10.6364 9.2818 178.551
    endloop
  endfacet
  facet normal 0.924125 -0.13067 0.359052
    outer loop
      vertex -10.856 9.69512 151.739
      vertex -10.8019 -1.16069 147.649
      vertex -10.8019 9.73975 151.616
    endloop
  endfacet
  facet normal 0.923144 -0.131508 0.361264
    outer loop
      vertex -10.8019 -1.16069 147.649
      vertex -10.856 9.69512 151.739
      vertex -10.856 -1.20531 147.771
    endloop
  endfacet
  facet normal -0.972353 -0.0798778 0.219431
    outer loop
      vertex -9.14405 -1.20531 147.771
      vertex -9.11108 9.64815 151.868
      vertex -9.14405 9.69512 151.739
    endloop
  endfacet
  facet normal -0.972353 -0.0798778 0.219431
    outer loop
      vertex -9.11108 9.64815 151.868
      vertex -9.14405 -1.20531 147.771
      vertex -9.11108 -1.25228 147.9
    endloop
  endfacet
  facet normal -0.996905 -0.0268906 0.0738707
    outer loop
      vertex -9.11108 -1.25228 147.9
      vertex -9.1 9.6 152
      vertex -9.11108 9.64815 151.868
    endloop
  endfacet
  facet normal -0.996946 -0.0267071 0.0733851
    outer loop
      vertex -9.1 9.6 152
      vertex -9.11108 -1.25228 147.9
      vertex -9.1 -1.30043 148.033
    endloop
  endfacet
  facet normal -0.924275 -0.130546 0.358712
    outer loop
      vertex -9.19809 -1.16069 147.649
      vertex -9.14405 9.69512 151.739
      vertex -9.19809 9.73975 151.616
    endloop
  endfacet
  facet normal -0.923295 -0.131384 0.360922
    outer loop
      vertex -9.14405 9.69512 151.739
      vertex -9.19809 -1.16069 147.649
      vertex -9.14405 -1.20531 147.771
    endloop
  endfacet
  facet normal -0.520838 0.292004 -0.802161
    outer loop
      vertex -9.59141 9.32573 152.754
      vertex -9.47099 -1.54946 148.717
      vertex -9.59141 -1.5747 148.786
    endloop
  endfacet
  facet normal -0.525667 0.290925 -0.799398
    outer loop
      vertex -9.47099 -1.54946 148.717
      vertex -9.59141 9.32573 152.754
      vertex -9.47099 9.35097 152.684
    endloop
  endfacet
  facet normal -0.972353 0.07986 -0.219438
    outer loop
      vertex -9.11108 -1.34859 148.165
      vertex -9.14405 9.50488 152.261
      vertex -9.11108 9.55185 152.132
    endloop
  endfacet
  facet normal -0.972351 0.0798619 -0.219443
    outer loop
      vertex -9.14405 9.50488 152.261
      vertex -9.11108 -1.34859 148.165
      vertex -9.14405 -1.39555 148.294
    endloop
  endfacet
  facet normal -0.383926 0.315778 -0.867689
    outer loop
      vertex -9.72188 9.30725 152.804
      vertex -9.59141 -1.5747 148.786
      vertex -9.72188 -1.59319 148.837
    endloop
  endfacet
  facet normal -0.378214 0.316654 -0.869876
    outer loop
      vertex -9.59141 -1.5747 148.786
      vertex -9.72188 9.30725 152.804
      vertex -9.59141 9.32573 152.754
    endloop
  endfacet
  facet normal 0.378139 -0.316665 0.869905
    outer loop
      vertex -10.4086 9.87427 151.246
      vertex -10.2781 -1.00768 147.228
      vertex -10.2781 9.89275 151.196
    endloop
  endfacet
  facet normal 0.383851 -0.315789 0.867719
    outer loop
      vertex -10.2781 -1.00768 147.228
      vertex -10.4086 9.87427 151.246
      vertex -10.4086 -1.02617 147.279
    endloop
  endfacet
  facet normal 0.383851 0.315789 -0.867719
    outer loop
      vertex -10.4086 -1.5747 148.786
      vertex -10.2781 9.30725 152.804
      vertex -10.2781 -1.59319 148.837
    endloop
  endfacet
  facet normal 0.378139 0.316665 -0.869905
    outer loop
      vertex -10.2781 9.30725 152.804
      vertex -10.4086 -1.5747 148.786
      vertex -10.4086 9.32573 152.754
    endloop
  endfacet
  facet normal 0.52573 -0.290912 0.799361
    outer loop
      vertex -10.529 9.84903 151.316
      vertex -10.4086 -1.02617 147.279
      vertex -10.4086 9.87427 151.246
    endloop
  endfacet
  facet normal 0.520883 -0.291995 0.802135
    outer loop
      vertex -10.4086 -1.02617 147.279
      vertex -10.529 9.84903 151.316
      vertex -10.529 -1.0514 147.348
    endloop
  endfacet
  facet normal -0.648723 -0.260319 0.715118
    outer loop
      vertex -9.47099 -1.0514 147.348
      vertex -9.3636 9.81766 151.402
      vertex -9.47099 9.84903 151.316
    endloop
  endfacet
  facet normal -0.652554 -0.259138 0.712054
    outer loop
      vertex -9.3636 9.81766 151.402
      vertex -9.47099 -1.0514 147.348
      vertex -9.3636 -1.08277 147.435
    endloop
  endfacet
  facet normal 0.233617 -0.332598 0.913675
    outer loop
      vertex -10.2781 9.89275 151.196
      vertex -10.1408 -0.996406 147.197
      vertex -10.1408 9.90403 151.165
    endloop
  endfacet
  facet normal 0.233603 -0.332599 0.913678
    outer loop
      vertex -10.1408 -0.996406 147.197
      vertex -10.2781 9.89275 151.196
      vertex -10.2781 -1.00768 147.228
    endloop
  endfacet
  facet normal 0.924125 0.13067 -0.359052
    outer loop
      vertex -10.8019 9.46025 152.384
      vertex -10.856 -1.39555 148.294
      vertex -10.856 9.50488 152.261
    endloop
  endfacet
  facet normal 0.924125 0.13067 -0.359052
    outer loop
      vertex -10.856 -1.39555 148.294
      vertex -10.8019 9.46025 152.384
      vertex -10.8019 -1.44018 148.417
    endloop
  endfacet
  facet normal 0.0823394 -0.340826 0.936514
    outer loop
      vertex -10.1408 9.90403 151.165
      vertex -10 -0.992616 147.187
      vertex -10 9.90782 151.154
    endloop
  endfacet
  facet normal 0.0757279 -0.341081 0.936979
    outer loop
      vertex -10 -0.992616 147.187
      vertex -10.1408 9.90403 151.165
      vertex -10.1408 -0.996406 147.197
    endloop
  endfacet
  facet normal 0.233594 0.332526 -0.913707
    outer loop
      vertex -10.2781 -1.59319 148.837
      vertex -10.1408 9.29597 152.835
      vertex -10.1408 -1.60446 148.868
    endloop
  endfacet
  facet normal 0.233617 0.332524 -0.913702
    outer loop
      vertex -10.1408 9.29597 152.835
      vertex -10.2781 -1.59319 148.837
      vertex -10.2781 9.30725 152.804
    endloop
  endfacet
  facet normal -0.00100878 0.939717 0.34195
    outer loop
      vertex -9.85921 -0.996406 147.197
      vertex -10 -1.60825 148.878
      vertex -9.85921 -1.60446 148.868
    endloop
  endfacet
  facet normal 7.16792e-05 0.939718 0.34195
    outer loop
      vertex -9.85921 -0.996406 147.197
      vertex -9.85921 -1.60446 148.868
      vertex -9.72188 -1.59319 148.837
    endloop
  endfacet
  facet normal 0.000996791 0.939664 0.342099
    outer loop
      vertex -10 -0.992616 147.187
      vertex -10 -1.60825 148.878
      vertex -9.85921 -0.996406 147.197
    endloop
  endfacet
  facet normal 0.00049509 0.939715 0.341959
    outer loop
      vertex -9.72188 -1.00768 147.228
      vertex -9.72188 -1.59319 148.837
      vertex -9.59141 -1.5747 148.786
    endloop
  endfacet
  facet normal 0.000996721 0.939664 0.342099
    outer loop
      vertex -10 -1.60825 148.878
      vertex -10 -0.992616 147.187
      vertex -10.1408 -1.60446 148.868
    endloop
  endfacet
  facet normal -0.000974054 0.939687 0.342035
    outer loop
      vertex -9.59141 -1.02617 147.279
      vertex -9.59141 -1.5747 148.786
      vertex -9.47099 -1.54946 148.717
    endloop
  endfacet
  facet normal -0.00100871 0.939717 0.34195
    outer loop
      vertex -10.1408 -0.996406 147.197
      vertex -10.1408 -1.60446 148.868
      vertex -10 -0.992616 147.187
    endloop
  endfacet
  facet normal -0.000718275 0.93974 0.34189
    outer loop
      vertex -9.47099 -1.0514 147.348
      vertex -9.47099 -1.54946 148.717
      vertex -9.3636 -1.51809 148.631
    endloop
  endfacet
  facet normal -7.16948e-05 0.939718 0.34195
    outer loop
      vertex -10.1408 -1.60446 148.868
      vertex -10.1408 -0.996406 147.197
      vertex -10.2781 -1.59319 148.837
    endloop
  endfacet
  facet normal 8.11632e-05 0.939762 0.341831
    outer loop
      vertex -9.47099 -1.0514 147.348
      vertex -9.3636 -1.51809 148.631
      vertex -9.27188 -1.48136 148.53
    endloop
  endfacet
  facet normal 4.65528e-05 0.939715 0.341959
    outer loop
      vertex -10.2781 -1.00768 147.228
      vertex -10.2781 -1.59319 148.837
      vertex -10.1408 -0.996406 147.197
    endloop
  endfacet
  facet normal -0.000764659 0.939716 0.341956
    outer loop
      vertex -9.47099 -1.0514 147.348
      vertex -9.27188 -1.48136 148.53
      vertex -9.19809 -1.44018 148.417
    endloop
  endfacet
  facet normal -0.000494976 0.939715 0.341959
    outer loop
      vertex -10.2781 -1.59319 148.837
      vertex -10.2781 -1.00768 147.228
      vertex -10.4086 -1.5747 148.786
    endloop
  endfacet
  facet normal 0.00113677 0.939871 0.341527
    outer loop
      vertex -9.47099 -1.0514 147.348
      vertex -9.19809 -1.44018 148.417
      vertex -9.14405 -1.39555 148.294
    endloop
  endfacet
  facet normal 0.000528463 0.939687 0.342035
    outer loop
      vertex -10.4086 -1.02617 147.279
      vertex -10.4086 -1.5747 148.786
      vertex -10.2781 -1.00768 147.228
    endloop
  endfacet
  facet normal -0.000369017 0.939705 0.341987
    outer loop
      vertex -9.47099 -1.0514 147.348
      vertex -9.14405 -1.39555 148.294
      vertex -9.11108 -1.34859 148.165
    endloop
  endfacet
  facet normal 0.000974216 0.939687 0.342035
    outer loop
      vertex -10.4086 -1.5747 148.786
      vertex -10.4086 -1.02617 147.279
      vertex -10.529 -1.54946 148.717
    endloop
  endfacet
  facet normal -0.00195402 0.939478 0.342603
    outer loop
      vertex -9.47099 -1.0514 147.348
      vertex -9.11108 -1.34859 148.165
      vertex -9.1 -1.30043 148.033
    endloop
  endfacet
  facet normal -0.000990495 0.93974 0.341889
    outer loop
      vertex -10.529 -1.0514 147.348
      vertex -10.529 -1.54946 148.717
      vertex -10.4086 -1.02617 147.279
    endloop
  endfacet
  facet normal 0.00311351 0.940356 0.340178
    outer loop
      vertex -9.47099 -1.0514 147.348
      vertex -9.1 -1.30043 148.033
      vertex -9.11108 -1.25228 147.9
    endloop
  endfacet
  facet normal 0.000718208 0.93974 0.34189
    outer loop
      vertex -10.529 -1.54946 148.717
      vertex -10.529 -1.0514 147.348
      vertex -10.6364 -1.51809 148.631
    endloop
  endfacet
  facet normal -0.000463333 0.939613 0.342239
    outer loop
      vertex -9.47099 -1.0514 147.348
      vertex -9.11108 -1.25228 147.9
      vertex -9.14405 -1.20531 147.771
    endloop
  endfacet
  facet normal -4.65426e-05 0.939715 0.341959
    outer loop
      vertex -9.72188 -1.59319 148.837
      vertex -9.72188 -1.00768 147.228
      vertex -9.85921 -0.996406 147.197
    endloop
  endfacet
  facet normal -0.00535876 0.938376 0.345573
    outer loop
      vertex -9.47099 -1.0514 147.348
      vertex -9.14405 -1.20531 147.771
      vertex -9.19809 -1.16069 147.649
    endloop
  endfacet
  facet normal 0.000764585 0.939716 0.341956
    outer loop
      vertex -10.7281 -1.48136 148.53
      vertex -10.529 -1.0514 147.348
      vertex -10.8019 -1.44018 148.417
    endloop
  endfacet
  facet normal 0.0209408 0.944542 0.327723
    outer loop
      vertex -9.3636 -1.08277 147.435
      vertex -9.19809 -1.16069 147.649
      vertex -9.27188 -1.1195 147.535
    endloop
  endfacet
  facet normal -0.00719697 0.937823 0.347039
    outer loop
      vertex -9.47099 -1.0514 147.348
      vertex -9.19809 -1.16069 147.649
      vertex -9.3636 -1.08277 147.435
    endloop
  endfacet
  facet normal 0.000990331 0.93974 0.341889
    outer loop
      vertex -9.47099 -1.54946 148.717
      vertex -9.47099 -1.0514 147.348
      vertex -9.59141 -1.02617 147.279
    endloop
  endfacet
  facet normal -0.0209633 0.944546 0.327709
    outer loop
      vertex -10.8019 -1.16069 147.649
      vertex -10.6364 -1.08277 147.435
      vertex -10.7281 -1.1195 147.535
    endloop
  endfacet
  facet normal -0.000528585 0.939687 0.342035
    outer loop
      vertex -9.59141 -1.5747 148.786
      vertex -9.59141 -1.02617 147.279
      vertex -9.72188 -1.00768 147.228
    endloop
  endfacet
  facet normal 0.00719445 0.937824 0.347037
    outer loop
      vertex -10.8019 -1.16069 147.649
      vertex -10.529 -1.0514 147.348
      vertex -10.6364 -1.08277 147.435
    endloop
  endfacet
  facet normal -0.00113597 0.939871 0.341528
    outer loop
      vertex -10.8019 -1.44018 148.417
      vertex -10.529 -1.0514 147.348
      vertex -10.856 -1.39555 148.294
    endloop
  endfacet
  facet normal 0.00536444 0.938375 0.345578
    outer loop
      vertex -10.856 -1.20531 147.771
      vertex -10.529 -1.0514 147.348
      vertex -10.8019 -1.16069 147.649
    endloop
  endfacet
  facet normal -0.00311443 0.940356 0.340177
    outer loop
      vertex -10.9 -1.30043 148.033
      vertex -10.529 -1.0514 147.348
      vertex -10.8889 -1.25228 147.9
    endloop
  endfacet
  facet normal 0.000462721 0.939613 0.342239
    outer loop
      vertex -10.8889 -1.25228 147.9
      vertex -10.529 -1.0514 147.348
      vertex -10.856 -1.20531 147.771
    endloop
  endfacet
  facet normal 0.0019535 0.939478 0.342603
    outer loop
      vertex -10.8889 -1.34859 148.165
      vertex -10.529 -1.0514 147.348
      vertex -10.9 -1.30043 148.033
    endloop
  endfacet
  facet normal 0.000369311 0.939704 0.341987
    outer loop
      vertex -10.856 -1.39555 148.294
      vertex -10.529 -1.0514 147.348
      vertex -10.8889 -1.34859 148.165
    endloop
  endfacet
  facet normal -8.11788e-05 0.939762 0.341831
    outer loop
      vertex -10.6364 -1.51809 148.631
      vertex -10.529 -1.0514 147.348
      vertex -10.7281 -1.48136 148.53
    endloop
  endfacet
  facet normal -0.924275 0.130546 -0.358712
    outer loop
      vertex -9.14405 -1.39555 148.294
      vertex -9.19809 9.46025 152.384
      vertex -9.14405 9.50488 152.261
    endloop
  endfacet
  facet normal -0.924275 0.130546 -0.358712
    outer loop
      vertex -9.19809 9.46025 152.384
      vertex -9.14405 -1.39555 148.294
      vertex -9.19809 -1.44018 148.417
    endloop
  endfacet
  facet normal 0.760718 0.221978 -0.609946
    outer loop
      vertex -10.6364 9.38234 152.598
      vertex -10.7281 -1.48136 148.53
      vertex -10.7281 9.41907 152.497
    endloop
  endfacet
  facet normal 0.760718 0.221978 -0.609946
    outer loop
      vertex -10.7281 -1.48136 148.53
      vertex -10.6364 9.38234 152.598
      vertex -10.6364 -1.51809 148.631
    endloop
  endfacet
  facet normal 0.648688 -0.260329 0.715146
    outer loop
      vertex -10.6364 9.81766 151.402
      vertex -10.529 -1.0514 147.348
      vertex -10.529 9.84903 151.316
    endloop
  endfacet
  facet normal 0.65252 -0.259148 0.712082
    outer loop
      vertex -10.529 -1.0514 147.348
      vertex -10.6364 9.81766 151.402
      vertex -10.6364 -1.08277 147.435
    endloop
  endfacet
  facet normal -0.0757332 0.341081 -0.936978
    outer loop
      vertex -10 9.29218 152.846
      vertex -9.85921 -1.60446 148.868
      vertex -10 -1.60825 148.878
    endloop
  endfacet
  facet normal -0.0823452 0.340826 -0.936513
    outer loop
      vertex -9.85921 -1.60446 148.868
      vertex -10 9.29218 152.846
      vertex -9.85921 9.29597 152.835
    endloop
  endfacet
  facet normal 0.648688 0.260271 -0.715167
    outer loop
      vertex -10.6364 -1.51809 148.631
      vertex -10.529 9.35097 152.684
      vertex -10.529 -1.54946 148.717
    endloop
  endfacet
  facet normal 0.648688 0.260271 -0.715167
    outer loop
      vertex -10.529 9.35097 152.684
      vertex -10.6364 -1.51809 148.631
      vertex -10.6364 9.38234 152.598
    endloop
  endfacet
  facet normal -0.85236 0.178844 -0.491423
    outer loop
      vertex -9.19809 -1.44018 148.417
      vertex -9.27188 9.41907 152.497
      vertex -9.19809 9.46025 152.384
    endloop
  endfacet
  facet normal -0.85236 0.178844 -0.491423
    outer loop
      vertex -9.27188 9.41907 152.497
      vertex -9.19809 -1.44018 148.417
      vertex -9.27188 -1.48136 148.53
    endloop
  endfacet
  facet normal -0.85236 -0.178884 0.491409
    outer loop
      vertex -9.27188 -1.1195 147.535
      vertex -9.19809 9.73975 151.616
      vertex -9.27188 9.78093 151.503
    endloop
  endfacet
  facet normal -0.854173 -0.17783 0.488637
    outer loop
      vertex -9.19809 9.73975 151.616
      vertex -9.27188 -1.1195 147.535
      vertex -9.19809 -1.16069 147.649
    endloop
  endfacet
  facet normal -0.760648 -0.222006 0.610023
    outer loop
      vertex -9.3636 -1.08277 147.435
      vertex -9.27188 9.78093 151.503
      vertex -9.3636 9.81766 151.402
    endloop
  endfacet
  facet normal -0.757824 -0.223182 0.613101
    outer loop
      vertex -9.27188 9.78093 151.503
      vertex -9.3636 -1.08277 147.435
      vertex -9.27188 -1.1195 147.535
    endloop
  endfacet
  facet normal 0.760718 -0.221978 0.609946
    outer loop
      vertex -10.7281 9.78093 151.503
      vertex -10.6364 -1.08277 147.435
      vertex -10.6364 9.81766 151.402
    endloop
  endfacet
  facet normal 0.757894 -0.223155 0.613024
    outer loop
      vertex -10.6364 -1.08277 147.435
      vertex -10.7281 9.78093 151.503
      vertex -10.7281 -1.1195 147.535
    endloop
  endfacet
  facet normal -0.0823452 -0.340826 0.936513
    outer loop
      vertex -10 -0.992616 147.187
      vertex -9.85921 9.90403 151.165
      vertex -10 9.90782 151.154
    endloop
  endfacet
  facet normal -0.0757332 -0.341081 0.936978
    outer loop
      vertex -9.85921 9.90403 151.165
      vertex -10 -0.992616 147.187
      vertex -9.85921 -0.996406 147.197
    endloop
  endfacet
  facet normal -0.378214 -0.316654 0.869876
    outer loop
      vertex -9.72188 -1.00768 147.228
      vertex -9.59141 9.87427 151.246
      vertex -9.72188 9.89275 151.196
    endloop
  endfacet
  facet normal -0.383926 -0.315778 0.867689
    outer loop
      vertex -9.59141 9.87427 151.246
      vertex -9.72188 -1.00768 147.228
      vertex -9.59141 -1.02617 147.279
    endloop
  endfacet
  facet normal 0.972465 -0.0797174 0.21899
    outer loop
      vertex -10.8889 9.64815 151.868
      vertex -10.856 -1.20531 147.771
      vertex -10.856 9.69512 151.739
    endloop
  endfacet
  facet normal 0.972465 -0.0797174 0.21899
    outer loop
      vertex -10.856 -1.20531 147.771
      vertex -10.8889 9.64815 151.868
      vertex -10.8889 -1.25228 147.9
    endloop
  endfacet
  facet normal -0.525667 -0.290925 0.799398
    outer loop
      vertex -9.59141 -1.02617 147.279
      vertex -9.47099 9.84903 151.316
      vertex -9.59141 9.87427 151.246
    endloop
  endfacet
  facet normal -0.52082 -0.292008 0.802171
    outer loop
      vertex -9.47099 9.84903 151.316
      vertex -9.59141 -1.02617 147.279
      vertex -9.47099 -1.0514 147.348
    endloop
  endfacet
  facet normal -0.233546 0.33253 -0.913718
    outer loop
      vertex -9.85921 9.29597 152.835
      vertex -9.72188 -1.59319 148.837
      vertex -9.85921 -1.60446 148.868
    endloop
  endfacet
  facet normal -0.233569 0.332528 -0.913713
    outer loop
      vertex -9.72188 -1.59319 148.837
      vertex -9.85921 9.29597 152.835
      vertex -9.72188 9.30725 152.804
    endloop
  endfacet
  facet normal -0.996905 0.0268846 -0.0738729
    outer loop
      vertex -9.1 -1.30043 148.033
      vertex -9.11108 9.55185 152.132
      vertex -9.1 9.6 152
    endloop
  endfacet
  facet normal -0.996905 0.0268839 -0.0738711
    outer loop
      vertex -9.11108 9.55185 152.132
      vertex -9.1 -1.30043 148.033
      vertex -9.11108 -1.34859 148.165
    endloop
  endfacet
  facet normal -0.760648 0.222006 -0.610023
    outer loop
      vertex -9.27188 -1.48136 148.53
      vertex -9.3636 9.38234 152.598
      vertex -9.27188 9.41907 152.497
    endloop
  endfacet
  facet normal -0.760648 0.222006 -0.610023
    outer loop
      vertex -9.3636 9.38234 152.598
      vertex -9.27188 -1.48136 148.53
      vertex -9.3636 -1.51809 148.631
    endloop
  endfacet
  facet normal 0.852329 0.178862 -0.491472
    outer loop
      vertex -10.7281 9.41907 152.497
      vertex -10.8019 -1.44018 148.417
      vertex -10.8019 9.46025 152.384
    endloop
  endfacet
  facet normal 0.852329 0.178862 -0.491472
    outer loop
      vertex -10.8019 -1.44018 148.417
      vertex -10.7281 9.41907 152.497
      vertex -10.7281 -1.48136 148.53
    endloop
  endfacet
  facet normal 0.996894 0.0269328 -0.0740054
    outer loop
      vertex -10.8889 9.55185 152.132
      vertex -10.9 -1.30043 148.033
      vertex -10.9 9.6 152
    endloop
  endfacet
  facet normal 0.996894 0.0269321 -0.0740036
    outer loop
      vertex -10.9 -1.30043 148.033
      vertex -10.8889 9.55185 152.132
      vertex -10.8889 -1.34859 148.165
    endloop
  endfacet
  facet normal 0.0757279 0.341081 -0.936979
    outer loop
      vertex -10.1408 -1.60446 148.868
      vertex -10 9.29218 152.846
      vertex -10 -1.60825 148.878
    endloop
  endfacet
  facet normal 0.0823394 0.340826 -0.936514
    outer loop
      vertex -10 9.29218 152.846
      vertex -10.1408 -1.60446 148.868
      vertex -10.1408 9.29597 152.835
    endloop
  endfacet
  facet normal 0.972465 0.0796996 -0.218997
    outer loop
      vertex -10.856 9.50488 152.261
      vertex -10.8889 -1.34859 148.165
      vertex -10.8889 9.55185 152.132
    endloop
  endfacet
  facet normal 0.972464 0.0797016 -0.219002
    outer loop
      vertex -10.8889 -1.34859 148.165
      vertex -10.856 9.50488 152.261
      vertex -10.856 -1.39555 148.294
    endloop
  endfacet
  facet normal -0.233569 -0.332602 0.913686
    outer loop
      vertex -9.85921 -0.996406 147.197
      vertex -9.72188 9.89275 151.196
      vertex -9.85921 9.90403 151.165
    endloop
  endfacet
  facet normal -0.233555 -0.332603 0.913689
    outer loop
      vertex -9.72188 9.89275 151.196
      vertex -9.85921 -0.996406 147.197
      vertex -9.72188 -1.00768 147.228
    endloop
  endfacet
  facet normal 0.520901 0.291991 -0.802124
    outer loop
      vertex -10.529 -1.54946 148.717
      vertex -10.4086 9.32573 152.754
      vertex -10.4086 -1.5747 148.786
    endloop
  endfacet
  facet normal 0.52573 0.290912 -0.799361
    outer loop
      vertex -10.4086 9.32573 152.754
      vertex -10.529 -1.54946 148.717
      vertex -10.529 9.35097 152.684
    endloop
  endfacet
  facet normal 0.996894 -0.0269388 0.0740032
    outer loop
      vertex -10.9 9.6 152
      vertex -10.8889 -1.25228 147.9
      vertex -10.8889 9.64815 151.868
    endloop
  endfacet
  facet normal 0.996935 -0.026755 0.0735167
    outer loop
      vertex -10.8889 -1.25228 147.9
      vertex -10.9 9.6 152
      vertex -10.9 -1.30043 148.033
    endloop
  endfacet
  facet normal 0.852329 -0.178901 0.491457
    outer loop
      vertex -10.8019 9.73975 151.616
      vertex -10.7281 -1.1195 147.535
      vertex -10.7281 9.78093 151.503
    endloop
  endfacet
  facet normal 0.854141 -0.177847 0.488685
    outer loop
      vertex -10.7281 -1.1195 147.535
      vertex -10.8019 9.73975 151.616
      vertex -10.8019 -1.16069 147.649
    endloop
  endfacet
  facet normal -0.648723 0.260261 -0.715139
    outer loop
      vertex -9.47099 9.35097 152.684
      vertex -9.3636 -1.51809 148.631
      vertex -9.47099 -1.54946 148.717
    endloop
  endfacet
  facet normal -0.648723 0.260261 -0.715139
    outer loop
      vertex -9.3636 -1.51809 148.631
      vertex -9.47099 9.35097 152.684
      vertex -9.3636 9.38234 152.598
    endloop
  endfacet
  facet normal 0.924275 -0.130546 0.358712
    outer loop
      vertex 9.14405 9.69512 151.739
      vertex 9.19809 -1.16069 147.649
      vertex 9.19809 9.73975 151.616
    endloop
  endfacet
  facet normal 0.923295 -0.131384 0.360922
    outer loop
      vertex 9.19809 -1.16069 147.649
      vertex 9.14405 9.69512 151.739
      vertex 9.14405 -1.20531 147.771
    endloop
  endfacet
  facet normal -0.972465 -0.0797174 0.21899
    outer loop
      vertex 10.856 -1.20531 147.771
      vertex 10.8889 9.64815 151.868
      vertex 10.856 9.69512 151.739
    endloop
  endfacet
  facet normal -0.972465 -0.0797174 0.21899
    outer loop
      vertex 10.8889 9.64815 151.868
      vertex 10.856 -1.20531 147.771
      vertex 10.8889 -1.25228 147.9
    endloop
  endfacet
  facet normal -0.996894 -0.0269388 0.0740032
    outer loop
      vertex 10.8889 -1.25228 147.9
      vertex 10.9 9.6 152
      vertex 10.8889 9.64815 151.868
    endloop
  endfacet
  facet normal -0.996935 -0.026755 0.0735167
    outer loop
      vertex 10.9 9.6 152
      vertex 10.8889 -1.25228 147.9
      vertex 10.9 -1.30043 148.033
    endloop
  endfacet
  facet normal -0.924125 -0.13067 0.359052
    outer loop
      vertex 10.8019 -1.16069 147.649
      vertex 10.856 9.69512 151.739
      vertex 10.8019 9.73975 151.616
    endloop
  endfacet
  facet normal -0.923144 -0.131508 0.361264
    outer loop
      vertex 10.856 9.69512 151.739
      vertex 10.8019 -1.16069 147.649
      vertex 10.856 -1.20531 147.771
    endloop
  endfacet
  facet normal -0.520901 0.291991 -0.802124
    outer loop
      vertex 10.4086 9.32573 152.754
      vertex 10.529 -1.54946 148.717
      vertex 10.4086 -1.5747 148.786
    endloop
  endfacet
  facet normal -0.52573 0.290912 -0.799361
    outer loop
      vertex 10.529 -1.54946 148.717
      vertex 10.4086 9.32573 152.754
      vertex 10.529 9.35097 152.684
    endloop
  endfacet
  facet normal -0.972465 0.0796996 -0.218997
    outer loop
      vertex 10.8889 -1.34859 148.165
      vertex 10.856 9.50488 152.261
      vertex 10.8889 9.55185 152.132
    endloop
  endfacet
  facet normal -0.972464 0.0797016 -0.219002
    outer loop
      vertex 10.856 9.50488 152.261
      vertex 10.8889 -1.34859 148.165
      vertex 10.856 -1.39555 148.294
    endloop
  endfacet
  facet normal -0.383851 0.315789 -0.867719
    outer loop
      vertex 10.2781 9.30725 152.804
      vertex 10.4086 -1.5747 148.786
      vertex 10.2781 -1.59319 148.837
    endloop
  endfacet
  facet normal -0.378139 0.316665 -0.869905
    outer loop
      vertex 10.4086 -1.5747 148.786
      vertex 10.2781 9.30725 152.804
      vertex 10.4086 9.32573 152.754
    endloop
  endfacet
  facet normal 0.378214 -0.316654 0.869876
    outer loop
      vertex 9.59141 9.87427 151.246
      vertex 9.72188 -1.00768 147.228
      vertex 9.72188 9.89275 151.196
    endloop
  endfacet
  facet normal 0.383926 -0.315778 0.867689
    outer loop
      vertex 9.72188 -1.00768 147.228
      vertex 9.59141 9.87427 151.246
      vertex 9.59141 -1.02617 147.279
    endloop
  endfacet
  facet normal 0.383926 0.315778 -0.867689
    outer loop
      vertex 9.59141 -1.5747 148.786
      vertex 9.72188 9.30725 152.804
      vertex 9.72188 -1.59319 148.837
    endloop
  endfacet
  facet normal 0.378214 0.316654 -0.869876
    outer loop
      vertex 9.72188 9.30725 152.804
      vertex 9.59141 -1.5747 148.786
      vertex 9.59141 9.32573 152.754
    endloop
  endfacet
  facet normal 0.525667 -0.290925 0.799398
    outer loop
      vertex 9.47099 9.84903 151.316
      vertex 9.59141 -1.02617 147.279
      vertex 9.59141 9.87427 151.246
    endloop
  endfacet
  facet normal 0.52082 -0.292008 0.802171
    outer loop
      vertex 9.59141 -1.02617 147.279
      vertex 9.47099 9.84903 151.316
      vertex 9.47099 -1.0514 147.348
    endloop
  endfacet
  facet normal -0.648688 -0.260329 0.715146
    outer loop
      vertex 10.529 -1.0514 147.348
      vertex 10.6364 9.81766 151.402
      vertex 10.529 9.84903 151.316
    endloop
  endfacet
  facet normal -0.65252 -0.259148 0.712082
    outer loop
      vertex 10.6364 9.81766 151.402
      vertex 10.529 -1.0514 147.348
      vertex 10.6364 -1.08277 147.435
    endloop
  endfacet
  facet normal 0.233569 -0.332602 0.913686
    outer loop
      vertex 9.72188 9.89275 151.196
      vertex 9.85921 -0.996406 147.197
      vertex 9.85921 9.90403 151.165
    endloop
  endfacet
  facet normal 0.233555 -0.332603 0.913689
    outer loop
      vertex 9.85921 -0.996406 147.197
      vertex 9.72188 9.89275 151.196
      vertex 9.72188 -1.00768 147.228
    endloop
  endfacet
  facet normal 0.924275 0.130546 -0.358712
    outer loop
      vertex 9.19809 9.46025 152.384
      vertex 9.14405 -1.39555 148.294
      vertex 9.14405 9.50488 152.261
    endloop
  endfacet
  facet normal 0.924275 0.130546 -0.358712
    outer loop
      vertex 9.14405 -1.39555 148.294
      vertex 9.19809 9.46025 152.384
      vertex 9.19809 -1.44018 148.417
    endloop
  endfacet
  facet normal 0.0823452 -0.340826 0.936513
    outer loop
      vertex 9.85921 9.90403 151.165
      vertex 10 -0.992616 147.187
      vertex 10 9.90782 151.154
    endloop
  endfacet
  facet normal 0.0757332 -0.341081 0.936978
    outer loop
      vertex 10 -0.992616 147.187
      vertex 9.85921 9.90403 151.165
      vertex 9.85921 -0.996406 147.197
    endloop
  endfacet
  facet normal 0.233546 0.33253 -0.913718
    outer loop
      vertex 9.72188 -1.59319 148.837
      vertex 9.85921 9.29597 152.835
      vertex 9.85921 -1.60446 148.868
    endloop
  endfacet
  facet normal 0.233569 0.332528 -0.913713
    outer loop
      vertex 9.85921 9.29597 152.835
      vertex 9.72188 -1.59319 148.837
      vertex 9.72188 9.30725 152.804
    endloop
  endfacet
  facet normal -0.00100871 0.939717 0.34195
    outer loop
      vertex 10.1408 -0.996406 147.197
      vertex 10 -1.60825 148.878
      vertex 10.1408 -1.60446 148.868
    endloop
  endfacet
  facet normal 7.16948e-05 0.939718 0.34195
    outer loop
      vertex 10.1408 -0.996406 147.197
      vertex 10.1408 -1.60446 148.868
      vertex 10.2781 -1.59319 148.837
    endloop
  endfacet
  facet normal 0.000996721 0.939664 0.342099
    outer loop
      vertex 10 -0.992616 147.187
      vertex 10 -1.60825 148.878
      vertex 10.1408 -0.996406 147.197
    endloop
  endfacet
  facet normal 0.000494976 0.939715 0.341959
    outer loop
      vertex 10.2781 -1.00768 147.228
      vertex 10.2781 -1.59319 148.837
      vertex 10.4086 -1.5747 148.786
    endloop
  endfacet
  facet normal 0.000996791 0.939664 0.342099
    outer loop
      vertex 10 -1.60825 148.878
      vertex 10 -0.992616 147.187
      vertex 9.85921 -1.60446 148.868
    endloop
  endfacet
  facet normal -0.000974216 0.939687 0.342035
    outer loop
      vertex 10.4086 -1.02617 147.279
      vertex 10.4086 -1.5747 148.786
      vertex 10.529 -1.54946 148.717
    endloop
  endfacet
  facet normal -0.00100878 0.939717 0.34195
    outer loop
      vertex 9.85921 -0.996406 147.197
      vertex 9.85921 -1.60446 148.868
      vertex 10 -0.992616 147.187
    endloop
  endfacet
  facet normal -0.000718208 0.93974 0.34189
    outer loop
      vertex 10.529 -1.0514 147.348
      vertex 10.529 -1.54946 148.717
      vertex 10.6364 -1.51809 148.631
    endloop
  endfacet
  facet normal -7.16792e-05 0.939718 0.34195
    outer loop
      vertex 9.85921 -1.60446 148.868
      vertex 9.85921 -0.996406 147.197
      vertex 9.72188 -1.59319 148.837
    endloop
  endfacet
  facet normal 8.11788e-05 0.939762 0.341831
    outer loop
      vertex 10.529 -1.0514 147.348
      vertex 10.6364 -1.51809 148.631
      vertex 10.7281 -1.48136 148.53
    endloop
  endfacet
  facet normal 4.65426e-05 0.939715 0.341959
    outer loop
      vertex 9.72188 -1.00768 147.228
      vertex 9.72188 -1.59319 148.837
      vertex 9.85921 -0.996406 147.197
    endloop
  endfacet
  facet normal -0.000764585 0.939716 0.341956
    outer loop
      vertex 10.529 -1.0514 147.348
      vertex 10.7281 -1.48136 148.53
      vertex 10.8019 -1.44018 148.417
    endloop
  endfacet
  facet normal -0.00049509 0.939715 0.341959
    outer loop
      vertex 9.72188 -1.59319 148.837
      vertex 9.72188 -1.00768 147.228
      vertex 9.59141 -1.5747 148.786
    endloop
  endfacet
  facet normal 0.00113597 0.939871 0.341528
    outer loop
      vertex 10.529 -1.0514 147.348
      vertex 10.8019 -1.44018 148.417
      vertex 10.856 -1.39555 148.294
    endloop
  endfacet
  facet normal 0.000528585 0.939687 0.342035
    outer loop
      vertex 9.59141 -1.02617 147.279
      vertex 9.59141 -1.5747 148.786
      vertex 9.72188 -1.00768 147.228
    endloop
  endfacet
  facet normal -0.000369311 0.939704 0.341987
    outer loop
      vertex 10.529 -1.0514 147.348
      vertex 10.856 -1.39555 148.294
      vertex 10.8889 -1.34859 148.165
    endloop
  endfacet
  facet normal 0.000974054 0.939687 0.342035
    outer loop
      vertex 9.59141 -1.5747 148.786
      vertex 9.59141 -1.02617 147.279
      vertex 9.47099 -1.54946 148.717
    endloop
  endfacet
  facet normal -0.0019535 0.939478 0.342603
    outer loop
      vertex 10.529 -1.0514 147.348
      vertex 10.8889 -1.34859 148.165
      vertex 10.9 -1.30043 148.033
    endloop
  endfacet
  facet normal -0.000990331 0.93974 0.341889
    outer loop
      vertex 9.47099 -1.0514 147.348
      vertex 9.47099 -1.54946 148.717
      vertex 9.59141 -1.02617 147.279
    endloop
  endfacet
  facet normal 0.00311443 0.940356 0.340177
    outer loop
      vertex 10.529 -1.0514 147.348
      vertex 10.9 -1.30043 148.033
      vertex 10.8889 -1.25228 147.9
    endloop
  endfacet
  facet normal 0.000718275 0.93974 0.34189
    outer loop
      vertex 9.47099 -1.54946 148.717
      vertex 9.47099 -1.0514 147.348
      vertex 9.3636 -1.51809 148.631
    endloop
  endfacet
  facet normal -0.000462721 0.939613 0.342239
    outer loop
      vertex 10.529 -1.0514 147.348
      vertex 10.8889 -1.25228 147.9
      vertex 10.856 -1.20531 147.771
    endloop
  endfacet
  facet normal -4.65528e-05 0.939715 0.341959
    outer loop
      vertex 10.2781 -1.59319 148.837
      vertex 10.2781 -1.00768 147.228
      vertex 10.1408 -0.996406 147.197
    endloop
  endfacet
  facet normal -0.00536444 0.938375 0.345578
    outer loop
      vertex 10.529 -1.0514 147.348
      vertex 10.856 -1.20531 147.771
      vertex 10.8019 -1.16069 147.649
    endloop
  endfacet
  facet normal 0.000764659 0.939716 0.341956
    outer loop
      vertex 9.27188 -1.48136 148.53
      vertex 9.47099 -1.0514 147.348
      vertex 9.19809 -1.44018 148.417
    endloop
  endfacet
  facet normal 0.0209633 0.944546 0.327709
    outer loop
      vertex 10.6364 -1.08277 147.435
      vertex 10.8019 -1.16069 147.649
      vertex 10.7281 -1.1195 147.535
    endloop
  endfacet
  facet normal -0.00719445 0.937824 0.347037
    outer loop
      vertex 10.529 -1.0514 147.348
      vertex 10.8019 -1.16069 147.649
      vertex 10.6364 -1.08277 147.435
    endloop
  endfacet
  facet normal 0.000990495 0.93974 0.341889
    outer loop
      vertex 10.529 -1.54946 148.717
      vertex 10.529 -1.0514 147.348
      vertex 10.4086 -1.02617 147.279
    endloop
  endfacet
  facet normal -0.0209408 0.944542 0.327723
    outer loop
      vertex 9.19809 -1.16069 147.649
      vertex 9.3636 -1.08277 147.435
      vertex 9.27188 -1.1195 147.535
    endloop
  endfacet
  facet normal -0.000528463 0.939687 0.342035
    outer loop
      vertex 10.4086 -1.5747 148.786
      vertex 10.4086 -1.02617 147.279
      vertex 10.2781 -1.00768 147.228
    endloop
  endfacet
  facet normal 0.00719697 0.937823 0.347039
    outer loop
      vertex 9.19809 -1.16069 147.649
      vertex 9.47099 -1.0514 147.348
      vertex 9.3636 -1.08277 147.435
    endloop
  endfacet
  facet normal -0.00113677 0.939871 0.341527
    outer loop
      vertex 9.19809 -1.44018 148.417
      vertex 9.47099 -1.0514 147.348
      vertex 9.14405 -1.39555 148.294
    endloop
  endfacet
  facet normal 0.00535876 0.938376 0.345573
    outer loop
      vertex 9.14405 -1.20531 147.771
      vertex 9.47099 -1.0514 147.348
      vertex 9.19809 -1.16069 147.649
    endloop
  endfacet
  facet normal -0.00311351 0.940356 0.340178
    outer loop
      vertex 9.1 -1.30043 148.033
      vertex 9.47099 -1.0514 147.348
      vertex 9.11108 -1.25228 147.9
    endloop
  endfacet
  facet normal 0.000463333 0.939613 0.342239
    outer loop
      vertex 9.11108 -1.25228 147.9
      vertex 9.47099 -1.0514 147.348
      vertex 9.14405 -1.20531 147.771
    endloop
  endfacet
  facet normal 0.00195402 0.939478 0.342603
    outer loop
      vertex 9.11108 -1.34859 148.165
      vertex 9.47099 -1.0514 147.348
      vertex 9.1 -1.30043 148.033
    endloop
  endfacet
  facet normal 0.000369017 0.939705 0.341987
    outer loop
      vertex 9.14405 -1.39555 148.294
      vertex 9.47099 -1.0514 147.348
      vertex 9.11108 -1.34859 148.165
    endloop
  endfacet
  facet normal -8.11632e-05 0.939762 0.341831
    outer loop
      vertex 9.3636 -1.51809 148.631
      vertex 9.47099 -1.0514 147.348
      vertex 9.27188 -1.48136 148.53
    endloop
  endfacet
  facet normal -0.924125 0.13067 -0.359052
    outer loop
      vertex 10.856 -1.39555 148.294
      vertex 10.8019 9.46025 152.384
      vertex 10.856 9.50488 152.261
    endloop
  endfacet
  facet normal -0.924125 0.13067 -0.359052
    outer loop
      vertex 10.8019 9.46025 152.384
      vertex 10.856 -1.39555 148.294
      vertex 10.8019 -1.44018 148.417
    endloop
  endfacet
  facet normal 0.760648 0.222006 -0.610023
    outer loop
      vertex 9.3636 9.38234 152.598
      vertex 9.27188 -1.48136 148.53
      vertex 9.27188 9.41907 152.497
    endloop
  endfacet
  facet normal 0.760648 0.222006 -0.610023
    outer loop
      vertex 9.27188 -1.48136 148.53
      vertex 9.3636 9.38234 152.598
      vertex 9.3636 -1.51809 148.631
    endloop
  endfacet
  facet normal 0.648723 -0.260319 0.715118
    outer loop
      vertex 9.3636 9.81766 151.402
      vertex 9.47099 -1.0514 147.348
      vertex 9.47099 9.84903 151.316
    endloop
  endfacet
  facet normal 0.652554 -0.259138 0.712054
    outer loop
      vertex 9.47099 -1.0514 147.348
      vertex 9.3636 9.81766 151.402
      vertex 9.3636 -1.08277 147.435
    endloop
  endfacet
  facet normal -0.0757279 0.341081 -0.936979
    outer loop
      vertex 10 9.29218 152.846
      vertex 10.1408 -1.60446 148.868
      vertex 10 -1.60825 148.878
    endloop
  endfacet
  facet normal -0.0823394 0.340826 -0.936514
    outer loop
      vertex 10.1408 -1.60446 148.868
      vertex 10 9.29218 152.846
      vertex 10.1408 9.29597 152.835
    endloop
  endfacet
  facet normal 0.648723 0.260261 -0.715139
    outer loop
      vertex 9.3636 -1.51809 148.631
      vertex 9.47099 9.35097 152.684
      vertex 9.47099 -1.54946 148.717
    endloop
  endfacet
  facet normal 0.648723 0.260261 -0.715139
    outer loop
      vertex 9.47099 9.35097 152.684
      vertex 9.3636 -1.51809 148.631
      vertex 9.3636 9.38234 152.598
    endloop
  endfacet
  facet normal -0.852329 0.178862 -0.491472
    outer loop
      vertex 10.8019 -1.44018 148.417
      vertex 10.7281 9.41907 152.497
      vertex 10.8019 9.46025 152.384
    endloop
  endfacet
  facet normal -0.852329 0.178862 -0.491472
    outer loop
      vertex 10.7281 9.41907 152.497
      vertex 10.8019 -1.44018 148.417
      vertex 10.7281 -1.48136 148.53
    endloop
  endfacet
  facet normal -0.852329 -0.178901 0.491457
    outer loop
      vertex 10.7281 -1.1195 147.535
      vertex 10.8019 9.73975 151.616
      vertex 10.7281 9.78093 151.503
    endloop
  endfacet
  facet normal -0.854141 -0.177847 0.488685
    outer loop
      vertex 10.8019 9.73975 151.616
      vertex 10.7281 -1.1195 147.535
      vertex 10.8019 -1.16069 147.649
    endloop
  endfacet
  facet normal -0.760718 -0.221978 0.609946
    outer loop
      vertex 10.6364 -1.08277 147.435
      vertex 10.7281 9.78093 151.503
      vertex 10.6364 9.81766 151.402
    endloop
  endfacet
  facet normal -0.757894 -0.223155 0.613024
    outer loop
      vertex 10.7281 9.78093 151.503
      vertex 10.6364 -1.08277 147.435
      vertex 10.7281 -1.1195 147.535
    endloop
  endfacet
  facet normal 0.760648 -0.222006 0.610023
    outer loop
      vertex 9.27188 9.78093 151.503
      vertex 9.3636 -1.08277 147.435
      vertex 9.3636 9.81766 151.402
    endloop
  endfacet
  facet normal 0.757824 -0.223182 0.613101
    outer loop
      vertex 9.3636 -1.08277 147.435
      vertex 9.27188 9.78093 151.503
      vertex 9.27188 -1.1195 147.535
    endloop
  endfacet
  facet normal -0.0823394 -0.340826 0.936514
    outer loop
      vertex 10 -0.992616 147.187
      vertex 10.1408 9.90403 151.165
      vertex 10 9.90782 151.154
    endloop
  endfacet
  facet normal -0.0757279 -0.341081 0.936979
    outer loop
      vertex 10.1408 9.90403 151.165
      vertex 10 -0.992616 147.187
      vertex 10.1408 -0.996406 147.197
    endloop
  endfacet
  facet normal -0.378139 -0.316665 0.869905
    outer loop
      vertex 10.2781 -1.00768 147.228
      vertex 10.4086 9.87427 151.246
      vertex 10.2781 9.89275 151.196
    endloop
  endfacet
  facet normal -0.383851 -0.315789 0.867719
    outer loop
      vertex 10.4086 9.87427 151.246
      vertex 10.2781 -1.00768 147.228
      vertex 10.4086 -1.02617 147.279
    endloop
  endfacet
  facet normal 0.972353 -0.0798778 0.219431
    outer loop
      vertex 9.11108 9.64815 151.868
      vertex 9.14405 -1.20531 147.771
      vertex 9.14405 9.69512 151.739
    endloop
  endfacet
  facet normal 0.972353 -0.0798778 0.219431
    outer loop
      vertex 9.14405 -1.20531 147.771
      vertex 9.11108 9.64815 151.868
      vertex 9.11108 -1.25228 147.9
    endloop
  endfacet
  facet normal 0.972353 0.07986 -0.219438
    outer loop
      vertex 9.14405 9.50488 152.261
      vertex 9.11108 -1.34859 148.165
      vertex 9.11108 9.55185 152.132
    endloop
  endfacet
  facet normal 0.972351 0.0798619 -0.219443
    outer loop
      vertex 9.11108 -1.34859 148.165
      vertex 9.14405 9.50488 152.261
      vertex 9.14405 -1.39555 148.294
    endloop
  endfacet
  facet normal -0.52573 -0.290912 0.799361
    outer loop
      vertex 10.4086 -1.02617 147.279
      vertex 10.529 9.84903 151.316
      vertex 10.4086 9.87427 151.246
    endloop
  endfacet
  facet normal -0.520883 -0.291995 0.802135
    outer loop
      vertex 10.529 9.84903 151.316
      vertex 10.4086 -1.02617 147.279
      vertex 10.529 -1.0514 147.348
    endloop
  endfacet
  facet normal -0.233594 0.332526 -0.913707
    outer loop
      vertex 10.1408 9.29597 152.835
      vertex 10.2781 -1.59319 148.837
      vertex 10.1408 -1.60446 148.868
    endloop
  endfacet
  facet normal -0.233617 0.332524 -0.913702
    outer loop
      vertex 10.2781 -1.59319 148.837
      vertex 10.1408 9.29597 152.835
      vertex 10.2781 9.30725 152.804
    endloop
  endfacet
  facet normal -0.996894 0.0269328 -0.0740054
    outer loop
      vertex 10.9 -1.30043 148.033
      vertex 10.8889 9.55185 152.132
      vertex 10.9 9.6 152
    endloop
  endfacet
  facet normal -0.996894 0.0269321 -0.0740036
    outer loop
      vertex 10.8889 9.55185 152.132
      vertex 10.9 -1.30043 148.033
      vertex 10.8889 -1.34859 148.165
    endloop
  endfacet
  facet normal -0.760718 0.221978 -0.609946
    outer loop
      vertex 10.7281 -1.48136 148.53
      vertex 10.6364 9.38234 152.598
      vertex 10.7281 9.41907 152.497
    endloop
  endfacet
  facet normal -0.760718 0.221978 -0.609946
    outer loop
      vertex 10.6364 9.38234 152.598
      vertex 10.7281 -1.48136 148.53
      vertex 10.6364 -1.51809 148.631
    endloop
  endfacet
  facet normal 0.85236 0.178844 -0.491423
    outer loop
      vertex 9.27188 9.41907 152.497
      vertex 9.19809 -1.44018 148.417
      vertex 9.19809 9.46025 152.384
    endloop
  endfacet
  facet normal 0.85236 0.178844 -0.491423
    outer loop
      vertex 9.19809 -1.44018 148.417
      vertex 9.27188 9.41907 152.497
      vertex 9.27188 -1.48136 148.53
    endloop
  endfacet
  facet normal 0.996905 0.0268846 -0.0738729
    outer loop
      vertex 9.11108 9.55185 152.132
      vertex 9.1 -1.30043 148.033
      vertex 9.1 9.6 152
    endloop
  endfacet
  facet normal 0.996905 0.0268839 -0.0738711
    outer loop
      vertex 9.1 -1.30043 148.033
      vertex 9.11108 9.55185 152.132
      vertex 9.11108 -1.34859 148.165
    endloop
  endfacet
  facet normal 0.0757332 0.341081 -0.936978
    outer loop
      vertex 9.85921 -1.60446 148.868
      vertex 10 9.29218 152.846
      vertex 10 -1.60825 148.878
    endloop
  endfacet
  facet normal 0.0823452 0.340826 -0.936513
    outer loop
      vertex 10 9.29218 152.846
      vertex 9.85921 -1.60446 148.868
      vertex 9.85921 9.29597 152.835
    endloop
  endfacet
  facet normal -0.233617 -0.332598 0.913675
    outer loop
      vertex 10.1408 -0.996406 147.197
      vertex 10.2781 9.89275 151.196
      vertex 10.1408 9.90403 151.165
    endloop
  endfacet
  facet normal -0.233603 -0.332599 0.913678
    outer loop
      vertex 10.2781 9.89275 151.196
      vertex 10.1408 -0.996406 147.197
      vertex 10.2781 -1.00768 147.228
    endloop
  endfacet
  facet normal 0.520838 0.292004 -0.802161
    outer loop
      vertex 9.47099 -1.54946 148.717
      vertex 9.59141 9.32573 152.754
      vertex 9.59141 -1.5747 148.786
    endloop
  endfacet
  facet normal 0.525667 0.290925 -0.799398
    outer loop
      vertex 9.59141 9.32573 152.754
      vertex 9.47099 -1.54946 148.717
      vertex 9.47099 9.35097 152.684
    endloop
  endfacet
  facet normal 0.996905 -0.0268906 0.0738707
    outer loop
      vertex 9.1 9.6 152
      vertex 9.11108 -1.25228 147.9
      vertex 9.11108 9.64815 151.868
    endloop
  endfacet
  facet normal 0.996946 -0.0267071 0.0733851
    outer loop
      vertex 9.11108 -1.25228 147.9
      vertex 9.1 9.6 152
      vertex 9.1 -1.30043 148.033
    endloop
  endfacet
  facet normal 0.85236 -0.178884 0.491409
    outer loop
      vertex 9.19809 9.73975 151.616
      vertex 9.27188 -1.1195 147.535
      vertex 9.27188 9.78093 151.503
    endloop
  endfacet
  facet normal 0.854173 -0.17783 0.488637
    outer loop
      vertex 9.27188 -1.1195 147.535
      vertex 9.19809 9.73975 151.616
      vertex 9.19809 -1.16069 147.649
    endloop
  endfacet
  facet normal -0.648688 0.260271 -0.715167
    outer loop
      vertex 10.529 9.35097 152.684
      vertex 10.6364 -1.51809 148.631
      vertex 10.529 -1.54946 148.717
    endloop
  endfacet
  facet normal -0.648688 0.260271 -0.715167
    outer loop
      vertex 10.6364 -1.51809 148.631
      vertex 10.529 9.35097 152.684
      vertex 10.6364 9.38234 152.598
    endloop
  endfacet
  facet normal 0.923235 -0.0667438 0.378395
    outer loop
      vertex -10.856 9.64829 125.726
      vertex -10.8019 -1.75282 123.583
      vertex -10.8019 9.67095 125.598
    endloop
  endfacet
  facet normal 0.924257 -0.0662835 0.375972
    outer loop
      vertex -10.8019 -1.75282 123.583
      vertex -10.856 9.64829 125.726
      vertex -10.856 -1.77548 123.712
    endloop
  endfacet
  facet normal -0.972277 -0.0405985 0.230282
    outer loop
      vertex -9.14405 -1.77548 123.712
      vertex -9.11108 9.62445 125.861
      vertex -9.14405 9.64829 125.726
    endloop
  endfacet
  facet normal -0.972277 -0.0405985 0.230282
    outer loop
      vertex -9.11108 9.62445 125.861
      vertex -9.14405 -1.77548 123.712
      vertex -9.11108 -1.79932 123.847
    endloop
  endfacet
  facet normal -0.996933 -0.0135887 0.0770775
    outer loop
      vertex -9.11108 -1.79932 123.847
      vertex -9.1 9.6 126
      vertex -9.11108 9.62445 125.861
    endloop
  endfacet
  facet normal -0.996933 -0.0135887 0.0770775
    outer loop
      vertex -9.1 9.6 126
      vertex -9.11108 -1.79932 123.847
      vertex -9.1 -1.82377 123.986
    endloop
  endfacet
  facet normal -0.923386 -0.0666807 0.378037
    outer loop
      vertex -9.19809 -1.75282 123.583
      vertex -9.14405 9.64829 125.726
      vertex -9.19809 9.67095 125.598
    endloop
  endfacet
  facet normal -0.924407 -0.0662206 0.375615
    outer loop
      vertex -9.14405 9.64829 125.726
      vertex -9.19809 -1.75282 123.583
      vertex -9.14405 -1.77548 123.712
    endloop
  endfacet
  facet normal -0.519074 0.148471 -0.841736
    outer loop
      vertex -9.59141 9.46075 126.79
      vertex -9.47099 -1.95021 124.703
      vertex -9.59141 -1.96302 124.775
    endloop
  endfacet
  facet normal -0.524153 0.14786 -0.83869
    outer loop
      vertex -9.47099 -1.95021 124.703
      vertex -9.59141 9.46075 126.79
      vertex -9.47099 9.47356 126.717
    endloop
  endfacet
  facet normal -0.972277 0.0406181 -0.230279
    outer loop
      vertex -9.11108 -1.84822 124.124
      vertex -9.14405 9.55171 126.274
      vertex -9.11108 9.57555 126.139
    endloop
  endfacet
  facet normal -0.972655 0.0403246 -0.228729
    outer loop
      vertex -9.14405 9.55171 126.274
      vertex -9.11108 -1.84822 124.124
      vertex -9.14405 -1.87206 124.26
    endloop
  endfacet
  facet normal -0.387299 0.160071 -0.907952
    outer loop
      vertex -9.72188 9.45137 126.843
      vertex -9.59141 -1.96302 124.775
      vertex -9.72188 -1.9724 124.829
    endloop
  endfacet
  facet normal -0.38136 0.160578 -0.910373
    outer loop
      vertex -9.59141 -1.96302 124.775
      vertex -9.72188 9.45137 126.843
      vertex -9.59141 9.46075 126.79
    endloop
  endfacet
  facet normal 0.381285 -0.160506 0.910417
    outer loop
      vertex -10.4086 9.73925 125.21
      vertex -10.2781 -1.67514 123.143
      vertex -10.2781 9.74863 125.157
    endloop
  endfacet
  facet normal 0.381285 -0.160506 0.910417
    outer loop
      vertex -10.2781 -1.67514 123.143
      vertex -10.4086 9.73925 125.21
      vertex -10.4086 -1.68452 123.196
    endloop
  endfacet
  facet normal 0.387223 0.160077 -0.907983
    outer loop
      vertex -10.4086 -1.96302 124.775
      vertex -10.2781 9.45137 126.843
      vertex -10.2781 -1.9724 124.829
    endloop
  endfacet
  facet normal 0.381285 0.160583 -0.910404
    outer loop
      vertex -10.2781 9.45137 126.843
      vertex -10.4086 -1.96302 124.775
      vertex -10.4086 9.46075 126.79
    endloop
  endfacet
  facet normal 0.524216 -0.147854 0.838652
    outer loop
      vertex -10.529 9.72644 125.283
      vertex -10.4086 -1.68452 123.196
      vertex -10.4086 9.73925 125.21
    endloop
  endfacet
  facet normal 0.524216 -0.147854 0.838652
    outer loop
      vertex -10.4086 -1.68452 123.196
      vertex -10.529 9.72644 125.283
      vertex -10.529 -1.69733 123.269
    endloop
  endfacet
  facet normal -0.648132 -0.132218 0.749963
    outer loop
      vertex -9.47099 -1.69733 123.269
      vertex -9.3636 9.71051 125.373
      vertex -9.47099 9.72644 125.283
    endloop
  endfacet
  facet normal -0.648132 -0.132218 0.749963
    outer loop
      vertex -9.3636 9.71051 125.373
      vertex -9.47099 -1.69733 123.269
      vertex -9.3636 -1.71326 123.359
    endloop
  endfacet
  facet normal 0.230402 -0.169032 0.958302
    outer loop
      vertex -10.2781 9.74863 125.157
      vertex -10.1408 -1.66941 123.11
      vertex -10.1408 9.75436 125.125
    endloop
  endfacet
  facet normal 0.236995 -0.168675 0.956756
    outer loop
      vertex -10.1408 -1.66941 123.11
      vertex -10.2781 9.74863 125.157
      vertex -10.2781 -1.67514 123.143
    endloop
  endfacet
  facet normal 0.923235 0.0667117 -0.378401
    outer loop
      vertex -10.8019 9.52905 126.402
      vertex -10.856 -1.87206 124.26
      vertex -10.856 9.55171 126.274
    endloop
  endfacet
  facet normal 0.923235 0.0667117 -0.378401
    outer loop
      vertex -10.856 -1.87206 124.26
      vertex -10.8019 9.52905 126.402
      vertex -10.8019 -1.89472 124.388
    endloop
  endfacet
  facet normal 0.0790578 -0.173161 0.981715
    outer loop
      vertex -10.1408 9.75436 125.125
      vertex -10 -1.66749 123.099
      vertex -10 9.75628 125.114
    endloop
  endfacet
  facet normal 0.0790578 -0.173161 0.981715
    outer loop
      vertex -10 -1.66749 123.099
      vertex -10.1408 9.75436 125.125
      vertex -10.1408 -1.66941 123.11
    endloop
  endfacet
  facet normal 0.230402 0.16895 -0.958317
    outer loop
      vertex -10.2781 -1.9724 124.829
      vertex -10.1408 9.44564 126.875
      vertex -10.1408 -1.97813 124.861
    endloop
  endfacet
  facet normal 0.230402 0.16895 -0.958317
    outer loop
      vertex -10.1408 9.44564 126.875
      vertex -10.2781 -1.9724 124.829
      vertex -10.2781 9.45137 126.843
    endloop
  endfacet
  facet normal 0 0.985106 0.171946
    outer loop
      vertex -9.85921 -1.97813 124.861
      vertex -10.1408 -1.97813 124.861
      vertex -10 -1.98005 124.872
    endloop
  endfacet
  facet normal 0 0.984344 0.176259
    outer loop
      vertex -9.72188 -1.9724 124.829
      vertex -10.1408 -1.97813 124.861
      vertex -9.85921 -1.97813 124.861
    endloop
  endfacet
  facet normal 0 0.984344 0.176259
    outer loop
      vertex -9.72188 -1.9724 124.829
      vertex -10.2781 -1.9724 124.829
      vertex -10.1408 -1.97813 124.861
    endloop
  endfacet
  facet normal 0 0.985247 0.171141
    outer loop
      vertex -9.59141 -1.96302 124.775
      vertex -10.2781 -1.9724 124.829
      vertex -9.72188 -1.9724 124.829
    endloop
  endfacet
  facet normal 0 0.985247 0.171141
    outer loop
      vertex -9.59141 -1.96302 124.775
      vertex -10.4086 -1.96302 124.775
      vertex -10.2781 -1.9724 124.829
    endloop
  endfacet
  facet normal 0 0.984539 0.175166
    outer loop
      vertex -9.47099 -1.95021 124.703
      vertex -10.4086 -1.96302 124.775
      vertex -9.59141 -1.96302 124.775
    endloop
  endfacet
  facet normal 0 0.984539 0.175166
    outer loop
      vertex -9.47099 -1.95021 124.703
      vertex -10.529 -1.95021 124.703
      vertex -10.4086 -1.96302 124.775
    endloop
  endfacet
  facet normal 0 0.985021 0.172433
    outer loop
      vertex -9.3636 -1.93428 124.612
      vertex -10.529 -1.95021 124.703
      vertex -9.47099 -1.95021 124.703
    endloop
  endfacet
  facet normal 0 0.985021 0.172433
    outer loop
      vertex -9.3636 -1.93428 124.612
      vertex -10.6364 -1.93428 124.612
      vertex -10.529 -1.95021 124.703
    endloop
  endfacet
  facet normal 0 0.984589 0.174882
    outer loop
      vertex -9.27188 -1.91563 124.507
      vertex -10.6364 -1.93428 124.612
      vertex -9.3636 -1.93428 124.612
    endloop
  endfacet
  facet normal 0 0.984589 0.174882
    outer loop
      vertex -9.27188 -1.91563 124.507
      vertex -10.7281 -1.91563 124.507
      vertex -10.6364 -1.93428 124.612
    endloop
  endfacet
  facet normal 0 0.984911 0.173063
    outer loop
      vertex -9.19809 -1.89472 124.388
      vertex -10.7281 -1.91563 124.507
      vertex -9.27188 -1.91563 124.507
    endloop
  endfacet
  facet normal 0 0.984911 0.173063
    outer loop
      vertex -9.19809 -1.89472 124.388
      vertex -10.8019 -1.89472 124.388
      vertex -10.7281 -1.91563 124.507
    endloop
  endfacet
  facet normal 0 0.984689 0.174321
    outer loop
      vertex -9.14405 -1.87206 124.26
      vertex -10.8019 -1.89472 124.388
      vertex -9.19809 -1.89472 124.388
    endloop
  endfacet
  facet normal 0 0.984689 0.174321
    outer loop
      vertex -9.14405 -1.87206 124.26
      vertex -10.856 -1.87206 124.26
      vertex -10.8019 -1.89472 124.388
    endloop
  endfacet
  facet normal 0 0.984981 0.172661
    outer loop
      vertex -9.11108 -1.84822 124.124
      vertex -10.856 -1.87206 124.26
      vertex -9.14405 -1.87206 124.26
    endloop
  endfacet
  facet normal 0 0.984981 0.172661
    outer loop
      vertex -9.11108 -1.84822 124.124
      vertex -10.8889 -1.84822 124.124
      vertex -10.856 -1.87206 124.26
    endloop
  endfacet
  facet normal 0 0.984665 0.174457
    outer loop
      vertex -9.1 -1.82377 123.986
      vertex -10.8889 -1.84822 124.124
      vertex -9.11108 -1.84822 124.124
    endloop
  endfacet
  facet normal 0 0.984665 0.174457
    outer loop
      vertex -9.1 -1.82377 123.986
      vertex -10.9 -1.82377 123.986
      vertex -10.8889 -1.84822 124.124
    endloop
  endfacet
  facet normal 0 0.98488 0.17324
    outer loop
      vertex -9.11108 -1.79932 123.847
      vertex -10.9 -1.82377 123.986
      vertex -9.1 -1.82377 123.986
    endloop
  endfacet
  facet normal 0 0.98488 0.17324
    outer loop
      vertex -9.11108 -1.79932 123.847
      vertex -10.8889 -1.79932 123.847
      vertex -10.9 -1.82377 123.986
    endloop
  endfacet
  facet normal 0 0.984763 0.173902
    outer loop
      vertex -9.14405 -1.77548 123.712
      vertex -10.8889 -1.79932 123.847
      vertex -9.11108 -1.79932 123.847
    endloop
  endfacet
  facet normal 0 0.984763 0.173902
    outer loop
      vertex -9.14405 -1.77548 123.712
      vertex -10.856 -1.77548 123.712
      vertex -10.8889 -1.79932 123.847
    endloop
  endfacet
  facet normal 0 0.98492 0.17301
    outer loop
      vertex -9.19809 -1.75282 123.583
      vertex -10.856 -1.77548 123.712
      vertex -9.14405 -1.77548 123.712
    endloop
  endfacet
  facet normal 0 0.98492 0.17301
    outer loop
      vertex -9.19809 -1.75282 123.583
      vertex -10.8019 -1.75282 123.583
      vertex -10.856 -1.77548 123.712
    endloop
  endfacet
  facet normal 0 0.98466 0.174485
    outer loop
      vertex -9.27188 -1.73191 123.465
      vertex -10.8019 -1.75282 123.583
      vertex -9.19809 -1.75282 123.583
    endloop
  endfacet
  facet normal 0 0.98466 0.174485
    outer loop
      vertex -9.27188 -1.73191 123.465
      vertex -10.7281 -1.73191 123.465
      vertex -10.8019 -1.75282 123.583
    endloop
  endfacet
  facet normal 0 0.984872 0.173282
    outer loop
      vertex -9.3636 -1.71326 123.359
      vertex -10.7281 -1.73191 123.465
      vertex -9.27188 -1.73191 123.465
    endloop
  endfacet
  facet normal 0 0.984872 0.173282
    outer loop
      vertex -9.3636 -1.71326 123.359
      vertex -10.6364 -1.71326 123.359
      vertex -10.7281 -1.73191 123.465
    endloop
  endfacet
  facet normal 0 0.984694 0.174291
    outer loop
      vertex -9.47099 -1.69733 123.269
      vertex -10.6364 -1.71326 123.359
      vertex -9.3636 -1.71326 123.359
    endloop
  endfacet
  facet normal 0 0.984694 0.174291
    outer loop
      vertex -9.47099 -1.69733 123.269
      vertex -10.529 -1.69733 123.269
      vertex -10.6364 -1.71326 123.359
    endloop
  endfacet
  facet normal 0 0.98495 0.172839
    outer loop
      vertex -9.59141 -1.68452 123.196
      vertex -10.529 -1.69733 123.269
      vertex -9.47099 -1.69733 123.269
    endloop
  endfacet
  facet normal 0 0.98495 0.172839
    outer loop
      vertex -9.59141 -1.68452 123.196
      vertex -10.4086 -1.68452 123.196
      vertex -10.529 -1.69733 123.269
    endloop
  endfacet
  facet normal 0 0.984697 0.174273
    outer loop
      vertex -9.72188 -1.67514 123.143
      vertex -10.4086 -1.68452 123.196
      vertex -9.59141 -1.68452 123.196
    endloop
  endfacet
  facet normal 0 0.984697 0.174273
    outer loop
      vertex -9.72188 -1.67514 123.143
      vertex -10.2781 -1.67514 123.143
      vertex -10.4086 -1.68452 123.196
    endloop
  endfacet
  facet normal 0 0.985258 0.171077
    outer loop
      vertex -9.85921 -1.66941 123.11
      vertex -10.2781 -1.67514 123.143
      vertex -9.72188 -1.67514 123.143
    endloop
  endfacet
  facet normal 0 0.985258 0.171077
    outer loop
      vertex -9.85921 -1.66941 123.11
      vertex -10.1408 -1.66941 123.11
      vertex -10.2781 -1.67514 123.143
    endloop
  endfacet
  facet normal -0 0.985106 0.171946
    outer loop
      vertex -10.1408 -1.66941 123.11
      vertex -9.85921 -1.66941 123.11
      vertex -10 -1.66749 123.099
    endloop
  endfacet
  facet normal -0.923386 0.0666486 -0.378043
    outer loop
      vertex -9.14405 -1.87206 124.26
      vertex -9.19809 9.52905 126.402
      vertex -9.14405 9.55171 126.274
    endloop
  endfacet
  facet normal -0.923386 0.0666486 -0.378043
    outer loop
      vertex -9.19809 9.52905 126.402
      vertex -9.14405 -1.87206 124.26
      vertex -9.19809 -1.89472 124.388
    endloop
  endfacet
  facet normal 0.761185 0.1126 -0.638685
    outer loop
      vertex -10.6364 9.48949 126.627
      vertex -10.7281 -1.91563 124.507
      vertex -10.7281 9.50814 126.521
    endloop
  endfacet
  facet normal 0.758232 0.113253 -0.642073
    outer loop
      vertex -10.7281 -1.91563 124.507
      vertex -10.6364 9.48949 126.627
      vertex -10.6364 -1.93428 124.612
    endloop
  endfacet
  facet normal 0.648097 -0.132223 0.749992
    outer loop
      vertex -10.6364 9.71051 125.373
      vertex -10.529 -1.69733 123.269
      vertex -10.529 9.72644 125.283
    endloop
  endfacet
  facet normal 0.648097 -0.132223 0.749992
    outer loop
      vertex -10.529 -1.69733 123.269
      vertex -10.6364 9.71051 125.373
      vertex -10.6364 -1.71326 123.359
    endloop
  endfacet
  facet normal -0.0790634 0.173078 -0.98173
    outer loop
      vertex -10 9.44372 126.886
      vertex -9.85921 -1.97813 124.861
      vertex -10 -1.98005 124.872
    endloop
  endfacet
  facet normal -0.0790634 0.173078 -0.98173
    outer loop
      vertex -9.85921 -1.97813 124.861
      vertex -10 9.44372 126.886
      vertex -9.85921 9.44564 126.875
    endloop
  endfacet
  facet normal 0.652119 0.131625 -0.746602
    outer loop
      vertex -10.6364 -1.93428 124.612
      vertex -10.529 9.47356 126.717
      vertex -10.529 -1.95021 124.703
    endloop
  endfacet
  facet normal 0.648097 0.132287 -0.749981
    outer loop
      vertex -10.529 9.47356 126.717
      vertex -10.6364 -1.93428 124.612
      vertex -10.6364 9.48949 126.627
    endloop
  endfacet
  facet normal -0.853427 0.0904936 -0.513296
    outer loop
      vertex -9.19809 -1.89472 124.388
      vertex -9.27188 9.50814 126.521
      vertex -9.19809 9.52905 126.402
    endloop
  endfacet
  facet normal -0.853427 0.0904936 -0.513296
    outer loop
      vertex -9.27188 9.50814 126.521
      vertex -9.19809 -1.89472 124.388
      vertex -9.27188 -1.91563 124.507
    endloop
  endfacet
  facet normal -0.853427 -0.0904936 0.513296
    outer loop
      vertex -9.27188 -1.73191 123.465
      vertex -9.19809 9.67095 125.598
      vertex -9.27188 9.69186 125.479
    endloop
  endfacet
  facet normal -0.851521 -0.0910772 0.51635
    outer loop
      vertex -9.19809 9.67095 125.598
      vertex -9.27188 -1.73191 123.465
      vertex -9.19809 -1.75282 123.583
    endloop
  endfacet
  facet normal -0.761115 -0.112614 0.638766
    outer loop
      vertex -9.3636 -1.71326 123.359
      vertex -9.27188 9.69186 125.479
      vertex -9.3636 9.71051 125.373
    endloop
  endfacet
  facet normal -0.761115 -0.112614 0.638766
    outer loop
      vertex -9.27188 9.69186 125.479
      vertex -9.3636 -1.71326 123.359
      vertex -9.27188 -1.73191 123.465
    endloop
  endfacet
  facet normal 0.761185 -0.1126 0.638685
    outer loop
      vertex -10.7281 9.69186 125.479
      vertex -10.6364 -1.71326 123.359
      vertex -10.6364 9.71051 125.373
    endloop
  endfacet
  facet normal 0.761185 -0.1126 0.638685
    outer loop
      vertex -10.6364 -1.71326 123.359
      vertex -10.7281 9.69186 125.479
      vertex -10.7281 -1.73191 123.465
    endloop
  endfacet
  facet normal -0.0790634 -0.173161 0.981715
    outer loop
      vertex -10 -1.66749 123.099
      vertex -9.85921 9.75436 125.125
      vertex -10 9.75628 125.114
    endloop
  endfacet
  facet normal -0.0790634 -0.173161 0.981715
    outer loop
      vertex -9.85921 9.75436 125.125
      vertex -10 -1.66749 123.099
      vertex -9.85921 -1.66941 123.11
    endloop
  endfacet
  facet normal -0.38136 -0.1605 0.910387
    outer loop
      vertex -9.72188 -1.67514 123.143
      vertex -9.59141 9.73925 125.21
      vertex -9.72188 9.74863 125.157
    endloop
  endfacet
  facet normal -0.38136 -0.1605 0.910387
    outer loop
      vertex -9.59141 9.73925 125.21
      vertex -9.72188 -1.67514 123.143
      vertex -9.59141 -1.68452 123.196
    endloop
  endfacet
  facet normal 0.972389 -0.040517 0.22982
    outer loop
      vertex -10.8889 9.62445 125.861
      vertex -10.856 -1.77548 123.712
      vertex -10.856 9.64829 125.726
    endloop
  endfacet
  facet normal 0.972389 -0.040517 0.22982
    outer loop
      vertex -10.856 -1.77548 123.712
      vertex -10.8889 9.62445 125.861
      vertex -10.8889 -1.79932 123.847
    endloop
  endfacet
  facet normal -0.524153 -0.14786 0.83869
    outer loop
      vertex -9.59141 -1.68452 123.196
      vertex -9.47099 9.72644 125.283
      vertex -9.59141 9.73925 125.21
    endloop
  endfacet
  facet normal -0.524153 -0.14786 0.83869
    outer loop
      vertex -9.47099 9.72644 125.283
      vertex -9.59141 -1.68452 123.196
      vertex -9.47099 -1.69733 123.269
    endloop
  endfacet
  facet normal -0.230354 0.168952 -0.958328
    outer loop
      vertex -9.85921 9.44564 126.875
      vertex -9.72188 -1.9724 124.829
      vertex -9.85921 -1.97813 124.861
    endloop
  endfacet
  facet normal -0.230354 0.168952 -0.958328
    outer loop
      vertex -9.72188 -1.9724 124.829
      vertex -9.85921 9.44564 126.875
      vertex -9.72188 9.45137 126.843
    endloop
  endfacet
  facet normal -0.996933 0.0135887 -0.0770775
    outer loop
      vertex -9.1 -1.82377 123.986
      vertex -9.11108 9.57555 126.139
      vertex -9.1 9.6 126
    endloop
  endfacet
  facet normal -0.996889 0.0136902 -0.0776146
    outer loop
      vertex -9.11108 9.57555 126.139
      vertex -9.1 -1.82377 123.986
      vertex -9.11108 -1.84822 124.124
    endloop
  endfacet
  facet normal -0.761115 0.112614 -0.638766
    outer loop
      vertex -9.27188 -1.91563 124.507
      vertex -9.3636 9.48949 126.627
      vertex -9.27188 9.50814 126.521
    endloop
  endfacet
  facet normal -0.758162 0.113267 -0.642154
    outer loop
      vertex -9.3636 9.48949 126.627
      vertex -9.27188 -1.91563 124.507
      vertex -9.3636 -1.93428 124.612
    endloop
  endfacet
  facet normal 0.853396 0.0905025 -0.513346
    outer loop
      vertex -10.7281 9.50814 126.521
      vertex -10.8019 -1.89472 124.388
      vertex -10.8019 9.52905 126.402
    endloop
  endfacet
  facet normal 0.853396 0.0905025 -0.513346
    outer loop
      vertex -10.8019 -1.89472 124.388
      vertex -10.7281 9.50814 126.521
      vertex -10.7281 -1.91563 124.507
    endloop
  endfacet
  facet normal 0.996921 0.0136131 -0.0772157
    outer loop
      vertex -10.8889 9.57555 126.139
      vertex -10.9 -1.82377 123.986
      vertex -10.9 9.6 126
    endloop
  endfacet
  facet normal 0.996878 0.0137147 -0.0777538
    outer loop
      vertex -10.9 -1.82377 123.986
      vertex -10.8889 9.57555 126.139
      vertex -10.8889 -1.84822 124.124
    endloop
  endfacet
  facet normal 0.0790578 0.173078 -0.98173
    outer loop
      vertex -10.1408 -1.97813 124.861
      vertex -10 9.44372 126.886
      vertex -10 -1.98005 124.872
    endloop
  endfacet
  facet normal 0.0790578 0.173078 -0.98173
    outer loop
      vertex -10 9.44372 126.886
      vertex -10.1408 -1.97813 124.861
      vertex -10.1408 9.44564 126.875
    endloop
  endfacet
  facet normal 0.972389 0.0405365 -0.229816
    outer loop
      vertex -10.856 9.55171 126.274
      vertex -10.8889 -1.84822 124.124
      vertex -10.8889 9.57555 126.139
    endloop
  endfacet
  facet normal 0.972766 0.0402436 -0.228269
    outer loop
      vertex -10.8889 -1.84822 124.124
      vertex -10.856 9.55171 126.274
      vertex -10.856 -1.87206 124.26
    endloop
  endfacet
  facet normal -0.230355 -0.169034 0.958313
    outer loop
      vertex -9.85921 -1.66941 123.11
      vertex -9.72188 9.74863 125.157
      vertex -9.85921 9.75436 125.125
    endloop
  endfacet
  facet normal -0.236946 -0.168677 0.956768
    outer loop
      vertex -9.72188 9.74863 125.157
      vertex -9.85921 -1.66941 123.11
      vertex -9.72188 -1.67514 123.143
    endloop
  endfacet
  facet normal 0.519137 0.148464 -0.841698
    outer loop
      vertex -10.529 -1.95021 124.703
      vertex -10.4086 9.46075 126.79
      vertex -10.4086 -1.96302 124.775
    endloop
  endfacet
  facet normal 0.524216 0.147854 -0.838652
    outer loop
      vertex -10.4086 9.46075 126.79
      vertex -10.529 -1.95021 124.703
      vertex -10.529 9.47356 126.717
    endloop
  endfacet
  facet normal 0.996921 -0.0136131 0.0772157
    outer loop
      vertex -10.9 9.6 126
      vertex -10.8889 -1.79932 123.847
      vertex -10.8889 9.62445 125.861
    endloop
  endfacet
  facet normal 0.996921 -0.0136131 0.0772157
    outer loop
      vertex -10.8889 -1.79932 123.847
      vertex -10.9 9.6 126
      vertex -10.9 -1.82377 123.986
    endloop
  endfacet
  facet normal 0.853396 -0.0905025 0.513346
    outer loop
      vertex -10.8019 9.67095 125.598
      vertex -10.7281 -1.73191 123.465
      vertex -10.7281 9.69186 125.479
    endloop
  endfacet
  facet normal 0.851489 -0.0910862 0.516401
    outer loop
      vertex -10.7281 -1.73191 123.465
      vertex -10.8019 9.67095 125.598
      vertex -10.8019 -1.75282 123.583
    endloop
  endfacet
  facet normal -0.652154 0.13162 -0.746573
    outer loop
      vertex -9.47099 9.47356 126.717
      vertex -9.3636 -1.93428 124.612
      vertex -9.47099 -1.95021 124.703
    endloop
  endfacet
  facet normal -0.648132 0.132281 -0.749951
    outer loop
      vertex -9.3636 -1.93428 124.612
      vertex -9.47099 9.47356 126.717
      vertex -9.3636 9.48949 126.627
    endloop
  endfacet
  facet normal 0.923386 -0.0666807 0.378037
    outer loop
      vertex 9.14405 9.64829 125.726
      vertex 9.19809 -1.75282 123.583
      vertex 9.19809 9.67095 125.598
    endloop
  endfacet
  facet normal 0.924407 -0.0662206 0.375615
    outer loop
      vertex 9.19809 -1.75282 123.583
      vertex 9.14405 9.64829 125.726
      vertex 9.14405 -1.77548 123.712
    endloop
  endfacet
  facet normal -0.972389 -0.040517 0.22982
    outer loop
      vertex 10.856 -1.77548 123.712
      vertex 10.8889 9.62445 125.861
      vertex 10.856 9.64829 125.726
    endloop
  endfacet
  facet normal -0.972389 -0.040517 0.22982
    outer loop
      vertex 10.8889 9.62445 125.861
      vertex 10.856 -1.77548 123.712
      vertex 10.8889 -1.79932 123.847
    endloop
  endfacet
  facet normal -0.996921 -0.0136131 0.0772157
    outer loop
      vertex 10.8889 -1.79932 123.847
      vertex 10.9 9.6 126
      vertex 10.8889 9.62445 125.861
    endloop
  endfacet
  facet normal -0.996921 -0.0136131 0.0772157
    outer loop
      vertex 10.9 9.6 126
      vertex 10.8889 -1.79932 123.847
      vertex 10.9 -1.82377 123.986
    endloop
  endfacet
  facet normal -0.923235 -0.0667438 0.378395
    outer loop
      vertex 10.8019 -1.75282 123.583
      vertex 10.856 9.64829 125.726
      vertex 10.8019 9.67095 125.598
    endloop
  endfacet
  facet normal -0.924257 -0.0662835 0.375972
    outer loop
      vertex 10.856 9.64829 125.726
      vertex 10.8019 -1.75282 123.583
      vertex 10.856 -1.77548 123.712
    endloop
  endfacet
  facet normal -0.519137 0.148464 -0.841698
    outer loop
      vertex 10.4086 9.46075 126.79
      vertex 10.529 -1.95021 124.703
      vertex 10.4086 -1.96302 124.775
    endloop
  endfacet
  facet normal -0.524216 0.147854 -0.838652
    outer loop
      vertex 10.529 -1.95021 124.703
      vertex 10.4086 9.46075 126.79
      vertex 10.529 9.47356 126.717
    endloop
  endfacet
  facet normal -0.972389 0.0405365 -0.229816
    outer loop
      vertex 10.8889 -1.84822 124.124
      vertex 10.856 9.55171 126.274
      vertex 10.8889 9.57555 126.139
    endloop
  endfacet
  facet normal -0.972766 0.0402436 -0.228269
    outer loop
      vertex 10.856 9.55171 126.274
      vertex 10.8889 -1.84822 124.124
      vertex 10.856 -1.87206 124.26
    endloop
  endfacet
  facet normal -0.387223 0.160077 -0.907983
    outer loop
      vertex 10.2781 9.45137 126.843
      vertex 10.4086 -1.96302 124.775
      vertex 10.2781 -1.9724 124.829
    endloop
  endfacet
  facet normal -0.381285 0.160583 -0.910404
    outer loop
      vertex 10.4086 -1.96302 124.775
      vertex 10.2781 9.45137 126.843
      vertex 10.4086 9.46075 126.79
    endloop
  endfacet
  facet normal 0.38136 -0.1605 0.910387
    outer loop
      vertex 9.59141 9.73925 125.21
      vertex 9.72188 -1.67514 123.143
      vertex 9.72188 9.74863 125.157
    endloop
  endfacet
  facet normal 0.38136 -0.1605 0.910387
    outer loop
      vertex 9.72188 -1.67514 123.143
      vertex 9.59141 9.73925 125.21
      vertex 9.59141 -1.68452 123.196
    endloop
  endfacet
  facet normal 0.387299 0.160071 -0.907952
    outer loop
      vertex 9.59141 -1.96302 124.775
      vertex 9.72188 9.45137 126.843
      vertex 9.72188 -1.9724 124.829
    endloop
  endfacet
  facet normal 0.38136 0.160578 -0.910373
    outer loop
      vertex 9.72188 9.45137 126.843
      vertex 9.59141 -1.96302 124.775
      vertex 9.59141 9.46075 126.79
    endloop
  endfacet
  facet normal 0.524153 -0.14786 0.83869
    outer loop
      vertex 9.47099 9.72644 125.283
      vertex 9.59141 -1.68452 123.196
      vertex 9.59141 9.73925 125.21
    endloop
  endfacet
  facet normal 0.524153 -0.14786 0.83869
    outer loop
      vertex 9.59141 -1.68452 123.196
      vertex 9.47099 9.72644 125.283
      vertex 9.47099 -1.69733 123.269
    endloop
  endfacet
  facet normal -0.648097 -0.132223 0.749992
    outer loop
      vertex 10.529 -1.69733 123.269
      vertex 10.6364 9.71051 125.373
      vertex 10.529 9.72644 125.283
    endloop
  endfacet
  facet normal -0.648097 -0.132223 0.749992
    outer loop
      vertex 10.6364 9.71051 125.373
      vertex 10.529 -1.69733 123.269
      vertex 10.6364 -1.71326 123.359
    endloop
  endfacet
  facet normal 0.230355 -0.169034 0.958313
    outer loop
      vertex 9.72188 9.74863 125.157
      vertex 9.85921 -1.66941 123.11
      vertex 9.85921 9.75436 125.125
    endloop
  endfacet
  facet normal 0.236946 -0.168677 0.956768
    outer loop
      vertex 9.85921 -1.66941 123.11
      vertex 9.72188 9.74863 125.157
      vertex 9.72188 -1.67514 123.143
    endloop
  endfacet
  facet normal 0.923386 0.0666486 -0.378043
    outer loop
      vertex 9.19809 9.52905 126.402
      vertex 9.14405 -1.87206 124.26
      vertex 9.14405 9.55171 126.274
    endloop
  endfacet
  facet normal 0.923386 0.0666486 -0.378043
    outer loop
      vertex 9.14405 -1.87206 124.26
      vertex 9.19809 9.52905 126.402
      vertex 9.19809 -1.89472 124.388
    endloop
  endfacet
  facet normal 0.0790634 -0.173161 0.981715
    outer loop
      vertex 9.85921 9.75436 125.125
      vertex 10 -1.66749 123.099
      vertex 10 9.75628 125.114
    endloop
  endfacet
  facet normal 0.0790634 -0.173161 0.981715
    outer loop
      vertex 10 -1.66749 123.099
      vertex 9.85921 9.75436 125.125
      vertex 9.85921 -1.66941 123.11
    endloop
  endfacet
  facet normal 0.230354 0.168952 -0.958328
    outer loop
      vertex 9.72188 -1.9724 124.829
      vertex 9.85921 9.44564 126.875
      vertex 9.85921 -1.97813 124.861
    endloop
  endfacet
  facet normal 0.230354 0.168952 -0.958328
    outer loop
      vertex 9.85921 9.44564 126.875
      vertex 9.72188 -1.9724 124.829
      vertex 9.72188 9.45137 126.843
    endloop
  endfacet
  facet normal 0 0.985106 0.171946
    outer loop
      vertex 10.1408 -1.97813 124.861
      vertex 9.85921 -1.97813 124.861
      vertex 10 -1.98005 124.872
    endloop
  endfacet
  facet normal 0 0.984344 0.176259
    outer loop
      vertex 10.2781 -1.9724 124.829
      vertex 9.85921 -1.97813 124.861
      vertex 10.1408 -1.97813 124.861
    endloop
  endfacet
  facet normal 0 0.984344 0.176259
    outer loop
      vertex 10.2781 -1.9724 124.829
      vertex 9.72188 -1.9724 124.829
      vertex 9.85921 -1.97813 124.861
    endloop
  endfacet
  facet normal 0 0.985247 0.171141
    outer loop
      vertex 10.4086 -1.96302 124.775
      vertex 9.72188 -1.9724 124.829
      vertex 10.2781 -1.9724 124.829
    endloop
  endfacet
  facet normal 0 0.985247 0.171141
    outer loop
      vertex 10.4086 -1.96302 124.775
      vertex 9.59141 -1.96302 124.775
      vertex 9.72188 -1.9724 124.829
    endloop
  endfacet
  facet normal 0 0.984539 0.175166
    outer loop
      vertex 10.529 -1.95021 124.703
      vertex 9.59141 -1.96302 124.775
      vertex 10.4086 -1.96302 124.775
    endloop
  endfacet
  facet normal 0 0.984539 0.175166
    outer loop
      vertex 10.529 -1.95021 124.703
      vertex 9.47099 -1.95021 124.703
      vertex 9.59141 -1.96302 124.775
    endloop
  endfacet
  facet normal 0 0.985021 0.172433
    outer loop
      vertex 10.6364 -1.93428 124.612
      vertex 9.47099 -1.95021 124.703
      vertex 10.529 -1.95021 124.703
    endloop
  endfacet
  facet normal 0 0.985021 0.172433
    outer loop
      vertex 10.6364 -1.93428 124.612
      vertex 9.3636 -1.93428 124.612
      vertex 9.47099 -1.95021 124.703
    endloop
  endfacet
  facet normal 0 0.984589 0.174882
    outer loop
      vertex 10.7281 -1.91563 124.507
      vertex 9.3636 -1.93428 124.612
      vertex 10.6364 -1.93428 124.612
    endloop
  endfacet
  facet normal 0 0.984589 0.174882
    outer loop
      vertex 10.7281 -1.91563 124.507
      vertex 9.27188 -1.91563 124.507
      vertex 9.3636 -1.93428 124.612
    endloop
  endfacet
  facet normal 0 0.984911 0.173063
    outer loop
      vertex 10.8019 -1.89472 124.388
      vertex 9.27188 -1.91563 124.507
      vertex 10.7281 -1.91563 124.507
    endloop
  endfacet
  facet normal 0 0.984911 0.173063
    outer loop
      vertex 10.8019 -1.89472 124.388
      vertex 9.19809 -1.89472 124.388
      vertex 9.27188 -1.91563 124.507
    endloop
  endfacet
  facet normal 0 0.984689 0.174321
    outer loop
      vertex 10.856 -1.87206 124.26
      vertex 9.19809 -1.89472 124.388
      vertex 10.8019 -1.89472 124.388
    endloop
  endfacet
  facet normal 0 0.984689 0.174321
    outer loop
      vertex 10.856 -1.87206 124.26
      vertex 9.14405 -1.87206 124.26
      vertex 9.19809 -1.89472 124.388
    endloop
  endfacet
  facet normal 0 0.984981 0.172661
    outer loop
      vertex 10.8889 -1.84822 124.124
      vertex 9.14405 -1.87206 124.26
      vertex 10.856 -1.87206 124.26
    endloop
  endfacet
  facet normal 0 0.984981 0.172661
    outer loop
      vertex 10.8889 -1.84822 124.124
      vertex 9.11108 -1.84822 124.124
      vertex 9.14405 -1.87206 124.26
    endloop
  endfacet
  facet normal 0 0.984665 0.174457
    outer loop
      vertex 10.9 -1.82377 123.986
      vertex 9.11108 -1.84822 124.124
      vertex 10.8889 -1.84822 124.124
    endloop
  endfacet
  facet normal 0 0.984665 0.174457
    outer loop
      vertex 10.9 -1.82377 123.986
      vertex 9.1 -1.82377 123.986
      vertex 9.11108 -1.84822 124.124
    endloop
  endfacet
  facet normal 0 0.98488 0.17324
    outer loop
      vertex 10.8889 -1.79932 123.847
      vertex 9.1 -1.82377 123.986
      vertex 10.9 -1.82377 123.986
    endloop
  endfacet
  facet normal 0 0.98488 0.17324
    outer loop
      vertex 10.8889 -1.79932 123.847
      vertex 9.11108 -1.79932 123.847
      vertex 9.1 -1.82377 123.986
    endloop
  endfacet
  facet normal 0 0.984763 0.173902
    outer loop
      vertex 10.856 -1.77548 123.712
      vertex 9.11108 -1.79932 123.847
      vertex 10.8889 -1.79932 123.847
    endloop
  endfacet
  facet normal 0 0.984763 0.173902
    outer loop
      vertex 10.856 -1.77548 123.712
      vertex 9.14405 -1.77548 123.712
      vertex 9.11108 -1.79932 123.847
    endloop
  endfacet
  facet normal 0 0.98492 0.17301
    outer loop
      vertex 10.8019 -1.75282 123.583
      vertex 9.14405 -1.77548 123.712
      vertex 10.856 -1.77548 123.712
    endloop
  endfacet
  facet normal 0 0.98492 0.17301
    outer loop
      vertex 10.8019 -1.75282 123.583
      vertex 9.19809 -1.75282 123.583
      vertex 9.14405 -1.77548 123.712
    endloop
  endfacet
  facet normal 0 0.98466 0.174485
    outer loop
      vertex 10.7281 -1.73191 123.465
      vertex 9.19809 -1.75282 123.583
      vertex 10.8019 -1.75282 123.583
    endloop
  endfacet
  facet normal 0 0.98466 0.174485
    outer loop
      vertex 10.7281 -1.73191 123.465
      vertex 9.27188 -1.73191 123.465
      vertex 9.19809 -1.75282 123.583
    endloop
  endfacet
  facet normal 0 0.984872 0.173282
    outer loop
      vertex 10.6364 -1.71326 123.359
      vertex 9.27188 -1.73191 123.465
      vertex 10.7281 -1.73191 123.465
    endloop
  endfacet
  facet normal 0 0.984872 0.173282
    outer loop
      vertex 10.6364 -1.71326 123.359
      vertex 9.3636 -1.71326 123.359
      vertex 9.27188 -1.73191 123.465
    endloop
  endfacet
  facet normal 0 0.984694 0.174291
    outer loop
      vertex 10.529 -1.69733 123.269
      vertex 9.3636 -1.71326 123.359
      vertex 10.6364 -1.71326 123.359
    endloop
  endfacet
  facet normal 0 0.984694 0.174291
    outer loop
      vertex 10.529 -1.69733 123.269
      vertex 9.47099 -1.69733 123.269
      vertex 9.3636 -1.71326 123.359
    endloop
  endfacet
  facet normal 0 0.98495 0.172839
    outer loop
      vertex 10.4086 -1.68452 123.196
      vertex 9.47099 -1.69733 123.269
      vertex 10.529 -1.69733 123.269
    endloop
  endfacet
  facet normal 0 0.98495 0.172839
    outer loop
      vertex 10.4086 -1.68452 123.196
      vertex 9.59141 -1.68452 123.196
      vertex 9.47099 -1.69733 123.269
    endloop
  endfacet
  facet normal 0 0.984697 0.174273
    outer loop
      vertex 10.2781 -1.67514 123.143
      vertex 9.59141 -1.68452 123.196
      vertex 10.4086 -1.68452 123.196
    endloop
  endfacet
  facet normal 0 0.984697 0.174273
    outer loop
      vertex 10.2781 -1.67514 123.143
      vertex 9.72188 -1.67514 123.143
      vertex 9.59141 -1.68452 123.196
    endloop
  endfacet
  facet normal 0 0.985258 0.171077
    outer loop
      vertex 10.1408 -1.66941 123.11
      vertex 9.72188 -1.67514 123.143
      vertex 10.2781 -1.67514 123.143
    endloop
  endfacet
  facet normal 0 0.985258 0.171077
    outer loop
      vertex 10.1408 -1.66941 123.11
      vertex 9.85921 -1.66941 123.11
      vertex 9.72188 -1.67514 123.143
    endloop
  endfacet
  facet normal -0 0.985106 0.171946
    outer loop
      vertex 9.85921 -1.66941 123.11
      vertex 10.1408 -1.66941 123.11
      vertex 10 -1.66749 123.099
    endloop
  endfacet
  facet normal -0.923235 0.0667117 -0.378401
    outer loop
      vertex 10.856 -1.87206 124.26
      vertex 10.8019 9.52905 126.402
      vertex 10.856 9.55171 126.274
    endloop
  endfacet
  facet normal -0.923235 0.0667117 -0.378401
    outer loop
      vertex 10.8019 9.52905 126.402
      vertex 10.856 -1.87206 124.26
      vertex 10.8019 -1.89472 124.388
    endloop
  endfacet
  facet normal 0.761115 0.112614 -0.638766
    outer loop
      vertex 9.3636 9.48949 126.627
      vertex 9.27188 -1.91563 124.507
      vertex 9.27188 9.50814 126.521
    endloop
  endfacet
  facet normal 0.758162 0.113267 -0.642154
    outer loop
      vertex 9.27188 -1.91563 124.507
      vertex 9.3636 9.48949 126.627
      vertex 9.3636 -1.93428 124.612
    endloop
  endfacet
  facet normal 0.648132 -0.132218 0.749963
    outer loop
      vertex 9.3636 9.71051 125.373
      vertex 9.47099 -1.69733 123.269
      vertex 9.47099 9.72644 125.283
    endloop
  endfacet
  facet normal 0.648132 -0.132218 0.749963
    outer loop
      vertex 9.47099 -1.69733 123.269
      vertex 9.3636 9.71051 125.373
      vertex 9.3636 -1.71326 123.359
    endloop
  endfacet
  facet normal -0.0790578 0.173078 -0.98173
    outer loop
      vertex 10 9.44372 126.886
      vertex 10.1408 -1.97813 124.861
      vertex 10 -1.98005 124.872
    endloop
  endfacet
  facet normal -0.0790578 0.173078 -0.98173
    outer loop
      vertex 10.1408 -1.97813 124.861
      vertex 10 9.44372 126.886
      vertex 10.1408 9.44564 126.875
    endloop
  endfacet
  facet normal 0.652154 0.13162 -0.746573
    outer loop
      vertex 9.3636 -1.93428 124.612
      vertex 9.47099 9.47356 126.717
      vertex 9.47099 -1.95021 124.703
    endloop
  endfacet
  facet normal 0.648132 0.132281 -0.749951
    outer loop
      vertex 9.47099 9.47356 126.717
      vertex 9.3636 -1.93428 124.612
      vertex 9.3636 9.48949 126.627
    endloop
  endfacet
  facet normal -0.853396 0.0905025 -0.513346
    outer loop
      vertex 10.8019 -1.89472 124.388
      vertex 10.7281 9.50814 126.521
      vertex 10.8019 9.52905 126.402
    endloop
  endfacet
  facet normal -0.853396 0.0905025 -0.513346
    outer loop
      vertex 10.7281 9.50814 126.521
      vertex 10.8019 -1.89472 124.388
      vertex 10.7281 -1.91563 124.507
    endloop
  endfacet
  facet normal -0.853396 -0.0905025 0.513346
    outer loop
      vertex 10.7281 -1.73191 123.465
      vertex 10.8019 9.67095 125.598
      vertex 10.7281 9.69186 125.479
    endloop
  endfacet
  facet normal -0.851489 -0.0910862 0.516401
    outer loop
      vertex 10.8019 9.67095 125.598
      vertex 10.7281 -1.73191 123.465
      vertex 10.8019 -1.75282 123.583
    endloop
  endfacet
  facet normal -0.761185 -0.1126 0.638685
    outer loop
      vertex 10.6364 -1.71326 123.359
      vertex 10.7281 9.69186 125.479
      vertex 10.6364 9.71051 125.373
    endloop
  endfacet
  facet normal -0.761185 -0.1126 0.638685
    outer loop
      vertex 10.7281 9.69186 125.479
      vertex 10.6364 -1.71326 123.359
      vertex 10.7281 -1.73191 123.465
    endloop
  endfacet
  facet normal 0.761115 -0.112614 0.638766
    outer loop
      vertex 9.27188 9.69186 125.479
      vertex 9.3636 -1.71326 123.359
      vertex 9.3636 9.71051 125.373
    endloop
  endfacet
  facet normal 0.761115 -0.112614 0.638766
    outer loop
      vertex 9.3636 -1.71326 123.359
      vertex 9.27188 9.69186 125.479
      vertex 9.27188 -1.73191 123.465
    endloop
  endfacet
  facet normal -0.0790578 -0.173161 0.981715
    outer loop
      vertex 10 -1.66749 123.099
      vertex 10.1408 9.75436 125.125
      vertex 10 9.75628 125.114
    endloop
  endfacet
  facet normal -0.0790578 -0.173161 0.981715
    outer loop
      vertex 10.1408 9.75436 125.125
      vertex 10 -1.66749 123.099
      vertex 10.1408 -1.66941 123.11
    endloop
  endfacet
  facet normal -0.381285 -0.160506 0.910417
    outer loop
      vertex 10.2781 -1.67514 123.143
      vertex 10.4086 9.73925 125.21
      vertex 10.2781 9.74863 125.157
    endloop
  endfacet
  facet normal -0.381285 -0.160506 0.910417
    outer loop
      vertex 10.4086 9.73925 125.21
      vertex 10.2781 -1.67514 123.143
      vertex 10.4086 -1.68452 123.196
    endloop
  endfacet
  facet normal 0.972277 -0.0405985 0.230282
    outer loop
      vertex 9.11108 9.62445 125.861
      vertex 9.14405 -1.77548 123.712
      vertex 9.14405 9.64829 125.726
    endloop
  endfacet
  facet normal 0.972277 -0.0405985 0.230282
    outer loop
      vertex 9.14405 -1.77548 123.712
      vertex 9.11108 9.62445 125.861
      vertex 9.11108 -1.79932 123.847
    endloop
  endfacet
  facet normal 0.972277 0.0406181 -0.230279
    outer loop
      vertex 9.14405 9.55171 126.274
      vertex 9.11108 -1.84822 124.124
      vertex 9.11108 9.57555 126.139
    endloop
  endfacet
  facet normal 0.972655 0.0403246 -0.228729
    outer loop
      vertex 9.11108 -1.84822 124.124
      vertex 9.14405 9.55171 126.274
      vertex 9.14405 -1.87206 124.26
    endloop
  endfacet
  facet normal -0.524216 -0.147854 0.838652
    outer loop
      vertex 10.4086 -1.68452 123.196
      vertex 10.529 9.72644 125.283
      vertex 10.4086 9.73925 125.21
    endloop
  endfacet
  facet normal -0.524216 -0.147854 0.838652
    outer loop
      vertex 10.529 9.72644 125.283
      vertex 10.4086 -1.68452 123.196
      vertex 10.529 -1.69733 123.269
    endloop
  endfacet
  facet normal -0.230402 0.16895 -0.958317
    outer loop
      vertex 10.1408 9.44564 126.875
      vertex 10.2781 -1.9724 124.829
      vertex 10.1408 -1.97813 124.861
    endloop
  endfacet
  facet normal -0.230402 0.16895 -0.958317
    outer loop
      vertex 10.2781 -1.9724 124.829
      vertex 10.1408 9.44564 126.875
      vertex 10.2781 9.45137 126.843
    endloop
  endfacet
  facet normal -0.996921 0.0136131 -0.0772157
    outer loop
      vertex 10.9 -1.82377 123.986
      vertex 10.8889 9.57555 126.139
      vertex 10.9 9.6 126
    endloop
  endfacet
  facet normal -0.996878 0.0137147 -0.0777538
    outer loop
      vertex 10.8889 9.57555 126.139
      vertex 10.9 -1.82377 123.986
      vertex 10.8889 -1.84822 124.124
    endloop
  endfacet
  facet normal -0.761185 0.1126 -0.638685
    outer loop
      vertex 10.7281 -1.91563 124.507
      vertex 10.6364 9.48949 126.627
      vertex 10.7281 9.50814 126.521
    endloop
  endfacet
  facet normal -0.758232 0.113253 -0.642073
    outer loop
      vertex 10.6364 9.48949 126.627
      vertex 10.7281 -1.91563 124.507
      vertex 10.6364 -1.93428 124.612
    endloop
  endfacet
  facet normal 0.853427 0.0904936 -0.513296
    outer loop
      vertex 9.27188 9.50814 126.521
      vertex 9.19809 -1.89472 124.388
      vertex 9.19809 9.52905 126.402
    endloop
  endfacet
  facet normal 0.853427 0.0904936 -0.513296
    outer loop
      vertex 9.19809 -1.89472 124.388
      vertex 9.27188 9.50814 126.521
      vertex 9.27188 -1.91563 124.507
    endloop
  endfacet
  facet normal 0.996933 0.0135887 -0.0770775
    outer loop
      vertex 9.11108 9.57555 126.139
      vertex 9.1 -1.82377 123.986
      vertex 9.1 9.6 126
    endloop
  endfacet
  facet normal 0.996889 0.0136902 -0.0776146
    outer loop
      vertex 9.1 -1.82377 123.986
      vertex 9.11108 9.57555 126.139
      vertex 9.11108 -1.84822 124.124
    endloop
  endfacet
  facet normal 0.0790634 0.173078 -0.98173
    outer loop
      vertex 9.85921 -1.97813 124.861
      vertex 10 9.44372 126.886
      vertex 10 -1.98005 124.872
    endloop
  endfacet
  facet normal 0.0790634 0.173078 -0.98173
    outer loop
      vertex 10 9.44372 126.886
      vertex 9.85921 -1.97813 124.861
      vertex 9.85921 9.44564 126.875
    endloop
  endfacet
  facet normal -0.230402 -0.169032 0.958302
    outer loop
      vertex 10.1408 -1.66941 123.11
      vertex 10.2781 9.74863 125.157
      vertex 10.1408 9.75436 125.125
    endloop
  endfacet
  facet normal -0.236995 -0.168675 0.956756
    outer loop
      vertex 10.2781 9.74863 125.157
      vertex 10.1408 -1.66941 123.11
      vertex 10.2781 -1.67514 123.143
    endloop
  endfacet
  facet normal 0.519074 0.148471 -0.841736
    outer loop
      vertex 9.47099 -1.95021 124.703
      vertex 9.59141 9.46075 126.79
      vertex 9.59141 -1.96302 124.775
    endloop
  endfacet
  facet normal 0.524153 0.14786 -0.83869
    outer loop
      vertex 9.59141 9.46075 126.79
      vertex 9.47099 -1.95021 124.703
      vertex 9.47099 9.47356 126.717
    endloop
  endfacet
  facet normal 0.996933 -0.0135887 0.0770775
    outer loop
      vertex 9.1 9.6 126
      vertex 9.11108 -1.79932 123.847
      vertex 9.11108 9.62445 125.861
    endloop
  endfacet
  facet normal 0.996933 -0.0135887 0.0770775
    outer loop
      vertex 9.11108 -1.79932 123.847
      vertex 9.1 9.6 126
      vertex 9.1 -1.82377 123.986
    endloop
  endfacet
  facet normal 0.853427 -0.0904936 0.513296
    outer loop
      vertex 9.19809 9.67095 125.598
      vertex 9.27188 -1.73191 123.465
      vertex 9.27188 9.69186 125.479
    endloop
  endfacet
  facet normal 0.851521 -0.0910772 0.51635
    outer loop
      vertex 9.27188 -1.73191 123.465
      vertex 9.19809 9.67095 125.598
      vertex 9.19809 -1.75282 123.583
    endloop
  endfacet
  facet normal -0.652119 0.131625 -0.746602
    outer loop
      vertex 10.529 9.47356 126.717
      vertex 10.6364 -1.93428 124.612
      vertex 10.529 -1.95021 124.703
    endloop
  endfacet
  facet normal -0.648097 0.132287 -0.749981
    outer loop
      vertex 10.6364 -1.93428 124.612
      vertex 10.529 9.47356 126.717
      vertex 10.6364 9.48949 126.627
    endloop
  endfacet
  facet normal 0.923767 -0 0.382956
    outer loop
      vertex -10.856 -2 99.7219
      vertex -10.8019 9.6 99.5914
      vertex -10.856 9.6 99.7219
    endloop
  endfacet
  facet normal 0.923767 0 0.382956
    outer loop
      vertex -10.8019 9.6 99.5914
      vertex -10.856 -2 99.7219
      vertex -10.8019 -2 99.5914
    endloop
  endfacet
  facet normal -0.972358 0 0.233493
    outer loop
      vertex -9.14405 -2 99.7219
      vertex -9.11108 9.6 99.8592
      vertex -9.14405 9.6 99.7219
    endloop
  endfacet
  facet normal -0.972358 0 0.233493
    outer loop
      vertex -9.11108 9.6 99.8592
      vertex -9.14405 -2 99.7219
      vertex -9.11108 -2 99.8592
    endloop
  endfacet
  facet normal -0.996918 0 0.0784506
    outer loop
      vertex -9.11108 -2 99.8592
      vertex -9.1 9.6 100
      vertex -9.11108 9.6 99.8592
    endloop
  endfacet
  facet normal -0.996918 0 0.0784506
    outer loop
      vertex -9.1 9.6 100
      vertex -9.11108 -2 99.8592
      vertex -9.1 -2 100
    endloop
  endfacet
  facet normal -0.923917 0 0.382594
    outer loop
      vertex -9.19809 -2 99.5914
      vertex -9.14405 9.6 99.7219
      vertex -9.19809 9.6 99.5914
    endloop
  endfacet
  facet normal -0.923917 0 0.382594
    outer loop
      vertex -9.14405 9.6 99.7219
      vertex -9.19809 -2 99.5914
      vertex -9.14405 -2 99.7219
    endloop
  endfacet
  facet normal -0.52356 0 -0.851989
    outer loop
      vertex -9.59141 -2 100.802
      vertex -9.47099 9.6 100.728
      vertex -9.47099 -2 100.728
    endloop
  endfacet
  facet normal -0.52356 0 -0.851989
    outer loop
      vertex -9.47099 9.6 100.728
      vertex -9.59141 -2 100.802
      vertex -9.59141 9.6 100.802
    endloop
  endfacet
  facet normal -0.972242 0 -0.233977
    outer loop
      vertex -9.11108 -2 100.141
      vertex -9.14405 9.6 100.278
      vertex -9.11108 9.6 100.141
    endloop
  endfacet
  facet normal -0.972242 -0 -0.233977
    outer loop
      vertex -9.14405 9.6 100.278
      vertex -9.11108 -2 100.141
      vertex -9.14405 -2 100.278
    endloop
  endfacet
  facet normal -0.382427 0 -0.923986
    outer loop
      vertex -9.72188 -2 100.856
      vertex -9.59141 9.6 100.802
      vertex -9.59141 -2 100.802
    endloop
  endfacet
  facet normal -0.382427 0 -0.923986
    outer loop
      vertex -9.59141 9.6 100.802
      vertex -9.72188 -2 100.856
      vertex -9.72188 9.6 100.856
    endloop
  endfacet
  facet normal 0.382352 0 0.924017
    outer loop
      vertex -10.4086 9.6 99.1981
      vertex -10.2781 -2 99.1441
      vertex -10.2781 9.6 99.1441
    endloop
  endfacet
  facet normal 0.382352 0 0.924017
    outer loop
      vertex -10.2781 -2 99.1441
      vertex -10.4086 9.6 99.1981
      vertex -10.4086 -2 99.1981
    endloop
  endfacet
  facet normal 0.382352 0 -0.924017
    outer loop
      vertex -10.4086 -2 100.802
      vertex -10.2781 9.6 100.856
      vertex -10.2781 -2 100.856
    endloop
  endfacet
  facet normal 0.382352 0 -0.924017
    outer loop
      vertex -10.2781 9.6 100.856
      vertex -10.4086 -2 100.802
      vertex -10.4086 9.6 100.802
    endloop
  endfacet
  facet normal 0.522595 0 0.852581
    outer loop
      vertex -10.529 9.6 99.2719
      vertex -10.4086 -2 99.1981
      vertex -10.4086 9.6 99.1981
    endloop
  endfacet
  facet normal 0.522595 0 0.852581
    outer loop
      vertex -10.4086 -2 99.1981
      vertex -10.529 9.6 99.2719
      vertex -10.529 -2 99.2719
    endloop
  endfacet
  facet normal -0.649367 0 0.760475
    outer loop
      vertex -9.47099 9.6 99.2719
      vertex -9.3636 -2 99.3636
      vertex -9.3636 9.6 99.3636
    endloop
  endfacet
  facet normal -0.649367 0 0.760475
    outer loop
      vertex -9.3636 -2 99.3636
      vertex -9.47099 9.6 99.2719
      vertex -9.47099 -2 99.2719
    endloop
  endfacet
  facet normal 0.233694 0 0.97231
    outer loop
      vertex -10.2781 9.6 99.1441
      vertex -10.1408 -2 99.1111
      vertex -10.1408 9.6 99.1111
    endloop
  endfacet
  facet normal 0.233694 0 0.97231
    outer loop
      vertex -10.1408 -2 99.1111
      vertex -10.2781 9.6 99.1441
      vertex -10.2781 -2 99.1441
    endloop
  endfacet
  facet normal 0.924283 0 -0.381708
    outer loop
      vertex -10.8019 -2 100.409
      vertex -10.856 9.6 100.278
      vertex -10.8019 9.6 100.409
    endloop
  endfacet
  facet normal 0.924283 0 -0.381708
    outer loop
      vertex -10.856 9.6 100.278
      vertex -10.8019 -2 100.409
      vertex -10.856 -2 100.278
    endloop
  endfacet
  facet normal 0.0785914 0 0.996907
    outer loop
      vertex -10.1408 9.6 99.1111
      vertex -10 -2 99.1
      vertex -10 9.6 99.1
    endloop
  endfacet
  facet normal 0.0785914 0 0.996907
    outer loop
      vertex -10 -2 99.1
      vertex -10.1408 9.6 99.1111
      vertex -10.1408 -2 99.1111
    endloop
  endfacet
  facet normal 0.233694 0 -0.97231
    outer loop
      vertex -10.2781 -2 100.856
      vertex -10.1408 9.6 100.889
      vertex -10.1408 -2 100.889
    endloop
  endfacet
  facet normal 0.233694 0 -0.97231
    outer loop
      vertex -10.1408 9.6 100.889
      vertex -10.2781 -2 100.856
      vertex -10.2781 9.6 100.856
    endloop
  endfacet
  facet normal 0 1 0
    outer loop
      vertex -9.85921 -2 100.889
      vertex -10.1408 -2 100.889
      vertex -10 -2 100.9
    endloop
  endfacet
  facet normal 0 1 0
    outer loop
      vertex -9.72188 -2 100.856
      vertex -10.1408 -2 100.889
      vertex -9.85921 -2 100.889
    endloop
  endfacet
  facet normal 0 1 0
    outer loop
      vertex -9.72188 -2 100.856
      vertex -10.2781 -2 100.856
      vertex -10.1408 -2 100.889
    endloop
  endfacet
  facet normal 0 1 0
    outer loop
      vertex -9.59141 -2 100.802
      vertex -10.2781 -2 100.856
      vertex -9.72188 -2 100.856
    endloop
  endfacet
  facet normal 0 1 0
    outer loop
      vertex -9.59141 -2 100.802
      vertex -10.4086 -2 100.802
      vertex -10.2781 -2 100.856
    endloop
  endfacet
  facet normal 0 1 0
    outer loop
      vertex -9.47099 -2 100.728
      vertex -10.4086 -2 100.802
      vertex -9.59141 -2 100.802
    endloop
  endfacet
  facet normal 0 1 0
    outer loop
      vertex -9.47099 -2 100.728
      vertex -10.529 -2 100.728
      vertex -10.4086 -2 100.802
    endloop
  endfacet
  facet normal 0 1 0
    outer loop
      vertex -9.3636 -2 100.636
      vertex -10.529 -2 100.728
      vertex -9.47099 -2 100.728
    endloop
  endfacet
  facet normal 0 1 0
    outer loop
      vertex -9.3636 -2 100.636
      vertex -10.6364 -2 100.636
      vertex -10.529 -2 100.728
    endloop
  endfacet
  facet normal 0 1 0
    outer loop
      vertex -9.27188 -2 100.529
      vertex -10.6364 -2 100.636
      vertex -9.3636 -2 100.636
    endloop
  endfacet
  facet normal 0 1 0
    outer loop
      vertex -9.27188 -2 100.529
      vertex -10.7281 -2 100.529
      vertex -10.6364 -2 100.636
    endloop
  endfacet
  facet normal 0 1 0
    outer loop
      vertex -9.19809 -2 100.409
      vertex -10.7281 -2 100.529
      vertex -9.27188 -2 100.529
    endloop
  endfacet
  facet normal 0 1 0
    outer loop
      vertex -9.19809 -2 100.409
      vertex -10.8019 -2 100.409
      vertex -10.7281 -2 100.529
    endloop
  endfacet
  facet normal 0 1 0
    outer loop
      vertex -9.14405 -2 100.278
      vertex -10.8019 -2 100.409
      vertex -9.19809 -2 100.409
    endloop
  endfacet
  facet normal 0 1 0
    outer loop
      vertex -9.14405 -2 100.278
      vertex -10.856 -2 100.278
      vertex -10.8019 -2 100.409
    endloop
  endfacet
  facet normal 0 1 0
    outer loop
      vertex -9.11108 -2 100.141
      vertex -10.856 -2 100.278
      vertex -9.14405 -2 100.278
    endloop
  endfacet
  facet normal 0 1 0
    outer loop
      vertex -9.11108 -2 100.141
      vertex -10.8889 -2 100.141
      vertex -10.856 -2 100.278
    endloop
  endfacet
  facet normal 0 1 0
    outer loop
      vertex -9.1 -2 100
      vertex -10.8889 -2 100.141
      vertex -9.11108 -2 100.141
    endloop
  endfacet
  facet normal 0 1 0
    outer loop
      vertex -9.1 -2 100
      vertex -10.9 -2 100
      vertex -10.8889 -2 100.141
    endloop
  endfacet
  facet normal 0 1 -0
    outer loop
      vertex -9.11108 -2 99.8592
      vertex -10.9 -2 100
      vertex -9.1 -2 100
    endloop
  endfacet
  facet normal 0 1 0
    outer loop
      vertex -9.11108 -2 99.8592
      vertex -10.8889 -2 99.8592
      vertex -10.9 -2 100
    endloop
  endfacet
  facet normal 0 1 -0
    outer loop
      vertex -9.14405 -2 99.7219
      vertex -10.8889 -2 99.8592
      vertex -9.11108 -2 99.8592
    endloop
  endfacet
  facet normal 0 1 0
    outer loop
      vertex -9.14405 -2 99.7219
      vertex -10.856 -2 99.7219
      vertex -10.8889 -2 99.8592
    endloop
  endfacet
  facet normal 0 1 -0
    outer loop
      vertex -9.19809 -2 99.5914
      vertex -10.856 -2 99.7219
      vertex -9.14405 -2 99.7219
    endloop
  endfacet
  facet normal 0 1 0
    outer loop
      vertex -9.19809 -2 99.5914
      vertex -10.8019 -2 99.5914
      vertex -10.856 -2 99.7219
    endloop
  endfacet
  facet normal 0 1 -0
    outer loop
      vertex -9.27188 -2 99.471
      vertex -10.8019 -2 99.5914
      vertex -9.19809 -2 99.5914
    endloop
  endfacet
  facet normal 0 1 0
    outer loop
      vertex -9.27188 -2 99.471
      vertex -10.7281 -2 99.471
      vertex -10.8019 -2 99.5914
    endloop
  endfacet
  facet normal 0 1 -0
    outer loop
      vertex -9.3636 -2 99.3636
      vertex -10.7281 -2 99.471
      vertex -9.27188 -2 99.471
    endloop
  endfacet
  facet normal 0 1 0
    outer loop
      vertex -9.3636 -2 99.3636
      vertex -10.6364 -2 99.3636
      vertex -10.7281 -2 99.471
    endloop
  endfacet
  facet normal 0 1 -0
    outer loop
      vertex -9.47099 -2 99.2719
      vertex -10.6364 -2 99.3636
      vertex -9.3636 -2 99.3636
    endloop
  endfacet
  facet normal 0 1 0
    outer loop
      vertex -9.47099 -2 99.2719
      vertex -10.529 -2 99.2719
      vertex -10.6364 -2 99.3636
    endloop
  endfacet
  facet normal 0 1 -0
    outer loop
      vertex -9.59141 -2 99.1981
      vertex -10.529 -2 99.2719
      vertex -9.47099 -2 99.2719
    endloop
  endfacet
  facet normal 0 1 0
    outer loop
      vertex -9.59141 -2 99.1981
      vertex -10.4086 -2 99.1981
      vertex -10.529 -2 99.2719
    endloop
  endfacet
  facet normal 0 1 -0
    outer loop
      vertex -9.72188 -2 99.1441
      vertex -10.4086 -2 99.1981
      vertex -9.59141 -2 99.1981
    endloop
  endfacet
  facet normal 0 1 0
    outer loop
      vertex -9.72188 -2 99.1441
      vertex -10.2781 -2 99.1441
      vertex -10.4086 -2 99.1981
    endloop
  endfacet
  facet normal 0 1 -0
    outer loop
      vertex -9.85921 -2 99.1111
      vertex -10.2781 -2 99.1441
      vertex -9.72188 -2 99.1441
    endloop
  endfacet
  facet normal 0 1 0
    outer loop
      vertex -9.85921 -2 99.1111
      vertex -10.1408 -2 99.1111
      vertex -10.2781 -2 99.1441
    endloop
  endfacet
  facet normal -0 1 0
    outer loop
      vertex -10.1408 -2 99.1111
      vertex -9.85921 -2 99.1111
      vertex -10 -2 99.1
    endloop
  endfacet
  facet normal -0.924432 0 -0.381346
    outer loop
      vertex -9.14405 -2 100.278
      vertex -9.19809 9.6 100.409
      vertex -9.14405 9.6 100.278
    endloop
  endfacet
  facet normal -0.924432 -0 -0.381346
    outer loop
      vertex -9.19809 9.6 100.409
      vertex -9.14405 -2 100.278
      vertex -9.19809 -2 100.409
    endloop
  endfacet
  facet normal 0.759307 0 -0.650733
    outer loop
      vertex -10.6364 -2 100.636
      vertex -10.7281 9.6 100.529
      vertex -10.6364 9.6 100.636
    endloop
  endfacet
  facet normal 0.759307 0 -0.650733
    outer loop
      vertex -10.7281 9.6 100.529
      vertex -10.6364 -2 100.636
      vertex -10.7281 -2 100.529
    endloop
  endfacet
  facet normal 0.649332 0 0.760505
    outer loop
      vertex -10.6364 9.6 99.3636
      vertex -10.529 -2 99.2719
      vertex -10.529 9.6 99.2719
    endloop
  endfacet
  facet normal 0.649332 0 0.760505
    outer loop
      vertex -10.529 -2 99.2719
      vertex -10.6364 9.6 99.3636
      vertex -10.6364 -2 99.3636
    endloop
  endfacet
  facet normal -0.0778932 0 -0.996962
    outer loop
      vertex -10 -2 100.9
      vertex -9.85921 9.6 100.889
      vertex -9.85921 -2 100.889
    endloop
  endfacet
  facet normal -0.0778932 0 -0.996962
    outer loop
      vertex -9.85921 9.6 100.889
      vertex -10 -2 100.9
      vertex -10 9.6 100.9
    endloop
  endfacet
  facet normal 0.650558 0 -0.759456
    outer loop
      vertex -10.6364 -2 100.636
      vertex -10.529 9.6 100.728
      vertex -10.529 -2 100.728
    endloop
  endfacet
  facet normal 0.650558 0 -0.759456
    outer loop
      vertex -10.529 9.6 100.728
      vertex -10.6364 -2 100.636
      vertex -10.6364 9.6 100.636
    endloop
  endfacet
  facet normal -0.851836 0 -0.523808
    outer loop
      vertex -9.19809 -2 100.409
      vertex -9.27188 9.6 100.529
      vertex -9.19809 9.6 100.409
    endloop
  endfacet
  facet normal -0.851836 -0 -0.523808
    outer loop
      vertex -9.27188 9.6 100.529
      vertex -9.19809 -2 100.409
      vertex -9.27188 -2 100.529
    endloop
  endfacet
  facet normal -0.852612 0 0.522544
    outer loop
      vertex -9.27188 -2 99.471
      vertex -9.19809 9.6 99.5914
      vertex -9.27188 9.6 99.471
    endloop
  endfacet
  facet normal -0.852612 0 0.522544
    outer loop
      vertex -9.19809 9.6 99.5914
      vertex -9.27188 -2 99.471
      vertex -9.19809 -2 99.5914
    endloop
  endfacet
  facet normal -0.760435 0 0.649414
    outer loop
      vertex -9.3636 -2 99.3636
      vertex -9.27188 9.6 99.471
      vertex -9.3636 9.6 99.3636
    endloop
  endfacet
  facet normal -0.760435 0 0.649414
    outer loop
      vertex -9.27188 9.6 99.471
      vertex -9.3636 -2 99.3636
      vertex -9.27188 -2 99.471
    endloop
  endfacet
  facet normal 0.760505 -0 0.649332
    outer loop
      vertex -10.7281 -2 99.471
      vertex -10.6364 9.6 99.3636
      vertex -10.7281 9.6 99.471
    endloop
  endfacet
  facet normal 0.760505 0 0.649332
    outer loop
      vertex -10.6364 9.6 99.3636
      vertex -10.7281 -2 99.471
      vertex -10.6364 -2 99.3636
    endloop
  endfacet
  facet normal -0.0785969 0 0.996906
    outer loop
      vertex -10 9.6 99.1
      vertex -9.85921 -2 99.1111
      vertex -9.85921 9.6 99.1111
    endloop
  endfacet
  facet normal -0.0785969 0 0.996906
    outer loop
      vertex -9.85921 -2 99.1111
      vertex -10 9.6 99.1
      vertex -10 -2 99.1
    endloop
  endfacet
  facet normal -0.382427 0 0.923986
    outer loop
      vertex -9.72188 9.6 99.1441
      vertex -9.59141 -2 99.1981
      vertex -9.59141 9.6 99.1981
    endloop
  endfacet
  facet normal -0.382427 0 0.923986
    outer loop
      vertex -9.59141 -2 99.1981
      vertex -9.72188 9.6 99.1441
      vertex -9.72188 -2 99.1441
    endloop
  endfacet
  facet normal 0.972471 -0 0.233025
    outer loop
      vertex -10.8889 -2 99.8592
      vertex -10.856 9.6 99.7219
      vertex -10.8889 9.6 99.8592
    endloop
  endfacet
  facet normal 0.972471 0 0.233025
    outer loop
      vertex -10.856 9.6 99.7219
      vertex -10.8889 -2 99.8592
      vertex -10.856 -2 99.7219
    endloop
  endfacet
  facet normal -0.522532 0 0.85262
    outer loop
      vertex -9.59141 9.6 99.1981
      vertex -9.47099 -2 99.2719
      vertex -9.47099 9.6 99.2719
    endloop
  endfacet
  facet normal -0.522532 0 0.85262
    outer loop
      vertex -9.47099 -2 99.2719
      vertex -9.59141 9.6 99.1981
      vertex -9.59141 -2 99.1981
    endloop
  endfacet
  facet normal -0.233646 0 -0.972322
    outer loop
      vertex -9.85921 -2 100.889
      vertex -9.72188 9.6 100.856
      vertex -9.72188 -2 100.856
    endloop
  endfacet
  facet normal -0.233646 0 -0.972322
    outer loop
      vertex -9.72188 9.6 100.856
      vertex -9.85921 -2 100.889
      vertex -9.85921 9.6 100.889
    endloop
  endfacet
  facet normal -0.996927 0 -0.0783401
    outer loop
      vertex -9.1 -2 100
      vertex -9.11108 9.6 100.141
      vertex -9.1 9.6 100
    endloop
  endfacet
  facet normal -0.996927 -0 -0.0783401
    outer loop
      vertex -9.11108 9.6 100.141
      vertex -9.1 -2 100
      vertex -9.11108 -2 100.141
    endloop
  endfacet
  facet normal -0.759237 0 -0.650815
    outer loop
      vertex -9.27188 -2 100.529
      vertex -9.3636 9.6 100.636
      vertex -9.27188 9.6 100.529
    endloop
  endfacet
  facet normal -0.759237 -0 -0.650815
    outer loop
      vertex -9.3636 9.6 100.636
      vertex -9.27188 -2 100.529
      vertex -9.3636 -2 100.636
    endloop
  endfacet
  facet normal 0.851805 0 -0.52386
    outer loop
      vertex -10.7281 -2 100.529
      vertex -10.8019 9.6 100.409
      vertex -10.7281 9.6 100.529
    endloop
  endfacet
  facet normal 0.851805 0 -0.52386
    outer loop
      vertex -10.8019 9.6 100.409
      vertex -10.7281 -2 100.529
      vertex -10.8019 -2 100.409
    endloop
  endfacet
  facet normal 0.996916 0 -0.0784806
    outer loop
      vertex -10.8889 -2 100.141
      vertex -10.9 9.6 100
      vertex -10.8889 9.6 100.141
    endloop
  endfacet
  facet normal 0.996916 0 -0.0784806
    outer loop
      vertex -10.9 9.6 100
      vertex -10.8889 -2 100.141
      vertex -10.9 -2 100
    endloop
  endfacet
  facet normal 0.0778877 0 -0.996962
    outer loop
      vertex -10.1408 -2 100.889
      vertex -10 9.6 100.9
      vertex -10 -2 100.9
    endloop
  endfacet
  facet normal 0.0778877 0 -0.996962
    outer loop
      vertex -10 9.6 100.9
      vertex -10.1408 -2 100.889
      vertex -10.1408 9.6 100.889
    endloop
  endfacet
  facet normal 0.972355 0 -0.233507
    outer loop
      vertex -10.856 -2 100.278
      vertex -10.8889 9.6 100.141
      vertex -10.856 9.6 100.278
    endloop
  endfacet
  facet normal 0.972355 0 -0.233507
    outer loop
      vertex -10.8889 9.6 100.141
      vertex -10.856 -2 100.278
      vertex -10.8889 -2 100.141
    endloop
  endfacet
  facet normal -0.233646 0 0.972322
    outer loop
      vertex -9.85921 9.6 99.1111
      vertex -9.72188 -2 99.1441
      vertex -9.72188 9.6 99.1441
    endloop
  endfacet
  facet normal -0.233646 0 0.972322
    outer loop
      vertex -9.72188 -2 99.1441
      vertex -9.85921 9.6 99.1111
      vertex -9.85921 -2 99.1111
    endloop
  endfacet
  facet normal 0.523624 0 -0.85195
    outer loop
      vertex -10.529 -2 100.728
      vertex -10.4086 9.6 100.802
      vertex -10.4086 -2 100.802
    endloop
  endfacet
  facet normal 0.523624 0 -0.85195
    outer loop
      vertex -10.4086 9.6 100.802
      vertex -10.529 -2 100.728
      vertex -10.529 9.6 100.728
    endloop
  endfacet
  facet normal 0.996907 -0 0.0785914
    outer loop
      vertex -10.9 -2 100
      vertex -10.8889 9.6 99.8592
      vertex -10.9 9.6 100
    endloop
  endfacet
  facet normal 0.996907 0 0.0785914
    outer loop
      vertex -10.8889 9.6 99.8592
      vertex -10.9 -2 100
      vertex -10.8889 -2 99.8592
    endloop
  endfacet
  facet normal 0.852581 -0 0.522595
    outer loop
      vertex -10.8019 -2 99.5914
      vertex -10.7281 9.6 99.471
      vertex -10.8019 9.6 99.5914
    endloop
  endfacet
  facet normal 0.852581 0 0.522595
    outer loop
      vertex -10.7281 9.6 99.471
      vertex -10.8019 -2 99.5914
      vertex -10.7281 -2 99.471
    endloop
  endfacet
  facet normal -0.650593 0 -0.759426
    outer loop
      vertex -9.47099 -2 100.728
      vertex -9.3636 9.6 100.636
      vertex -9.3636 -2 100.636
    endloop
  endfacet
  facet normal -0.650593 0 -0.759426
    outer loop
      vertex -9.3636 9.6 100.636
      vertex -9.47099 -2 100.728
      vertex -9.47099 9.6 100.728
    endloop
  endfacet
  facet normal 0.923917 -0 0.382594
    outer loop
      vertex 9.14405 -2 99.7219
      vertex 9.19809 9.6 99.5914
      vertex 9.14405 9.6 99.7219
    endloop
  endfacet
  facet normal 0.923917 0 0.382594
    outer loop
      vertex 9.19809 9.6 99.5914
      vertex 9.14405 -2 99.7219
      vertex 9.19809 -2 99.5914
    endloop
  endfacet
  facet normal -0.972471 0 0.233025
    outer loop
      vertex 10.856 -2 99.7219
      vertex 10.8889 9.6 99.8592
      vertex 10.856 9.6 99.7219
    endloop
  endfacet
  facet normal -0.972471 0 0.233025
    outer loop
      vertex 10.8889 9.6 99.8592
      vertex 10.856 -2 99.7219
      vertex 10.8889 -2 99.8592
    endloop
  endfacet
  facet normal -0.996907 0 0.0785914
    outer loop
      vertex 10.8889 -2 99.8592
      vertex 10.9 9.6 100
      vertex 10.8889 9.6 99.8592
    endloop
  endfacet
  facet normal -0.996907 0 0.0785914
    outer loop
      vertex 10.9 9.6 100
      vertex 10.8889 -2 99.8592
      vertex 10.9 -2 100
    endloop
  endfacet
  facet normal -0.923767 0 0.382956
    outer loop
      vertex 10.8019 -2 99.5914
      vertex 10.856 9.6 99.7219
      vertex 10.8019 9.6 99.5914
    endloop
  endfacet
  facet normal -0.923767 0 0.382956
    outer loop
      vertex 10.856 9.6 99.7219
      vertex 10.8019 -2 99.5914
      vertex 10.856 -2 99.7219
    endloop
  endfacet
  facet normal -0.523624 0 -0.85195
    outer loop
      vertex 10.4086 -2 100.802
      vertex 10.529 9.6 100.728
      vertex 10.529 -2 100.728
    endloop
  endfacet
  facet normal -0.523624 0 -0.85195
    outer loop
      vertex 10.529 9.6 100.728
      vertex 10.4086 -2 100.802
      vertex 10.4086 9.6 100.802
    endloop
  endfacet
  facet normal -0.972355 0 -0.233507
    outer loop
      vertex 10.8889 -2 100.141
      vertex 10.856 9.6 100.278
      vertex 10.8889 9.6 100.141
    endloop
  endfacet
  facet normal -0.972355 -0 -0.233507
    outer loop
      vertex 10.856 9.6 100.278
      vertex 10.8889 -2 100.141
      vertex 10.856 -2 100.278
    endloop
  endfacet
  facet normal -0.382352 0 -0.924017
    outer loop
      vertex 10.2781 -2 100.856
      vertex 10.4086 9.6 100.802
      vertex 10.4086 -2 100.802
    endloop
  endfacet
  facet normal -0.382352 0 -0.924017
    outer loop
      vertex 10.4086 9.6 100.802
      vertex 10.2781 -2 100.856
      vertex 10.2781 9.6 100.856
    endloop
  endfacet
  facet normal 0.382427 0 0.923986
    outer loop
      vertex 9.59141 9.6 99.1981
      vertex 9.72188 -2 99.1441
      vertex 9.72188 9.6 99.1441
    endloop
  endfacet
  facet normal 0.382427 0 0.923986
    outer loop
      vertex 9.72188 -2 99.1441
      vertex 9.59141 9.6 99.1981
      vertex 9.59141 -2 99.1981
    endloop
  endfacet
  facet normal 0.382427 0 -0.923986
    outer loop
      vertex 9.59141 -2 100.802
      vertex 9.72188 9.6 100.856
      vertex 9.72188 -2 100.856
    endloop
  endfacet
  facet normal 0.382427 0 -0.923986
    outer loop
      vertex 9.72188 9.6 100.856
      vertex 9.59141 -2 100.802
      vertex 9.59141 9.6 100.802
    endloop
  endfacet
  facet normal 0.522532 0 0.85262
    outer loop
      vertex 9.47099 9.6 99.2719
      vertex 9.59141 -2 99.1981
      vertex 9.59141 9.6 99.1981
    endloop
  endfacet
  facet normal 0.522532 0 0.85262
    outer loop
      vertex 9.59141 -2 99.1981
      vertex 9.47099 9.6 99.2719
      vertex 9.47099 -2 99.2719
    endloop
  endfacet
  facet normal -0.649332 0 0.760505
    outer loop
      vertex 10.529 9.6 99.2719
      vertex 10.6364 -2 99.3636
      vertex 10.6364 9.6 99.3636
    endloop
  endfacet
  facet normal -0.649332 0 0.760505
    outer loop
      vertex 10.6364 -2 99.3636
      vertex 10.529 9.6 99.2719
      vertex 10.529 -2 99.2719
    endloop
  endfacet
  facet normal 0.233646 0 0.972322
    outer loop
      vertex 9.72188 9.6 99.1441
      vertex 9.85921 -2 99.1111
      vertex 9.85921 9.6 99.1111
    endloop
  endfacet
  facet normal 0.233646 0 0.972322
    outer loop
      vertex 9.85921 -2 99.1111
      vertex 9.72188 9.6 99.1441
      vertex 9.72188 -2 99.1441
    endloop
  endfacet
  facet normal 0.924432 0 -0.381346
    outer loop
      vertex 9.19809 -2 100.409
      vertex 9.14405 9.6 100.278
      vertex 9.19809 9.6 100.409
    endloop
  endfacet
  facet normal 0.924432 0 -0.381346
    outer loop
      vertex 9.14405 9.6 100.278
      vertex 9.19809 -2 100.409
      vertex 9.14405 -2 100.278
    endloop
  endfacet
  facet normal 0.0785969 0 0.996906
    outer loop
      vertex 9.85921 9.6 99.1111
      vertex 10 -2 99.1
      vertex 10 9.6 99.1
    endloop
  endfacet
  facet normal 0.0785969 0 0.996906
    outer loop
      vertex 10 -2 99.1
      vertex 9.85921 9.6 99.1111
      vertex 9.85921 -2 99.1111
    endloop
  endfacet
  facet normal 0.233646 0 -0.972322
    outer loop
      vertex 9.72188 -2 100.856
      vertex 9.85921 9.6 100.889
      vertex 9.85921 -2 100.889
    endloop
  endfacet
  facet normal 0.233646 0 -0.972322
    outer loop
      vertex 9.85921 9.6 100.889
      vertex 9.72188 -2 100.856
      vertex 9.72188 9.6 100.856
    endloop
  endfacet
  facet normal 0 1 0
    outer loop
      vertex 10.1408 -2 100.889
      vertex 9.85921 -2 100.889
      vertex 10 -2 100.9
    endloop
  endfacet
  facet normal 0 1 0
    outer loop
      vertex 10.2781 -2 100.856
      vertex 9.85921 -2 100.889
      vertex 10.1408 -2 100.889
    endloop
  endfacet
  facet normal 0 1 0
    outer loop
      vertex 10.2781 -2 100.856
      vertex 9.72188 -2 100.856
      vertex 9.85921 -2 100.889
    endloop
  endfacet
  facet normal 0 1 0
    outer loop
      vertex 10.4086 -2 100.802
      vertex 9.72188 -2 100.856
      vertex 10.2781 -2 100.856
    endloop
  endfacet
  facet normal 0 1 0
    outer loop
      vertex 10.4086 -2 100.802
      vertex 9.59141 -2 100.802
      vertex 9.72188 -2 100.856
    endloop
  endfacet
  facet normal 0 1 0
    outer loop
      vertex 10.529 -2 100.728
      vertex 9.59141 -2 100.802
      vertex 10.4086 -2 100.802
    endloop
  endfacet
  facet normal 0 1 0
    outer loop
      vertex 10.529 -2 100.728
      vertex 9.47099 -2 100.728
      vertex 9.59141 -2 100.802
    endloop
  endfacet
  facet normal 0 1 0
    outer loop
      vertex 10.6364 -2 100.636
      vertex 9.47099 -2 100.728
      vertex 10.529 -2 100.728
    endloop
  endfacet
  facet normal 0 1 0
    outer loop
      vertex 10.6364 -2 100.636
      vertex 9.3636 -2 100.636
      vertex 9.47099 -2 100.728
    endloop
  endfacet
  facet normal 0 1 0
    outer loop
      vertex 10.7281 -2 100.529
      vertex 9.3636 -2 100.636
      vertex 10.6364 -2 100.636
    endloop
  endfacet
  facet normal 0 1 0
    outer loop
      vertex 10.7281 -2 100.529
      vertex 9.27188 -2 100.529
      vertex 9.3636 -2 100.636
    endloop
  endfacet
  facet normal 0 1 0
    outer loop
      vertex 10.8019 -2 100.409
      vertex 9.27188 -2 100.529
      vertex 10.7281 -2 100.529
    endloop
  endfacet
  facet normal 0 1 0
    outer loop
      vertex 10.8019 -2 100.409
      vertex 9.19809 -2 100.409
      vertex 9.27188 -2 100.529
    endloop
  endfacet
  facet normal 0 1 0
    outer loop
      vertex 10.856 -2 100.278
      vertex 9.19809 -2 100.409
      vertex 10.8019 -2 100.409
    endloop
  endfacet
  facet normal 0 1 0
    outer loop
      vertex 10.856 -2 100.278
      vertex 9.14405 -2 100.278
      vertex 9.19809 -2 100.409
    endloop
  endfacet
  facet normal 0 1 0
    outer loop
      vertex 10.8889 -2 100.141
      vertex 9.14405 -2 100.278
      vertex 10.856 -2 100.278
    endloop
  endfacet
  facet normal 0 1 0
    outer loop
      vertex 10.8889 -2 100.141
      vertex 9.11108 -2 100.141
      vertex 9.14405 -2 100.278
    endloop
  endfacet
  facet normal 0 1 0
    outer loop
      vertex 10.9 -2 100
      vertex 9.11108 -2 100.141
      vertex 10.8889 -2 100.141
    endloop
  endfacet
  facet normal 0 1 0
    outer loop
      vertex 10.9 -2 100
      vertex 9.1 -2 100
      vertex 9.11108 -2 100.141
    endloop
  endfacet
  facet normal 0 1 -0
    outer loop
      vertex 10.8889 -2 99.8592
      vertex 9.1 -2 100
      vertex 10.9 -2 100
    endloop
  endfacet
  facet normal 0 1 0
    outer loop
      vertex 10.8889 -2 99.8592
      vertex 9.11108 -2 99.8592
      vertex 9.1 -2 100
    endloop
  endfacet
  facet normal 0 1 -0
    outer loop
      vertex 10.856 -2 99.7219
      vertex 9.11108 -2 99.8592
      vertex 10.8889 -2 99.8592
    endloop
  endfacet
  facet normal 0 1 0
    outer loop
      vertex 10.856 -2 99.7219
      vertex 9.14405 -2 99.7219
      vertex 9.11108 -2 99.8592
    endloop
  endfacet
  facet normal 0 1 -0
    outer loop
      vertex 10.8019 -2 99.5914
      vertex 9.14405 -2 99.7219
      vertex 10.856 -2 99.7219
    endloop
  endfacet
  facet normal 0 1 0
    outer loop
      vertex 10.8019 -2 99.5914
      vertex 9.19809 -2 99.5914
      vertex 9.14405 -2 99.7219
    endloop
  endfacet
  facet normal 0 1 -0
    outer loop
      vertex 10.7281 -2 99.471
      vertex 9.19809 -2 99.5914
      vertex 10.8019 -2 99.5914
    endloop
  endfacet
  facet normal 0 1 0
    outer loop
      vertex 10.7281 -2 99.471
      vertex 9.27188 -2 99.471
      vertex 9.19809 -2 99.5914
    endloop
  endfacet
  facet normal 0 1 -0
    outer loop
      vertex 10.6364 -2 99.3636
      vertex 9.27188 -2 99.471
      vertex 10.7281 -2 99.471
    endloop
  endfacet
  facet normal 0 1 0
    outer loop
      vertex 10.6364 -2 99.3636
      vertex 9.3636 -2 99.3636
      vertex 9.27188 -2 99.471
    endloop
  endfacet
  facet normal 0 1 -0
    outer loop
      vertex 10.529 -2 99.2719
      vertex 9.3636 -2 99.3636
      vertex 10.6364 -2 99.3636
    endloop
  endfacet
  facet normal 0 1 0
    outer loop
      vertex 10.529 -2 99.2719
      vertex 9.47099 -2 99.2719
      vertex 9.3636 -2 99.3636
    endloop
  endfacet
  facet normal 0 1 -0
    outer loop
      vertex 10.4086 -2 99.1981
      vertex 9.47099 -2 99.2719
      vertex 10.529 -2 99.2719
    endloop
  endfacet
  facet normal 0 1 0
    outer loop
      vertex 10.4086 -2 99.1981
      vertex 9.59141 -2 99.1981
      vertex 9.47099 -2 99.2719
    endloop
  endfacet
  facet normal 0 1 -0
    outer loop
      vertex 10.2781 -2 99.1441
      vertex 9.59141 -2 99.1981
      vertex 10.4086 -2 99.1981
    endloop
  endfacet
  facet normal 0 1 0
    outer loop
      vertex 10.2781 -2 99.1441
      vertex 9.72188 -2 99.1441
      vertex 9.59141 -2 99.1981
    endloop
  endfacet
  facet normal 0 1 -0
    outer loop
      vertex 10.1408 -2 99.1111
      vertex 9.72188 -2 99.1441
      vertex 10.2781 -2 99.1441
    endloop
  endfacet
  facet normal 0 1 0
    outer loop
      vertex 10.1408 -2 99.1111
      vertex 9.85921 -2 99.1111
      vertex 9.72188 -2 99.1441
    endloop
  endfacet
  facet normal -0 1 0
    outer loop
      vertex 9.85921 -2 99.1111
      vertex 10.1408 -2 99.1111
      vertex 10 -2 99.1
    endloop
  endfacet
  facet normal -0.924283 0 -0.381708
    outer loop
      vertex 10.856 -2 100.278
      vertex 10.8019 9.6 100.409
      vertex 10.856 9.6 100.278
    endloop
  endfacet
  facet normal -0.924283 -0 -0.381708
    outer loop
      vertex 10.8019 9.6 100.409
      vertex 10.856 -2 100.278
      vertex 10.8019 -2 100.409
    endloop
  endfacet
  facet normal 0.759237 0 -0.650815
    outer loop
      vertex 9.3636 -2 100.636
      vertex 9.27188 9.6 100.529
      vertex 9.3636 9.6 100.636
    endloop
  endfacet
  facet normal 0.759237 0 -0.650815
    outer loop
      vertex 9.27188 9.6 100.529
      vertex 9.3636 -2 100.636
      vertex 9.27188 -2 100.529
    endloop
  endfacet
  facet normal 0.649367 0 0.760475
    outer loop
      vertex 9.3636 9.6 99.3636
      vertex 9.47099 -2 99.2719
      vertex 9.47099 9.6 99.2719
    endloop
  endfacet
  facet normal 0.649367 0 0.760475
    outer loop
      vertex 9.47099 -2 99.2719
      vertex 9.3636 9.6 99.3636
      vertex 9.3636 -2 99.3636
    endloop
  endfacet
  facet normal -0.0778877 0 -0.996962
    outer loop
      vertex 10 -2 100.9
      vertex 10.1408 9.6 100.889
      vertex 10.1408 -2 100.889
    endloop
  endfacet
  facet normal -0.0778877 0 -0.996962
    outer loop
      vertex 10.1408 9.6 100.889
      vertex 10 -2 100.9
      vertex 10 9.6 100.9
    endloop
  endfacet
  facet normal 0.650593 0 -0.759426
    outer loop
      vertex 9.3636 -2 100.636
      vertex 9.47099 9.6 100.728
      vertex 9.47099 -2 100.728
    endloop
  endfacet
  facet normal 0.650593 0 -0.759426
    outer loop
      vertex 9.47099 9.6 100.728
      vertex 9.3636 -2 100.636
      vertex 9.3636 9.6 100.636
    endloop
  endfacet
  facet normal -0.851805 0 -0.52386
    outer loop
      vertex 10.8019 -2 100.409
      vertex 10.7281 9.6 100.529
      vertex 10.8019 9.6 100.409
    endloop
  endfacet
  facet normal -0.851805 -0 -0.52386
    outer loop
      vertex 10.7281 9.6 100.529
      vertex 10.8019 -2 100.409
      vertex 10.7281 -2 100.529
    endloop
  endfacet
  facet normal -0.852581 0 0.522595
    outer loop
      vertex 10.7281 -2 99.471
      vertex 10.8019 9.6 99.5914
      vertex 10.7281 9.6 99.471
    endloop
  endfacet
  facet normal -0.852581 0 0.522595
    outer loop
      vertex 10.8019 9.6 99.5914
      vertex 10.7281 -2 99.471
      vertex 10.8019 -2 99.5914
    endloop
  endfacet
  facet normal -0.760505 0 0.649332
    outer loop
      vertex 10.6364 -2 99.3636
      vertex 10.7281 9.6 99.471
      vertex 10.6364 9.6 99.3636
    endloop
  endfacet
  facet normal -0.760505 0 0.649332
    outer loop
      vertex 10.7281 9.6 99.471
      vertex 10.6364 -2 99.3636
      vertex 10.7281 -2 99.471
    endloop
  endfacet
  facet normal 0.760435 -0 0.649414
    outer loop
      vertex 9.27188 -2 99.471
      vertex 9.3636 9.6 99.3636
      vertex 9.27188 9.6 99.471
    endloop
  endfacet
  facet normal 0.760435 0 0.649414
    outer loop
      vertex 9.3636 9.6 99.3636
      vertex 9.27188 -2 99.471
      vertex 9.3636 -2 99.3636
    endloop
  endfacet
  facet normal -0.0785914 0 0.996907
    outer loop
      vertex 10 9.6 99.1
      vertex 10.1408 -2 99.1111
      vertex 10.1408 9.6 99.1111
    endloop
  endfacet
  facet normal -0.0785914 0 0.996907
    outer loop
      vertex 10.1408 -2 99.1111
      vertex 10 9.6 99.1
      vertex 10 -2 99.1
    endloop
  endfacet
  facet normal -0.382352 0 0.924017
    outer loop
      vertex 10.2781 9.6 99.1441
      vertex 10.4086 -2 99.1981
      vertex 10.4086 9.6 99.1981
    endloop
  endfacet
  facet normal -0.382352 0 0.924017
    outer loop
      vertex 10.4086 -2 99.1981
      vertex 10.2781 9.6 99.1441
      vertex 10.2781 -2 99.1441
    endloop
  endfacet
  facet normal 0.972358 -0 0.233493
    outer loop
      vertex 9.11108 -2 99.8592
      vertex 9.14405 9.6 99.7219
      vertex 9.11108 9.6 99.8592
    endloop
  endfacet
  facet normal 0.972358 0 0.233493
    outer loop
      vertex 9.14405 9.6 99.7219
      vertex 9.11108 -2 99.8592
      vertex 9.14405 -2 99.7219
    endloop
  endfacet
  facet normal 0.972242 0 -0.233977
    outer loop
      vertex 9.14405 -2 100.278
      vertex 9.11108 9.6 100.141
      vertex 9.14405 9.6 100.278
    endloop
  endfacet
  facet normal 0.972242 0 -0.233977
    outer loop
      vertex 9.11108 9.6 100.141
      vertex 9.14405 -2 100.278
      vertex 9.11108 -2 100.141
    endloop
  endfacet
  facet normal -0.522595 0 0.852581
    outer loop
      vertex 10.4086 9.6 99.1981
      vertex 10.529 -2 99.2719
      vertex 10.529 9.6 99.2719
    endloop
  endfacet
  facet normal -0.522595 0 0.852581
    outer loop
      vertex 10.529 -2 99.2719
      vertex 10.4086 9.6 99.1981
      vertex 10.4086 -2 99.1981
    endloop
  endfacet
  facet normal -0.233694 0 -0.97231
    outer loop
      vertex 10.1408 -2 100.889
      vertex 10.2781 9.6 100.856
      vertex 10.2781 -2 100.856
    endloop
  endfacet
  facet normal -0.233694 0 -0.97231
    outer loop
      vertex 10.2781 9.6 100.856
      vertex 10.1408 -2 100.889
      vertex 10.1408 9.6 100.889
    endloop
  endfacet
  facet normal -0.996916 0 -0.0784806
    outer loop
      vertex 10.9 -2 100
      vertex 10.8889 9.6 100.141
      vertex 10.9 9.6 100
    endloop
  endfacet
  facet normal -0.996916 -0 -0.0784806
    outer loop
      vertex 10.8889 9.6 100.141
      vertex 10.9 -2 100
      vertex 10.8889 -2 100.141
    endloop
  endfacet
  facet normal -0.759307 0 -0.650733
    outer loop
      vertex 10.7281 -2 100.529
      vertex 10.6364 9.6 100.636
      vertex 10.7281 9.6 100.529
    endloop
  endfacet
  facet normal -0.759307 -0 -0.650733
    outer loop
      vertex 10.6364 9.6 100.636
      vertex 10.7281 -2 100.529
      vertex 10.6364 -2 100.636
    endloop
  endfacet
  facet normal 0.851836 0 -0.523808
    outer loop
      vertex 9.27188 -2 100.529
      vertex 9.19809 9.6 100.409
      vertex 9.27188 9.6 100.529
    endloop
  endfacet
  facet normal 0.851836 0 -0.523808
    outer loop
      vertex 9.19809 9.6 100.409
      vertex 9.27188 -2 100.529
      vertex 9.19809 -2 100.409
    endloop
  endfacet
  facet normal 0.996927 0 -0.0783401
    outer loop
      vertex 9.11108 -2 100.141
      vertex 9.1 9.6 100
      vertex 9.11108 9.6 100.141
    endloop
  endfacet
  facet normal 0.996927 0 -0.0783401
    outer loop
      vertex 9.1 9.6 100
      vertex 9.11108 -2 100.141
      vertex 9.1 -2 100
    endloop
  endfacet
  facet normal 0.0778932 0 -0.996962
    outer loop
      vertex 9.85921 -2 100.889
      vertex 10 9.6 100.9
      vertex 10 -2 100.9
    endloop
  endfacet
  facet normal 0.0778932 0 -0.996962
    outer loop
      vertex 10 9.6 100.9
      vertex 9.85921 -2 100.889
      vertex 9.85921 9.6 100.889
    endloop
  endfacet
  facet normal -0.233694 0 0.97231
    outer loop
      vertex 10.1408 9.6 99.1111
      vertex 10.2781 -2 99.1441
      vertex 10.2781 9.6 99.1441
    endloop
  endfacet
  facet normal -0.233694 0 0.97231
    outer loop
      vertex 10.2781 -2 99.1441
      vertex 10.1408 9.6 99.1111
      vertex 10.1408 -2 99.1111
    endloop
  endfacet
  facet normal 0.52356 0 -0.851989
    outer loop
      vertex 9.47099 -2 100.728
      vertex 9.59141 9.6 100.802
      vertex 9.59141 -2 100.802
    endloop
  endfacet
  facet normal 0.52356 0 -0.851989
    outer loop
      vertex 9.59141 9.6 100.802
      vertex 9.47099 -2 100.728
      vertex 9.47099 9.6 100.728
    endloop
  endfacet
  facet normal 0.996918 -0 0.0784506
    outer loop
      vertex 9.1 -2 100
      vertex 9.11108 9.6 99.8592
      vertex 9.1 9.6 100
    endloop
  endfacet
  facet normal 0.996918 0 0.0784506
    outer loop
      vertex 9.11108 9.6 99.8592
      vertex 9.1 -2 100
      vertex 9.11108 -2 99.8592
    endloop
  endfacet
  facet normal 0.852612 -0 0.522544
    outer loop
      vertex 9.19809 -2 99.5914
      vertex 9.27188 9.6 99.471
      vertex 9.19809 9.6 99.5914
    endloop
  endfacet
  facet normal 0.852612 0 0.522544
    outer loop
      vertex 9.27188 9.6 99.471
      vertex 9.19809 -2 99.5914
      vertex 9.27188 -2 99.471
    endloop
  endfacet
  facet normal -0.650558 0 -0.759456
    outer loop
      vertex 10.529 -2 100.728
      vertex 10.6364 9.6 100.636
      vertex 10.6364 -2 100.636
    endloop
  endfacet
  facet normal -0.650558 0 -0.759456
    outer loop
      vertex 10.6364 9.6 100.636
      vertex 10.529 -2 100.728
      vertex 10.529 9.6 100.728
    endloop
  endfacet
  facet normal 0.923749 0.0665066 0.377181
    outer loop
      vertex -10.856 -1.87206 75.7404
      vertex -10.8019 9.52905 73.5976
      vertex -10.856 9.55171 73.7261
    endloop
  endfacet
  facet normal 0.923749 0.0665066 0.377181
    outer loop
      vertex -10.8019 9.52905 73.5976
      vertex -10.856 -1.87206 75.7404
      vertex -10.8019 -1.89472 75.6119
    endloop
  endfacet
  facet normal -0.972391 0.0405218 0.229813
    outer loop
      vertex -9.14405 9.55171 73.7261
      vertex -9.11108 -1.84822 75.8757
      vertex -9.11108 9.57555 73.8614
    endloop
  endfacet
  facet normal -0.972391 0.0405218 0.229813
    outer loop
      vertex -9.11108 -1.84822 75.8757
      vertex -9.14405 9.55171 73.7261
      vertex -9.14405 -1.87206 75.7404
    endloop
  endfacet
  facet normal -0.996915 0.0136285 0.0772915
    outer loop
      vertex -9.11108 9.57555 73.8614
      vertex -9.1 -1.82377 76.0143
      vertex -9.1 9.6 74
    endloop
  endfacet
  facet normal -0.996915 0.0136285 0.0772915
    outer loop
      vertex -9.1 -1.82377 76.0143
      vertex -9.11108 9.57555 73.8614
      vertex -9.11108 -1.84822 75.8757
    endloop
  endfacet
  facet normal -0.923899 0.0664436 0.376824
    outer loop
      vertex -9.19809 9.52905 73.5976
      vertex -9.14405 -1.87206 75.7404
      vertex -9.14405 9.55171 73.7261
    endloop
  endfacet
  facet normal -0.923899 0.0664436 0.376824
    outer loop
      vertex -9.14405 -1.87206 75.7404
      vertex -9.19809 9.52905 73.5976
      vertex -9.19809 -1.89472 75.6119
    endloop
  endfacet
  facet normal -0.522128 -0.148097 -0.839911
    outer loop
      vertex -9.59141 -1.68452 76.804
      vertex -9.47099 9.72644 74.7171
      vertex -9.47099 -1.69733 76.7314
    endloop
  endfacet
  facet normal -0.522128 -0.148097 -0.839911
    outer loop
      vertex -9.47099 9.72644 74.7171
      vertex -9.59141 -1.68452 76.804
      vertex -9.59141 9.73925 74.7897
    endloop
  endfacet
  facet normal -0.972391 -0.0405218 -0.229813
    outer loop
      vertex -9.11108 9.62445 74.1386
      vertex -9.14405 -1.77548 76.2882
      vertex -9.14405 9.64829 74.2739
    endloop
  endfacet
  facet normal -0.972353 -0.0405513 -0.229968
    outer loop
      vertex -9.14405 -1.77548 76.2882
      vertex -9.11108 9.62445 74.1386
      vertex -9.11108 -1.79932 76.153
    endloop
  endfacet
  facet normal -0.383146 -0.160395 -0.909655
    outer loop
      vertex -9.72188 -1.67514 76.8573
      vertex -9.59141 9.73925 74.7897
      vertex -9.59141 -1.68452 76.804
    endloop
  endfacet
  facet normal -0.382551 -0.160446 -0.909896
    outer loop
      vertex -9.59141 9.73925 74.7897
      vertex -9.72188 -1.67514 76.8573
      vertex -9.72188 9.74863 74.8429
    endloop
  endfacet
  facet normal 0.382476 0.160443 0.909928
    outer loop
      vertex -10.4086 -1.96302 75.2246
      vertex -10.2781 9.45137 73.1571
      vertex -10.4086 9.46075 73.2103
    endloop
  endfacet
  facet normal 0.382476 0.160443 0.909928
    outer loop
      vertex -10.2781 9.45137 73.1571
      vertex -10.4086 -1.96302 75.2246
      vertex -10.2781 -1.9724 75.1714
    endloop
  endfacet
  facet normal 0.383071 -0.160401 -0.909686
    outer loop
      vertex -10.4086 9.73925 74.7897
      vertex -10.2781 -1.67514 76.8573
      vertex -10.4086 -1.68452 76.804
    endloop
  endfacet
  facet normal 0.382476 -0.160451 -0.909927
    outer loop
      vertex -10.2781 -1.67514 76.8573
      vertex -10.4086 9.73925 74.7897
      vertex -10.2781 9.74863 74.8429
    endloop
  endfacet
  facet normal 0.522191 0.148098 0.839871
    outer loop
      vertex -10.529 -1.95021 75.2973
      vertex -10.4086 9.46075 73.2103
      vertex -10.529 9.47356 73.2829
    endloop
  endfacet
  facet normal 0.522698 0.148037 0.839567
    outer loop
      vertex -10.4086 9.46075 73.2103
      vertex -10.529 -1.95021 75.2973
      vertex -10.4086 -1.96302 75.2246
    endloop
  endfacet
  facet normal -0.649747 0.131998 0.748602
    outer loop
      vertex -9.47099 9.47356 73.2829
      vertex -9.3636 -1.93428 75.3876
      vertex -9.3636 9.48949 73.3733
    endloop
  endfacet
  facet normal -0.649344 0.132064 0.74894
    outer loop
      vertex -9.3636 -1.93428 75.3876
      vertex -9.47099 9.47356 73.2829
      vertex -9.47099 -1.95021 75.2973
    endloop
  endfacet
  facet normal 0.233703 0.168838 0.957537
    outer loop
      vertex -10.2781 -1.9724 75.1714
      vertex -10.1408 9.44564 73.1246
      vertex -10.2781 9.45137 73.1571
    endloop
  endfacet
  facet normal 0.233703 0.168838 0.957537
    outer loop
      vertex -10.1408 9.44564 73.1246
      vertex -10.2781 -1.9724 75.1714
      vertex -10.1408 -1.97813 75.1389
    endloop
  endfacet
  facet normal 0.923749 -0.0665066 -0.377181
    outer loop
      vertex -10.8019 -1.75282 76.4167
      vertex -10.856 9.64829 74.2739
      vertex -10.8019 9.67095 74.4024
    endloop
  endfacet
  facet normal 0.923749 -0.0665066 -0.377181
    outer loop
      vertex -10.856 9.64829 74.2739
      vertex -10.8019 -1.75282 76.4167
      vertex -10.856 -1.77548 76.2882
    endloop
  endfacet
  facet normal 0.0783649 0.173113 0.981779
    outer loop
      vertex -10.1408 -1.97813 75.1389
      vertex -10 9.44372 73.1137
      vertex -10.1408 9.44564 73.1246
    endloop
  endfacet
  facet normal 0.0783649 0.173113 0.981779
    outer loop
      vertex -10 9.44372 73.1137
      vertex -10.1408 -1.97813 75.1389
      vertex -10 -1.98005 75.128
    endloop
  endfacet
  facet normal 0.233043 -0.168874 -0.957691
    outer loop
      vertex -10.2781 9.74863 74.8429
      vertex -10.1408 -1.66941 76.8897
      vertex -10.2781 -1.67514 76.8573
    endloop
  endfacet
  facet normal 0.233703 -0.168838 -0.957537
    outer loop
      vertex -10.1408 -1.66941 76.8897
      vertex -10.2781 9.74863 74.8429
      vertex -10.1408 9.75436 74.8754
    endloop
  endfacet
  facet normal 0 0.984838 -0.173476
    outer loop
      vertex -9.85921 -1.66941 76.8897
      vertex -10.1408 -1.66941 76.8897
      vertex -10 -1.66749 76.9006
    endloop
  endfacet
  facet normal 0 0.984719 -0.174149
    outer loop
      vertex -9.72188 -1.67514 76.8573
      vertex -10.1408 -1.66941 76.8897
      vertex -9.85921 -1.66941 76.8897
    endloop
  endfacet
  facet normal 0 0.984719 -0.174149
    outer loop
      vertex -9.72188 -1.67514 76.8573
      vertex -10.2781 -1.67514 76.8573
      vertex -10.1408 -1.66941 76.8897
    endloop
  endfacet
  facet normal 0 0.984865 -0.173322
    outer loop
      vertex -9.59141 -1.68452 76.804
      vertex -10.2781 -1.67514 76.8573
      vertex -9.72188 -1.67514 76.8573
    endloop
  endfacet
  facet normal 0 0.984865 -0.173322
    outer loop
      vertex -9.59141 -1.68452 76.804
      vertex -10.4086 -1.68452 76.804
      vertex -10.2781 -1.67514 76.8573
    endloop
  endfacet
  facet normal 0 0.984788 -0.173762
    outer loop
      vertex -9.47099 -1.69733 76.7314
      vertex -10.4086 -1.68452 76.804
      vertex -9.59141 -1.68452 76.804
    endloop
  endfacet
  facet normal 0 0.984788 -0.173762
    outer loop
      vertex -9.47099 -1.69733 76.7314
      vertex -10.529 -1.69733 76.7314
      vertex -10.4086 -1.68452 76.804
    endloop
  endfacet
  facet normal 0 0.984826 -0.173543
    outer loop
      vertex -9.3636 -1.71326 76.641
      vertex -10.529 -1.69733 76.7314
      vertex -9.47099 -1.69733 76.7314
    endloop
  endfacet
  facet normal 0 0.984826 -0.173543
    outer loop
      vertex -9.3636 -1.71326 76.641
      vertex -10.6364 -1.71326 76.641
      vertex -10.529 -1.69733 76.7314
    endloop
  endfacet
  facet normal 0 0.984788 -0.173759
    outer loop
      vertex -9.27188 -1.73191 76.5353
      vertex -10.6364 -1.71326 76.641
      vertex -9.3636 -1.71326 76.641
    endloop
  endfacet
  facet normal 0 0.984788 -0.173759
    outer loop
      vertex -9.27188 -1.73191 76.5353
      vertex -10.7281 -1.73191 76.5353
      vertex -10.6364 -1.71326 76.641
    endloop
  endfacet
  facet normal 0 0.984811 -0.173629
    outer loop
      vertex -9.19809 -1.75282 76.4167
      vertex -10.7281 -1.73191 76.5353
      vertex -9.27188 -1.73191 76.5353
    endloop
  endfacet
  facet normal 0 0.984811 -0.173629
    outer loop
      vertex -9.19809 -1.75282 76.4167
      vertex -10.8019 -1.75282 76.4167
      vertex -10.7281 -1.73191 76.5353
    endloop
  endfacet
  facet normal 0 0.984805 -0.173663
    outer loop
      vertex -9.14405 -1.77548 76.2882
      vertex -10.8019 -1.75282 76.4167
      vertex -9.19809 -1.75282 76.4167
    endloop
  endfacet
  facet normal 0 0.984805 -0.173663
    outer loop
      vertex -9.14405 -1.77548 76.2882
      vertex -10.856 -1.77548 76.2882
      vertex -10.8019 -1.75282 76.4167
    endloop
  endfacet
  facet normal 0 0.984807 -0.173652
    outer loop
      vertex -9.11108 -1.79932 76.153
      vertex -10.856 -1.77548 76.2882
      vertex -9.14405 -1.77548 76.2882
    endloop
  endfacet
  facet normal 0 0.984807 -0.173652
    outer loop
      vertex -9.11108 -1.79932 76.153
      vertex -10.8889 -1.79932 76.153
      vertex -10.856 -1.77548 76.2882
    endloop
  endfacet
  facet normal 0 0.984816 -0.173603
    outer loop
      vertex -9.1 -1.82377 76.0143
      vertex -10.8889 -1.79932 76.153
      vertex -9.11108 -1.79932 76.153
    endloop
  endfacet
  facet normal 0 0.984816 -0.173603
    outer loop
      vertex -9.1 -1.82377 76.0143
      vertex -10.9 -1.82377 76.0143
      vertex -10.8889 -1.79932 76.153
    endloop
  endfacet
  facet normal 0 0.984794 -0.173725
    outer loop
      vertex -9.11108 -1.84822 75.8757
      vertex -10.9 -1.82377 76.0143
      vertex -9.1 -1.82377 76.0143
    endloop
  endfacet
  facet normal 0 0.984794 -0.173725
    outer loop
      vertex -9.11108 -1.84822 75.8757
      vertex -10.8889 -1.84822 75.8757
      vertex -10.9 -1.82377 76.0143
    endloop
  endfacet
  facet normal 0 0.984829 -0.173528
    outer loop
      vertex -9.14405 -1.87206 75.7404
      vertex -10.8889 -1.84822 75.8757
      vertex -9.11108 -1.84822 75.8757
    endloop
  endfacet
  facet normal 0 0.984829 -0.173528
    outer loop
      vertex -9.14405 -1.87206 75.7404
      vertex -10.856 -1.87206 75.7404
      vertex -10.8889 -1.84822 75.8757
    endloop
  endfacet
  facet normal 0 0.984805 -0.173663
    outer loop
      vertex -9.19809 -1.89472 75.6119
      vertex -10.856 -1.87206 75.7404
      vertex -9.14405 -1.87206 75.7404
    endloop
  endfacet
  facet normal 0 0.984805 -0.173663
    outer loop
      vertex -9.19809 -1.89472 75.6119
      vertex -10.8019 -1.89472 75.6119
      vertex -10.856 -1.87206 75.7404
    endloop
  endfacet
  facet normal 0 0.984811 -0.173629
    outer loop
      vertex -9.27188 -1.91563 75.4933
      vertex -10.8019 -1.89472 75.6119
      vertex -9.19809 -1.89472 75.6119
    endloop
  endfacet
  facet normal 0 0.984811 -0.173629
    outer loop
      vertex -9.27188 -1.91563 75.4933
      vertex -10.7281 -1.91563 75.4933
      vertex -10.8019 -1.89472 75.6119
    endloop
  endfacet
  facet normal 0 0.984788 -0.173759
    outer loop
      vertex -9.3636 -1.93428 75.3876
      vertex -10.7281 -1.91563 75.4933
      vertex -9.27188 -1.91563 75.4933
    endloop
  endfacet
  facet normal 0 0.984788 -0.173759
    outer loop
      vertex -9.3636 -1.93428 75.3876
      vertex -10.6364 -1.93428 75.3876
      vertex -10.7281 -1.91563 75.4933
    endloop
  endfacet
  facet normal 0 0.984793 -0.173729
    outer loop
      vertex -9.47099 -1.95021 75.2973
      vertex -10.6364 -1.93428 75.3876
      vertex -9.3636 -1.93428 75.3876
    endloop
  endfacet
  facet normal 0 0.984793 -0.173729
    outer loop
      vertex -9.47099 -1.95021 75.2973
      vertex -10.529 -1.95021 75.2973
      vertex -10.6364 -1.93428 75.3876
    endloop
  endfacet
  facet normal 0 0.984829 -0.17353
    outer loop
      vertex -9.59141 -1.96302 75.2246
      vertex -10.529 -1.95021 75.2973
      vertex -9.47099 -1.95021 75.2973
    endloop
  endfacet
  facet normal 0 0.984829 -0.17353
    outer loop
      vertex -9.59141 -1.96302 75.2246
      vertex -10.4086 -1.96302 75.2246
      vertex -10.529 -1.95021 75.2973
    endloop
  endfacet
  facet normal 0 0.98481 -0.173637
    outer loop
      vertex -9.72188 -1.9724 75.1714
      vertex -10.4086 -1.96302 75.2246
      vertex -9.59141 -1.96302 75.2246
    endloop
  endfacet
  facet normal 0 0.98481 -0.173637
    outer loop
      vertex -9.72188 -1.9724 75.1714
      vertex -10.2781 -1.9724 75.1714
      vertex -10.4086 -1.96302 75.2246
    endloop
  endfacet
  facet normal 0 0.984811 -0.17363
    outer loop
      vertex -9.85921 -1.97813 75.1389
      vertex -10.2781 -1.9724 75.1714
      vertex -9.72188 -1.9724 75.1714
    endloop
  endfacet
  facet normal 0 0.984811 -0.17363
    outer loop
      vertex -9.85921 -1.97813 75.1389
      vertex -10.1408 -1.97813 75.1389
      vertex -10.2781 -1.9724 75.1714
    endloop
  endfacet
  facet normal 0 0.984838 -0.173476
    outer loop
      vertex -10.1408 -1.97813 75.1389
      vertex -9.85921 -1.97813 75.1389
      vertex -10 -1.98005 75.128
    endloop
  endfacet
  facet normal -0.923899 -0.0664436 -0.376824
    outer loop
      vertex -9.14405 9.64829 74.2739
      vertex -9.19809 -1.75282 76.4167
      vertex -9.19809 9.67095 74.4024
    endloop
  endfacet
  facet normal -0.923899 -0.0664436 -0.376824
    outer loop
      vertex -9.19809 -1.75282 76.4167
      vertex -9.14405 9.64829 74.2739
      vertex -9.14405 -1.77548 76.2882
    endloop
  endfacet
  facet normal 0.760304 -0.112795 -0.639699
    outer loop
      vertex -10.6364 -1.71326 76.641
      vertex -10.7281 9.69186 74.521
      vertex -10.6364 9.71051 74.6267
    endloop
  endfacet
  facet normal 0.760304 -0.112795 -0.639699
    outer loop
      vertex -10.7281 9.69186 74.521
      vertex -10.6364 -1.71326 76.641
      vertex -10.7281 -1.73191 76.5353
    endloop
  endfacet
  facet normal 0.649712 0.132003 0.748632
    outer loop
      vertex -10.6364 -1.93428 75.3876
      vertex -10.529 9.47356 73.2829
      vertex -10.6364 9.48949 73.3733
    endloop
  endfacet
  facet normal 0.649309 0.132069 0.74897
    outer loop
      vertex -10.529 9.47356 73.2829
      vertex -10.6364 -1.93428 75.3876
      vertex -10.529 -1.95021 75.2973
    endloop
  endfacet
  facet normal -0.0783704 -0.173113 -0.981779
    outer loop
      vertex -10 -1.66749 76.9006
      vertex -9.85921 9.75436 74.8754
      vertex -9.85921 -1.66941 76.8897
    endloop
  endfacet
  facet normal -0.0783704 -0.173113 -0.981779
    outer loop
      vertex -9.85921 9.75436 74.8754
      vertex -10 -1.66749 76.9006
      vertex -10 9.75628 74.8863
    endloop
  endfacet
  facet normal 0.649712 -0.132003 -0.748632
    outer loop
      vertex -10.6364 9.71051 74.6267
      vertex -10.529 -1.69733 76.7314
      vertex -10.6364 -1.71326 76.641
    endloop
  endfacet
  facet normal 0.649712 -0.132003 -0.748632
    outer loop
      vertex -10.529 -1.69733 76.7314
      vertex -10.6364 9.71051 74.6267
      vertex -10.529 9.72644 74.7171
    endloop
  endfacet
  facet normal -0.852669 -0.090722 -0.514515
    outer loop
      vertex -9.19809 9.67095 74.4024
      vertex -9.27188 -1.73191 76.5353
      vertex -9.27188 9.69186 74.521
    endloop
  endfacet
  facet normal -0.852669 -0.090722 -0.514515
    outer loop
      vertex -9.27188 -1.73191 76.5353
      vertex -9.19809 9.67095 74.4024
      vertex -9.19809 -1.75282 76.4167
    endloop
  endfacet
  facet normal -0.852669 0.090722 0.514515
    outer loop
      vertex -9.27188 9.50814 73.479
      vertex -9.19809 -1.89472 75.6119
      vertex -9.19809 9.52905 73.5976
    endloop
  endfacet
  facet normal -0.852669 0.090722 0.514515
    outer loop
      vertex -9.19809 -1.89472 75.6119
      vertex -9.27188 9.50814 73.479
      vertex -9.27188 -1.91563 75.4933
    endloop
  endfacet
  facet normal -0.760234 0.112809 0.63978
    outer loop
      vertex -9.3636 9.48949 73.3733
      vertex -9.27188 -1.91563 75.4933
      vertex -9.27188 9.50814 73.479
    endloop
  endfacet
  facet normal -0.760234 0.112809 0.63978
    outer loop
      vertex -9.27188 -1.91563 75.4933
      vertex -9.3636 9.48949 73.3733
      vertex -9.3636 -1.93428 75.3876
    endloop
  endfacet
  facet normal 0.760304 0.112795 0.639699
    outer loop
      vertex -10.7281 -1.91563 75.4933
      vertex -10.6364 9.48949 73.3733
      vertex -10.7281 9.50814 73.479
    endloop
  endfacet
  facet normal 0.760304 0.112795 0.639699
    outer loop
      vertex -10.6364 9.48949 73.3733
      vertex -10.7281 -1.91563 75.4933
      vertex -10.6364 -1.93428 75.3876
    endloop
  endfacet
  facet normal -0.0783704 0.173113 0.981779
    outer loop
      vertex -10 9.44372 73.1137
      vertex -9.85921 -1.97813 75.1389
      vertex -9.85921 9.44564 73.1246
    endloop
  endfacet
  facet normal -0.0783704 0.173113 0.981779
    outer loop
      vertex -9.85921 -1.97813 75.1389
      vertex -10 9.44372 73.1137
      vertex -10 -1.98005 75.128
    endloop
  endfacet
  facet normal -0.382551 0.160438 0.909898
    outer loop
      vertex -9.72188 9.45137 73.1571
      vertex -9.59141 -1.96302 75.2246
      vertex -9.59141 9.46075 73.2103
    endloop
  endfacet
  facet normal -0.382551 0.160438 0.909898
    outer loop
      vertex -9.59141 -1.96302 75.2246
      vertex -9.72188 9.45137 73.1571
      vertex -9.72188 -1.9724 75.1714
    endloop
  endfacet
  facet normal 0.972503 0.0404405 0.229351
    outer loop
      vertex -10.8889 -1.84822 75.8757
      vertex -10.856 9.55171 73.7261
      vertex -10.8889 9.57555 73.8614
    endloop
  endfacet
  facet normal 0.972503 0.0404405 0.229351
    outer loop
      vertex -10.856 9.55171 73.7261
      vertex -10.8889 -1.84822 75.8757
      vertex -10.856 -1.87206 75.7404
    endloop
  endfacet
  facet normal -0.522128 0.148105 0.839909
    outer loop
      vertex -9.59141 9.46075 73.2103
      vertex -9.47099 -1.95021 75.2973
      vertex -9.47099 9.47356 73.2829
    endloop
  endfacet
  facet normal -0.522635 0.148044 0.839605
    outer loop
      vertex -9.47099 -1.95021 75.2973
      vertex -9.59141 9.46075 73.2103
      vertex -9.59141 -1.96302 75.2246
    endloop
  endfacet
  facet normal -0.232995 -0.168876 -0.957703
    outer loop
      vertex -9.85921 -1.66941 76.8897
      vertex -9.72188 9.74863 74.8429
      vertex -9.72188 -1.67514 76.8573
    endloop
  endfacet
  facet normal -0.233654 -0.16884 -0.957548
    outer loop
      vertex -9.72188 9.74863 74.8429
      vertex -9.85921 -1.66941 76.8897
      vertex -9.85921 9.75436 74.8754
    endloop
  endfacet
  facet normal -0.996915 -0.0136291 -0.0772914
    outer loop
      vertex -9.1 9.6 74
      vertex -9.11108 -1.79932 76.153
      vertex -9.11108 9.62445 74.1386
    endloop
  endfacet
  facet normal -0.99692 -0.013619 -0.0772378
    outer loop
      vertex -9.11108 -1.79932 76.153
      vertex -9.1 9.6 74
      vertex -9.1 -1.82377 76.0143
    endloop
  endfacet
  facet normal -0.760234 -0.112809 -0.63978
    outer loop
      vertex -9.27188 9.69186 74.521
      vertex -9.3636 -1.71326 76.641
      vertex -9.3636 9.71051 74.6267
    endloop
  endfacet
  facet normal -0.760234 -0.112809 -0.63978
    outer loop
      vertex -9.3636 -1.71326 76.641
      vertex -9.27188 9.69186 74.521
      vertex -9.27188 -1.73191 76.5353
    endloop
  endfacet
  facet normal 0.852637 -0.0907309 -0.514565
    outer loop
      vertex -10.7281 -1.73191 76.5353
      vertex -10.8019 9.67095 74.4024
      vertex -10.7281 9.69186 74.521
    endloop
  endfacet
  facet normal 0.852637 -0.0907309 -0.514565
    outer loop
      vertex -10.8019 9.67095 74.4024
      vertex -10.7281 -1.73191 76.5353
      vertex -10.8019 -1.75282 76.4167
    endloop
  endfacet
  facet normal 0.996904 -0.0136536 -0.0774301
    outer loop
      vertex -10.8889 -1.79932 76.153
      vertex -10.9 9.6 74
      vertex -10.8889 9.62445 74.1386
    endloop
  endfacet
  facet normal 0.996909 -0.0136434 -0.0773764
    outer loop
      vertex -10.9 9.6 74
      vertex -10.8889 -1.79932 76.153
      vertex -10.9 -1.82377 76.0143
    endloop
  endfacet
  facet normal 0.0783649 -0.173113 -0.981779
    outer loop
      vertex -10.1408 9.75436 74.8754
      vertex -10 -1.66749 76.9006
      vertex -10.1408 -1.66941 76.8897
    endloop
  endfacet
  facet normal 0.0783649 -0.173113 -0.981779
    outer loop
      vertex -10 -1.66749 76.9006
      vertex -10.1408 9.75436 74.8754
      vertex -10 9.75628 74.8863
    endloop
  endfacet
  facet normal 0.972503 -0.0404405 -0.229351
    outer loop
      vertex -10.856 -1.77548 76.2882
      vertex -10.8889 9.62445 74.1386
      vertex -10.856 9.64829 74.2739
    endloop
  endfacet
  facet normal 0.972465 -0.0404699 -0.229507
    outer loop
      vertex -10.8889 9.62445 74.1386
      vertex -10.856 -1.77548 76.2882
      vertex -10.8889 -1.79932 76.153
    endloop
  endfacet
  facet normal -0.233654 0.16884 0.957548
    outer loop
      vertex -9.85921 9.44564 73.1246
      vertex -9.72188 -1.9724 75.1714
      vertex -9.72188 9.45137 73.1571
    endloop
  endfacet
  facet normal -0.233654 0.16884 0.957548
    outer loop
      vertex -9.72188 -1.9724 75.1714
      vertex -9.85921 9.44564 73.1246
      vertex -9.85921 -1.97813 75.1389
    endloop
  endfacet
  facet normal 0.522191 -0.148091 -0.839872
    outer loop
      vertex -10.529 9.72644 74.7171
      vertex -10.4086 -1.68452 76.804
      vertex -10.529 -1.69733 76.7314
    endloop
  endfacet
  facet normal 0.522191 -0.148091 -0.839872
    outer loop
      vertex -10.4086 -1.68452 76.804
      vertex -10.529 9.72644 74.7171
      vertex -10.4086 9.73925 74.7897
    endloop
  endfacet
  facet normal 0.996904 0.0136529 0.0774302
    outer loop
      vertex -10.9 -1.82377 76.0143
      vertex -10.8889 9.57555 73.8614
      vertex -10.9 9.6 74
    endloop
  endfacet
  facet normal 0.996904 0.0136529 0.0774302
    outer loop
      vertex -10.8889 9.57555 73.8614
      vertex -10.9 -1.82377 76.0143
      vertex -10.8889 -1.84822 75.8757
    endloop
  endfacet
  facet normal 0.852637 0.0907309 0.514565
    outer loop
      vertex -10.8019 -1.89472 75.6119
      vertex -10.7281 9.50814 73.479
      vertex -10.8019 9.52905 73.5976
    endloop
  endfacet
  facet normal 0.852637 0.0907309 0.514565
    outer loop
      vertex -10.7281 9.50814 73.479
      vertex -10.8019 -1.89472 75.6119
      vertex -10.7281 -1.91563 75.4933
    endloop
  endfacet
  facet normal -0.649747 -0.131998 -0.748602
    outer loop
      vertex -9.47099 -1.69733 76.7314
      vertex -9.3636 9.71051 74.6267
      vertex -9.3636 -1.71326 76.641
    endloop
  endfacet
  facet normal -0.649747 -0.131998 -0.748602
    outer loop
      vertex -9.3636 9.71051 74.6267
      vertex -9.47099 -1.69733 76.7314
      vertex -9.47099 9.72644 74.7171
    endloop
  endfacet
  facet normal 0.923899 0.0664436 0.376824
    outer loop
      vertex 9.14405 -1.87206 75.7404
      vertex 9.19809 9.52905 73.5976
      vertex 9.14405 9.55171 73.7261
    endloop
  endfacet
  facet normal 0.923899 0.0664436 0.376824
    outer loop
      vertex 9.19809 9.52905 73.5976
      vertex 9.14405 -1.87206 75.7404
      vertex 9.19809 -1.89472 75.6119
    endloop
  endfacet
  facet normal -0.972503 0.0404405 0.229351
    outer loop
      vertex 10.856 9.55171 73.7261
      vertex 10.8889 -1.84822 75.8757
      vertex 10.8889 9.57555 73.8614
    endloop
  endfacet
  facet normal -0.972503 0.0404405 0.229351
    outer loop
      vertex 10.8889 -1.84822 75.8757
      vertex 10.856 9.55171 73.7261
      vertex 10.856 -1.87206 75.7404
    endloop
  endfacet
  facet normal -0.996904 0.0136529 0.0774302
    outer loop
      vertex 10.8889 9.57555 73.8614
      vertex 10.9 -1.82377 76.0143
      vertex 10.9 9.6 74
    endloop
  endfacet
  facet normal -0.996904 0.0136529 0.0774302
    outer loop
      vertex 10.9 -1.82377 76.0143
      vertex 10.8889 9.57555 73.8614
      vertex 10.8889 -1.84822 75.8757
    endloop
  endfacet
  facet normal -0.923749 0.0665066 0.377181
    outer loop
      vertex 10.8019 9.52905 73.5976
      vertex 10.856 -1.87206 75.7404
      vertex 10.856 9.55171 73.7261
    endloop
  endfacet
  facet normal -0.923749 0.0665066 0.377181
    outer loop
      vertex 10.856 -1.87206 75.7404
      vertex 10.8019 9.52905 73.5976
      vertex 10.8019 -1.89472 75.6119
    endloop
  endfacet
  facet normal -0.522191 -0.148091 -0.839872
    outer loop
      vertex 10.4086 -1.68452 76.804
      vertex 10.529 9.72644 74.7171
      vertex 10.529 -1.69733 76.7314
    endloop
  endfacet
  facet normal -0.522191 -0.148091 -0.839872
    outer loop
      vertex 10.529 9.72644 74.7171
      vertex 10.4086 -1.68452 76.804
      vertex 10.4086 9.73925 74.7897
    endloop
  endfacet
  facet normal -0.972503 -0.0404405 -0.229351
    outer loop
      vertex 10.8889 9.62445 74.1386
      vertex 10.856 -1.77548 76.2882
      vertex 10.856 9.64829 74.2739
    endloop
  endfacet
  facet normal -0.972465 -0.0404699 -0.229507
    outer loop
      vertex 10.856 -1.77548 76.2882
      vertex 10.8889 9.62445 74.1386
      vertex 10.8889 -1.79932 76.153
    endloop
  endfacet
  facet normal -0.383071 -0.160401 -0.909686
    outer loop
      vertex 10.2781 -1.67514 76.8573
      vertex 10.4086 9.73925 74.7897
      vertex 10.4086 -1.68452 76.804
    endloop
  endfacet
  facet normal -0.382476 -0.160451 -0.909927
    outer loop
      vertex 10.4086 9.73925 74.7897
      vertex 10.2781 -1.67514 76.8573
      vertex 10.2781 9.74863 74.8429
    endloop
  endfacet
  facet normal 0.382551 0.160438 0.909898
    outer loop
      vertex 9.59141 -1.96302 75.2246
      vertex 9.72188 9.45137 73.1571
      vertex 9.59141 9.46075 73.2103
    endloop
  endfacet
  facet normal 0.382551 0.160438 0.909898
    outer loop
      vertex 9.72188 9.45137 73.1571
      vertex 9.59141 -1.96302 75.2246
      vertex 9.72188 -1.9724 75.1714
    endloop
  endfacet
  facet normal 0.383146 -0.160395 -0.909655
    outer loop
      vertex 9.59141 9.73925 74.7897
      vertex 9.72188 -1.67514 76.8573
      vertex 9.59141 -1.68452 76.804
    endloop
  endfacet
  facet normal 0.382551 -0.160446 -0.909896
    outer loop
      vertex 9.72188 -1.67514 76.8573
      vertex 9.59141 9.73925 74.7897
      vertex 9.72188 9.74863 74.8429
    endloop
  endfacet
  facet normal 0.522128 0.148105 0.839909
    outer loop
      vertex 9.47099 -1.95021 75.2973
      vertex 9.59141 9.46075 73.2103
      vertex 9.47099 9.47356 73.2829
    endloop
  endfacet
  facet normal 0.522635 0.148044 0.839605
    outer loop
      vertex 9.59141 9.46075 73.2103
      vertex 9.47099 -1.95021 75.2973
      vertex 9.59141 -1.96302 75.2246
    endloop
  endfacet
  facet normal -0.649712 0.132003 0.748632
    outer loop
      vertex 10.529 9.47356 73.2829
      vertex 10.6364 -1.93428 75.3876
      vertex 10.6364 9.48949 73.3733
    endloop
  endfacet
  facet normal -0.649309 0.132069 0.74897
    outer loop
      vertex 10.6364 -1.93428 75.3876
      vertex 10.529 9.47356 73.2829
      vertex 10.529 -1.95021 75.2973
    endloop
  endfacet
  facet normal 0.233654 0.16884 0.957548
    outer loop
      vertex 9.72188 -1.9724 75.1714
      vertex 9.85921 9.44564 73.1246
      vertex 9.72188 9.45137 73.1571
    endloop
  endfacet
  facet normal 0.233654 0.16884 0.957548
    outer loop
      vertex 9.85921 9.44564 73.1246
      vertex 9.72188 -1.9724 75.1714
      vertex 9.85921 -1.97813 75.1389
    endloop
  endfacet
  facet normal 0.923899 -0.0664436 -0.376824
    outer loop
      vertex 9.19809 -1.75282 76.4167
      vertex 9.14405 9.64829 74.2739
      vertex 9.19809 9.67095 74.4024
    endloop
  endfacet
  facet normal 0.923899 -0.0664436 -0.376824
    outer loop
      vertex 9.14405 9.64829 74.2739
      vertex 9.19809 -1.75282 76.4167
      vertex 9.14405 -1.77548 76.2882
    endloop
  endfacet
  facet normal 0.0783704 0.173113 0.981779
    outer loop
      vertex 9.85921 -1.97813 75.1389
      vertex 10 9.44372 73.1137
      vertex 9.85921 9.44564 73.1246
    endloop
  endfacet
  facet normal 0.0783704 0.173113 0.981779
    outer loop
      vertex 10 9.44372 73.1137
      vertex 9.85921 -1.97813 75.1389
      vertex 10 -1.98005 75.128
    endloop
  endfacet
  facet normal 0.232995 -0.168876 -0.957703
    outer loop
      vertex 9.72188 9.74863 74.8429
      vertex 9.85921 -1.66941 76.8897
      vertex 9.72188 -1.67514 76.8573
    endloop
  endfacet
  facet normal 0.233654 -0.16884 -0.957548
    outer loop
      vertex 9.85921 -1.66941 76.8897
      vertex 9.72188 9.74863 74.8429
      vertex 9.85921 9.75436 74.8754
    endloop
  endfacet
  facet normal 0 0.984838 -0.173476
    outer loop
      vertex 10.1408 -1.66941 76.8897
      vertex 9.85921 -1.66941 76.8897
      vertex 10 -1.66749 76.9006
    endloop
  endfacet
  facet normal 0 0.984719 -0.174149
    outer loop
      vertex 10.2781 -1.67514 76.8573
      vertex 9.85921 -1.66941 76.8897
      vertex 10.1408 -1.66941 76.8897
    endloop
  endfacet
  facet normal 0 0.984719 -0.174149
    outer loop
      vertex 10.2781 -1.67514 76.8573
      vertex 9.72188 -1.67514 76.8573
      vertex 9.85921 -1.66941 76.8897
    endloop
  endfacet
  facet normal 0 0.984865 -0.173322
    outer loop
      vertex 10.4086 -1.68452 76.804
      vertex 9.72188 -1.67514 76.8573
      vertex 10.2781 -1.67514 76.8573
    endloop
  endfacet
  facet normal 0 0.984865 -0.173322
    outer loop
      vertex 10.4086 -1.68452 76.804
      vertex 9.59141 -1.68452 76.804
      vertex 9.72188 -1.67514 76.8573
    endloop
  endfacet
  facet normal 0 0.984788 -0.173762
    outer loop
      vertex 10.529 -1.69733 76.7314
      vertex 9.59141 -1.68452 76.804
      vertex 10.4086 -1.68452 76.804
    endloop
  endfacet
  facet normal 0 0.984788 -0.173762
    outer loop
      vertex 10.529 -1.69733 76.7314
      vertex 9.47099 -1.69733 76.7314
      vertex 9.59141 -1.68452 76.804
    endloop
  endfacet
  facet normal 0 0.984826 -0.173543
    outer loop
      vertex 10.6364 -1.71326 76.641
      vertex 9.47099 -1.69733 76.7314
      vertex 10.529 -1.69733 76.7314
    endloop
  endfacet
  facet normal 0 0.984826 -0.173543
    outer loop
      vertex 10.6364 -1.71326 76.641
      vertex 9.3636 -1.71326 76.641
      vertex 9.47099 -1.69733 76.7314
    endloop
  endfacet
  facet normal 0 0.984788 -0.173759
    outer loop
      vertex 10.7281 -1.73191 76.5353
      vertex 9.3636 -1.71326 76.641
      vertex 10.6364 -1.71326 76.641
    endloop
  endfacet
  facet normal 0 0.984788 -0.173759
    outer loop
      vertex 10.7281 -1.73191 76.5353
      vertex 9.27188 -1.73191 76.5353
      vertex 9.3636 -1.71326 76.641
    endloop
  endfacet
  facet normal 0 0.984811 -0.173629
    outer loop
      vertex 10.8019 -1.75282 76.4167
      vertex 9.27188 -1.73191 76.5353
      vertex 10.7281 -1.73191 76.5353
    endloop
  endfacet
  facet normal 0 0.984811 -0.173629
    outer loop
      vertex 10.8019 -1.75282 76.4167
      vertex 9.19809 -1.75282 76.4167
      vertex 9.27188 -1.73191 76.5353
    endloop
  endfacet
  facet normal 0 0.984805 -0.173663
    outer loop
      vertex 10.856 -1.77548 76.2882
      vertex 9.19809 -1.75282 76.4167
      vertex 10.8019 -1.75282 76.4167
    endloop
  endfacet
  facet normal 0 0.984805 -0.173663
    outer loop
      vertex 10.856 -1.77548 76.2882
      vertex 9.14405 -1.77548 76.2882
      vertex 9.19809 -1.75282 76.4167
    endloop
  endfacet
  facet normal 0 0.984807 -0.173652
    outer loop
      vertex 10.8889 -1.79932 76.153
      vertex 9.14405 -1.77548 76.2882
      vertex 10.856 -1.77548 76.2882
    endloop
  endfacet
  facet normal 0 0.984807 -0.173652
    outer loop
      vertex 10.8889 -1.79932 76.153
      vertex 9.11108 -1.79932 76.153
      vertex 9.14405 -1.77548 76.2882
    endloop
  endfacet
  facet normal 0 0.984816 -0.173603
    outer loop
      vertex 10.9 -1.82377 76.0143
      vertex 9.11108 -1.79932 76.153
      vertex 10.8889 -1.79932 76.153
    endloop
  endfacet
  facet normal 0 0.984816 -0.173603
    outer loop
      vertex 10.9 -1.82377 76.0143
      vertex 9.1 -1.82377 76.0143
      vertex 9.11108 -1.79932 76.153
    endloop
  endfacet
  facet normal 0 0.984794 -0.173725
    outer loop
      vertex 10.8889 -1.84822 75.8757
      vertex 9.1 -1.82377 76.0143
      vertex 10.9 -1.82377 76.0143
    endloop
  endfacet
  facet normal 0 0.984794 -0.173725
    outer loop
      vertex 10.8889 -1.84822 75.8757
      vertex 9.11108 -1.84822 75.8757
      vertex 9.1 -1.82377 76.0143
    endloop
  endfacet
  facet normal 0 0.984829 -0.173528
    outer loop
      vertex 10.856 -1.87206 75.7404
      vertex 9.11108 -1.84822 75.8757
      vertex 10.8889 -1.84822 75.8757
    endloop
  endfacet
  facet normal 0 0.984829 -0.173528
    outer loop
      vertex 10.856 -1.87206 75.7404
      vertex 9.14405 -1.87206 75.7404
      vertex 9.11108 -1.84822 75.8757
    endloop
  endfacet
  facet normal 0 0.984805 -0.173663
    outer loop
      vertex 10.8019 -1.89472 75.6119
      vertex 9.14405 -1.87206 75.7404
      vertex 10.856 -1.87206 75.7404
    endloop
  endfacet
  facet normal 0 0.984805 -0.173663
    outer loop
      vertex 10.8019 -1.89472 75.6119
      vertex 9.19809 -1.89472 75.6119
      vertex 9.14405 -1.87206 75.7404
    endloop
  endfacet
  facet normal 0 0.984811 -0.173629
    outer loop
      vertex 10.7281 -1.91563 75.4933
      vertex 9.19809 -1.89472 75.6119
      vertex 10.8019 -1.89472 75.6119
    endloop
  endfacet
  facet normal 0 0.984811 -0.173629
    outer loop
      vertex 10.7281 -1.91563 75.4933
      vertex 9.27188 -1.91563 75.4933
      vertex 9.19809 -1.89472 75.6119
    endloop
  endfacet
  facet normal 0 0.984788 -0.173759
    outer loop
      vertex 10.6364 -1.93428 75.3876
      vertex 9.27188 -1.91563 75.4933
      vertex 10.7281 -1.91563 75.4933
    endloop
  endfacet
  facet normal 0 0.984788 -0.173759
    outer loop
      vertex 10.6364 -1.93428 75.3876
      vertex 9.3636 -1.93428 75.3876
      vertex 9.27188 -1.91563 75.4933
    endloop
  endfacet
  facet normal 0 0.984793 -0.173729
    outer loop
      vertex 10.529 -1.95021 75.2973
      vertex 9.3636 -1.93428 75.3876
      vertex 10.6364 -1.93428 75.3876
    endloop
  endfacet
  facet normal 0 0.984793 -0.173729
    outer loop
      vertex 10.529 -1.95021 75.2973
      vertex 9.47099 -1.95021 75.2973
      vertex 9.3636 -1.93428 75.3876
    endloop
  endfacet
  facet normal 0 0.984829 -0.17353
    outer loop
      vertex 10.4086 -1.96302 75.2246
      vertex 9.47099 -1.95021 75.2973
      vertex 10.529 -1.95021 75.2973
    endloop
  endfacet
  facet normal 0 0.984829 -0.17353
    outer loop
      vertex 10.4086 -1.96302 75.2246
      vertex 9.59141 -1.96302 75.2246
      vertex 9.47099 -1.95021 75.2973
    endloop
  endfacet
  facet normal 0 0.98481 -0.173637
    outer loop
      vertex 10.2781 -1.9724 75.1714
      vertex 9.59141 -1.96302 75.2246
      vertex 10.4086 -1.96302 75.2246
    endloop
  endfacet
  facet normal 0 0.98481 -0.173637
    outer loop
      vertex 10.2781 -1.9724 75.1714
      vertex 9.72188 -1.9724 75.1714
      vertex 9.59141 -1.96302 75.2246
    endloop
  endfacet
  facet normal 0 0.984811 -0.17363
    outer loop
      vertex 10.1408 -1.97813 75.1389
      vertex 9.72188 -1.9724 75.1714
      vertex 10.2781 -1.9724 75.1714
    endloop
  endfacet
  facet normal 0 0.984811 -0.17363
    outer loop
      vertex 10.1408 -1.97813 75.1389
      vertex 9.85921 -1.97813 75.1389
      vertex 9.72188 -1.9724 75.1714
    endloop
  endfacet
  facet normal 0 0.984838 -0.173476
    outer loop
      vertex 9.85921 -1.97813 75.1389
      vertex 10.1408 -1.97813 75.1389
      vertex 10 -1.98005 75.128
    endloop
  endfacet
  facet normal -0.923749 -0.0665066 -0.377181
    outer loop
      vertex 10.856 9.64829 74.2739
      vertex 10.8019 -1.75282 76.4167
      vertex 10.8019 9.67095 74.4024
    endloop
  endfacet
  facet normal -0.923749 -0.0665066 -0.377181
    outer loop
      vertex 10.8019 -1.75282 76.4167
      vertex 10.856 9.64829 74.2739
      vertex 10.856 -1.77548 76.2882
    endloop
  endfacet
  facet normal 0.760234 -0.112809 -0.63978
    outer loop
      vertex 9.3636 -1.71326 76.641
      vertex 9.27188 9.69186 74.521
      vertex 9.3636 9.71051 74.6267
    endloop
  endfacet
  facet normal 0.760234 -0.112809 -0.63978
    outer loop
      vertex 9.27188 9.69186 74.521
      vertex 9.3636 -1.71326 76.641
      vertex 9.27188 -1.73191 76.5353
    endloop
  endfacet
  facet normal 0.649747 0.131998 0.748602
    outer loop
      vertex 9.3636 -1.93428 75.3876
      vertex 9.47099 9.47356 73.2829
      vertex 9.3636 9.48949 73.3733
    endloop
  endfacet
  facet normal 0.649344 0.132064 0.74894
    outer loop
      vertex 9.47099 9.47356 73.2829
      vertex 9.3636 -1.93428 75.3876
      vertex 9.47099 -1.95021 75.2973
    endloop
  endfacet
  facet normal -0.0783649 -0.173113 -0.981779
    outer loop
      vertex 10 -1.66749 76.9006
      vertex 10.1408 9.75436 74.8754
      vertex 10.1408 -1.66941 76.8897
    endloop
  endfacet
  facet normal -0.0783649 -0.173113 -0.981779
    outer loop
      vertex 10.1408 9.75436 74.8754
      vertex 10 -1.66749 76.9006
      vertex 10 9.75628 74.8863
    endloop
  endfacet
  facet normal 0.649747 -0.131998 -0.748602
    outer loop
      vertex 9.3636 9.71051 74.6267
      vertex 9.47099 -1.69733 76.7314
      vertex 9.3636 -1.71326 76.641
    endloop
  endfacet
  facet normal 0.649747 -0.131998 -0.748602
    outer loop
      vertex 9.47099 -1.69733 76.7314
      vertex 9.3636 9.71051 74.6267
      vertex 9.47099 9.72644 74.7171
    endloop
  endfacet
  facet normal -0.852637 -0.0907309 -0.514565
    outer loop
      vertex 10.8019 9.67095 74.4024
      vertex 10.7281 -1.73191 76.5353
      vertex 10.7281 9.69186 74.521
    endloop
  endfacet
  facet normal -0.852637 -0.0907309 -0.514565
    outer loop
      vertex 10.7281 -1.73191 76.5353
      vertex 10.8019 9.67095 74.4024
      vertex 10.8019 -1.75282 76.4167
    endloop
  endfacet
  facet normal -0.852637 0.0907309 0.514565
    outer loop
      vertex 10.7281 9.50814 73.479
      vertex 10.8019 -1.89472 75.6119
      vertex 10.8019 9.52905 73.5976
    endloop
  endfacet
  facet normal -0.852637 0.0907309 0.514565
    outer loop
      vertex 10.8019 -1.89472 75.6119
      vertex 10.7281 9.50814 73.479
      vertex 10.7281 -1.91563 75.4933
    endloop
  endfacet
  facet normal -0.760304 0.112795 0.639699
    outer loop
      vertex 10.6364 9.48949 73.3733
      vertex 10.7281 -1.91563 75.4933
      vertex 10.7281 9.50814 73.479
    endloop
  endfacet
  facet normal -0.760304 0.112795 0.639699
    outer loop
      vertex 10.7281 -1.91563 75.4933
      vertex 10.6364 9.48949 73.3733
      vertex 10.6364 -1.93428 75.3876
    endloop
  endfacet
  facet normal 0.760234 0.112809 0.63978
    outer loop
      vertex 9.27188 -1.91563 75.4933
      vertex 9.3636 9.48949 73.3733
      vertex 9.27188 9.50814 73.479
    endloop
  endfacet
  facet normal 0.760234 0.112809 0.63978
    outer loop
      vertex 9.3636 9.48949 73.3733
      vertex 9.27188 -1.91563 75.4933
      vertex 9.3636 -1.93428 75.3876
    endloop
  endfacet
  facet normal -0.0783649 0.173113 0.981779
    outer loop
      vertex 10 9.44372 73.1137
      vertex 10.1408 -1.97813 75.1389
      vertex 10.1408 9.44564 73.1246
    endloop
  endfacet
  facet normal -0.0783649 0.173113 0.981779
    outer loop
      vertex 10.1408 -1.97813 75.1389
      vertex 10 9.44372 73.1137
      vertex 10 -1.98005 75.128
    endloop
  endfacet
  facet normal -0.382476 0.160443 0.909928
    outer loop
      vertex 10.2781 9.45137 73.1571
      vertex 10.4086 -1.96302 75.2246
      vertex 10.4086 9.46075 73.2103
    endloop
  endfacet
  facet normal -0.382476 0.160443 0.909928
    outer loop
      vertex 10.4086 -1.96302 75.2246
      vertex 10.2781 9.45137 73.1571
      vertex 10.2781 -1.9724 75.1714
    endloop
  endfacet
  facet normal 0.972391 0.0405218 0.229813
    outer loop
      vertex 9.11108 -1.84822 75.8757
      vertex 9.14405 9.55171 73.7261
      vertex 9.11108 9.57555 73.8614
    endloop
  endfacet
  facet normal 0.972391 0.0405218 0.229813
    outer loop
      vertex 9.14405 9.55171 73.7261
      vertex 9.11108 -1.84822 75.8757
      vertex 9.14405 -1.87206 75.7404
    endloop
  endfacet
  facet normal 0.972391 -0.0405218 -0.229813
    outer loop
      vertex 9.14405 -1.77548 76.2882
      vertex 9.11108 9.62445 74.1386
      vertex 9.14405 9.64829 74.2739
    endloop
  endfacet
  facet normal 0.972353 -0.0405513 -0.229968
    outer loop
      vertex 9.11108 9.62445 74.1386
      vertex 9.14405 -1.77548 76.2882
      vertex 9.11108 -1.79932 76.153
    endloop
  endfacet
  facet normal -0.522191 0.148098 0.839871
    outer loop
      vertex 10.4086 9.46075 73.2103
      vertex 10.529 -1.95021 75.2973
      vertex 10.529 9.47356 73.2829
    endloop
  endfacet
  facet normal -0.522698 0.148037 0.839567
    outer loop
      vertex 10.529 -1.95021 75.2973
      vertex 10.4086 9.46075 73.2103
      vertex 10.4086 -1.96302 75.2246
    endloop
  endfacet
  facet normal -0.233043 -0.168874 -0.957691
    outer loop
      vertex 10.1408 -1.66941 76.8897
      vertex 10.2781 9.74863 74.8429
      vertex 10.2781 -1.67514 76.8573
    endloop
  endfacet
  facet normal -0.233703 -0.168838 -0.957537
    outer loop
      vertex 10.2781 9.74863 74.8429
      vertex 10.1408 -1.66941 76.8897
      vertex 10.1408 9.75436 74.8754
    endloop
  endfacet
  facet normal -0.996904 -0.0136536 -0.0774301
    outer loop
      vertex 10.9 9.6 74
      vertex 10.8889 -1.79932 76.153
      vertex 10.8889 9.62445 74.1386
    endloop
  endfacet
  facet normal -0.996909 -0.0136434 -0.0773764
    outer loop
      vertex 10.8889 -1.79932 76.153
      vertex 10.9 9.6 74
      vertex 10.9 -1.82377 76.0143
    endloop
  endfacet
  facet normal -0.760304 -0.112795 -0.639699
    outer loop
      vertex 10.7281 9.69186 74.521
      vertex 10.6364 -1.71326 76.641
      vertex 10.6364 9.71051 74.6267
    endloop
  endfacet
  facet normal -0.760304 -0.112795 -0.639699
    outer loop
      vertex 10.6364 -1.71326 76.641
      vertex 10.7281 9.69186 74.521
      vertex 10.7281 -1.73191 76.5353
    endloop
  endfacet
  facet normal 0.852669 -0.090722 -0.514515
    outer loop
      vertex 9.27188 -1.73191 76.5353
      vertex 9.19809 9.67095 74.4024
      vertex 9.27188 9.69186 74.521
    endloop
  endfacet
  facet normal 0.852669 -0.090722 -0.514515
    outer loop
      vertex 9.19809 9.67095 74.4024
      vertex 9.27188 -1.73191 76.5353
      vertex 9.19809 -1.75282 76.4167
    endloop
  endfacet
  facet normal 0.996915 -0.0136291 -0.0772914
    outer loop
      vertex 9.11108 -1.79932 76.153
      vertex 9.1 9.6 74
      vertex 9.11108 9.62445 74.1386
    endloop
  endfacet
  facet normal 0.99692 -0.013619 -0.0772378
    outer loop
      vertex 9.1 9.6 74
      vertex 9.11108 -1.79932 76.153
      vertex 9.1 -1.82377 76.0143
    endloop
  endfacet
  facet normal 0.0783704 -0.173113 -0.981779
    outer loop
      vertex 9.85921 9.75436 74.8754
      vertex 10 -1.66749 76.9006
      vertex 9.85921 -1.66941 76.8897
    endloop
  endfacet
  facet normal 0.0783704 -0.173113 -0.981779
    outer loop
      vertex 10 -1.66749 76.9006
      vertex 9.85921 9.75436 74.8754
      vertex 10 9.75628 74.8863
    endloop
  endfacet
  facet normal -0.233703 0.168838 0.957537
    outer loop
      vertex 10.1408 9.44564 73.1246
      vertex 10.2781 -1.9724 75.1714
      vertex 10.2781 9.45137 73.1571
    endloop
  endfacet
  facet normal -0.233703 0.168838 0.957537
    outer loop
      vertex 10.2781 -1.9724 75.1714
      vertex 10.1408 9.44564 73.1246
      vertex 10.1408 -1.97813 75.1389
    endloop
  endfacet
  facet normal 0.522128 -0.148097 -0.839911
    outer loop
      vertex 9.47099 9.72644 74.7171
      vertex 9.59141 -1.68452 76.804
      vertex 9.47099 -1.69733 76.7314
    endloop
  endfacet
  facet normal 0.522128 -0.148097 -0.839911
    outer loop
      vertex 9.59141 -1.68452 76.804
      vertex 9.47099 9.72644 74.7171
      vertex 9.59141 9.73925 74.7897
    endloop
  endfacet
  facet normal 0.996915 0.0136285 0.0772915
    outer loop
      vertex 9.1 -1.82377 76.0143
      vertex 9.11108 9.57555 73.8614
      vertex 9.1 9.6 74
    endloop
  endfacet
  facet normal 0.996915 0.0136285 0.0772915
    outer loop
      vertex 9.11108 9.57555 73.8614
      vertex 9.1 -1.82377 76.0143
      vertex 9.11108 -1.84822 75.8757
    endloop
  endfacet
  facet normal 0.852669 0.090722 0.514515
    outer loop
      vertex 9.19809 -1.89472 75.6119
      vertex 9.27188 9.50814 73.479
      vertex 9.19809 9.52905 73.5976
    endloop
  endfacet
  facet normal 0.852669 0.090722 0.514515
    outer loop
      vertex 9.27188 9.50814 73.479
      vertex 9.19809 -1.89472 75.6119
      vertex 9.27188 -1.91563 75.4933
    endloop
  endfacet
  facet normal -0.649712 -0.132003 -0.748632
    outer loop
      vertex 10.529 -1.69733 76.7314
      vertex 10.6364 9.71051 74.6267
      vertex 10.6364 -1.71326 76.641
    endloop
  endfacet
  facet normal -0.649712 -0.132003 -0.748632
    outer loop
      vertex 10.6364 9.71051 74.6267
      vertex 10.529 -1.69733 76.7314
      vertex 10.529 9.72644 74.7171
    endloop
  endfacet
  facet normal 0.923736 0.131003 0.35993
    outer loop
      vertex -10.856 -1.39555 51.7061
      vertex -10.8019 9.46025 47.6161
      vertex -10.856 9.50488 47.7387
    endloop
  endfacet
  facet normal 0.923736 0.131003 0.35993
    outer loop
      vertex -10.8019 9.46025 47.6161
      vertex -10.856 -1.39555 51.7061
      vertex -10.8019 -1.44018 51.5835
    endloop
  endfacet
  facet normal -0.972353 0.0798671 0.219435
    outer loop
      vertex -9.14405 9.50488 47.7387
      vertex -9.11108 -1.34859 51.8351
      vertex -9.11108 9.55185 47.8677
    endloop
  endfacet
  facet normal -0.972351 0.079869 0.21944
    outer loop
      vertex -9.11108 -1.34859 51.8351
      vertex -9.14405 9.50488 47.7387
      vertex -9.14405 -1.39555 51.7061
    endloop
  endfacet
  facet normal -0.996918 0.0268335 0.073725
    outer loop
      vertex -9.11108 9.55185 47.8677
      vertex -9.1 -1.30043 51.9674
      vertex -9.1 9.6 48
    endloop
  endfacet
  facet normal -0.996918 0.0268328 0.0737232
    outer loop
      vertex -9.1 -1.30043 51.9674
      vertex -9.11108 9.55185 47.8677
      vertex -9.11108 -1.34859 51.8351
    endloop
  endfacet
  facet normal -0.923886 0.130879 0.35959
    outer loop
      vertex -9.19809 9.46025 47.6161
      vertex -9.14405 -1.39555 51.7061
      vertex -9.14405 9.50488 47.7387
    endloop
  endfacet
  facet normal -0.923886 0.130879 0.35959
    outer loop
      vertex -9.14405 -1.39555 51.7061
      vertex -9.19809 9.46025 47.6161
      vertex -9.19809 -1.44018 51.5835
    endloop
  endfacet
  facet normal -0.522758 -0.291564 -0.801071
    outer loop
      vertex -9.59141 -1.02617 52.721
      vertex -9.47099 9.84903 48.6842
      vertex -9.47099 -1.0514 52.6516
    endloop
  endfacet
  facet normal -0.522292 -0.291668 -0.801337
    outer loop
      vertex -9.47099 9.84903 48.6842
      vertex -9.59141 -1.02617 52.721
      vertex -9.59141 9.87427 48.7535
    endloop
  endfacet
  facet normal -0.972353 -0.0798689 -0.219434
    outer loop
      vertex -9.11108 9.64815 48.1323
      vertex -9.14405 -1.20531 52.2288
      vertex -9.14405 9.69512 48.2613
    endloop
  endfacet
  facet normal -0.972389 -0.0798155 -0.219293
    outer loop
      vertex -9.14405 -1.20531 52.2288
      vertex -9.11108 9.64815 48.1323
      vertex -9.11108 -1.25228 52.0997
    endloop
  endfacet
  facet normal -0.382792 -0.315975 -0.868119
    outer loop
      vertex -9.72188 -1.00768 52.7718
      vertex -9.59141 9.87427 48.7535
      vertex -9.59141 -1.02617 52.721
    endloop
  endfacet
  facet normal -0.382771 -0.315978 -0.868127
    outer loop
      vertex -9.59141 9.87427 48.7535
      vertex -9.72188 -1.00768 52.7718
      vertex -9.72188 9.89275 48.8043
    endloop
  endfacet
  facet normal 0.382696 0.315981 0.868159
    outer loop
      vertex -10.4086 -1.5747 51.2139
      vertex -10.2781 9.30725 47.1957
      vertex -10.4086 9.32573 47.2465
    endloop
  endfacet
  facet normal 0.382716 0.315978 0.868151
    outer loop
      vertex -10.2781 9.30725 47.1957
      vertex -10.4086 -1.5747 51.2139
      vertex -10.2781 -1.59319 51.1631
    endloop
  endfacet
  facet normal 0.382716 -0.315985 -0.868148
    outer loop
      vertex -10.4086 9.87427 48.7535
      vertex -10.2781 -1.00768 52.7718
      vertex -10.4086 -1.02617 52.721
    endloop
  endfacet
  facet normal 0.382696 -0.315988 -0.868156
    outer loop
      vertex -10.2781 -1.00768 52.7718
      vertex -10.4086 9.87427 48.7535
      vertex -10.2781 9.89275 48.8043
    endloop
  endfacet
  facet normal 0.522355 0.291648 0.801303
    outer loop
      vertex -10.529 -1.54946 51.2832
      vertex -10.4086 9.32573 47.2465
      vertex -10.529 9.35097 47.3158
    endloop
  endfacet
  facet normal 0.522355 0.291648 0.801303
    outer loop
      vertex -10.4086 9.32573 47.2465
      vertex -10.529 -1.54946 51.2832
      vertex -10.4086 -1.5747 51.2139
    endloop
  endfacet
  facet normal -0.649493 0.260059 0.714513
    outer loop
      vertex -9.47099 9.35097 47.3158
      vertex -9.3636 -1.51809 51.3694
      vertex -9.3636 9.38234 47.402
    endloop
  endfacet
  facet normal -0.649493 0.260059 0.714513
    outer loop
      vertex -9.3636 -1.51809 51.3694
      vertex -9.47099 9.35097 47.3158
      vertex -9.47099 -1.54946 51.2832
    endloop
  endfacet
  facet normal 0.233617 0.332553 0.913691
    outer loop
      vertex -10.1408 9.29597 47.1647
      vertex -10.2781 9.30725 47.1957
      vertex -10.2781 -1.59319 51.1631
    endloop
  endfacet
  facet normal 0.233594 0.332556 0.913696
    outer loop
      vertex -10.1408 9.29597 47.1647
      vertex -10.2781 -1.59319 51.1631
      vertex -10.1408 -1.60446 51.1321
    endloop
  endfacet
  facet normal 0.923926 -0.130849 -0.359499
    outer loop
      vertex -10.8019 -1.16069 52.3514
      vertex -10.8227 9.72256 48.3367
      vertex -10.8019 9.73975 48.3839
    endloop
  endfacet
  facet normal 0.923617 -0.131107 -0.360197
    outer loop
      vertex -10.8019 -1.16069 52.3514
      vertex -10.856 9.69512 48.2613
      vertex -10.8227 9.72256 48.3367
    endloop
  endfacet
  facet normal 0.923733 -0.131009 -0.359937
    outer loop
      vertex -10.856 9.69512 48.2613
      vertex -10.8019 -1.16069 52.3514
      vertex -10.856 -1.20531 52.2288
    endloop
  endfacet
  facet normal 0.0783737 0.340966 0.936803
    outer loop
      vertex -10.1408 -1.60446 51.1321
      vertex -10 9.29218 47.1543
      vertex -10.1408 9.29597 47.1647
    endloop
  endfacet
  facet normal 0.0783737 0.340966 0.936803
    outer loop
      vertex -10 9.29218 47.1543
      vertex -10.1408 -1.60446 51.1321
      vertex -10 -1.60825 51.1217
    endloop
  endfacet
  facet normal 0.232974 -0.332614 -0.913833
    outer loop
      vertex -10.2781 9.89275 48.8043
      vertex -10.1408 -0.996406 52.8027
      vertex -10.2781 -1.00768 52.7718
    endloop
  endfacet
  facet normal 0.233617 -0.332553 -0.913691
    outer loop
      vertex -10.1408 -0.996406 52.8027
      vertex -10.2781 9.89275 48.8043
      vertex -10.1408 9.90403 48.8353
    endloop
  endfacet
  facet normal -0.000211719 0.939692 -0.342023
    outer loop
      vertex -9.85921 -1.60446 51.1321
      vertex -10 -0.992616 52.8132
      vertex -9.85921 -0.996406 52.8027
    endloop
  endfacet
  facet normal 0.000186264 0.939692 -0.342023
    outer loop
      vertex -9.85921 -1.60446 51.1321
      vertex -9.85921 -0.996406 52.8027
      vertex -9.72188 -1.00768 52.7718
    endloop
  endfacet
  facet normal -3.23223e-05 0.939696 -0.34201
    outer loop
      vertex -10 -1.60825 51.1217
      vertex -10 -0.992616 52.8132
      vertex -9.85921 -1.60446 51.1321
    endloop
  endfacet
  facet normal 4.27567e-06 0.939694 -0.342016
    outer loop
      vertex -9.72188 -1.59319 51.1631
      vertex -9.72188 -1.00768 52.7718
      vertex -9.59141 -1.02617 52.721
    endloop
  endfacet
  facet normal 0.000210585 0.939696 -0.34201
    outer loop
      vertex -10 -0.992616 52.8132
      vertex -10 -1.60825 51.1217
      vertex -10.1408 -0.996406 52.8027
    endloop
  endfacet
  facet normal -0.000227042 0.939695 -0.342015
    outer loop
      vertex -9.59141 -1.5747 51.2139
      vertex -9.59141 -1.02617 52.721
      vertex -9.47099 -1.0514 52.6516
    endloop
  endfacet
  facet normal 3.12101e-05 0.939692 -0.342023
    outer loop
      vertex -10.1408 -1.60446 51.1321
      vertex -10.1408 -0.996406 52.8027
      vertex -10 -1.60825 51.1217
    endloop
  endfacet
  facet normal -3.87764e-05 0.939692 -0.342022
    outer loop
      vertex -9.47099 -1.54946 51.2832
      vertex -9.47099 -1.0514 52.6516
      vertex -9.3636 -1.08277 52.5654
    endloop
  endfacet
  facet normal -0.000186304 0.939692 -0.342023
    outer loop
      vertex -10.1408 -0.996406 52.8027
      vertex -10.1408 -1.60446 51.1321
      vertex -10.2781 -1.00768 52.7718
    endloop
  endfacet
  facet normal 4.52509e-05 0.93969 -0.342028
    outer loop
      vertex -9.47099 -1.54946 51.2832
      vertex -9.3636 -1.08277 52.5654
      vertex -9.27188 -1.1195 52.4645
    endloop
  endfacet
  facet normal -8.83261e-05 0.939694 -0.342016
    outer loop
      vertex -10.2781 -1.59319 51.1631
      vertex -10.2781 -1.00768 52.7718
      vertex -10.1408 -1.60446 51.1321
    endloop
  endfacet
  facet normal 0.000250761 0.939679 -0.342059
    outer loop
      vertex -9.47099 -1.54946 51.2832
      vertex -9.27188 -1.1195 52.4645
      vertex -9.19809 -1.16069 52.3514
    endloop
  endfacet
  facet normal -4.27469e-06 0.939694 -0.342016
    outer loop
      vertex -10.2781 -1.00768 52.7718
      vertex -10.2781 -1.59319 51.1631
      vertex -10.4086 -1.02617 52.721
    endloop
  endfacet
  facet normal -1.21606e-06 0.939699 -0.342002
    outer loop
      vertex -9.47099 -1.54946 51.2832
      vertex -9.19809 -1.16069 52.3514
      vertex -9.14405 -1.20531 52.2288
    endloop
  endfacet
  facet normal 4.56286e-06 0.939695 -0.342015
    outer loop
      vertex -10.4086 -1.5747 51.2139
      vertex -10.4086 -1.02617 52.721
      vertex -10.2781 -1.59319 51.1631
    endloop
  endfacet
  facet normal -0.000191224 0.93972 -0.341944
    outer loop
      vertex -9.47099 -1.54946 51.2832
      vertex -9.14405 -1.20531 52.2288
      vertex -9.11108 -1.25228 52.0997
    endloop
  endfacet
  facet normal 0.000227079 0.939695 -0.342015
    outer loop
      vertex -10.4086 -1.02617 52.721
      vertex -10.4086 -1.5747 51.2139
      vertex -10.529 -1.0514 52.6516
    endloop
  endfacet
  facet normal -4.04484e-05 0.939699 -0.342003
    outer loop
      vertex -9.47099 -1.54946 51.2832
      vertex -9.11108 -1.25228 52.0997
      vertex -9.1 -1.30043 51.9674
    endloop
  endfacet
  facet normal 0.000130372 0.939692 -0.342022
    outer loop
      vertex -10.529 -1.54946 51.2832
      vertex -10.529 -1.0514 52.6516
      vertex -10.4086 -1.5747 51.2139
    endloop
  endfacet
  facet normal 9.96936e-05 0.939675 -0.34207
    outer loop
      vertex -9.47099 -1.54946 51.2832
      vertex -9.1 -1.30043 51.9674
      vertex -9.11108 -1.34859 51.8351
    endloop
  endfacet
  facet normal 3.87728e-05 0.939692 -0.342022
    outer loop
      vertex -10.529 -1.0514 52.6516
      vertex -10.529 -1.54946 51.2832
      vertex -10.6364 -1.08277 52.5654
    endloop
  endfacet
  facet normal 0.000166216 0.939661 -0.342108
    outer loop
      vertex -9.47099 -1.54946 51.2832
      vertex -9.11108 -1.34859 51.8351
      vertex -9.14405 -1.39555 51.7061
    endloop
  endfacet
  facet normal 8.83068e-05 0.939694 -0.342016
    outer loop
      vertex -9.72188 -1.00768 52.7718
      vertex -9.72188 -1.59319 51.1631
      vertex -9.85921 -1.60446 51.1321
    endloop
  endfacet
  facet normal 0.000254198 0.939639 -0.342168
    outer loop
      vertex -9.47099 -1.54946 51.2832
      vertex -9.14405 -1.39555 51.7061
      vertex -9.19809 -1.44018 51.5835
    endloop
  endfacet
  facet normal -0.000250736 0.939679 -0.342059
    outer loop
      vertex -10.7281 -1.1195 52.4645
      vertex -10.529 -1.54946 51.2832
      vertex -10.8019 -1.16069 52.3514
    endloop
  endfacet
  facet normal -0.000887681 0.939935 -0.341352
    outer loop
      vertex -9.3636 -1.51809 51.3694
      vertex -9.19809 -1.44018 51.5835
      vertex -9.27188 -1.48136 51.4703
    endloop
  endfacet
  facet normal -5.11586e-05 0.939728 -0.341923
    outer loop
      vertex -9.47099 -1.54946 51.2832
      vertex -9.19809 -1.44018 51.5835
      vertex -9.3636 -1.51809 51.3694
    endloop
  endfacet
  facet normal -0.00013035 0.939692 -0.342022
    outer loop
      vertex -9.47099 -1.0514 52.6516
      vertex -9.47099 -1.54946 51.2832
      vertex -9.59141 -1.5747 51.2139
    endloop
  endfacet
  facet normal 0.000888672 0.939935 -0.341351
    outer loop
      vertex -10.8019 -1.44018 51.5835
      vertex -10.6364 -1.51809 51.3694
      vertex -10.7281 -1.48136 51.4703
    endloop
  endfacet
  facet normal -4.56391e-06 0.939695 -0.342015
    outer loop
      vertex -9.59141 -1.02617 52.721
      vertex -9.59141 -1.5747 51.2139
      vertex -9.72188 -1.59319 51.1631
    endloop
  endfacet
  facet normal 5.1141e-05 0.939728 -0.341923
    outer loop
      vertex -10.8019 -1.44018 51.5835
      vertex -10.529 -1.54946 51.2832
      vertex -10.6364 -1.51809 51.3694
    endloop
  endfacet
  facet normal 1.21521e-06 0.939699 -0.342002
    outer loop
      vertex -10.8019 -1.16069 52.3514
      vertex -10.529 -1.54946 51.2832
      vertex -10.856 -1.20531 52.2288
    endloop
  endfacet
  facet normal -0.000254464 0.939639 -0.342168
    outer loop
      vertex -10.856 -1.39555 51.7061
      vertex -10.529 -1.54946 51.2832
      vertex -10.8019 -1.44018 51.5835
    endloop
  endfacet
  facet normal -9.97233e-05 0.939675 -0.34207
    outer loop
      vertex -10.9 -1.30043 51.9674
      vertex -10.529 -1.54946 51.2832
      vertex -10.8889 -1.34859 51.8351
    endloop
  endfacet
  facet normal -0.000165997 0.939661 -0.342108
    outer loop
      vertex -10.8889 -1.34859 51.8351
      vertex -10.529 -1.54946 51.2832
      vertex -10.856 -1.39555 51.7061
    endloop
  endfacet
  facet normal 4.04377e-05 0.939699 -0.342003
    outer loop
      vertex -10.8889 -1.25228 52.0997
      vertex -10.529 -1.54946 51.2832
      vertex -10.9 -1.30043 51.9674
    endloop
  endfacet
  facet normal 0.000191376 0.93972 -0.341944
    outer loop
      vertex -10.856 -1.20531 52.2288
      vertex -10.529 -1.54946 51.2832
      vertex -10.8889 -1.25228 52.0997
    endloop
  endfacet
  facet normal -4.52596e-05 0.93969 -0.342028
    outer loop
      vertex -10.6364 -1.08277 52.5654
      vertex -10.529 -1.54946 51.2832
      vertex -10.7281 -1.1195 52.4645
    endloop
  endfacet
  facet normal -0.923886 -0.130882 -0.359589
    outer loop
      vertex -9.14405 9.69512 48.2613
      vertex -9.19809 -1.16069 52.3514
      vertex -9.19809 9.73975 48.3839
    endloop
  endfacet
  facet normal -0.923883 -0.130885 -0.359597
    outer loop
      vertex -9.19809 -1.16069 52.3514
      vertex -9.14405 9.69512 48.2613
      vertex -9.14405 -1.20531 52.2288
    endloop
  endfacet
  facet normal 0.760437 -0.22211 -0.610248
    outer loop
      vertex -10.6364 -1.08277 52.5654
      vertex -10.7281 9.78093 48.4971
      vertex -10.6364 9.81766 48.598
    endloop
  endfacet
  facet normal 0.760437 -0.22211 -0.610248
    outer loop
      vertex -10.7281 9.78093 48.4971
      vertex -10.6364 -1.08277 52.5654
      vertex -10.7281 -1.1195 52.4645
    endloop
  endfacet
  facet normal 0.649458 0.260069 0.714541
    outer loop
      vertex -10.6364 -1.51809 51.3694
      vertex -10.529 9.35097 47.3158
      vertex -10.6364 9.38234 47.402
    endloop
  endfacet
  facet normal 0.649458 0.260069 0.714541
    outer loop
      vertex -10.529 9.35097 47.3158
      vertex -10.6364 -1.51809 51.3694
      vertex -10.529 -1.54946 51.2832
    endloop
  endfacet
  facet normal -0.0790404 -0.340948 -0.936754
    outer loop
      vertex -10 -0.992616 52.8132
      vertex -9.85921 9.90403 48.8353
      vertex -9.85921 -0.996406 52.8027
    endloop
  endfacet
  facet normal -0.0783792 -0.340973 -0.9368
    outer loop
      vertex -9.85921 9.90403 48.8353
      vertex -10 -0.992616 52.8132
      vertex -10 9.90782 48.8457
    endloop
  endfacet
  facet normal 0.649458 -0.260069 -0.714541
    outer loop
      vertex -10.6364 9.81766 48.598
      vertex -10.529 -1.0514 52.6516
      vertex -10.6364 -1.08277 52.5654
    endloop
  endfacet
  facet normal 0.649458 -0.260069 -0.714541
    outer loop
      vertex -10.529 -1.0514 52.6516
      vertex -10.6364 9.81766 48.598
      vertex -10.529 9.84903 48.6842
    endloop
  endfacet
  facet normal -0.852724 -0.178657 -0.49086
    outer loop
      vertex -9.19809 9.73975 48.3839
      vertex -9.27188 -1.1195 52.4645
      vertex -9.27188 9.78093 48.4971
    endloop
  endfacet
  facet normal -0.852549 -0.178759 -0.491127
    outer loop
      vertex -9.27188 -1.1195 52.4645
      vertex -9.19809 9.73975 48.3839
      vertex -9.19809 -1.16069 52.3514
    endloop
  endfacet
  facet normal -0.852724 0.178657 0.49086
    outer loop
      vertex -9.27188 9.41907 47.5029
      vertex -9.19809 -1.44018 51.5835
      vertex -9.19809 9.46025 47.6161
    endloop
  endfacet
  facet normal -0.852724 0.178657 0.49086
    outer loop
      vertex -9.19809 -1.44018 51.5835
      vertex -9.27188 9.41907 47.5029
      vertex -9.27188 -1.48136 51.4703
    endloop
  endfacet
  facet normal -0.760367 0.222138 0.610325
    outer loop
      vertex -9.3636 9.38234 47.402
      vertex -9.27188 -1.48136 51.4703
      vertex -9.27188 9.41907 47.5029
    endloop
  endfacet
  facet normal -0.760367 0.222138 0.610325
    outer loop
      vertex -9.27188 -1.48136 51.4703
      vertex -9.3636 9.38234 47.402
      vertex -9.3636 -1.51809 51.3694
    endloop
  endfacet
  facet normal 0.760437 0.22211 0.610248
    outer loop
      vertex -10.7281 -1.48136 51.4703
      vertex -10.6364 9.38234 47.402
      vertex -10.7281 9.41907 47.5029
    endloop
  endfacet
  facet normal 0.760437 0.22211 0.610248
    outer loop
      vertex -10.6364 9.38234 47.402
      vertex -10.7281 -1.48136 51.4703
      vertex -10.6364 -1.51809 51.3694
    endloop
  endfacet
  facet normal -0.0783792 0.340966 0.936803
    outer loop
      vertex -10 9.29218 47.1543
      vertex -9.85921 -1.60446 51.1321
      vertex -9.85921 9.29597 47.1647
    endloop
  endfacet
  facet normal -0.0783792 0.340966 0.936803
    outer loop
      vertex -9.85921 -1.60446 51.1321
      vertex -10 9.29218 47.1543
      vertex -10 -1.60825 51.1217
    endloop
  endfacet
  facet normal -0.382771 0.315971 0.86813
    outer loop
      vertex -9.72188 9.30725 47.1957
      vertex -9.59141 -1.5747 51.2139
      vertex -9.59141 9.32573 47.2465
    endloop
  endfacet
  facet normal -0.382792 0.315968 0.868122
    outer loop
      vertex -9.59141 -1.5747 51.2139
      vertex -9.72188 9.30725 47.1957
      vertex -9.72188 -1.59319 51.1631
    endloop
  endfacet
  facet normal 0.972465 0.0797067 0.218994
    outer loop
      vertex -10.8889 -1.34859 51.8351
      vertex -10.856 9.50488 47.7387
      vertex -10.8889 9.55185 47.8677
    endloop
  endfacet
  facet normal 0.972464 0.0797087 0.219
    outer loop
      vertex -10.856 9.50488 47.7387
      vertex -10.8889 -1.34859 51.8351
      vertex -10.856 -1.39555 51.7061
    endloop
  endfacet
  facet normal -0.522292 0.291661 0.80134
    outer loop
      vertex -9.59141 9.32573 47.2465
      vertex -9.47099 -1.54946 51.2832
      vertex -9.47099 9.35097 47.3158
    endloop
  endfacet
  facet normal -0.522292 0.291661 0.80134
    outer loop
      vertex -9.47099 -1.54946 51.2832
      vertex -9.59141 9.32573 47.2465
      vertex -9.59141 -1.5747 51.2139
    endloop
  endfacet
  facet normal -0.232926 -0.332618 -0.913844
    outer loop
      vertex -9.85921 -0.996406 52.8027
      vertex -9.72188 9.89275 48.8043
      vertex -9.72188 -1.00768 52.7718
    endloop
  endfacet
  facet normal -0.233569 -0.332557 -0.913702
    outer loop
      vertex -9.72188 9.89275 48.8043
      vertex -9.85921 -0.996406 52.8027
      vertex -9.85921 9.90403 48.8353
    endloop
  endfacet
  facet normal -0.996918 -0.0268335 -0.073725
    outer loop
      vertex -9.1 9.6 48
      vertex -9.11108 -1.25228 52.0997
      vertex -9.11108 9.64815 48.1323
    endloop
  endfacet
  facet normal -0.996918 -0.0268335 -0.073725
    outer loop
      vertex -9.11108 -1.25228 52.0997
      vertex -9.1 9.6 48
      vertex -9.1 -1.30043 51.9674
    endloop
  endfacet
  facet normal -0.760367 -0.222138 -0.610325
    outer loop
      vertex -9.27188 9.78093 48.4971
      vertex -9.3636 -1.08277 52.5654
      vertex -9.3636 9.81766 48.598
    endloop
  endfacet
  facet normal -0.760367 -0.222138 -0.610325
    outer loop
      vertex -9.3636 -1.08277 52.5654
      vertex -9.27188 9.78093 48.4971
      vertex -9.27188 -1.1195 52.4645
    endloop
  endfacet
  facet normal 0.852692 -0.178675 -0.490909
    outer loop
      vertex -10.7281 -1.1195 52.4645
      vertex -10.8019 9.73975 48.3839
      vertex -10.7281 9.78093 48.4971
    endloop
  endfacet
  facet normal 0.852517 -0.178776 -0.491176
    outer loop
      vertex -10.8019 9.73975 48.3839
      vertex -10.7281 -1.1195 52.4645
      vertex -10.8019 -1.16069 52.3514
    endloop
  endfacet
  facet normal 0.996906 -0.0268816 -0.0738572
    outer loop
      vertex -10.8889 -1.25228 52.0997
      vertex -10.9 9.6 48
      vertex -10.8889 9.64815 48.1323
    endloop
  endfacet
  facet normal 0.996906 -0.0268816 -0.0738572
    outer loop
      vertex -10.9 9.6 48
      vertex -10.8889 -1.25228 52.0997
      vertex -10.9 -1.30043 51.9674
    endloop
  endfacet
  facet normal 0.0790349 -0.340948 -0.936754
    outer loop
      vertex -10.1408 9.90403 48.8353
      vertex -10 -0.992616 52.8132
      vertex -10.1408 -0.996406 52.8027
    endloop
  endfacet
  facet normal 0.0783737 -0.340973 -0.9368
    outer loop
      vertex -10 -0.992616 52.8132
      vertex -10.1408 9.90403 48.8353
      vertex -10 9.90782 48.8457
    endloop
  endfacet
  facet normal 0.972465 -0.0797086 -0.218994
    outer loop
      vertex -10.856 -1.20531 52.2288
      vertex -10.8889 9.64815 48.1323
      vertex -10.856 9.69512 48.2613
    endloop
  endfacet
  facet normal 0.972501 -0.0796552 -0.218853
    outer loop
      vertex -10.8889 9.64815 48.1323
      vertex -10.856 -1.20531 52.2288
      vertex -10.8889 -1.25228 52.0997
    endloop
  endfacet
  facet normal 0 -0.939723 0.341938
    outer loop
      vertex -9.85921 9.29597 47.1647
      vertex -9.72188 9.30725 47.1957
      vertex -9.72189 9.30725 47.1957
    endloop
  endfacet
  facet normal -0.233569 0.332557 0.913702
    outer loop
      vertex -9.72188 9.30725 47.1957
      vertex -9.85921 9.29597 47.1647
      vertex -9.72188 -1.59319 51.1631
    endloop
  endfacet
  facet normal -0.233546 0.332559 0.913707
    outer loop
      vertex -9.72188 -1.59319 51.1631
      vertex -9.85921 9.29597 47.1647
      vertex -9.85921 -1.60446 51.1321
    endloop
  endfacet
  facet normal 0.522821 -0.29155 -0.801035
    outer loop
      vertex -10.529 9.84903 48.6842
      vertex -10.4086 -1.02617 52.721
      vertex -10.529 -1.0514 52.6516
    endloop
  endfacet
  facet normal 0.522355 -0.291654 -0.801301
    outer loop
      vertex -10.4086 -1.02617 52.721
      vertex -10.529 9.84903 48.6842
      vertex -10.4086 9.87427 48.7535
    endloop
  endfacet
  facet normal 0.996906 0.0268816 0.0738572
    outer loop
      vertex -10.9 -1.30043 51.9674
      vertex -10.8889 9.55185 47.8677
      vertex -10.9 9.6 48
    endloop
  endfacet
  facet normal 0.996907 0.0268809 0.0738555
    outer loop
      vertex -10.8889 9.55185 47.8677
      vertex -10.9 -1.30043 51.9674
      vertex -10.8889 -1.34859 51.8351
    endloop
  endfacet
  facet normal 0.852692 0.178675 0.490909
    outer loop
      vertex -10.8019 -1.44018 51.5835
      vertex -10.7281 9.41907 47.5029
      vertex -10.8019 9.46025 47.6161
    endloop
  endfacet
  facet normal 0.852692 0.178675 0.490909
    outer loop
      vertex -10.7281 9.41907 47.5029
      vertex -10.8019 -1.44018 51.5835
      vertex -10.7281 -1.48136 51.4703
    endloop
  endfacet
  facet normal -0.649493 -0.260059 -0.714513
    outer loop
      vertex -9.47099 -1.0514 52.6516
      vertex -9.3636 9.81766 48.598
      vertex -9.3636 -1.08277 52.5654
    endloop
  endfacet
  facet normal -0.649493 -0.260059 -0.714513
    outer loop
      vertex -9.3636 9.81766 48.598
      vertex -9.47099 -1.0514 52.6516
      vertex -9.47099 9.84903 48.6842
    endloop
  endfacet
  facet normal 0.923886 0.130879 0.35959
    outer loop
      vertex 9.14405 -1.39555 51.7061
      vertex 9.19809 9.46025 47.6161
      vertex 9.14405 9.50488 47.7387
    endloop
  endfacet
  facet normal 0.923886 0.130879 0.35959
    outer loop
      vertex 9.19809 9.46025 47.6161
      vertex 9.14405 -1.39555 51.7061
      vertex 9.19809 -1.44018 51.5835
    endloop
  endfacet
  facet normal -0.972465 0.0797067 0.218994
    outer loop
      vertex 10.856 9.50488 47.7387
      vertex 10.8889 -1.34859 51.8351
      vertex 10.8889 9.55185 47.8677
    endloop
  endfacet
  facet normal -0.972464 0.0797087 0.219
    outer loop
      vertex 10.8889 -1.34859 51.8351
      vertex 10.856 9.50488 47.7387
      vertex 10.856 -1.39555 51.7061
    endloop
  endfacet
  facet normal -0.996906 0.0268816 0.0738572
    outer loop
      vertex 10.8889 9.55185 47.8677
      vertex 10.9 -1.30043 51.9674
      vertex 10.9 9.6 48
    endloop
  endfacet
  facet normal -0.996907 0.0268809 0.0738555
    outer loop
      vertex 10.9 -1.30043 51.9674
      vertex 10.8889 9.55185 47.8677
      vertex 10.8889 -1.34859 51.8351
    endloop
  endfacet
  facet normal -0.923736 0.131003 0.35993
    outer loop
      vertex 10.8019 9.46025 47.6161
      vertex 10.856 -1.39555 51.7061
      vertex 10.856 9.50488 47.7387
    endloop
  endfacet
  facet normal -0.923736 0.131003 0.35993
    outer loop
      vertex 10.856 -1.39555 51.7061
      vertex 10.8019 9.46025 47.6161
      vertex 10.8019 -1.44018 51.5835
    endloop
  endfacet
  facet normal -0.522821 -0.29155 -0.801035
    outer loop
      vertex 10.4086 -1.02617 52.721
      vertex 10.529 9.84903 48.6842
      vertex 10.529 -1.0514 52.6516
    endloop
  endfacet
  facet normal -0.522355 -0.291654 -0.801301
    outer loop
      vertex 10.529 9.84903 48.6842
      vertex 10.4086 -1.02617 52.721
      vertex 10.4086 9.87427 48.7535
    endloop
  endfacet
  facet normal -0.972465 -0.0797086 -0.218994
    outer loop
      vertex 10.8889 9.64815 48.1323
      vertex 10.856 -1.20531 52.2288
      vertex 10.856 9.69512 48.2613
    endloop
  endfacet
  facet normal -0.972501 -0.0796552 -0.218853
    outer loop
      vertex 10.856 -1.20531 52.2288
      vertex 10.8889 9.64815 48.1323
      vertex 10.8889 -1.25228 52.0997
    endloop
  endfacet
  facet normal -0.382716 -0.315985 -0.868148
    outer loop
      vertex 10.2781 -1.00768 52.7718
      vertex 10.4086 9.87427 48.7535
      vertex 10.4086 -1.02617 52.721
    endloop
  endfacet
  facet normal -0.382696 -0.315988 -0.868156
    outer loop
      vertex 10.4086 9.87427 48.7535
      vertex 10.2781 -1.00768 52.7718
      vertex 10.2781 9.89275 48.8043
    endloop
  endfacet
  facet normal 0.382771 0.315971 0.86813
    outer loop
      vertex 9.59141 -1.5747 51.2139
      vertex 9.72188 9.30725 47.1957
      vertex 9.59141 9.32573 47.2465
    endloop
  endfacet
  facet normal 0.382792 0.315968 0.868122
    outer loop
      vertex 9.72188 9.30725 47.1957
      vertex 9.59141 -1.5747 51.2139
      vertex 9.72188 -1.59319 51.1631
    endloop
  endfacet
  facet normal 0.382792 -0.315975 -0.868119
    outer loop
      vertex 9.59141 9.87427 48.7535
      vertex 9.72188 -1.00768 52.7718
      vertex 9.59141 -1.02617 52.721
    endloop
  endfacet
  facet normal 0.382771 -0.315978 -0.868127
    outer loop
      vertex 9.72188 -1.00768 52.7718
      vertex 9.59141 9.87427 48.7535
      vertex 9.72188 9.89275 48.8043
    endloop
  endfacet
  facet normal 0.522292 0.291661 0.80134
    outer loop
      vertex 9.47099 -1.54946 51.2832
      vertex 9.59141 9.32573 47.2465
      vertex 9.47099 9.35097 47.3158
    endloop
  endfacet
  facet normal 0.522292 0.291661 0.80134
    outer loop
      vertex 9.59141 9.32573 47.2465
      vertex 9.47099 -1.54946 51.2832
      vertex 9.59141 -1.5747 51.2139
    endloop
  endfacet
  facet normal -0.649458 0.260069 0.714541
    outer loop
      vertex 10.529 9.35097 47.3158
      vertex 10.6364 -1.51809 51.3694
      vertex 10.6364 9.38234 47.402
    endloop
  endfacet
  facet normal -0.649458 0.260069 0.714541
    outer loop
      vertex 10.6364 -1.51809 51.3694
      vertex 10.529 9.35097 47.3158
      vertex 10.529 -1.54946 51.2832
    endloop
  endfacet
  facet normal 0 -0.939723 0.341938
    outer loop
      vertex 9.72188 9.30725 47.1957
      vertex 9.85921 9.29597 47.1647
      vertex 9.72189 9.30725 47.1957
    endloop
  endfacet
  facet normal 0.233569 0.332557 0.913702
    outer loop
      vertex 9.85921 9.29597 47.1647
      vertex 9.72188 9.30725 47.1957
      vertex 9.72188 -1.59319 51.1631
    endloop
  endfacet
  facet normal 0.233546 0.332559 0.913707
    outer loop
      vertex 9.85921 9.29597 47.1647
      vertex 9.72188 -1.59319 51.1631
      vertex 9.85921 -1.60446 51.1321
    endloop
  endfacet
  facet normal 0.923886 -0.130882 -0.359589
    outer loop
      vertex 9.19809 -1.16069 52.3514
      vertex 9.14405 9.69512 48.2613
      vertex 9.19809 9.73975 48.3839
    endloop
  endfacet
  facet normal 0.923883 -0.130885 -0.359597
    outer loop
      vertex 9.14405 9.69512 48.2613
      vertex 9.19809 -1.16069 52.3514
      vertex 9.14405 -1.20531 52.2288
    endloop
  endfacet
  facet normal 0.0783792 0.340966 0.936803
    outer loop
      vertex 9.85921 -1.60446 51.1321
      vertex 10 9.29218 47.1543
      vertex 9.85921 9.29597 47.1647
    endloop
  endfacet
  facet normal 0.0783792 0.340966 0.936803
    outer loop
      vertex 10 9.29218 47.1543
      vertex 9.85921 -1.60446 51.1321
      vertex 10 -1.60825 51.1217
    endloop
  endfacet
  facet normal 0.232926 -0.332618 -0.913844
    outer loop
      vertex 9.72188 9.89275 48.8043
      vertex 9.85921 -0.996406 52.8027
      vertex 9.72188 -1.00768 52.7718
    endloop
  endfacet
  facet normal 0.233569 -0.332557 -0.913702
    outer loop
      vertex 9.85921 -0.996406 52.8027
      vertex 9.72188 9.89275 48.8043
      vertex 9.85921 9.90403 48.8353
    endloop
  endfacet
  facet normal -0.000211704 0.939692 -0.342023
    outer loop
      vertex 10.1408 -1.60446 51.1321
      vertex 10 -0.992616 52.8132
      vertex 10.1408 -0.996406 52.8027
    endloop
  endfacet
  facet normal 0.000186304 0.939692 -0.342023
    outer loop
      vertex 10.1408 -1.60446 51.1321
      vertex 10.1408 -0.996406 52.8027
      vertex 10.2781 -1.00768 52.7718
    endloop
  endfacet
  facet normal -3.232e-05 0.939696 -0.34201
    outer loop
      vertex 10 -1.60825 51.1217
      vertex 10 -0.992616 52.8132
      vertex 10.1408 -1.60446 51.1321
    endloop
  endfacet
  facet normal 4.27469e-06 0.939694 -0.342016
    outer loop
      vertex 10.2781 -1.59319 51.1631
      vertex 10.2781 -1.00768 52.7718
      vertex 10.4086 -1.02617 52.721
    endloop
  endfacet
  facet normal 0.000210599 0.939696 -0.34201
    outer loop
      vertex 10 -0.992616 52.8132
      vertex 10 -1.60825 51.1217
      vertex 9.85921 -0.996406 52.8027
    endloop
  endfacet
  facet normal -0.000227079 0.939695 -0.342015
    outer loop
      vertex 10.4086 -1.5747 51.2139
      vertex 10.4086 -1.02617 52.721
      vertex 10.529 -1.0514 52.6516
    endloop
  endfacet
  facet normal 3.12123e-05 0.939692 -0.342023
    outer loop
      vertex 9.85921 -1.60446 51.1321
      vertex 9.85921 -0.996406 52.8027
      vertex 10 -1.60825 51.1217
    endloop
  endfacet
  facet normal -3.87728e-05 0.939692 -0.342022
    outer loop
      vertex 10.529 -1.54946 51.2832
      vertex 10.529 -1.0514 52.6516
      vertex 10.6364 -1.08277 52.5654
    endloop
  endfacet
  facet normal -0.000186264 0.939692 -0.342023
    outer loop
      vertex 9.85921 -0.996406 52.8027
      vertex 9.85921 -1.60446 51.1321
      vertex 9.72188 -1.00768 52.7718
    endloop
  endfacet
  facet normal 4.52596e-05 0.93969 -0.342028
    outer loop
      vertex 10.529 -1.54946 51.2832
      vertex 10.6364 -1.08277 52.5654
      vertex 10.7281 -1.1195 52.4645
    endloop
  endfacet
  facet normal -8.83068e-05 0.939694 -0.342016
    outer loop
      vertex 9.72188 -1.59319 51.1631
      vertex 9.72188 -1.00768 52.7718
      vertex 9.85921 -1.60446 51.1321
    endloop
  endfacet
  facet normal 0.000250736 0.939679 -0.342059
    outer loop
      vertex 10.529 -1.54946 51.2832
      vertex 10.7281 -1.1195 52.4645
      vertex 10.8019 -1.16069 52.3514
    endloop
  endfacet
  facet normal -4.27567e-06 0.939694 -0.342016
    outer loop
      vertex 9.72188 -1.00768 52.7718
      vertex 9.72188 -1.59319 51.1631
      vertex 9.59141 -1.02617 52.721
    endloop
  endfacet
  facet normal -1.21521e-06 0.939699 -0.342002
    outer loop
      vertex 10.529 -1.54946 51.2832
      vertex 10.8019 -1.16069 52.3514
      vertex 10.856 -1.20531 52.2288
    endloop
  endfacet
  facet normal 4.56391e-06 0.939695 -0.342015
    outer loop
      vertex 9.59141 -1.5747 51.2139
      vertex 9.59141 -1.02617 52.721
      vertex 9.72188 -1.59319 51.1631
    endloop
  endfacet
  facet normal -0.000191376 0.93972 -0.341944
    outer loop
      vertex 10.529 -1.54946 51.2832
      vertex 10.856 -1.20531 52.2288
      vertex 10.8889 -1.25228 52.0997
    endloop
  endfacet
  facet normal 0.000227042 0.939695 -0.342015
    outer loop
      vertex 9.59141 -1.02617 52.721
      vertex 9.59141 -1.5747 51.2139
      vertex 9.47099 -1.0514 52.6516
    endloop
  endfacet
  facet normal -4.04377e-05 0.939699 -0.342003
    outer loop
      vertex 10.529 -1.54946 51.2832
      vertex 10.8889 -1.25228 52.0997
      vertex 10.9 -1.30043 51.9674
    endloop
  endfacet
  facet normal 0.00013035 0.939692 -0.342022
    outer loop
      vertex 9.47099 -1.54946 51.2832
      vertex 9.47099 -1.0514 52.6516
      vertex 9.59141 -1.5747 51.2139
    endloop
  endfacet
  facet normal 9.97233e-05 0.939675 -0.34207
    outer loop
      vertex 10.529 -1.54946 51.2832
      vertex 10.9 -1.30043 51.9674
      vertex 10.8889 -1.34859 51.8351
    endloop
  endfacet
  facet normal 3.87764e-05 0.939692 -0.342022
    outer loop
      vertex 9.47099 -1.0514 52.6516
      vertex 9.47099 -1.54946 51.2832
      vertex 9.3636 -1.08277 52.5654
    endloop
  endfacet
  facet normal 0.000165997 0.939661 -0.342108
    outer loop
      vertex 10.529 -1.54946 51.2832
      vertex 10.8889 -1.34859 51.8351
      vertex 10.856 -1.39555 51.7061
    endloop
  endfacet
  facet normal 8.83261e-05 0.939694 -0.342016
    outer loop
      vertex 10.2781 -1.00768 52.7718
      vertex 10.2781 -1.59319 51.1631
      vertex 10.1408 -1.60446 51.1321
    endloop
  endfacet
  facet normal 0.000254464 0.939639 -0.342168
    outer loop
      vertex 10.529 -1.54946 51.2832
      vertex 10.856 -1.39555 51.7061
      vertex 10.8019 -1.44018 51.5835
    endloop
  endfacet
  facet normal -0.000250761 0.939679 -0.342059
    outer loop
      vertex 9.27188 -1.1195 52.4645
      vertex 9.47099 -1.54946 51.2832
      vertex 9.19809 -1.16069 52.3514
    endloop
  endfacet
  facet normal -0.000888672 0.939935 -0.341351
    outer loop
      vertex 10.6364 -1.51809 51.3694
      vertex 10.8019 -1.44018 51.5835
      vertex 10.7281 -1.48136 51.4703
    endloop
  endfacet
  facet normal -5.1141e-05 0.939728 -0.341923
    outer loop
      vertex 10.529 -1.54946 51.2832
      vertex 10.8019 -1.44018 51.5835
      vertex 10.6364 -1.51809 51.3694
    endloop
  endfacet
  facet normal -0.000130372 0.939692 -0.342022
    outer loop
      vertex 10.529 -1.0514 52.6516
      vertex 10.529 -1.54946 51.2832
      vertex 10.4086 -1.5747 51.2139
    endloop
  endfacet
  facet normal 0.000887681 0.939935 -0.341352
    outer loop
      vertex 9.19809 -1.44018 51.5835
      vertex 9.3636 -1.51809 51.3694
      vertex 9.27188 -1.48136 51.4703
    endloop
  endfacet
  facet normal -4.56286e-06 0.939695 -0.342015
    outer loop
      vertex 10.4086 -1.02617 52.721
      vertex 10.4086 -1.5747 51.2139
      vertex 10.2781 -1.59319 51.1631
    endloop
  endfacet
  facet normal 5.11586e-05 0.939728 -0.341923
    outer loop
      vertex 9.19809 -1.44018 51.5835
      vertex 9.47099 -1.54946 51.2832
      vertex 9.3636 -1.51809 51.3694
    endloop
  endfacet
  facet normal 1.21606e-06 0.939699 -0.342002
    outer loop
      vertex 9.19809 -1.16069 52.3514
      vertex 9.47099 -1.54946 51.2832
      vertex 9.14405 -1.20531 52.2288
    endloop
  endfacet
  facet normal -0.000254198 0.939639 -0.342168
    outer loop
      vertex 9.14405 -1.39555 51.7061
      vertex 9.47099 -1.54946 51.2832
      vertex 9.19809 -1.44018 51.5835
    endloop
  endfacet
  facet normal -9.96936e-05 0.939675 -0.34207
    outer loop
      vertex 9.1 -1.30043 51.9674
      vertex 9.47099 -1.54946 51.2832
      vertex 9.11108 -1.34859 51.8351
    endloop
  endfacet
  facet normal -0.000166216 0.939661 -0.342108
    outer loop
      vertex 9.11108 -1.34859 51.8351
      vertex 9.47099 -1.54946 51.2832
      vertex 9.14405 -1.39555 51.7061
    endloop
  endfacet
  facet normal 4.04484e-05 0.939699 -0.342003
    outer loop
      vertex 9.11108 -1.25228 52.0997
      vertex 9.47099 -1.54946 51.2832
      vertex 9.1 -1.30043 51.9674
    endloop
  endfacet
  facet normal 0.000191224 0.93972 -0.341944
    outer loop
      vertex 9.14405 -1.20531 52.2288
      vertex 9.47099 -1.54946 51.2832
      vertex 9.11108 -1.25228 52.0997
    endloop
  endfacet
  facet normal -4.52509e-05 0.93969 -0.342028
    outer loop
      vertex 9.3636 -1.08277 52.5654
      vertex 9.47099 -1.54946 51.2832
      vertex 9.27188 -1.1195 52.4645
    endloop
  endfacet
  facet normal -0.923926 -0.130849 -0.359499
    outer loop
      vertex 10.8227 9.72256 48.3367
      vertex 10.8019 -1.16069 52.3514
      vertex 10.8019 9.73975 48.3839
    endloop
  endfacet
  facet normal -0.923617 -0.131107 -0.360197
    outer loop
      vertex 10.856 9.69512 48.2613
      vertex 10.8019 -1.16069 52.3514
      vertex 10.8227 9.72256 48.3367
    endloop
  endfacet
  facet normal -0.923733 -0.131009 -0.359937
    outer loop
      vertex 10.8019 -1.16069 52.3514
      vertex 10.856 9.69512 48.2613
      vertex 10.856 -1.20531 52.2288
    endloop
  endfacet
  facet normal 0.760367 -0.222138 -0.610325
    outer loop
      vertex 9.3636 -1.08277 52.5654
      vertex 9.27188 9.78093 48.4971
      vertex 9.3636 9.81766 48.598
    endloop
  endfacet
  facet normal 0.760367 -0.222138 -0.610325
    outer loop
      vertex 9.27188 9.78093 48.4971
      vertex 9.3636 -1.08277 52.5654
      vertex 9.27188 -1.1195 52.4645
    endloop
  endfacet
  facet normal 0.649493 0.260059 0.714513
    outer loop
      vertex 9.3636 -1.51809 51.3694
      vertex 9.47099 9.35097 47.3158
      vertex 9.3636 9.38234 47.402
    endloop
  endfacet
  facet normal 0.649493 0.260059 0.714513
    outer loop
      vertex 9.47099 9.35097 47.3158
      vertex 9.3636 -1.51809 51.3694
      vertex 9.47099 -1.54946 51.2832
    endloop
  endfacet
  facet normal -0.0790349 -0.340948 -0.936754
    outer loop
      vertex 10 -0.992616 52.8132
      vertex 10.1408 9.90403 48.8353
      vertex 10.1408 -0.996406 52.8027
    endloop
  endfacet
  facet normal -0.0783737 -0.340973 -0.9368
    outer loop
      vertex 10.1408 9.90403 48.8353
      vertex 10 -0.992616 52.8132
      vertex 10 9.90782 48.8457
    endloop
  endfacet
  facet normal 0.649493 -0.260059 -0.714513
    outer loop
      vertex 9.3636 9.81766 48.598
      vertex 9.47099 -1.0514 52.6516
      vertex 9.3636 -1.08277 52.5654
    endloop
  endfacet
  facet normal 0.649493 -0.260059 -0.714513
    outer loop
      vertex 9.47099 -1.0514 52.6516
      vertex 9.3636 9.81766 48.598
      vertex 9.47099 9.84903 48.6842
    endloop
  endfacet
  facet normal -0.852692 -0.178675 -0.490909
    outer loop
      vertex 10.8019 9.73975 48.3839
      vertex 10.7281 -1.1195 52.4645
      vertex 10.7281 9.78093 48.4971
    endloop
  endfacet
  facet normal -0.852517 -0.178776 -0.491176
    outer loop
      vertex 10.7281 -1.1195 52.4645
      vertex 10.8019 9.73975 48.3839
      vertex 10.8019 -1.16069 52.3514
    endloop
  endfacet
  facet normal -0.852692 0.178675 0.490909
    outer loop
      vertex 10.7281 9.41907 47.5029
      vertex 10.8019 -1.44018 51.5835
      vertex 10.8019 9.46025 47.6161
    endloop
  endfacet
  facet normal -0.852692 0.178675 0.490909
    outer loop
      vertex 10.8019 -1.44018 51.5835
      vertex 10.7281 9.41907 47.5029
      vertex 10.7281 -1.48136 51.4703
    endloop
  endfacet
  facet normal -0.760437 0.22211 0.610248
    outer loop
      vertex 10.6364 9.38234 47.402
      vertex 10.7281 -1.48136 51.4703
      vertex 10.7281 9.41907 47.5029
    endloop
  endfacet
  facet normal -0.760437 0.22211 0.610248
    outer loop
      vertex 10.7281 -1.48136 51.4703
      vertex 10.6364 9.38234 47.402
      vertex 10.6364 -1.51809 51.3694
    endloop
  endfacet
  facet normal 0.760367 0.222138 0.610325
    outer loop
      vertex 9.27188 -1.48136 51.4703
      vertex 9.3636 9.38234 47.402
      vertex 9.27188 9.41907 47.5029
    endloop
  endfacet
  facet normal 0.760367 0.222138 0.610325
    outer loop
      vertex 9.3636 9.38234 47.402
      vertex 9.27188 -1.48136 51.4703
      vertex 9.3636 -1.51809 51.3694
    endloop
  endfacet
  facet normal -0.0783737 0.340966 0.936803
    outer loop
      vertex 10 9.29218 47.1543
      vertex 10.1408 -1.60446 51.1321
      vertex 10.1408 9.29597 47.1647
    endloop
  endfacet
  facet normal -0.0783737 0.340966 0.936803
    outer loop
      vertex 10.1408 -1.60446 51.1321
      vertex 10 9.29218 47.1543
      vertex 10 -1.60825 51.1217
    endloop
  endfacet
  facet normal -0.382696 0.315981 0.868159
    outer loop
      vertex 10.2781 9.30725 47.1957
      vertex 10.4086 -1.5747 51.2139
      vertex 10.4086 9.32573 47.2465
    endloop
  endfacet
  facet normal -0.382716 0.315978 0.868151
    outer loop
      vertex 10.4086 -1.5747 51.2139
      vertex 10.2781 9.30725 47.1957
      vertex 10.2781 -1.59319 51.1631
    endloop
  endfacet
  facet normal 0.972353 0.0798671 0.219435
    outer loop
      vertex 9.11108 -1.34859 51.8351
      vertex 9.14405 9.50488 47.7387
      vertex 9.11108 9.55185 47.8677
    endloop
  endfacet
  facet normal 0.972351 0.079869 0.21944
    outer loop
      vertex 9.14405 9.50488 47.7387
      vertex 9.11108 -1.34859 51.8351
      vertex 9.14405 -1.39555 51.7061
    endloop
  endfacet
  facet normal 0.972353 -0.0798689 -0.219434
    outer loop
      vertex 9.14405 -1.20531 52.2288
      vertex 9.11108 9.64815 48.1323
      vertex 9.14405 9.69512 48.2613
    endloop
  endfacet
  facet normal 0.972389 -0.0798155 -0.219293
    outer loop
      vertex 9.11108 9.64815 48.1323
      vertex 9.14405 -1.20531 52.2288
      vertex 9.11108 -1.25228 52.0997
    endloop
  endfacet
  facet normal -0.522355 0.291648 0.801303
    outer loop
      vertex 10.4086 9.32573 47.2465
      vertex 10.529 -1.54946 51.2832
      vertex 10.529 9.35097 47.3158
    endloop
  endfacet
  facet normal -0.522355 0.291648 0.801303
    outer loop
      vertex 10.529 -1.54946 51.2832
      vertex 10.4086 9.32573 47.2465
      vertex 10.4086 -1.5747 51.2139
    endloop
  endfacet
  facet normal -0.232974 -0.332614 -0.913833
    outer loop
      vertex 10.1408 -0.996406 52.8027
      vertex 10.2781 9.89275 48.8043
      vertex 10.2781 -1.00768 52.7718
    endloop
  endfacet
  facet normal -0.233617 -0.332553 -0.913691
    outer loop
      vertex 10.2781 9.89275 48.8043
      vertex 10.1408 -0.996406 52.8027
      vertex 10.1408 9.90403 48.8353
    endloop
  endfacet
  facet normal -0.996906 -0.0268816 -0.0738572
    outer loop
      vertex 10.9 9.6 48
      vertex 10.8889 -1.25228 52.0997
      vertex 10.8889 9.64815 48.1323
    endloop
  endfacet
  facet normal -0.996906 -0.0268816 -0.0738572
    outer loop
      vertex 10.8889 -1.25228 52.0997
      vertex 10.9 9.6 48
      vertex 10.9 -1.30043 51.9674
    endloop
  endfacet
  facet normal -0.760437 -0.22211 -0.610248
    outer loop
      vertex 10.7281 9.78093 48.4971
      vertex 10.6364 -1.08277 52.5654
      vertex 10.6364 9.81766 48.598
    endloop
  endfacet
  facet normal -0.760437 -0.22211 -0.610248
    outer loop
      vertex 10.6364 -1.08277 52.5654
      vertex 10.7281 9.78093 48.4971
      vertex 10.7281 -1.1195 52.4645
    endloop
  endfacet
  facet normal 0.852724 -0.178657 -0.49086
    outer loop
      vertex 9.27188 -1.1195 52.4645
      vertex 9.19809 9.73975 48.3839
      vertex 9.27188 9.78093 48.4971
    endloop
  endfacet
  facet normal 0.852549 -0.178759 -0.491127
    outer loop
      vertex 9.19809 9.73975 48.3839
      vertex 9.27188 -1.1195 52.4645
      vertex 9.19809 -1.16069 52.3514
    endloop
  endfacet
  facet normal 0.996918 -0.0268335 -0.073725
    outer loop
      vertex 9.11108 -1.25228 52.0997
      vertex 9.1 9.6 48
      vertex 9.11108 9.64815 48.1323
    endloop
  endfacet
  facet normal 0.996918 -0.0268335 -0.073725
    outer loop
      vertex 9.1 9.6 48
      vertex 9.11108 -1.25228 52.0997
      vertex 9.1 -1.30043 51.9674
    endloop
  endfacet
  facet normal 0.0790404 -0.340948 -0.936754
    outer loop
      vertex 9.85921 9.90403 48.8353
      vertex 10 -0.992616 52.8132
      vertex 9.85921 -0.996406 52.8027
    endloop
  endfacet
  facet normal 0.0783792 -0.340973 -0.9368
    outer loop
      vertex 10 -0.992616 52.8132
      vertex 9.85921 9.90403 48.8353
      vertex 10 9.90782 48.8457
    endloop
  endfacet
  facet normal -0.233617 0.332553 0.913691
    outer loop
      vertex 10.2781 9.30725 47.1957
      vertex 10.1408 9.29597 47.1647
      vertex 10.2781 -1.59319 51.1631
    endloop
  endfacet
  facet normal -0.233594 0.332556 0.913696
    outer loop
      vertex 10.2781 -1.59319 51.1631
      vertex 10.1408 9.29597 47.1647
      vertex 10.1408 -1.60446 51.1321
    endloop
  endfacet
  facet normal 0.522758 -0.291564 -0.801071
    outer loop
      vertex 9.47099 9.84903 48.6842
      vertex 9.59141 -1.02617 52.721
      vertex 9.47099 -1.0514 52.6516
    endloop
  endfacet
  facet normal 0.522292 -0.291668 -0.801337
    outer loop
      vertex 9.59141 -1.02617 52.721
      vertex 9.47099 9.84903 48.6842
      vertex 9.59141 9.87427 48.7535
    endloop
  endfacet
  facet normal 0.996918 0.0268335 0.073725
    outer loop
      vertex 9.1 -1.30043 51.9674
      vertex 9.11108 9.55185 47.8677
      vertex 9.1 9.6 48
    endloop
  endfacet
  facet normal 0.996918 0.0268328 0.0737232
    outer loop
      vertex 9.11108 9.55185 47.8677
      vertex 9.1 -1.30043 51.9674
      vertex 9.11108 -1.34859 51.8351
    endloop
  endfacet
  facet normal 0.852724 0.178657 0.49086
    outer loop
      vertex 9.19809 -1.44018 51.5835
      vertex 9.27188 9.41907 47.5029
      vertex 9.19809 9.46025 47.6161
    endloop
  endfacet
  facet normal 0.852724 0.178657 0.49086
    outer loop
      vertex 9.27188 9.41907 47.5029
      vertex 9.19809 -1.44018 51.5835
      vertex 9.27188 -1.48136 51.4703
    endloop
  endfacet
  facet normal -0.649458 -0.260069 -0.714541
    outer loop
      vertex 10.529 -1.0514 52.6516
      vertex 10.6364 9.81766 48.598
      vertex 10.6364 -1.08277 52.5654
    endloop
  endfacet
  facet normal -0.649458 -0.260069 -0.714541
    outer loop
      vertex 10.6364 9.81766 48.598
      vertex 10.529 -1.0514 52.6516
      vertex 10.529 9.84903 48.6842
    endloop
  endfacet
  facet normal 0.923747 0.191502 0.331691
    outer loop
      vertex -10.856 -0.584952 27.5591
      vertex -10.8019 9.3957 21.6461
      vertex -10.856 9.46094 21.7591
    endloop
  endfacet
  facet normal 0.923746 0.191503 0.331693
    outer loop
      vertex -10.8019 9.3957 21.6461
      vertex -10.856 -0.584952 27.5591
      vertex -10.8019 -0.65019 27.4461
    endloop
  endfacet
  facet normal -0.972392 0.116677 0.20209
    outer loop
      vertex -9.14405 9.46094 21.7591
      vertex -9.11108 -0.51629 27.6781
      vertex -9.11108 9.5296 21.8781
    endloop
  endfacet
  facet normal -0.972392 0.116676 0.202089
    outer loop
      vertex -9.11108 -0.51629 27.6781
      vertex -9.14405 9.46094 21.7591
      vertex -9.14405 -0.584952 27.5591
    endloop
  endfacet
  facet normal -0.996917 0.0392341 0.0679554
    outer loop
      vertex -9.11108 9.5296 21.8781
      vertex -9.1 -0.445894 27.8
      vertex -9.1 9.6 22
    endloop
  endfacet
  facet normal -0.996917 0.0392346 0.0679563
    outer loop
      vertex -9.1 -0.445894 27.8
      vertex -9.11108 9.5296 21.8781
      vertex -9.11108 -0.51629 27.6781
    endloop
  endfacet
  facet normal -0.923897 0.191321 0.331377
    outer loop
      vertex -9.19809 9.3957 21.6461
      vertex -9.14405 -0.584952 27.5591
      vertex -9.14405 9.46094 21.7591
    endloop
  endfacet
  facet normal -0.923896 0.191322 0.331379
    outer loop
      vertex -9.14405 -0.584952 27.5591
      vertex -9.19809 9.3957 21.6461
      vertex -9.19809 -0.65019 27.4461
    endloop
  endfacet
  facet normal -0.522463 -0.426331 -0.738427
    outer loop
      vertex -9.59141 -0.0449414 28.4945
      vertex -9.47099 9.96406 22.6306
      vertex -9.47099 -0.0818366 28.4306
    endloop
  endfacet
  facet normal -0.522579 -0.426294 -0.738366
    outer loop
      vertex -9.47099 9.96406 22.6306
      vertex -9.59141 -0.0449414 28.4945
      vertex -9.59141 10.001 22.6945
    endloop
  endfacet
  facet normal -0.972392 -0.116677 -0.20209
    outer loop
      vertex -9.11108 9.6704 22.1219
      vertex -9.14405 -0.306837 28.0409
      vertex -9.14405 9.73906 22.2409
    endloop
  endfacet
  facet normal -0.972392 -0.116676 -0.202089
    outer loop
      vertex -9.14405 -0.306837 28.0409
      vertex -9.11108 9.6704 22.1219
      vertex -9.11108 -0.375499 27.9219
    endloop
  endfacet
  facet normal -0.382676 -0.46194 -0.800107
    outer loop
      vertex -9.72188 -0.017919 28.5413
      vertex -9.59141 10.001 22.6945
      vertex -9.59141 -0.0449414 28.4945
    endloop
  endfacet
  facet normal -0.382608 -0.461955 -0.800131
    outer loop
      vertex -9.59141 10.001 22.6945
      vertex -9.72188 -0.017919 28.5413
      vertex -9.72188 10.028 22.7413
    endloop
  endfacet
  facet normal 0.382624 0.461952 0.800125
    outer loop
      vertex -10.4086 -0.846847 27.1055
      vertex -10.2781 9.17202 21.2587
      vertex -10.4086 9.19905 21.3055
    endloop
  endfacet
  facet normal 0.3826 0.461957 0.800133
    outer loop
      vertex -10.2781 9.17202 21.2587
      vertex -10.4086 -0.846847 27.1055
      vertex -10.2781 -0.873869 27.0587
    endloop
  endfacet
  facet normal 0.382601 -0.461955 -0.800134
    outer loop
      vertex -10.4086 10.001 22.6945
      vertex -10.2781 -0.017919 28.5413
      vertex -10.4086 -0.0449414 28.4945
    endloop
  endfacet
  facet normal 0.382533 -0.46197 -0.800158
    outer loop
      vertex -10.2781 -0.017919 28.5413
      vertex -10.4086 10.001 22.6945
      vertex -10.2781 10.028 22.7413
    endloop
  endfacet
  facet normal 0.522513 0.426316 0.7384
    outer loop
      vertex -10.529 -0.809952 27.1694
      vertex -10.4086 9.19905 21.3055
      vertex -10.529 9.23594 21.3694
    endloop
  endfacet
  facet normal 0.522526 0.426312 0.738394
    outer loop
      vertex -10.4086 9.19905 21.3055
      vertex -10.529 -0.809952 27.1694
      vertex -10.4086 -0.846847 27.1055
    endloop
  endfacet
  facet normal -0.649691 0.380099 0.658351
    outer loop
      vertex -9.47099 9.23594 21.3694
      vertex -9.3636 -0.764092 27.2489
      vertex -9.3636 9.2818 21.4489
    endloop
  endfacet
  facet normal -0.649691 0.380099 0.658351
    outer loop
      vertex -9.3636 -0.764092 27.2489
      vertex -9.47099 9.23594 21.3694
      vertex -9.47099 -0.809952 27.1694
    endloop
  endfacet
  facet normal 0.23317 0.486218 0.842154
    outer loop
      vertex -10.2781 -0.873869 27.0587
      vertex -10.1408 9.15554 21.2302
      vertex -10.2781 9.17202 21.2587
    endloop
  endfacet
  facet normal 0.233187 0.486216 0.842151
    outer loop
      vertex -10.1408 9.15554 21.2302
      vertex -10.2781 -0.873869 27.0587
      vertex -10.1408 -0.890354 27.0302
    endloop
  endfacet
  facet normal 0.923747 -0.191502 -0.331691
    outer loop
      vertex -10.8019 -0.241599 28.1539
      vertex -10.856 9.73906 22.2409
      vertex -10.8019 9.8043 22.3539
    endloop
  endfacet
  facet normal 0.923746 -0.191503 -0.331693
    outer loop
      vertex -10.856 9.73906 22.2409
      vertex -10.8019 -0.241599 28.1539
      vertex -10.856 -0.306837 28.0409
    endloop
  endfacet
  facet normal 0.0784777 0.498458 0.863354
    outer loop
      vertex -10.1408 -0.890354 27.0302
      vertex -10 9.15 21.2206
      vertex -10.1408 9.15554 21.2302
    endloop
  endfacet
  facet normal 0.0784777 0.498458 0.863354
    outer loop
      vertex -10 9.15 21.2206
      vertex -10.1408 -0.890354 27.0302
      vertex -10 -0.895894 27.0206
    endloop
  endfacet
  facet normal 0.233184 -0.486215 -0.842152
    outer loop
      vertex -10.2781 10.028 22.7413
      vertex -10.1408 -0.00143475 28.5698
      vertex -10.2781 -0.017919 28.5413
    endloop
  endfacet
  facet normal 0.233237 -0.486208 -0.842141
    outer loop
      vertex -10.1408 -0.00143475 28.5698
      vertex -10.2781 10.028 22.7413
      vertex -10.1408 10.0445 22.7698
    endloop
  endfacet
  facet normal -1.44726e-05 0.866019 -0.500011
    outer loop
      vertex -10 -0.895894 27.0206
      vertex -10 0.00410562 28.5794
      vertex -9.85921 -0.00143475 28.5698
    endloop
  endfacet
  facet normal 0.000184123 0.866018 -0.500013
    outer loop
      vertex -9.85921 -0.890354 27.0302
      vertex -9.85921 -0.00143475 28.5698
      vertex -9.72188 -0.017919 28.5413
    endloop
  endfacet
  facet normal 1.44716e-05 0.866019 -0.500011
    outer loop
      vertex -10 0.00410562 28.5794
      vertex -10 -0.895894 27.0206
      vertex -10.1408 -0.00143475 28.5698
    endloop
  endfacet
  facet normal 2.21629e-05 0.866033 -0.499987
    outer loop
      vertex -9.72188 -0.873869 27.0587
      vertex -9.72188 -0.017919 28.5413
      vertex -9.59141 -0.0449414 28.4945
    endloop
  endfacet
  facet normal -1.6942e-05 0.866018 -0.500013
    outer loop
      vertex -10.1408 -0.890354 27.0302
      vertex -10.1408 -0.00143475 28.5698
      vertex -10 -0.895894 27.0206
    endloop
  endfacet
  facet normal 2.93313e-05 0.866035 -0.499984
    outer loop
      vertex -9.59141 -0.846847 27.1055
      vertex -9.59141 -0.0449414 28.4945
      vertex -9.47099 -0.0818366 28.4306
    endloop
  endfacet
  facet normal -0.000184164 0.866018 -0.500013
    outer loop
      vertex -10.1408 -0.00143475 28.5698
      vertex -10.1408 -0.890354 27.0302
      vertex -10.2781 -0.017919 28.5413
    endloop
  endfacet
  facet normal -0.000302441 0.866037 -0.49998
    outer loop
      vertex -9.47099 -0.809952 27.1694
      vertex -9.47099 -0.0818366 28.4306
      vertex -9.3636 -0.127696 28.3511
    endloop
  endfacet
  facet normal 0.000196069 0.866033 -0.499987
    outer loop
      vertex -10.2781 -0.873869 27.0587
      vertex -10.2781 -0.017919 28.5413
      vertex -10.1408 -0.890354 27.0302
    endloop
  endfacet
  facet normal -1.88376e-05 0.866012 -0.500024
    outer loop
      vertex -9.3636 -0.764092 27.2489
      vertex -9.3636 -0.127696 28.3511
      vertex -9.27188 -0.181391 28.2581
    endloop
  endfacet
  facet normal -2.21578e-05 0.866033 -0.499987
    outer loop
      vertex -10.2781 -0.017919 28.5413
      vertex -10.2781 -0.873869 27.0587
      vertex -10.4086 -0.0449414 28.4945
    endloop
  endfacet
  facet normal 0.000514233 0.86601 -0.500027
    outer loop
      vertex -9.27188 -0.710397 27.3419
      vertex -9.27188 -0.181391 28.2581
      vertex -9.19809 -0.241599 28.1539
    endloop
  endfacet
  facet normal 2.0907e-05 0.866035 -0.499984
    outer loop
      vertex -10.4086 -0.846847 27.1055
      vertex -10.4086 -0.0449414 28.4945
      vertex -10.2781 -0.873869 27.0587
    endloop
  endfacet
  facet normal 0.000105816 0.866056 -0.499947
    outer loop
      vertex -9.19809 -0.65019 27.4461
      vertex -9.19809 -0.241599 28.1539
      vertex -9.14405 -0.306837 28.0409
    endloop
  endfacet
  facet normal -2.93362e-05 0.866035 -0.499984
    outer loop
      vertex -10.4086 -0.0449414 28.4945
      vertex -10.4086 -0.846847 27.1055
      vertex -10.529 -0.0818366 28.4306
    endloop
  endfacet
  facet normal -0.000626895 0.866085 -0.499897
    outer loop
      vertex -9.19809 -0.65019 27.4461
      vertex -9.14405 -0.306837 28.0409
      vertex -9.11108 -0.375499 27.9219
    endloop
  endfacet
  facet normal 3.07975e-05 0.866037 -0.49998
    outer loop
      vertex -10.529 -0.809952 27.1694
      vertex -10.529 -0.0818366 28.4306
      vertex -10.4086 -0.846847 27.1055
    endloop
  endfacet
  facet normal 0.000496749 0.865996 -0.500051
    outer loop
      vertex -9.19809 -0.65019 27.4461
      vertex -9.11108 -0.375499 27.9219
      vertex -9.1 -0.445894 27.8
    endloop
  endfacet
  facet normal 0.000302413 0.866037 -0.49998
    outer loop
      vertex -10.529 -0.0818366 28.4306
      vertex -10.529 -0.809952 27.1694
      vertex -10.6364 -0.127696 28.3511
    endloop
  endfacet
  facet normal 0.00231697 0.86588 -0.500247
    outer loop
      vertex -9.14405 -0.584952 27.5591
      vertex -9.1 -0.445894 27.8
      vertex -9.11108 -0.51629 27.6781
    endloop
  endfacet
  facet normal 1.69432e-05 0.866018 -0.500013
    outer loop
      vertex -9.85921 -0.00143475 28.5698
      vertex -9.85921 -0.890354 27.0302
      vertex -10 -0.895894 27.0206
    endloop
  endfacet
  facet normal -0.00024561 0.866085 -0.499897
    outer loop
      vertex -9.19809 -0.65019 27.4461
      vertex -9.1 -0.445894 27.8
      vertex -9.14405 -0.584952 27.5591
    endloop
  endfacet
  facet normal -0.000340841 0.866012 -0.500024
    outer loop
      vertex -10.6364 -0.764092 27.2489
      vertex -10.6364 -0.127696 28.3511
      vertex -10.529 -0.809952 27.1694
    endloop
  endfacet
  facet normal -0.000652211 0.866056 -0.499947
    outer loop
      vertex -9.19809 -0.241599 28.1539
      vertex -9.19809 -0.65019 27.4461
      vertex -9.27188 -0.710397 27.3419
    endloop
  endfacet
  facet normal 1.88417e-05 0.866012 -0.500024
    outer loop
      vertex -10.6364 -0.127696 28.3511
      vertex -10.6364 -0.764092 27.2489
      vertex -10.7281 -0.181391 28.2581
    endloop
  endfacet
  facet normal 2.26618e-05 0.86601 -0.500027
    outer loop
      vertex -9.27188 -0.181391 28.2581
      vertex -9.27188 -0.710397 27.3419
      vertex -9.3636 -0.764092 27.2489
    endloop
  endfacet
  facet normal -2.26667e-05 0.86601 -0.500027
    outer loop
      vertex -10.7281 -0.710397 27.3419
      vertex -10.7281 -0.181391 28.2581
      vertex -10.6364 -0.764092 27.2489
    endloop
  endfacet
  facet normal 0.000340873 0.866012 -0.500024
    outer loop
      vertex -9.3636 -0.127696 28.3511
      vertex -9.3636 -0.764092 27.2489
      vertex -9.47099 -0.809952 27.1694
    endloop
  endfacet
  facet normal -0.000196026 0.866033 -0.499987
    outer loop
      vertex -9.72188 -0.017919 28.5413
      vertex -9.72188 -0.873869 27.0587
      vertex -9.85921 -0.890354 27.0302
    endloop
  endfacet
  facet normal -3.07923e-05 0.866037 -0.49998
    outer loop
      vertex -9.47099 -0.0818366 28.4306
      vertex -9.47099 -0.809952 27.1694
      vertex -9.59141 -0.846847 27.1055
    endloop
  endfacet
  facet normal -2.09118e-05 0.866035 -0.499984
    outer loop
      vertex -9.59141 -0.0449414 28.4945
      vertex -9.59141 -0.846847 27.1055
      vertex -9.72188 -0.873869 27.0587
    endloop
  endfacet
  facet normal 0.000652123 0.866056 -0.499947
    outer loop
      vertex -10.8019 -0.65019 27.4461
      vertex -10.8019 -0.241599 28.1539
      vertex -10.7281 -0.710397 27.3419
    endloop
  endfacet
  facet normal 0.000244997 0.866085 -0.499897
    outer loop
      vertex -10.9 -0.445894 27.8
      vertex -10.8019 -0.65019 27.4461
      vertex -10.856 -0.584952 27.5591
    endloop
  endfacet
  facet normal -0.00232637 0.865879 -0.500248
    outer loop
      vertex -10.9 -0.445894 27.8
      vertex -10.856 -0.584952 27.5591
      vertex -10.8889 -0.51629 27.6781
    endloop
  endfacet
  facet normal -0.00049649 0.865996 -0.500051
    outer loop
      vertex -10.8889 -0.375499 27.9219
      vertex -10.8019 -0.65019 27.4461
      vertex -10.9 -0.445894 27.8
    endloop
  endfacet
  facet normal -0.000105699 0.866056 -0.499947
    outer loop
      vertex -10.8019 -0.241599 28.1539
      vertex -10.8019 -0.65019 27.4461
      vertex -10.856 -0.306837 28.0409
    endloop
  endfacet
  facet normal 0.000627727 0.866085 -0.499897
    outer loop
      vertex -10.856 -0.306837 28.0409
      vertex -10.8019 -0.65019 27.4461
      vertex -10.8889 -0.375499 27.9219
    endloop
  endfacet
  facet normal -0.000514163 0.86601 -0.500027
    outer loop
      vertex -10.7281 -0.181391 28.2581
      vertex -10.7281 -0.710397 27.3419
      vertex -10.8019 -0.241599 28.1539
    endloop
  endfacet
  facet normal -0.923897 -0.191321 -0.331377
    outer loop
      vertex -9.14405 9.73906 22.2409
      vertex -9.19809 -0.241599 28.1539
      vertex -9.19809 9.8043 22.3539
    endloop
  endfacet
  facet normal -0.923896 -0.191322 -0.331379
    outer loop
      vertex -9.19809 -0.241599 28.1539
      vertex -9.14405 9.73906 22.2409
      vertex -9.14405 -0.306837 28.0409
    endloop
  endfacet
  facet normal 0.760476 -0.324683 -0.562367
    outer loop
      vertex -10.6364 -0.127696 28.3511
      vertex -10.7281 9.8645 22.4581
      vertex -10.6364 9.9182 22.5511
    endloop
  endfacet
  facet normal 0.760469 -0.324687 -0.562375
    outer loop
      vertex -10.7281 9.8645 22.4581
      vertex -10.6364 -0.127696 28.3511
      vertex -10.7281 -0.181391 28.2581
    endloop
  endfacet
  facet normal 0.649656 0.380114 0.658377
    outer loop
      vertex -10.6364 -0.764092 27.2489
      vertex -10.529 9.23594 21.3694
      vertex -10.6364 9.2818 21.4489
    endloop
  endfacet
  facet normal 0.649656 0.380114 0.658377
    outer loop
      vertex -10.529 9.23594 21.3694
      vertex -10.6364 -0.764092 27.2489
      vertex -10.529 -0.809952 27.1694
    endloop
  endfacet
  facet normal -0.0784845 -0.498456 -0.863355
    outer loop
      vertex -10 0.00410562 28.5794
      vertex -9.85921 10.0445 22.7698
      vertex -9.85921 -0.00143475 28.5698
    endloop
  endfacet
  facet normal -0.0783425 -0.498463 -0.863364
    outer loop
      vertex -9.85921 10.0445 22.7698
      vertex -10 0.00410562 28.5794
      vertex -10 10.05 22.7794
    endloop
  endfacet
  facet normal 0.649655 -0.380115 -0.658378
    outer loop
      vertex -10.6364 9.9182 22.5511
      vertex -10.529 -0.0818366 28.4306
      vertex -10.6364 -0.127696 28.3511
    endloop
  endfacet
  facet normal 0.649656 -0.380114 -0.658377
    outer loop
      vertex -10.529 -0.0818366 28.4306
      vertex -10.6364 9.9182 22.5511
      vertex -10.529 9.96406 22.6306
    endloop
  endfacet
  facet normal -0.852496 -0.261367 -0.452701
    outer loop
      vertex -9.19809 9.8043 22.3539
      vertex -9.27188 -0.181391 28.2581
      vertex -9.27188 9.8645 22.4581
    endloop
  endfacet
  facet normal -0.852504 -0.26136 -0.45269
    outer loop
      vertex -9.27188 -0.181391 28.2581
      vertex -9.19809 9.8043 22.3539
      vertex -9.19809 -0.241599 28.1539
    endloop
  endfacet
  facet normal -0.852496 0.261367 0.452701
    outer loop
      vertex -9.27188 9.3355 21.5419
      vertex -9.19809 -0.65019 27.4461
      vertex -9.19809 9.3957 21.6461
    endloop
  endfacet
  facet normal -0.852503 0.261361 0.452691
    outer loop
      vertex -9.19809 -0.65019 27.4461
      vertex -9.27188 9.3355 21.5419
      vertex -9.27188 -0.710397 27.3419
    endloop
  endfacet
  facet normal -0.760406 0.324724 0.562438
    outer loop
      vertex -9.3636 9.2818 21.4489
      vertex -9.27188 -0.710397 27.3419
      vertex -9.27188 9.3355 21.5419
    endloop
  endfacet
  facet normal -0.760399 0.324728 0.562446
    outer loop
      vertex -9.27188 -0.710397 27.3419
      vertex -9.3636 9.2818 21.4489
      vertex -9.3636 -0.764092 27.2489
    endloop
  endfacet
  facet normal 0.760476 0.324683 0.562367
    outer loop
      vertex -10.7281 -0.710397 27.3419
      vertex -10.6364 9.2818 21.4489
      vertex -10.7281 9.3355 21.5419
    endloop
  endfacet
  facet normal 0.760469 0.324687 0.562375
    outer loop
      vertex -10.6364 9.2818 21.4489
      vertex -10.7281 -0.710397 27.3419
      vertex -10.6364 -0.764092 27.2489
    endloop
  endfacet
  facet normal -0.0784832 0.498458 0.863354
    outer loop
      vertex -10 9.15 21.2206
      vertex -9.85921 -0.890354 27.0302
      vertex -9.85921 9.15554 21.2302
    endloop
  endfacet
  facet normal -0.0784832 0.498458 0.863354
    outer loop
      vertex -9.85921 -0.890354 27.0302
      vertex -10 9.15 21.2206
      vertex -10 -0.895894 27.0206
    endloop
  endfacet
  facet normal -0.382699 0.461937 0.800098
    outer loop
      vertex -9.72188 9.17202 21.2587
      vertex -9.59141 -0.846847 27.1055
      vertex -9.59141 9.19905 21.3055
    endloop
  endfacet
  facet normal -0.382675 0.461942 0.800106
    outer loop
      vertex -9.59141 -0.846847 27.1055
      vertex -9.72188 9.17202 21.2587
      vertex -9.72188 -0.873869 27.0587
    endloop
  endfacet
  facet normal 0.972504 0.116443 0.201684
    outer loop
      vertex -10.8889 -0.51629 27.6781
      vertex -10.856 9.46094 21.7591
      vertex -10.8889 9.5296 21.8781
    endloop
  endfacet
  facet normal 0.972505 0.116442 0.201683
    outer loop
      vertex -10.856 9.46094 21.7591
      vertex -10.8889 -0.51629 27.6781
      vertex -10.856 -0.584952 27.5591
    endloop
  endfacet
  facet normal -0.52245 0.426335 0.738434
    outer loop
      vertex -9.59141 9.19905 21.3055
      vertex -9.47099 -0.809952 27.1694
      vertex -9.47099 9.23594 21.3694
    endloop
  endfacet
  facet normal -0.522463 0.426331 0.738427
    outer loop
      vertex -9.47099 -0.809952 27.1694
      vertex -9.59141 9.19905 21.3055
      vertex -9.59141 -0.846847 27.1055
    endloop
  endfacet
  facet normal -0.233136 -0.486221 -0.842162
    outer loop
      vertex -9.85921 -0.00143475 28.5698
      vertex -9.72188 10.028 22.7413
      vertex -9.72188 -0.017919 28.5413
    endloop
  endfacet
  facet normal -0.233189 -0.486214 -0.842151
    outer loop
      vertex -9.72188 10.028 22.7413
      vertex -9.85921 -0.00143475 28.5698
      vertex -9.85921 10.0445 22.7698
    endloop
  endfacet
  facet normal -0.996917 -0.039234 -0.0679554
    outer loop
      vertex -9.1 9.6 22
      vertex -9.11108 -0.375499 27.9219
      vertex -9.11108 9.6704 22.1219
    endloop
  endfacet
  facet normal -0.996917 -0.0392347 -0.0679566
    outer loop
      vertex -9.11108 -0.375499 27.9219
      vertex -9.1 9.6 22
      vertex -9.1 -0.445894 27.8
    endloop
  endfacet
  facet normal -0.760406 -0.324724 -0.562438
    outer loop
      vertex -9.27188 9.8645 22.4581
      vertex -9.3636 -0.127696 28.3511
      vertex -9.3636 9.9182 22.5511
    endloop
  endfacet
  facet normal -0.760399 -0.324728 -0.562446
    outer loop
      vertex -9.3636 -0.127696 28.3511
      vertex -9.27188 9.8645 22.4581
      vertex -9.27188 -0.181391 28.2581
    endloop
  endfacet
  facet normal 0.852465 -0.261393 -0.452745
    outer loop
      vertex -10.7281 -0.181391 28.2581
      vertex -10.8019 9.8043 22.3539
      vertex -10.7281 9.8645 22.4581
    endloop
  endfacet
  facet normal 0.852472 -0.261386 -0.452734
    outer loop
      vertex -10.8019 9.8043 22.3539
      vertex -10.7281 -0.181391 28.2581
      vertex -10.8019 -0.241599 28.1539
    endloop
  endfacet
  facet normal 0.996906 -0.0393044 -0.0680773
    outer loop
      vertex -10.8889 -0.375499 27.9219
      vertex -10.9 9.6 22
      vertex -10.8889 9.6704 22.1219
    endloop
  endfacet
  facet normal 0.996905 -0.0393051 -0.0680785
    outer loop
      vertex -10.9 9.6 22
      vertex -10.8889 -0.375499 27.9219
      vertex -10.9 -0.445894 27.8
    endloop
  endfacet
  facet normal 0.078479 -0.498456 -0.863355
    outer loop
      vertex -10.1408 10.0445 22.7698
      vertex -10 0.00410562 28.5794
      vertex -10.1408 -0.00143475 28.5698
    endloop
  endfacet
  facet normal 0.078337 -0.498463 -0.863364
    outer loop
      vertex -10 0.00410562 28.5794
      vertex -10.1408 10.0445 22.7698
      vertex -10 10.05 22.7794
    endloop
  endfacet
  facet normal 0.972504 -0.116443 -0.201684
    outer loop
      vertex -10.856 -0.306837 28.0409
      vertex -10.8889 9.6704 22.1219
      vertex -10.856 9.73906 22.2409
    endloop
  endfacet
  facet normal 0.972505 -0.116442 -0.201683
    outer loop
      vertex -10.8889 9.6704 22.1219
      vertex -10.856 -0.306837 28.0409
      vertex -10.8889 -0.375499 27.9219
    endloop
  endfacet
  facet normal -0.233122 0.486224 0.842164
    outer loop
      vertex -9.85921 9.15554 21.2302
      vertex -9.72188 -0.873869 27.0587
      vertex -9.72188 9.17202 21.2587
    endloop
  endfacet
  facet normal -0.233139 0.486222 0.842161
    outer loop
      vertex -9.72188 -0.873869 27.0587
      vertex -9.85921 9.15554 21.2302
      vertex -9.85921 -0.890354 27.0302
    endloop
  endfacet
  facet normal 0.522526 -0.426311 -0.738393
    outer loop
      vertex -10.529 9.96406 22.6306
      vertex -10.4086 -0.0449414 28.4945
      vertex -10.529 -0.0818366 28.4306
    endloop
  endfacet
  facet normal 0.522642 -0.426275 -0.738333
    outer loop
      vertex -10.4086 -0.0449414 28.4945
      vertex -10.529 9.96406 22.6306
      vertex -10.4086 10.001 22.6945
    endloop
  endfacet
  facet normal 0.996895 0.0393697 0.0681903
    outer loop
      vertex -10.9 -0.445894 27.8
      vertex -10.889 9.53035 21.8794
      vertex -10.9 9.6 22
    endloop
  endfacet
  facet normal 0.996905 0.0393036 0.068079
    outer loop
      vertex -10.8889 -0.51629 27.6781
      vertex -10.889 9.53035 21.8794
      vertex -10.9 -0.445894 27.8
    endloop
  endfacet
  facet normal 0.997788 0.0332411 0.0575753
    outer loop
      vertex -10.889 9.53035 21.8794
      vertex -10.8889 -0.51629 27.6781
      vertex -10.8889 9.5296 21.8781
    endloop
  endfacet
  facet normal 0.852465 0.261393 0.452745
    outer loop
      vertex -10.8019 -0.65019 27.4461
      vertex -10.7281 9.3355 21.5419
      vertex -10.8019 9.3957 21.6461
    endloop
  endfacet
  facet normal 0.852471 0.261387 0.452736
    outer loop
      vertex -10.7281 9.3355 21.5419
      vertex -10.8019 -0.65019 27.4461
      vertex -10.7281 -0.710397 27.3419
    endloop
  endfacet
  facet normal -0.649689 -0.3801 -0.658352
    outer loop
      vertex -9.47099 -0.0818366 28.4306
      vertex -9.3636 9.9182 22.5511
      vertex -9.3636 -0.127696 28.3511
    endloop
  endfacet
  facet normal -0.649691 -0.380099 -0.658351
    outer loop
      vertex -9.3636 9.9182 22.5511
      vertex -9.47099 -0.0818366 28.4306
      vertex -9.47099 9.96406 22.6306
    endloop
  endfacet
  facet normal 0.923897 0.191321 0.331377
    outer loop
      vertex 9.14405 -0.584952 27.5591
      vertex 9.19809 9.3957 21.6461
      vertex 9.14405 9.46094 21.7591
    endloop
  endfacet
  facet normal 0.923896 0.191322 0.331379
    outer loop
      vertex 9.19809 9.3957 21.6461
      vertex 9.14405 -0.584952 27.5591
      vertex 9.19809 -0.65019 27.4461
    endloop
  endfacet
  facet normal -0.972504 0.116443 0.201684
    outer loop
      vertex 10.856 9.46094 21.7591
      vertex 10.8889 -0.51629 27.6781
      vertex 10.8889 9.5296 21.8781
    endloop
  endfacet
  facet normal -0.972505 0.116442 0.201683
    outer loop
      vertex 10.8889 -0.51629 27.6781
      vertex 10.856 9.46094 21.7591
      vertex 10.856 -0.584952 27.5591
    endloop
  endfacet
  facet normal -0.996895 0.0393697 0.0681903
    outer loop
      vertex 10.889 9.53035 21.8794
      vertex 10.9 -0.445894 27.8
      vertex 10.9 9.6 22
    endloop
  endfacet
  facet normal -0.997788 0.0332411 0.0575753
    outer loop
      vertex 10.8889 -0.51629 27.6781
      vertex 10.889 9.53035 21.8794
      vertex 10.8889 9.5296 21.8781
    endloop
  endfacet
  facet normal -0.996905 0.0393036 0.068079
    outer loop
      vertex 10.889 9.53035 21.8794
      vertex 10.8889 -0.51629 27.6781
      vertex 10.9 -0.445894 27.8
    endloop
  endfacet
  facet normal -0.923747 0.191502 0.331691
    outer loop
      vertex 10.8019 9.3957 21.6461
      vertex 10.856 -0.584952 27.5591
      vertex 10.856 9.46094 21.7591
    endloop
  endfacet
  facet normal -0.923746 0.191503 0.331693
    outer loop
      vertex 10.856 -0.584952 27.5591
      vertex 10.8019 9.3957 21.6461
      vertex 10.8019 -0.65019 27.4461
    endloop
  endfacet
  facet normal -0.522526 -0.426311 -0.738393
    outer loop
      vertex 10.4086 -0.0449414 28.4945
      vertex 10.529 9.96406 22.6306
      vertex 10.529 -0.0818366 28.4306
    endloop
  endfacet
  facet normal -0.522642 -0.426275 -0.738333
    outer loop
      vertex 10.529 9.96406 22.6306
      vertex 10.4086 -0.0449414 28.4945
      vertex 10.4086 10.001 22.6945
    endloop
  endfacet
  facet normal -0.972504 -0.116443 -0.201684
    outer loop
      vertex 10.8889 9.6704 22.1219
      vertex 10.856 -0.306837 28.0409
      vertex 10.856 9.73906 22.2409
    endloop
  endfacet
  facet normal -0.972505 -0.116442 -0.201683
    outer loop
      vertex 10.856 -0.306837 28.0409
      vertex 10.8889 9.6704 22.1219
      vertex 10.8889 -0.375499 27.9219
    endloop
  endfacet
  facet normal -0.382601 -0.461955 -0.800134
    outer loop
      vertex 10.2781 -0.017919 28.5413
      vertex 10.4086 10.001 22.6945
      vertex 10.4086 -0.0449414 28.4945
    endloop
  endfacet
  facet normal -0.382533 -0.46197 -0.800158
    outer loop
      vertex 10.4086 10.001 22.6945
      vertex 10.2781 -0.017919 28.5413
      vertex 10.2781 10.028 22.7413
    endloop
  endfacet
  facet normal 0.382699 0.461937 0.800098
    outer loop
      vertex 9.59141 -0.846847 27.1055
      vertex 9.72188 9.17202 21.2587
      vertex 9.59141 9.19905 21.3055
    endloop
  endfacet
  facet normal 0.382675 0.461942 0.800106
    outer loop
      vertex 9.72188 9.17202 21.2587
      vertex 9.59141 -0.846847 27.1055
      vertex 9.72188 -0.873869 27.0587
    endloop
  endfacet
  facet normal 0.382676 -0.46194 -0.800107
    outer loop
      vertex 9.59141 10.001 22.6945
      vertex 9.72188 -0.017919 28.5413
      vertex 9.59141 -0.0449414 28.4945
    endloop
  endfacet
  facet normal 0.382608 -0.461955 -0.800131
    outer loop
      vertex 9.72188 -0.017919 28.5413
      vertex 9.59141 10.001 22.6945
      vertex 9.72188 10.028 22.7413
    endloop
  endfacet
  facet normal 0.52245 0.426335 0.738434
    outer loop
      vertex 9.47099 -0.809952 27.1694
      vertex 9.59141 9.19905 21.3055
      vertex 9.47099 9.23594 21.3694
    endloop
  endfacet
  facet normal 0.522463 0.426331 0.738427
    outer loop
      vertex 9.59141 9.19905 21.3055
      vertex 9.47099 -0.809952 27.1694
      vertex 9.59141 -0.846847 27.1055
    endloop
  endfacet
  facet normal -0.649656 0.380114 0.658377
    outer loop
      vertex 10.529 9.23594 21.3694
      vertex 10.6364 -0.764092 27.2489
      vertex 10.6364 9.2818 21.4489
    endloop
  endfacet
  facet normal -0.649656 0.380114 0.658377
    outer loop
      vertex 10.6364 -0.764092 27.2489
      vertex 10.529 9.23594 21.3694
      vertex 10.529 -0.809952 27.1694
    endloop
  endfacet
  facet normal 0.233122 0.486224 0.842164
    outer loop
      vertex 9.72188 -0.873869 27.0587
      vertex 9.85921 9.15554 21.2302
      vertex 9.72188 9.17202 21.2587
    endloop
  endfacet
  facet normal 0.233139 0.486222 0.842161
    outer loop
      vertex 9.85921 9.15554 21.2302
      vertex 9.72188 -0.873869 27.0587
      vertex 9.85921 -0.890354 27.0302
    endloop
  endfacet
  facet normal 0.923897 -0.191321 -0.331377
    outer loop
      vertex 9.19809 -0.241599 28.1539
      vertex 9.14405 9.73906 22.2409
      vertex 9.19809 9.8043 22.3539
    endloop
  endfacet
  facet normal 0.923896 -0.191322 -0.331379
    outer loop
      vertex 9.14405 9.73906 22.2409
      vertex 9.19809 -0.241599 28.1539
      vertex 9.14405 -0.306837 28.0409
    endloop
  endfacet
  facet normal 0.0784832 0.498458 0.863354
    outer loop
      vertex 9.85921 -0.890354 27.0302
      vertex 10 9.15 21.2206
      vertex 9.85921 9.15554 21.2302
    endloop
  endfacet
  facet normal 0.0784832 0.498458 0.863354
    outer loop
      vertex 10 9.15 21.2206
      vertex 9.85921 -0.890354 27.0302
      vertex 10 -0.895894 27.0206
    endloop
  endfacet
  facet normal 0.233136 -0.486221 -0.842162
    outer loop
      vertex 9.72188 10.028 22.7413
      vertex 9.85921 -0.00143475 28.5698
      vertex 9.72188 -0.017919 28.5413
    endloop
  endfacet
  facet normal 0.233189 -0.486214 -0.842151
    outer loop
      vertex 9.85921 -0.00143475 28.5698
      vertex 9.72188 10.028 22.7413
      vertex 9.85921 10.0445 22.7698
    endloop
  endfacet
  facet normal -1.44716e-05 0.866019 -0.500011
    outer loop
      vertex 10 -0.895894 27.0206
      vertex 10 0.00410562 28.5794
      vertex 10.1408 -0.00143475 28.5698
    endloop
  endfacet
  facet normal 0.000184164 0.866018 -0.500013
    outer loop
      vertex 10.1408 -0.890354 27.0302
      vertex 10.1408 -0.00143475 28.5698
      vertex 10.2781 -0.017919 28.5413
    endloop
  endfacet
  facet normal 1.44726e-05 0.866019 -0.500011
    outer loop
      vertex 10 0.00410562 28.5794
      vertex 10 -0.895894 27.0206
      vertex 9.85921 -0.00143475 28.5698
    endloop
  endfacet
  facet normal 2.21578e-05 0.866033 -0.499987
    outer loop
      vertex 10.2781 -0.873869 27.0587
      vertex 10.2781 -0.017919 28.5413
      vertex 10.4086 -0.0449414 28.4945
    endloop
  endfacet
  facet normal -1.69432e-05 0.866018 -0.500013
    outer loop
      vertex 9.85921 -0.890354 27.0302
      vertex 9.85921 -0.00143475 28.5698
      vertex 10 -0.895894 27.0206
    endloop
  endfacet
  facet normal 2.93362e-05 0.866035 -0.499984
    outer loop
      vertex 10.4086 -0.846847 27.1055
      vertex 10.4086 -0.0449414 28.4945
      vertex 10.529 -0.0818366 28.4306
    endloop
  endfacet
  facet normal -0.000184123 0.866018 -0.500013
    outer loop
      vertex 9.85921 -0.00143475 28.5698
      vertex 9.85921 -0.890354 27.0302
      vertex 9.72188 -0.017919 28.5413
    endloop
  endfacet
  facet normal -0.000302413 0.866037 -0.49998
    outer loop
      vertex 10.529 -0.809952 27.1694
      vertex 10.529 -0.0818366 28.4306
      vertex 10.6364 -0.127696 28.3511
    endloop
  endfacet
  facet normal 0.000196026 0.866033 -0.499987
    outer loop
      vertex 9.72188 -0.873869 27.0587
      vertex 9.72188 -0.017919 28.5413
      vertex 9.85921 -0.890354 27.0302
    endloop
  endfacet
  facet normal -1.88417e-05 0.866012 -0.500024
    outer loop
      vertex 10.6364 -0.764092 27.2489
      vertex 10.6364 -0.127696 28.3511
      vertex 10.7281 -0.181391 28.2581
    endloop
  endfacet
  facet normal -2.21629e-05 0.866033 -0.499987
    outer loop
      vertex 9.72188 -0.017919 28.5413
      vertex 9.72188 -0.873869 27.0587
      vertex 9.59141 -0.0449414 28.4945
    endloop
  endfacet
  facet normal 0.000514163 0.86601 -0.500027
    outer loop
      vertex 10.7281 -0.710397 27.3419
      vertex 10.7281 -0.181391 28.2581
      vertex 10.8019 -0.241599 28.1539
    endloop
  endfacet
  facet normal 2.09118e-05 0.866035 -0.499984
    outer loop
      vertex 9.59141 -0.846847 27.1055
      vertex 9.59141 -0.0449414 28.4945
      vertex 9.72188 -0.873869 27.0587
    endloop
  endfacet
  facet normal 0.000105699 0.866056 -0.499947
    outer loop
      vertex 10.8019 -0.65019 27.4461
      vertex 10.8019 -0.241599 28.1539
      vertex 10.856 -0.306837 28.0409
    endloop
  endfacet
  facet normal -2.93313e-05 0.866035 -0.499984
    outer loop
      vertex 9.59141 -0.0449414 28.4945
      vertex 9.59141 -0.846847 27.1055
      vertex 9.47099 -0.0818366 28.4306
    endloop
  endfacet
  facet normal -0.000627727 0.866085 -0.499897
    outer loop
      vertex 10.8019 -0.65019 27.4461
      vertex 10.856 -0.306837 28.0409
      vertex 10.8889 -0.375499 27.9219
    endloop
  endfacet
  facet normal 3.07923e-05 0.866037 -0.49998
    outer loop
      vertex 9.47099 -0.809952 27.1694
      vertex 9.47099 -0.0818366 28.4306
      vertex 9.59141 -0.846847 27.1055
    endloop
  endfacet
  facet normal 0.00049649 0.865996 -0.500051
    outer loop
      vertex 10.8019 -0.65019 27.4461
      vertex 10.8889 -0.375499 27.9219
      vertex 10.9 -0.445894 27.8
    endloop
  endfacet
  facet normal 0.000302441 0.866037 -0.49998
    outer loop
      vertex 9.47099 -0.0818366 28.4306
      vertex 9.47099 -0.809952 27.1694
      vertex 9.3636 -0.127696 28.3511
    endloop
  endfacet
  facet normal 0.00232637 0.865879 -0.500248
    outer loop
      vertex 10.856 -0.584952 27.5591
      vertex 10.9 -0.445894 27.8
      vertex 10.8889 -0.51629 27.6781
    endloop
  endfacet
  facet normal 1.6942e-05 0.866018 -0.500013
    outer loop
      vertex 10.1408 -0.00143475 28.5698
      vertex 10.1408 -0.890354 27.0302
      vertex 10 -0.895894 27.0206
    endloop
  endfacet
  facet normal -0.000244997 0.866085 -0.499897
    outer loop
      vertex 10.8019 -0.65019 27.4461
      vertex 10.9 -0.445894 27.8
      vertex 10.856 -0.584952 27.5591
    endloop
  endfacet
  facet normal -0.000340873 0.866012 -0.500024
    outer loop
      vertex 9.3636 -0.764092 27.2489
      vertex 9.3636 -0.127696 28.3511
      vertex 9.47099 -0.809952 27.1694
    endloop
  endfacet
  facet normal -0.000652123 0.866056 -0.499947
    outer loop
      vertex 10.8019 -0.241599 28.1539
      vertex 10.8019 -0.65019 27.4461
      vertex 10.7281 -0.710397 27.3419
    endloop
  endfacet
  facet normal 1.88376e-05 0.866012 -0.500024
    outer loop
      vertex 9.3636 -0.127696 28.3511
      vertex 9.3636 -0.764092 27.2489
      vertex 9.27188 -0.181391 28.2581
    endloop
  endfacet
  facet normal 2.26667e-05 0.86601 -0.500027
    outer loop
      vertex 10.7281 -0.181391 28.2581
      vertex 10.7281 -0.710397 27.3419
      vertex 10.6364 -0.764092 27.2489
    endloop
  endfacet
  facet normal -2.26618e-05 0.86601 -0.500027
    outer loop
      vertex 9.27188 -0.710397 27.3419
      vertex 9.27188 -0.181391 28.2581
      vertex 9.3636 -0.764092 27.2489
    endloop
  endfacet
  facet normal 0.000340841 0.866012 -0.500024
    outer loop
      vertex 10.6364 -0.127696 28.3511
      vertex 10.6364 -0.764092 27.2489
      vertex 10.529 -0.809952 27.1694
    endloop
  endfacet
  facet normal -0.000196069 0.866033 -0.499987
    outer loop
      vertex 10.2781 -0.017919 28.5413
      vertex 10.2781 -0.873869 27.0587
      vertex 10.1408 -0.890354 27.0302
    endloop
  endfacet
  facet normal -3.07975e-05 0.866037 -0.49998
    outer loop
      vertex 10.529 -0.0818366 28.4306
      vertex 10.529 -0.809952 27.1694
      vertex 10.4086 -0.846847 27.1055
    endloop
  endfacet
  facet normal -2.0907e-05 0.866035 -0.499984
    outer loop
      vertex 10.4086 -0.0449414 28.4945
      vertex 10.4086 -0.846847 27.1055
      vertex 10.2781 -0.873869 27.0587
    endloop
  endfacet
  facet normal 0.000652211 0.866056 -0.499947
    outer loop
      vertex 9.19809 -0.65019 27.4461
      vertex 9.19809 -0.241599 28.1539
      vertex 9.27188 -0.710397 27.3419
    endloop
  endfacet
  facet normal 0.00024561 0.866085 -0.499897
    outer loop
      vertex 9.1 -0.445894 27.8
      vertex 9.19809 -0.65019 27.4461
      vertex 9.14405 -0.584952 27.5591
    endloop
  endfacet
  facet normal -0.00231697 0.86588 -0.500247
    outer loop
      vertex 9.1 -0.445894 27.8
      vertex 9.14405 -0.584952 27.5591
      vertex 9.11108 -0.51629 27.6781
    endloop
  endfacet
  facet normal -0.000496749 0.865996 -0.500051
    outer loop
      vertex 9.11108 -0.375499 27.9219
      vertex 9.19809 -0.65019 27.4461
      vertex 9.1 -0.445894 27.8
    endloop
  endfacet
  facet normal -0.000105816 0.866056 -0.499947
    outer loop
      vertex 9.19809 -0.241599 28.1539
      vertex 9.19809 -0.65019 27.4461
      vertex 9.14405 -0.306837 28.0409
    endloop
  endfacet
  facet normal 0.000626895 0.866085 -0.499897
    outer loop
      vertex 9.14405 -0.306837 28.0409
      vertex 9.19809 -0.65019 27.4461
      vertex 9.11108 -0.375499 27.9219
    endloop
  endfacet
  facet normal -0.000514233 0.86601 -0.500027
    outer loop
      vertex 9.27188 -0.181391 28.2581
      vertex 9.27188 -0.710397 27.3419
      vertex 9.19809 -0.241599 28.1539
    endloop
  endfacet
  facet normal -0.923747 -0.191502 -0.331691
    outer loop
      vertex 10.856 9.73906 22.2409
      vertex 10.8019 -0.241599 28.1539
      vertex 10.8019 9.8043 22.3539
    endloop
  endfacet
  facet normal -0.923746 -0.191503 -0.331693
    outer loop
      vertex 10.8019 -0.241599 28.1539
      vertex 10.856 9.73906 22.2409
      vertex 10.856 -0.306837 28.0409
    endloop
  endfacet
  facet normal 0.760406 -0.324724 -0.562438
    outer loop
      vertex 9.3636 -0.127696 28.3511
      vertex 9.27188 9.8645 22.4581
      vertex 9.3636 9.9182 22.5511
    endloop
  endfacet
  facet normal 0.760399 -0.324728 -0.562446
    outer loop
      vertex 9.27188 9.8645 22.4581
      vertex 9.3636 -0.127696 28.3511
      vertex 9.27188 -0.181391 28.2581
    endloop
  endfacet
  facet normal 0.649691 0.380099 0.658351
    outer loop
      vertex 9.3636 -0.764092 27.2489
      vertex 9.47099 9.23594 21.3694
      vertex 9.3636 9.2818 21.4489
    endloop
  endfacet
  facet normal 0.649691 0.380099 0.658351
    outer loop
      vertex 9.47099 9.23594 21.3694
      vertex 9.3636 -0.764092 27.2489
      vertex 9.47099 -0.809952 27.1694
    endloop
  endfacet
  facet normal -0.078479 -0.498456 -0.863355
    outer loop
      vertex 10 0.00410562 28.5794
      vertex 10.1408 10.0445 22.7698
      vertex 10.1408 -0.00143475 28.5698
    endloop
  endfacet
  facet normal -0.078337 -0.498463 -0.863364
    outer loop
      vertex 10.1408 10.0445 22.7698
      vertex 10 0.00410562 28.5794
      vertex 10 10.05 22.7794
    endloop
  endfacet
  facet normal 0.649689 -0.3801 -0.658352
    outer loop
      vertex 9.3636 9.9182 22.5511
      vertex 9.47099 -0.0818366 28.4306
      vertex 9.3636 -0.127696 28.3511
    endloop
  endfacet
  facet normal 0.649691 -0.380099 -0.658351
    outer loop
      vertex 9.47099 -0.0818366 28.4306
      vertex 9.3636 9.9182 22.5511
      vertex 9.47099 9.96406 22.6306
    endloop
  endfacet
  facet normal -0.852465 -0.261393 -0.452745
    outer loop
      vertex 10.8019 9.8043 22.3539
      vertex 10.7281 -0.181391 28.2581
      vertex 10.7281 9.8645 22.4581
    endloop
  endfacet
  facet normal -0.852472 -0.261386 -0.452734
    outer loop
      vertex 10.7281 -0.181391 28.2581
      vertex 10.8019 9.8043 22.3539
      vertex 10.8019 -0.241599 28.1539
    endloop
  endfacet
  facet normal -0.852465 0.261393 0.452745
    outer loop
      vertex 10.7281 9.3355 21.5419
      vertex 10.8019 -0.65019 27.4461
      vertex 10.8019 9.3957 21.6461
    endloop
  endfacet
  facet normal -0.852471 0.261387 0.452736
    outer loop
      vertex 10.8019 -0.65019 27.4461
      vertex 10.7281 9.3355 21.5419
      vertex 10.7281 -0.710397 27.3419
    endloop
  endfacet
  facet normal -0.760476 0.324683 0.562367
    outer loop
      vertex 10.6364 9.2818 21.4489
      vertex 10.7281 -0.710397 27.3419
      vertex 10.7281 9.3355 21.5419
    endloop
  endfacet
  facet normal -0.760469 0.324687 0.562375
    outer loop
      vertex 10.7281 -0.710397 27.3419
      vertex 10.6364 9.2818 21.4489
      vertex 10.6364 -0.764092 27.2489
    endloop
  endfacet
  facet normal 0.760406 0.324724 0.562438
    outer loop
      vertex 9.27188 -0.710397 27.3419
      vertex 9.3636 9.2818 21.4489
      vertex 9.27188 9.3355 21.5419
    endloop
  endfacet
  facet normal 0.760399 0.324728 0.562446
    outer loop
      vertex 9.3636 9.2818 21.4489
      vertex 9.27188 -0.710397 27.3419
      vertex 9.3636 -0.764092 27.2489
    endloop
  endfacet
  facet normal -0.0784777 0.498458 0.863354
    outer loop
      vertex 10 9.15 21.2206
      vertex 10.1408 -0.890354 27.0302
      vertex 10.1408 9.15554 21.2302
    endloop
  endfacet
  facet normal -0.0784777 0.498458 0.863354
    outer loop
      vertex 10.1408 -0.890354 27.0302
      vertex 10 9.15 21.2206
      vertex 10 -0.895894 27.0206
    endloop
  endfacet
  facet normal -0.382624 0.461952 0.800125
    outer loop
      vertex 10.2781 9.17202 21.2587
      vertex 10.4086 -0.846847 27.1055
      vertex 10.4086 9.19905 21.3055
    endloop
  endfacet
  facet normal -0.3826 0.461957 0.800133
    outer loop
      vertex 10.4086 -0.846847 27.1055
      vertex 10.2781 9.17202 21.2587
      vertex 10.2781 -0.873869 27.0587
    endloop
  endfacet
  facet normal 0.972392 0.116677 0.20209
    outer loop
      vertex 9.11108 -0.51629 27.6781
      vertex 9.14405 9.46094 21.7591
      vertex 9.11108 9.5296 21.8781
    endloop
  endfacet
  facet normal 0.972392 0.116676 0.202089
    outer loop
      vertex 9.14405 9.46094 21.7591
      vertex 9.11108 -0.51629 27.6781
      vertex 9.14405 -0.584952 27.5591
    endloop
  endfacet
  facet normal 0.972392 -0.116677 -0.20209
    outer loop
      vertex 9.14405 -0.306837 28.0409
      vertex 9.11108 9.6704 22.1219
      vertex 9.14405 9.73906 22.2409
    endloop
  endfacet
  facet normal 0.972392 -0.116676 -0.202089
    outer loop
      vertex 9.11108 9.6704 22.1219
      vertex 9.14405 -0.306837 28.0409
      vertex 9.11108 -0.375499 27.9219
    endloop
  endfacet
  facet normal -0.522513 0.426316 0.7384
    outer loop
      vertex 10.4086 9.19905 21.3055
      vertex 10.529 -0.809952 27.1694
      vertex 10.529 9.23594 21.3694
    endloop
  endfacet
  facet normal -0.522526 0.426312 0.738394
    outer loop
      vertex 10.529 -0.809952 27.1694
      vertex 10.4086 9.19905 21.3055
      vertex 10.4086 -0.846847 27.1055
    endloop
  endfacet
  facet normal -0.233184 -0.486215 -0.842152
    outer loop
      vertex 10.1408 -0.00143475 28.5698
      vertex 10.2781 10.028 22.7413
      vertex 10.2781 -0.017919 28.5413
    endloop
  endfacet
  facet normal -0.233237 -0.486208 -0.842141
    outer loop
      vertex 10.2781 10.028 22.7413
      vertex 10.1408 -0.00143475 28.5698
      vertex 10.1408 10.0445 22.7698
    endloop
  endfacet
  facet normal -0.996906 -0.0393044 -0.0680773
    outer loop
      vertex 10.9 9.6 22
      vertex 10.8889 -0.375499 27.9219
      vertex 10.8889 9.6704 22.1219
    endloop
  endfacet
  facet normal -0.996905 -0.0393051 -0.0680785
    outer loop
      vertex 10.8889 -0.375499 27.9219
      vertex 10.9 9.6 22
      vertex 10.9 -0.445894 27.8
    endloop
  endfacet
  facet normal -0.760476 -0.324683 -0.562367
    outer loop
      vertex 10.7281 9.8645 22.4581
      vertex 10.6364 -0.127696 28.3511
      vertex 10.6364 9.9182 22.5511
    endloop
  endfacet
  facet normal -0.760469 -0.324687 -0.562375
    outer loop
      vertex 10.6364 -0.127696 28.3511
      vertex 10.7281 9.8645 22.4581
      vertex 10.7281 -0.181391 28.2581
    endloop
  endfacet
  facet normal 0.852496 -0.261367 -0.452701
    outer loop
      vertex 9.27188 -0.181391 28.2581
      vertex 9.19809 9.8043 22.3539
      vertex 9.27188 9.8645 22.4581
    endloop
  endfacet
  facet normal 0.852504 -0.26136 -0.45269
    outer loop
      vertex 9.19809 9.8043 22.3539
      vertex 9.27188 -0.181391 28.2581
      vertex 9.19809 -0.241599 28.1539
    endloop
  endfacet
  facet normal 0.996917 -0.039234 -0.0679554
    outer loop
      vertex 9.11108 -0.375499 27.9219
      vertex 9.1 9.6 22
      vertex 9.11108 9.6704 22.1219
    endloop
  endfacet
  facet normal 0.996917 -0.0392347 -0.0679566
    outer loop
      vertex 9.1 9.6 22
      vertex 9.11108 -0.375499 27.9219
      vertex 9.1 -0.445894 27.8
    endloop
  endfacet
  facet normal 0.0784845 -0.498456 -0.863355
    outer loop
      vertex 9.85921 10.0445 22.7698
      vertex 10 0.00410562 28.5794
      vertex 9.85921 -0.00143475 28.5698
    endloop
  endfacet
  facet normal 0.0783425 -0.498463 -0.863364
    outer loop
      vertex 10 0.00410562 28.5794
      vertex 9.85921 10.0445 22.7698
      vertex 10 10.05 22.7794
    endloop
  endfacet
  facet normal -0.23317 0.486218 0.842154
    outer loop
      vertex 10.1408 9.15554 21.2302
      vertex 10.2781 -0.873869 27.0587
      vertex 10.2781 9.17202 21.2587
    endloop
  endfacet
  facet normal -0.233187 0.486216 0.842151
    outer loop
      vertex 10.2781 -0.873869 27.0587
      vertex 10.1408 9.15554 21.2302
      vertex 10.1408 -0.890354 27.0302
    endloop
  endfacet
  facet normal 0.522463 -0.426331 -0.738427
    outer loop
      vertex 9.47099 9.96406 22.6306
      vertex 9.59141 -0.0449414 28.4945
      vertex 9.47099 -0.0818366 28.4306
    endloop
  endfacet
  facet normal 0.522579 -0.426294 -0.738366
    outer loop
      vertex 9.59141 -0.0449414 28.4945
      vertex 9.47099 9.96406 22.6306
      vertex 9.59141 10.001 22.6945
    endloop
  endfacet
  facet normal 0.996917 0.0392341 0.0679554
    outer loop
      vertex 9.1 -0.445894 27.8
      vertex 9.11108 9.5296 21.8781
      vertex 9.1 9.6 22
    endloop
  endfacet
  facet normal 0.996917 0.0392346 0.0679563
    outer loop
      vertex 9.11108 9.5296 21.8781
      vertex 9.1 -0.445894 27.8
      vertex 9.11108 -0.51629 27.6781
    endloop
  endfacet
  facet normal 0.852496 0.261367 0.452701
    outer loop
      vertex 9.19809 -0.65019 27.4461
      vertex 9.27188 9.3355 21.5419
      vertex 9.19809 9.3957 21.6461
    endloop
  endfacet
  facet normal 0.852503 0.261361 0.452691
    outer loop
      vertex 9.27188 9.3355 21.5419
      vertex 9.19809 -0.65019 27.4461
      vertex 9.27188 -0.710397 27.3419
    endloop
  endfacet
  facet normal -0.649655 -0.380115 -0.658378
    outer loop
      vertex 10.529 -0.0818366 28.4306
      vertex 10.6364 9.9182 22.5511
      vertex 10.6364 -0.127696 28.3511
    endloop
  endfacet
  facet normal -0.649656 -0.380114 -0.658377
    outer loop
      vertex 10.6364 9.9182 22.5511
      vertex 10.529 -0.0818366 28.4306
      vertex 10.529 9.96406 22.6306
    endloop
  endfacet
  facet normal 0.00459915 -0.384336 0.923182
    outer loop
      vertex 10.7764 -3.86502 175.772
      vertex 10.5978 -4.22746 175.622
      vertex 10.7215 -4.00019 175.716
    endloop
  endfacet
  facet normal 0 -0.382406 0.923994
    outer loop
      vertex 10.7764 -3.86502 175.772
      vertex -10.5978 -4.22746 175.622
      vertex 10.5978 -4.22746 175.622
    endloop
  endfacet
  facet normal 0 -0.382406 0.923994
    outer loop
      vertex -10.7764 -3.86502 175.772
      vertex -10.5978 -4.22746 175.622
      vertex 10.7764 -3.86502 175.772
    endloop
  endfacet
  facet normal -0.00459915 -0.384336 0.923182
    outer loop
      vertex -10.5978 -4.22746 175.622
      vertex -10.7764 -3.86502 175.772
      vertex -10.7215 -4.00019 175.716
    endloop
  endfacet
  facet normal 0 0.996916 0.0784784
    outer loop
      vertex 10 -7.46922 177.609
      vertex -10 -7.5 178
      vertex 10 -7.5 178
    endloop
  endfacet
  facet normal 0 0.996916 0.0784784
    outer loop
      vertex -10 -7.5 178
      vertex 10 -7.46922 177.609
      vertex -10 -7.46922 177.609
    endloop
  endfacet
  facet normal 0 -0.0790178 0.996873
    outer loop
      vertex 10.3901 -4.60891 175.531
      vertex -10.1773 -5 175.5
      vertex 10.1773 -5 175.5
    endloop
  endfacet
  facet normal 0 -0.0790178 0.996873
    outer loop
      vertex -10.1773 -5 175.5
      vertex 10.3901 -4.60891 175.531
      vertex -10.3901 -4.60891 175.531
    endloop
  endfacet
  facet normal 0 -0.649771 -0.76013
    outer loop
      vertex -10.9771 -3.53054 180.023
      vertex 11.1395 -3.23223 179.768
      vertex 10.9771 -3.53054 180.023
    endloop
  endfacet
  facet normal -0 -0.649771 -0.76013
    outer loop
      vertex 11.1395 -3.23223 179.768
      vertex -10.9771 -3.53054 180.023
      vertex -11.1395 -3.23223 179.768
    endloop
  endfacet
  facet normal 0 0.76116 -0.648564
    outer loop
      vertex 10 -7.02254 179.469
      vertex -10 -6.76777 179.768
      vertex 10 -6.76777 179.768
    endloop
  endfacet
  facet normal 0 0.76116 -0.648564
    outer loop
      vertex -10 -6.76777 179.768
      vertex 10 -7.02254 179.469
      vertex -10 -7.02254 179.469
    endloop
  endfacet
  facet normal 0 0.76116 0.648564
    outer loop
      vertex 10 -6.76777 176.232
      vertex -10 -7.02254 176.531
      vertex 10 -7.02254 176.531
    endloop
  endfacet
  facet normal 0 0.76116 0.648564
    outer loop
      vertex -10 -7.02254 176.531
      vertex 10 -6.76777 176.232
      vertex -10 -6.76777 176.232
    endloop
  endfacet
  facet normal 0 -0.923722 0.383064
    outer loop
      vertex -11.3414 -2.77248 176.865
      vertex 11.4593 -2.62236 177.227
      vertex -11.4593 -2.62236 177.227
    endloop
  endfacet
  facet normal 0 -0.923722 0.383064
    outer loop
      vertex 11.4593 -2.62236 177.227
      vertex -11.3414 -2.77248 176.865
      vertex 11.3414 -2.77248 176.865
    endloop
  endfacet
  facet normal 0 -0.649771 0.76013
    outer loop
      vertex 11.0709 -3.23223 176.232
      vertex -10.9249 -3.53054 175.977
      vertex 10.9249 -3.53054 175.977
    endloop
  endfacet
  facet normal 0 -0.649771 0.76013
    outer loop
      vertex -10.9249 -3.53054 175.977
      vertex 11.0709 -3.23223 176.232
      vertex -11.0709 -3.23223 176.232
    endloop
  endfacet
  facet normal 0 0.649771 -0.76013
    outer loop
      vertex -10 -6.76777 179.768
      vertex 10 -6.46946 180.023
      vertex 10 -6.76777 179.768
    endloop
  endfacet
  facet normal 0 0.649771 -0.76013
    outer loop
      vertex 10 -6.46946 180.023
      vertex -10 -6.76777 179.768
      vertex -10 -6.46946 180.023
    endloop
  endfacet
  facet normal 0 0.382406 -0.923994
    outer loop
      vertex -10 -6.13498 180.228
      vertex 10 -5.77254 180.378
      vertex 10 -6.13498 180.228
    endloop
  endfacet
  facet normal 0 0.382406 -0.923994
    outer loop
      vertex 10 -5.77254 180.378
      vertex -10 -6.13498 180.228
      vertex -10 -5.77254 180.378
    endloop
  endfacet
  facet normal 0 -0.76116 -0.648564
    outer loop
      vertex -11.2782 -2.97746 179.469
      vertex 11.1395 -3.23223 179.768
      vertex -11.1395 -3.23223 179.768
    endloop
  endfacet
  facet normal 0 -0.76116 -0.648564
    outer loop
      vertex 11.1395 -3.23223 179.768
      vertex -11.2782 -2.97746 179.469
      vertex 11.2782 -2.97746 179.469
    endloop
  endfacet
  facet normal 0 -0.923722 -0.383064
    outer loop
      vertex -11.4714 -2.62236 178.773
      vertex 11.3897 -2.77248 179.135
      vertex -11.3897 -2.77248 179.135
    endloop
  endfacet
  facet normal 0 -0.923722 -0.383064
    outer loop
      vertex 11.3897 -2.77248 179.135
      vertex -11.4714 -2.62236 178.773
      vertex 11.4714 -2.62236 178.773
    endloop
  endfacet
  facet normal -0 0.522555 0.852606
    outer loop
      vertex -10 -6.13498 175.772
      vertex 10 -6.46946 175.977
      vertex 10 -6.13498 175.772
    endloop
  endfacet
  facet normal 0 0.522555 0.852606
    outer loop
      vertex 10 -6.46946 175.977
      vertex -10 -6.13498 175.772
      vertex -10 -6.46946 175.977
    endloop
  endfacet
  facet normal 0 -0.232051 0.972704
    outer loop
      vertex 10.5978 -4.22746 175.622
      vertex -10.3901 -4.60891 175.531
      vertex 10.3901 -4.60891 175.531
    endloop
  endfacet
  facet normal 0 -0.232051 0.972704
    outer loop
      vertex -10.3901 -4.60891 175.531
      vertex 10.5978 -4.22746 175.622
      vertex -10.5978 -4.22746 175.622
    endloop
  endfacet
  facet normal 0 0.923722 0.383064
    outer loop
      vertex 10 -7.22752 176.865
      vertex -10 -7.37764 177.227
      vertex 10 -7.37764 177.227
    endloop
  endfacet
  facet normal 0 0.923722 0.383064
    outer loop
      vertex -10 -7.37764 177.227
      vertex 10 -7.22752 176.865
      vertex -10 -7.22752 176.865
    endloop
  endfacet
  facet normal 0 0.0761954 0.997093
    outer loop
      vertex 10 -5.32566 175.526
      vertex -10 -5.32566 175.526
      vertex 10 -5.39109 175.531
    endloop
  endfacet
  facet normal 0 0.0795846 0.996828
    outer loop
      vertex 10.1773 -5 175.5
      vertex -10 -5.32566 175.526
      vertex 10 -5.32566 175.526
    endloop
  endfacet
  facet normal 0 0.0795846 0.996828
    outer loop
      vertex -10 -5.32566 175.526
      vertex 10.1773 -5 175.5
      vertex -10.1773 -5 175.5
    endloop
  endfacet
  facet normal 0 0.0761954 0.997093
    outer loop
      vertex 10 -5.39109 175.531
      vertex -10 -5.32566 175.526
      vertex -10 -5.39109 175.531
    endloop
  endfacet
  facet normal 0 -0.852294 -0.523063
    outer loop
      vertex -11.3897 -2.77248 179.135
      vertex 11.2782 -2.97746 179.469
      vertex -11.2782 -2.97746 179.469
    endloop
  endfacet
  facet normal 0 -0.852294 -0.523063
    outer loop
      vertex 11.2782 -2.97746 179.469
      vertex -11.3897 -2.77248 179.135
      vertex 11.3897 -2.77248 179.135
    endloop
  endfacet
  facet normal -0 0.382406 0.923994
    outer loop
      vertex -10 -5.77254 175.622
      vertex 10 -6.13498 175.772
      vertex 10 -5.77254 175.622
    endloop
  endfacet
  facet normal 0 0.382406 0.923994
    outer loop
      vertex 10 -6.13498 175.772
      vertex -10 -5.77254 175.622
      vertex -10 -6.13498 175.772
    endloop
  endfacet
  facet normal 0 -0.0790178 -0.996873
    outer loop
      vertex -10.1773 -5 180.5
      vertex 10.3901 -4.60891 180.469
      vertex 10.1773 -5 180.5
    endloop
  endfacet
  facet normal -0 -0.0790178 -0.996873
    outer loop
      vertex 10.3901 -4.60891 180.469
      vertex -10.1773 -5 180.5
      vertex -10.3901 -4.60891 180.469
    endloop
  endfacet
  facet normal 0 -0.76116 0.648564
    outer loop
      vertex -11.0709 -3.23223 176.232
      vertex 11.2109 -2.97746 176.531
      vertex -11.2109 -2.97746 176.531
    endloop
  endfacet
  facet normal 0 -0.76116 0.648564
    outer loop
      vertex 11.2109 -2.97746 176.531
      vertex -11.0709 -3.23223 176.232
      vertex 11.0709 -3.23223 176.232
    endloop
  endfacet
  facet normal 0 0.923722 -0.383064
    outer loop
      vertex 10 -7.37764 178.773
      vertex -10 -7.22752 179.135
      vertex 10 -7.22752 179.135
    endloop
  endfacet
  facet normal 0 0.923722 -0.383064
    outer loop
      vertex -10 -7.22752 179.135
      vertex 10 -7.37764 178.773
      vertex -10 -7.37764 178.773
    endloop
  endfacet
  facet normal 0 -0.972445 -0.233132
    outer loop
      vertex -11.5213 -2.53078 178.391
      vertex 11.4714 -2.62236 178.773
      vertex -11.4714 -2.62236 178.773
    endloop
  endfacet
  facet normal 0 -0.972445 -0.233132
    outer loop
      vertex 11.4714 -2.62236 178.773
      vertex -11.5213 -2.53078 178.391
      vertex 11.5213 -2.53078 178.391
    endloop
  endfacet
  facet normal 0 -0.852294 0.523063
    outer loop
      vertex -11.2109 -2.97746 176.531
      vertex 11.3414 -2.77248 176.865
      vertex -11.3414 -2.77248 176.865
    endloop
  endfacet
  facet normal 0 -0.852294 0.523063
    outer loop
      vertex 11.3414 -2.77248 176.865
      vertex -11.2109 -2.97746 176.531
      vertex 11.2109 -2.97746 176.531
    endloop
  endfacet
  facet normal 0 -0.382406 -0.923994
    outer loop
      vertex -10.5978 -4.22746 180.378
      vertex 10.795 -3.86502 180.228
      vertex 10.5978 -4.22746 180.378
    endloop
  endfacet
  facet normal -0 -0.382406 -0.923994
    outer loop
      vertex 10.795 -3.86502 180.228
      vertex -10.5978 -4.22746 180.378
      vertex -10.795 -3.86502 180.228
    endloop
  endfacet
  facet normal 0 0.852294 0.523063
    outer loop
      vertex 10 -7.02254 176.531
      vertex -10 -7.22752 176.865
      vertex 10 -7.22752 176.865
    endloop
  endfacet
  facet normal 0 0.852294 0.523063
    outer loop
      vertex -10 -7.22752 176.865
      vertex 10 -7.02254 176.531
      vertex -10 -7.02254 176.531
    endloop
  endfacet
  facet normal 0 0.972445 -0.233132
    outer loop
      vertex 10 -7.46922 178.391
      vertex -10 -7.37764 178.773
      vertex 10 -7.37764 178.773
    endloop
  endfacet
  facet normal 0 0.972445 -0.233132
    outer loop
      vertex -10 -7.37764 178.773
      vertex 10 -7.46922 178.391
      vertex -10 -7.46922 178.391
    endloop
  endfacet
  facet normal 0 -0.522555 0.852606
    outer loop
      vertex 10.9249 -3.53054 175.977
      vertex -10.7764 -3.86502 175.772
      vertex 10.7764 -3.86502 175.772
    endloop
  endfacet
  facet normal 0 -0.522555 0.852606
    outer loop
      vertex -10.7764 -3.86502 175.772
      vertex 10.9249 -3.53054 175.977
      vertex -10.9249 -3.53054 175.977
    endloop
  endfacet
  facet normal 0 0.522555 -0.852606
    outer loop
      vertex -10 -6.46946 180.023
      vertex 10 -6.13498 180.228
      vertex 10 -6.46946 180.023
    endloop
  endfacet
  facet normal 0 0.522555 -0.852606
    outer loop
      vertex 10 -6.13498 180.228
      vertex -10 -6.46946 180.023
      vertex -10 -6.13498 180.228
    endloop
  endfacet
  facet normal 0 0.972445 0.233132
    outer loop
      vertex 10 -7.37764 177.227
      vertex -10 -7.46922 177.609
      vertex 10 -7.46922 177.609
    endloop
  endfacet
  facet normal 0 0.972445 0.233132
    outer loop
      vertex -10 -7.46922 177.609
      vertex 10 -7.37764 177.227
      vertex -10 -7.37764 177.227
    endloop
  endfacet
  facet normal 0.00385574 -0.972296 0.233722
    outer loop
      vertex -11.4593 -2.62236 177.227
      vertex -11.5213 -2.53078 177.609
      vertex -11.483 -2.60106 177.316
    endloop
  endfacet
  facet normal 0 -0.972445 0.233132
    outer loop
      vertex -11.5213 -2.53078 177.609
      vertex -11.4593 -2.62236 177.227
      vertex 11.5213 -2.53078 177.609
    endloop
  endfacet
  facet normal 0 -0.972445 0.233132
    outer loop
      vertex 11.4593 -2.62236 177.227
      vertex 11.5213 -2.53078 177.609
      vertex -11.4593 -2.62236 177.227
    endloop
  endfacet
  facet normal -0.00385574 -0.972296 0.233722
    outer loop
      vertex 11.5213 -2.53078 177.609
      vertex 11.4593 -2.62236 177.227
      vertex 11.483 -2.60106 177.316
    endloop
  endfacet
  facet normal 0 -0.522555 -0.852606
    outer loop
      vertex -10.795 -3.86502 180.228
      vertex 10.9771 -3.53054 180.023
      vertex 10.795 -3.86502 180.228
    endloop
  endfacet
  facet normal -0 -0.522555 -0.852606
    outer loop
      vertex 10.9771 -3.53054 180.023
      vertex -10.795 -3.86502 180.228
      vertex -10.9771 -3.53054 180.023
    endloop
  endfacet
  facet normal 0 0.0761954 -0.997093
    outer loop
      vertex 10 -5.39109 180.469
      vertex -10 -5.39109 180.469
      vertex 10 -5.32566 180.474
    endloop
  endfacet
  facet normal 0 0.0761954 -0.997093
    outer loop
      vertex -10 -5.32566 180.474
      vertex 10 -5.32566 180.474
      vertex -10 -5.39109 180.469
    endloop
  endfacet
  facet normal 0 0.0795846 -0.996828
    outer loop
      vertex 10 -5.32566 180.474
      vertex -10 -5.32566 180.474
      vertex 10.1773 -5 180.5
    endloop
  endfacet
  facet normal 0 0.0795846 -0.996828
    outer loop
      vertex 10.1773 -5 180.5
      vertex -10 -5.32566 180.474
      vertex -10.1773 -5 180.5
    endloop
  endfacet
  facet normal 0 0.232051 -0.972704
    outer loop
      vertex -10 -5.77254 180.378
      vertex 10 -5.39109 180.469
      vertex 10 -5.77254 180.378
    endloop
  endfacet
  facet normal 0 0.232051 -0.972704
    outer loop
      vertex 10 -5.39109 180.469
      vertex -10 -5.77254 180.378
      vertex -10 -5.39109 180.469
    endloop
  endfacet
  facet normal -0 0.649771 0.76013
    outer loop
      vertex -10 -6.46946 175.977
      vertex 10 -6.76777 176.232
      vertex 10 -6.46946 175.977
    endloop
  endfacet
  facet normal 0 0.649771 0.76013
    outer loop
      vertex 10 -6.76777 176.232
      vertex -10 -6.46946 175.977
      vertex -10 -6.76777 176.232
    endloop
  endfacet
  facet normal -0 0.232051 0.972704
    outer loop
      vertex -10 -5.39109 175.531
      vertex 10 -5.77254 175.622
      vertex 10 -5.39109 175.531
    endloop
  endfacet
  facet normal 0 0.232051 0.972704
    outer loop
      vertex 10 -5.77254 175.622
      vertex -10 -5.39109 175.531
      vertex -10 -5.77254 175.622
    endloop
  endfacet
  facet normal 0 -0.232051 -0.972704
    outer loop
      vertex -10.3901 -4.60891 180.469
      vertex 10.5978 -4.22746 180.378
      vertex 10.3901 -4.60891 180.469
    endloop
  endfacet
  facet normal -0 -0.232051 -0.972704
    outer loop
      vertex 10.5978 -4.22746 180.378
      vertex -10.3901 -4.60891 180.469
      vertex -10.5978 -4.22746 180.378
    endloop
  endfacet
  facet normal 0 -0.996916 0.0784784
    outer loop
      vertex -11.5213 -2.53078 177.609
      vertex 11.5381 -2.5 178
      vertex -11.5381 -2.5 178
    endloop
  endfacet
  facet normal 0 -0.996916 0.0784784
    outer loop
      vertex 11.5381 -2.5 178
      vertex -11.5213 -2.53078 177.609
      vertex 11.5213 -2.53078 177.609
    endloop
  endfacet
  facet normal 0 -0.996916 -0.0784784
    outer loop
      vertex -11.5381 -2.5 178
      vertex 11.5213 -2.53078 178.391
      vertex -11.5213 -2.53078 178.391
    endloop
  endfacet
  facet normal 0 -0.996916 -0.0784784
    outer loop
      vertex 11.5213 -2.53078 178.391
      vertex -11.5381 -2.5 178
      vertex 11.5381 -2.5 178
    endloop
  endfacet
  facet normal 0 0.996916 -0.0784784
    outer loop
      vertex 10 -7.5 178
      vertex -10 -7.46922 178.391
      vertex 10 -7.46922 178.391
    endloop
  endfacet
  facet normal 0 0.996916 -0.0784784
    outer loop
      vertex -10 -7.46922 178.391
      vertex 10 -7.5 178
      vertex -10 -7.5 178
    endloop
  endfacet
  facet normal 0 0.852294 -0.523063
    outer loop
      vertex 10 -7.22752 179.135
      vertex -10 -7.02254 179.469
      vertex 10 -7.02254 179.469
    endloop
  endfacet
  facet normal 0 0.852294 -0.523063
    outer loop
      vertex -10 -7.02254 179.469
      vertex 10 -7.22752 179.135
      vertex -10 -7.22752 179.135
    endloop
  endfacet
  facet normal -0.0721503 -0.352673 0.932961
    outer loop
      vertex 10.5579 -3.86502 149.772
      vertex 10.3899 -4.22746 149.622
      vertex 10.4993 -4.00911 149.713
    endloop
  endfacet
  facet normal 0 -0.382406 0.923994
    outer loop
      vertex 10.5579 -3.86502 149.772
      vertex -10.3899 -4.22746 149.622
      vertex 10.3899 -4.22746 149.622
    endloop
  endfacet
  facet normal 0 -0.382406 0.923994
    outer loop
      vertex -10.5579 -3.86502 149.772
      vertex -10.3899 -4.22746 149.622
      vertex 10.5579 -3.86502 149.772
    endloop
  endfacet
  facet normal 0.0721503 -0.352673 0.932961
    outer loop
      vertex -10.3899 -4.22746 149.622
      vertex -10.5579 -3.86502 149.772
      vertex -10.4993 -4.00911 149.713
    endloop
  endfacet
  facet normal 0 0.996916 0.0784784
    outer loop
      vertex 10 -7.46922 151.609
      vertex -10 -7.5 152
      vertex 10 -7.5 152
    endloop
  endfacet
  facet normal 0 0.996916 0.0784784
    outer loop
      vertex -10 -7.5 152
      vertex 10 -7.46922 151.609
      vertex -10 -7.46922 151.609
    endloop
  endfacet
  facet normal 0 -0.0790178 0.996873
    outer loop
      vertex 10.1989 -4.60891 149.531
      vertex -10.0031 -5 149.5
      vertex 10.0031 -5 149.5
    endloop
  endfacet
  facet normal 0 -0.0790178 0.996873
    outer loop
      vertex -10.0031 -5 149.5
      vertex 10.1989 -4.60891 149.531
      vertex -10.1989 -4.60891 149.531
    endloop
  endfacet
  facet normal 0 -0.649771 -0.76013
    outer loop
      vertex -10.7389 -3.53054 154.023
      vertex 10.8883 -3.23223 153.768
      vertex 10.7389 -3.53054 154.023
    endloop
  endfacet
  facet normal -0 -0.649771 -0.76013
    outer loop
      vertex 10.8883 -3.23223 153.768
      vertex -10.7389 -3.53054 154.023
      vertex -10.8883 -3.23223 153.768
    endloop
  endfacet
  facet normal 0 0.76116 -0.648564
    outer loop
      vertex 10 -7.02254 153.469
      vertex -10 -6.76777 153.768
      vertex 10 -6.76777 153.768
    endloop
  endfacet
  facet normal 0 0.76116 -0.648564
    outer loop
      vertex -10 -6.76777 153.768
      vertex 10 -7.02254 153.469
      vertex -10 -7.02254 153.469
    endloop
  endfacet
  facet normal 0 0.76116 0.648564
    outer loop
      vertex 10 -6.76777 150.232
      vertex -10 -7.02254 150.531
      vertex 10 -7.02254 150.531
    endloop
  endfacet
  facet normal 0 0.76116 0.648564
    outer loop
      vertex -10 -7.02254 150.531
      vertex 10 -6.76777 150.232
      vertex -10 -6.76777 150.232
    endloop
  endfacet
  facet normal 0 -0.923722 0.383064
    outer loop
      vertex -11.0846 -2.77248 150.865
      vertex 11.1843 -2.62236 151.227
      vertex -11.1843 -2.62236 151.227
    endloop
  endfacet
  facet normal 0 -0.923722 0.383064
    outer loop
      vertex 11.1843 -2.62236 151.227
      vertex -11.0846 -2.77248 150.865
      vertex 11.0846 -2.77248 150.865
    endloop
  endfacet
  facet normal 0 -0.649771 0.76013
    outer loop
      vertex 10.8407 -3.23223 150.232
      vertex -10.7025 -3.53054 149.977
      vertex 10.7025 -3.53054 149.977
    endloop
  endfacet
  facet normal 0 -0.649771 0.76013
    outer loop
      vertex -10.7025 -3.53054 149.977
      vertex 10.8407 -3.23223 150.232
      vertex -10.8407 -3.23223 150.232
    endloop
  endfacet
  facet normal 0 0.649771 -0.76013
    outer loop
      vertex -10 -6.76777 153.768
      vertex 10 -6.46946 154.023
      vertex 10 -6.76777 153.768
    endloop
  endfacet
  facet normal 0 0.649771 -0.76013
    outer loop
      vertex 10 -6.46946 154.023
      vertex -10 -6.76777 153.768
      vertex -10 -6.46946 154.023
    endloop
  endfacet
  facet normal 0.0204957 -0.971565 0.235883
    outer loop
      vertex -11.1843 -2.62236 151.227
      vertex -11.2395 -2.53078 151.609
      vertex -11.2057 -2.59829 151.328
    endloop
  endfacet
  facet normal 0 -0.972445 0.233132
    outer loop
      vertex -11.2395 -2.53078 151.609
      vertex -11.1843 -2.62236 151.227
      vertex 11.2395 -2.53078 151.609
    endloop
  endfacet
  facet normal 0 -0.972445 0.233132
    outer loop
      vertex 11.1843 -2.62236 151.227
      vertex 11.2395 -2.53078 151.609
      vertex -11.1843 -2.62236 151.227
    endloop
  endfacet
  facet normal -0.0204957 -0.971565 0.235883
    outer loop
      vertex 11.2395 -2.53078 151.609
      vertex 11.1843 -2.62236 151.227
      vertex 11.2057 -2.59829 151.328
    endloop
  endfacet
  facet normal 0 0.382406 -0.923994
    outer loop
      vertex -10 -6.13498 154.228
      vertex 10 -5.77254 154.378
      vertex 10 -6.13498 154.228
    endloop
  endfacet
  facet normal 0 0.382406 -0.923994
    outer loop
      vertex 10 -5.77254 154.378
      vertex -10 -6.13498 154.228
      vertex -10 -5.77254 154.378
    endloop
  endfacet
  facet normal 0 -0.76116 -0.648564
    outer loop
      vertex -11.0159 -2.97746 153.469
      vertex 10.8883 -3.23223 153.768
      vertex -10.8883 -3.23223 153.768
    endloop
  endfacet
  facet normal 0 -0.76116 -0.648564
    outer loop
      vertex 10.8883 -3.23223 153.768
      vertex -11.0159 -2.97746 153.469
      vertex 11.0159 -2.97746 153.469
    endloop
  endfacet
  facet normal 0 -0.923722 -0.383064
    outer loop
      vertex -11.1937 -2.62236 152.773
      vertex 11.1185 -2.77248 153.135
      vertex -11.1185 -2.77248 153.135
    endloop
  endfacet
  facet normal 0 -0.923722 -0.383064
    outer loop
      vertex 11.1185 -2.77248 153.135
      vertex -11.1937 -2.62236 152.773
      vertex 11.1937 -2.62236 152.773
    endloop
  endfacet
  facet normal -0 0.522555 0.852606
    outer loop
      vertex -10 -6.13498 149.772
      vertex 10 -6.46946 149.977
      vertex 10 -6.13498 149.772
    endloop
  endfacet
  facet normal 0 0.522555 0.852606
    outer loop
      vertex 10 -6.46946 149.977
      vertex -10 -6.13498 149.772
      vertex -10 -6.46946 149.977
    endloop
  endfacet
  facet normal 0 -0.232051 0.972704
    outer loop
      vertex 10.3899 -4.22746 149.622
      vertex -10.1989 -4.60891 149.531
      vertex 10.1989 -4.60891 149.531
    endloop
  endfacet
  facet normal 0 -0.232051 0.972704
    outer loop
      vertex -10.1989 -4.60891 149.531
      vertex 10.3899 -4.22746 149.622
      vertex -10.3899 -4.22746 149.622
    endloop
  endfacet
  facet normal 0 0.923722 0.383064
    outer loop
      vertex 10 -7.22752 150.865
      vertex -10 -7.37764 151.227
      vertex 10 -7.37764 151.227
    endloop
  endfacet
  facet normal 0 0.923722 0.383064
    outer loop
      vertex -10 -7.37764 151.227
      vertex 10 -7.22752 150.865
      vertex -10 -7.22752 150.865
    endloop
  endfacet
  facet normal 0 0.0802618 0.996774
    outer loop
      vertex 10 -5.0061 149.5
      vertex -10 -5.0061 149.5
      vertex 10 -5.39109 149.531
    endloop
  endfacet
  facet normal 0 0 1
    outer loop
      vertex 10.0031 -5 149.5
      vertex -10 -5.0061 149.5
      vertex 10 -5.0061 149.5
    endloop
  endfacet
  facet normal 0 -0 1
    outer loop
      vertex -10 -5.0061 149.5
      vertex 10.0031 -5 149.5
      vertex -10.0031 -5 149.5
    endloop
  endfacet
  facet normal 0 0.0802618 0.996774
    outer loop
      vertex 10 -5.39109 149.531
      vertex -10 -5.0061 149.5
      vertex -10 -5.39109 149.531
    endloop
  endfacet
  facet normal 0 -0.852294 -0.523063
    outer loop
      vertex -11.1185 -2.77248 153.135
      vertex 11.0159 -2.97746 153.469
      vertex -11.0159 -2.97746 153.469
    endloop
  endfacet
  facet normal 0 -0.852294 -0.523063
    outer loop
      vertex 11.0159 -2.97746 153.469
      vertex -11.1185 -2.77248 153.135
      vertex 11.1185 -2.77248 153.135
    endloop
  endfacet
  facet normal -0 0.382406 0.923994
    outer loop
      vertex -10 -5.77254 149.622
      vertex 10 -6.13498 149.772
      vertex 10 -5.77254 149.622
    endloop
  endfacet
  facet normal 0 0.382406 0.923994
    outer loop
      vertex 10 -6.13498 149.772
      vertex -10 -5.77254 149.622
      vertex -10 -6.13498 149.772
    endloop
  endfacet
  facet normal 0 -0.0790178 -0.996873
    outer loop
      vertex -10.0031 -5 154.5
      vertex 10.1989 -4.60891 154.469
      vertex 10.0031 -5 154.5
    endloop
  endfacet
  facet normal -0 -0.0790178 -0.996873
    outer loop
      vertex 10.1989 -4.60891 154.469
      vertex -10.0031 -5 154.5
      vertex -10.1989 -4.60891 154.469
    endloop
  endfacet
  facet normal 0 -0.76116 0.648564
    outer loop
      vertex -10.8407 -3.23223 150.232
      vertex 10.9691 -2.97746 150.531
      vertex -10.9691 -2.97746 150.531
    endloop
  endfacet
  facet normal 0 -0.76116 0.648564
    outer loop
      vertex 10.9691 -2.97746 150.531
      vertex -10.8407 -3.23223 150.232
      vertex 10.8407 -3.23223 150.232
    endloop
  endfacet
  facet normal 0 0.923722 -0.383064
    outer loop
      vertex 10 -7.37764 152.773
      vertex -10 -7.22752 153.135
      vertex 10 -7.22752 153.135
    endloop
  endfacet
  facet normal 0 0.923722 -0.383064
    outer loop
      vertex -10 -7.22752 153.135
      vertex 10 -7.37764 152.773
      vertex -10 -7.37764 152.773
    endloop
  endfacet
  facet normal 0 -0.972445 -0.233132
    outer loop
      vertex -11.2395 -2.53078 152.391
      vertex 11.1937 -2.62236 152.773
      vertex -11.1937 -2.62236 152.773
    endloop
  endfacet
  facet normal 0 -0.972445 -0.233132
    outer loop
      vertex 11.1937 -2.62236 152.773
      vertex -11.2395 -2.53078 152.391
      vertex 11.2395 -2.53078 152.391
    endloop
  endfacet
  facet normal 0 -0.852294 0.523063
    outer loop
      vertex -10.9691 -2.97746 150.531
      vertex 11.0846 -2.77248 150.865
      vertex -11.0846 -2.77248 150.865
    endloop
  endfacet
  facet normal 0 -0.852294 0.523063
    outer loop
      vertex 11.0846 -2.77248 150.865
      vertex -10.9691 -2.97746 150.531
      vertex 10.9691 -2.97746 150.531
    endloop
  endfacet
  facet normal 0 -0.382406 -0.923994
    outer loop
      vertex -10.3899 -4.22746 154.378
      vertex 10.5714 -3.86502 154.228
      vertex 10.3899 -4.22746 154.378
    endloop
  endfacet
  facet normal -0 -0.382406 -0.923994
    outer loop
      vertex 10.5714 -3.86502 154.228
      vertex -10.3899 -4.22746 154.378
      vertex -10.5714 -3.86502 154.228
    endloop
  endfacet
  facet normal 0 0.852294 0.523063
    outer loop
      vertex 10 -7.02254 150.531
      vertex -10 -7.22752 150.865
      vertex 10 -7.22752 150.865
    endloop
  endfacet
  facet normal 0 0.852294 0.523063
    outer loop
      vertex -10 -7.22752 150.865
      vertex 10 -7.02254 150.531
      vertex -10 -7.02254 150.531
    endloop
  endfacet
  facet normal 0 0.972445 -0.233132
    outer loop
      vertex 10 -7.46922 152.391
      vertex -10 -7.37764 152.773
      vertex 10 -7.37764 152.773
    endloop
  endfacet
  facet normal 0 0.972445 -0.233132
    outer loop
      vertex -10 -7.37764 152.773
      vertex 10 -7.46922 152.391
      vertex -10 -7.46922 152.391
    endloop
  endfacet
  facet normal 0 -0.522555 0.852606
    outer loop
      vertex 10.7025 -3.53054 149.977
      vertex -10.5579 -3.86502 149.772
      vertex 10.5579 -3.86502 149.772
    endloop
  endfacet
  facet normal 0 -0.522555 0.852606
    outer loop
      vertex -10.5579 -3.86502 149.772
      vertex 10.7025 -3.53054 149.977
      vertex -10.7025 -3.53054 149.977
    endloop
  endfacet
  facet normal 0 0.522555 -0.852606
    outer loop
      vertex -10 -6.46946 154.023
      vertex 10 -6.13498 154.228
      vertex 10 -6.46946 154.023
    endloop
  endfacet
  facet normal 0 0.522555 -0.852606
    outer loop
      vertex 10 -6.13498 154.228
      vertex -10 -6.46946 154.023
      vertex -10 -6.13498 154.228
    endloop
  endfacet
  facet normal 0 0.972445 0.233132
    outer loop
      vertex 10 -7.37764 151.227
      vertex -10 -7.46922 151.609
      vertex 10 -7.46922 151.609
    endloop
  endfacet
  facet normal 0 0.972445 0.233132
    outer loop
      vertex -10 -7.46922 151.609
      vertex 10 -7.37764 151.227
      vertex -10 -7.37764 151.227
    endloop
  endfacet
  facet normal 0 -0.522555 -0.852606
    outer loop
      vertex -10.5714 -3.86502 154.228
      vertex 10.7389 -3.53054 154.023
      vertex 10.5714 -3.86502 154.228
    endloop
  endfacet
  facet normal -0 -0.522555 -0.852606
    outer loop
      vertex 10.7389 -3.53054 154.023
      vertex -10.5714 -3.86502 154.228
      vertex -10.7389 -3.53054 154.023
    endloop
  endfacet
  facet normal 0 0.0802618 -0.996774
    outer loop
      vertex 10 -5.39109 154.469
      vertex -10 -5.39109 154.469
      vertex 10 -5.0061 154.5
    endloop
  endfacet
  facet normal 0 0.0802618 -0.996774
    outer loop
      vertex -10 -5.0061 154.5
      vertex 10 -5.0061 154.5
      vertex -10 -5.39109 154.469
    endloop
  endfacet
  facet normal 0 0 -1
    outer loop
      vertex 10 -5.0061 154.5
      vertex -10 -5.0061 154.5
      vertex 10.0031 -5 154.5
    endloop
  endfacet
  facet normal -0 0 -1
    outer loop
      vertex 10.0031 -5 154.5
      vertex -10 -5.0061 154.5
      vertex -10.0031 -5 154.5
    endloop
  endfacet
  facet normal 0 0.232051 -0.972704
    outer loop
      vertex -10 -5.77254 154.378
      vertex 10 -5.39109 154.469
      vertex 10 -5.77254 154.378
    endloop
  endfacet
  facet normal 0 0.232051 -0.972704
    outer loop
      vertex 10 -5.39109 154.469
      vertex -10 -5.77254 154.378
      vertex -10 -5.39109 154.469
    endloop
  endfacet
  facet normal -0 0.649771 0.76013
    outer loop
      vertex -10 -6.46946 149.977
      vertex 10 -6.76777 150.232
      vertex 10 -6.46946 149.977
    endloop
  endfacet
  facet normal 0 0.649771 0.76013
    outer loop
      vertex 10 -6.76777 150.232
      vertex -10 -6.46946 149.977
      vertex -10 -6.76777 150.232
    endloop
  endfacet
  facet normal -0 0.232051 0.972704
    outer loop
      vertex -10 -5.39109 149.531
      vertex 10 -5.77254 149.622
      vertex 10 -5.39109 149.531
    endloop
  endfacet
  facet normal 0 0.232051 0.972704
    outer loop
      vertex 10 -5.77254 149.622
      vertex -10 -5.39109 149.531
      vertex -10 -5.77254 149.622
    endloop
  endfacet
  facet normal 0 -0.232051 -0.972704
    outer loop
      vertex -10.1989 -4.60891 154.469
      vertex 10.3899 -4.22746 154.378
      vertex 10.1989 -4.60891 154.469
    endloop
  endfacet
  facet normal -0 -0.232051 -0.972704
    outer loop
      vertex 10.3899 -4.22746 154.378
      vertex -10.1989 -4.60891 154.469
      vertex -10.3899 -4.22746 154.378
    endloop
  endfacet
  facet normal 0 -0.996916 -0.0784784
    outer loop
      vertex -11.255 -2.5 152
      vertex 11.2395 -2.53078 152.391
      vertex -11.2395 -2.53078 152.391
    endloop
  endfacet
  facet normal 0 -0.996916 -0.0784784
    outer loop
      vertex 11.2395 -2.53078 152.391
      vertex -11.255 -2.5 152
      vertex 11.255 -2.5 152
    endloop
  endfacet
  facet normal 0 -0.996916 0.0784784
    outer loop
      vertex -11.2395 -2.53078 151.609
      vertex 11.255 -2.5 152
      vertex -11.255 -2.5 152
    endloop
  endfacet
  facet normal 0 -0.996916 0.0784784
    outer loop
      vertex 11.255 -2.5 152
      vertex -11.2395 -2.53078 151.609
      vertex 11.2395 -2.53078 151.609
    endloop
  endfacet
  facet normal 0 0.996916 -0.0784784
    outer loop
      vertex 10 -7.5 152
      vertex -10 -7.46922 152.391
      vertex 10 -7.46922 152.391
    endloop
  endfacet
  facet normal 0 0.996916 -0.0784784
    outer loop
      vertex -10 -7.46922 152.391
      vertex 10 -7.5 152
      vertex -10 -7.5 152
    endloop
  endfacet
  facet normal 0 0.852294 -0.523063
    outer loop
      vertex 10 -7.22752 153.135
      vertex -10 -7.02254 153.469
      vertex 10 -7.02254 153.469
    endloop
  endfacet
  facet normal 0 0.852294 -0.523063
    outer loop
      vertex -10 -7.02254 153.469
      vertex 10 -7.22752 153.135
      vertex -10 -7.22752 153.135
    endloop
  endfacet
  facet normal 0 -0.382406 0.923994
    outer loop
      vertex 10.3485 -3.86502 123.772
      vertex -10.1828 -4.22746 123.622
      vertex 10.1828 -4.22746 123.622
    endloop
  endfacet
  facet normal 0 -0.382406 0.923994
    outer loop
      vertex -10.1828 -4.22746 123.622
      vertex 10.3485 -3.86502 123.772
      vertex -10.3485 -3.86502 123.772
    endloop
  endfacet
  facet normal 0 0.996916 0.0784784
    outer loop
      vertex 10 -7.46922 125.609
      vertex -10 -7.5 126
      vertex 10 -7.5 126
    endloop
  endfacet
  facet normal 0 0.996916 0.0784784
    outer loop
      vertex -10 -7.5 126
      vertex 10 -7.46922 125.609
      vertex -10 -7.46922 125.609
    endloop
  endfacet
  facet normal 0 -0.0775223 0.996991
    outer loop
      vertex 10 -4.62704 123.529
      vertex -10 -4.62704 123.529
      vertex 10 -5 123.5
    endloop
  endfacet
  facet normal 0 -0.109649 0.99397
    outer loop
      vertex 10.0083 -4.60891 123.531
      vertex -10 -4.62704 123.529
      vertex 10 -4.62704 123.529
    endloop
  endfacet
  facet normal 0 -0.109649 0.99397
    outer loop
      vertex -10 -4.62704 123.529
      vertex 10.0083 -4.60891 123.531
      vertex -10.0083 -4.60891 123.531
    endloop
  endfacet
  facet normal 0 -0.0775223 0.996991
    outer loop
      vertex 10 -5 123.5
      vertex -10 -4.62704 123.529
      vertex -10 -5 123.5
    endloop
  endfacet
  facet normal 0 -0.649771 -0.76013
    outer loop
      vertex -10.5015 -3.53054 128.023
      vertex 10.6379 -3.23223 127.768
      vertex 10.5015 -3.53054 128.023
    endloop
  endfacet
  facet normal -0 -0.649771 -0.76013
    outer loop
      vertex 10.6379 -3.23223 127.768
      vertex -10.5015 -3.53054 128.023
      vertex -10.6379 -3.23223 127.768
    endloop
  endfacet
  facet normal 0 0.76116 -0.648564
    outer loop
      vertex 10 -7.02254 127.469
      vertex -10 -6.76777 127.768
      vertex 10 -6.76777 127.768
    endloop
  endfacet
  facet normal 0 0.76116 -0.648564
    outer loop
      vertex -10 -6.76777 127.768
      vertex 10 -7.02254 127.469
      vertex -10 -7.02254 127.469
    endloop
  endfacet
  facet normal 0 0.76116 0.648564
    outer loop
      vertex 10 -6.76777 124.232
      vertex -10 -7.02254 124.531
      vertex 10 -7.02254 124.531
    endloop
  endfacet
  facet normal 0 0.76116 0.648564
    outer loop
      vertex -10 -7.02254 124.531
      vertex 10 -6.76777 124.232
      vertex -10 -6.76777 124.232
    endloop
  endfacet
  facet normal 0.012039 -0.922776 0.385149
    outer loop
      vertex -10.8424 -2.77248 124.865
      vertex -10.9169 -2.62236 125.227
      vertex -10.8785 -2.70617 125.025
    endloop
  endfacet
  facet normal 0 -0.923722 0.383064
    outer loop
      vertex -10.9169 -2.62236 125.227
      vertex -10.8424 -2.77248 124.865
      vertex 10.9169 -2.62236 125.227
    endloop
  endfacet
  facet normal 0 -0.923722 0.383064
    outer loop
      vertex 10.8424 -2.77248 124.865
      vertex 10.9169 -2.62236 125.227
      vertex -10.8424 -2.77248 124.865
    endloop
  endfacet
  facet normal -0.012039 -0.922776 0.385149
    outer loop
      vertex 10.9169 -2.62236 125.227
      vertex 10.8424 -2.77248 124.865
      vertex 10.8785 -2.70617 125.025
    endloop
  endfacet
  facet normal 0 -0.649771 0.76013
    outer loop
      vertex 10.6241 -3.23223 124.232
      vertex -10.4929 -3.53054 123.977
      vertex 10.4929 -3.53054 123.977
    endloop
  endfacet
  facet normal 0 -0.649771 0.76013
    outer loop
      vertex -10.4929 -3.53054 123.977
      vertex 10.6241 -3.23223 124.232
      vertex -10.6241 -3.23223 124.232
    endloop
  endfacet
  facet normal 0 0.649771 -0.76013
    outer loop
      vertex -10 -6.76777 127.768
      vertex 10 -6.46946 128.023
      vertex 10 -6.76777 127.768
    endloop
  endfacet
  facet normal 0 0.649771 -0.76013
    outer loop
      vertex 10 -6.46946 128.023
      vertex -10 -6.76777 127.768
      vertex -10 -6.46946 128.023
    endloop
  endfacet
  facet normal 0 0.382406 -0.923994
    outer loop
      vertex -10 -6.13498 128.228
      vertex 10 -5.77254 128.378
      vertex 10 -6.13498 128.228
    endloop
  endfacet
  facet normal 0 0.382406 -0.923994
    outer loop
      vertex 10 -5.77254 128.378
      vertex -10 -6.13498 128.228
      vertex -10 -5.77254 128.378
    endloop
  endfacet
  facet normal 0 -0.76116 -0.648564
    outer loop
      vertex -10.7544 -2.97746 127.469
      vertex 10.6379 -3.23223 127.768
      vertex -10.6379 -3.23223 127.768
    endloop
  endfacet
  facet normal 0 -0.76116 -0.648564
    outer loop
      vertex 10.6379 -3.23223 127.768
      vertex -10.7544 -2.97746 127.469
      vertex 10.7544 -2.97746 127.469
    endloop
  endfacet
  facet normal 0 -0.923722 -0.383064
    outer loop
      vertex -10.9169 -2.62236 126.773
      vertex 10.8482 -2.77248 127.135
      vertex -10.8482 -2.77248 127.135
    endloop
  endfacet
  facet normal 0 -0.923722 -0.383064
    outer loop
      vertex 10.8482 -2.77248 127.135
      vertex -10.9169 -2.62236 126.773
      vertex 10.9169 -2.62236 126.773
    endloop
  endfacet
  facet normal -0 0.522555 0.852606
    outer loop
      vertex -10 -6.13498 123.772
      vertex 10 -6.46946 123.977
      vertex 10 -6.13498 123.772
    endloop
  endfacet
  facet normal 0 0.522555 0.852606
    outer loop
      vertex 10 -6.46946 123.977
      vertex -10 -6.13498 123.772
      vertex -10 -6.46946 123.977
    endloop
  endfacet
  facet normal 0 -0.232051 0.972704
    outer loop
      vertex 10.1828 -4.22746 123.622
      vertex -10.0083 -4.60891 123.531
      vertex 10.0083 -4.60891 123.531
    endloop
  endfacet
  facet normal 0 -0.232051 0.972704
    outer loop
      vertex -10.0083 -4.60891 123.531
      vertex 10.1828 -4.22746 123.622
      vertex -10.1828 -4.22746 123.622
    endloop
  endfacet
  facet normal 0 0.923722 0.383064
    outer loop
      vertex 10 -7.22752 124.865
      vertex -10 -7.37764 125.227
      vertex 10 -7.37764 125.227
    endloop
  endfacet
  facet normal 0 0.923722 0.383064
    outer loop
      vertex -10 -7.37764 125.227
      vertex 10 -7.22752 124.865
      vertex -10 -7.22752 124.865
    endloop
  endfacet
  facet normal -0 0.0790178 0.996873
    outer loop
      vertex -10 -5 123.5
      vertex 10 -5.39109 123.531
      vertex 10 -5 123.5
    endloop
  endfacet
  facet normal 0 0.0790178 0.996873
    outer loop
      vertex 10 -5.39109 123.531
      vertex -10 -5 123.5
      vertex -10 -5.39109 123.531
    endloop
  endfacet
  facet normal 0 -0.852294 -0.523063
    outer loop
      vertex -10.8482 -2.77248 127.135
      vertex 10.7544 -2.97746 127.469
      vertex -10.7544 -2.97746 127.469
    endloop
  endfacet
  facet normal 0 -0.852294 -0.523063
    outer loop
      vertex 10.7544 -2.97746 127.469
      vertex -10.8482 -2.77248 127.135
      vertex 10.8482 -2.77248 127.135
    endloop
  endfacet
  facet normal -0 0.382406 0.923994
    outer loop
      vertex -10 -5.77254 123.622
      vertex 10 -6.13498 123.772
      vertex 10 -5.77254 123.622
    endloop
  endfacet
  facet normal 0 0.382406 0.923994
    outer loop
      vertex 10 -6.13498 123.772
      vertex -10 -5.77254 123.622
      vertex -10 -6.13498 123.772
    endloop
  endfacet
  facet normal -0 -0.0775223 -0.996991
    outer loop
      vertex 10 -5 128.5
      vertex -10 -5 128.5
      vertex 10 -4.62704 128.471
    endloop
  endfacet
  facet normal 0 -0.0775223 -0.996991
    outer loop
      vertex -10 -4.62704 128.471
      vertex 10 -4.62704 128.471
      vertex -10 -5 128.5
    endloop
  endfacet
  facet normal -0 -0.109649 -0.99397
    outer loop
      vertex 10 -4.62704 128.471
      vertex -10 -4.62704 128.471
      vertex 10.0083 -4.60891 128.469
    endloop
  endfacet
  facet normal -0 -0.109649 -0.99397
    outer loop
      vertex 10.0083 -4.60891 128.469
      vertex -10 -4.62704 128.471
      vertex -10.0083 -4.60891 128.469
    endloop
  endfacet
  facet normal 0 -0.76116 0.648564
    outer loop
      vertex -10.6241 -3.23223 124.232
      vertex 10.7415 -2.97746 124.531
      vertex -10.7415 -2.97746 124.531
    endloop
  endfacet
  facet normal 0 -0.76116 0.648564
    outer loop
      vertex 10.7415 -2.97746 124.531
      vertex -10.6241 -3.23223 124.232
      vertex 10.6241 -3.23223 124.232
    endloop
  endfacet
  facet normal 0 0.923722 -0.383064
    outer loop
      vertex 10 -7.37764 126.773
      vertex -10 -7.22752 127.135
      vertex 10 -7.22752 127.135
    endloop
  endfacet
  facet normal 0 0.923722 -0.383064
    outer loop
      vertex -10 -7.22752 127.135
      vertex 10 -7.37764 126.773
      vertex -10 -7.37764 126.773
    endloop
  endfacet
  facet normal 0 -0.972445 -0.233132
    outer loop
      vertex -10.9587 -2.53078 126.391
      vertex 10.9169 -2.62236 126.773
      vertex -10.9169 -2.62236 126.773
    endloop
  endfacet
  facet normal 0 -0.972445 -0.233132
    outer loop
      vertex 10.9169 -2.62236 126.773
      vertex -10.9587 -2.53078 126.391
      vertex 10.9587 -2.53078 126.391
    endloop
  endfacet
  facet normal 0 -0.852294 0.523063
    outer loop
      vertex -10.7415 -2.97746 124.531
      vertex 10.8424 -2.77248 124.865
      vertex -10.8424 -2.77248 124.865
    endloop
  endfacet
  facet normal 0 -0.852294 0.523063
    outer loop
      vertex 10.8424 -2.77248 124.865
      vertex -10.7415 -2.97746 124.531
      vertex 10.7415 -2.97746 124.531
    endloop
  endfacet
  facet normal 0 -0.382406 -0.923994
    outer loop
      vertex -10.1828 -4.22746 128.378
      vertex 10.3485 -3.86502 128.228
      vertex 10.1828 -4.22746 128.378
    endloop
  endfacet
  facet normal -0 -0.382406 -0.923994
    outer loop
      vertex 10.3485 -3.86502 128.228
      vertex -10.1828 -4.22746 128.378
      vertex -10.3485 -3.86502 128.228
    endloop
  endfacet
  facet normal 0 0.852294 0.523063
    outer loop
      vertex 10 -7.02254 124.531
      vertex -10 -7.22752 124.865
      vertex 10 -7.22752 124.865
    endloop
  endfacet
  facet normal 0 0.852294 0.523063
    outer loop
      vertex -10 -7.22752 124.865
      vertex 10 -7.02254 124.531
      vertex -10 -7.02254 124.531
    endloop
  endfacet
  facet normal 0 0.972445 -0.233132
    outer loop
      vertex 10 -7.46922 126.391
      vertex -10 -7.37764 126.773
      vertex 10 -7.37764 126.773
    endloop
  endfacet
  facet normal 0 0.972445 -0.233132
    outer loop
      vertex -10 -7.37764 126.773
      vertex 10 -7.46922 126.391
      vertex -10 -7.46922 126.391
    endloop
  endfacet
  facet normal -0.10607 -0.485918 0.867544
    outer loop
      vertex 10.4929 -3.53054 123.977
      vertex 10.3485 -3.86502 123.772
      vertex 10.3856 -3.78385 123.822
    endloop
  endfacet
  facet normal 0 -0.522555 0.852606
    outer loop
      vertex 10.4929 -3.53054 123.977
      vertex -10.3485 -3.86502 123.772
      vertex 10.3485 -3.86502 123.772
    endloop
  endfacet
  facet normal 0 -0.522555 0.852606
    outer loop
      vertex -10.4929 -3.53054 123.977
      vertex -10.3485 -3.86502 123.772
      vertex 10.4929 -3.53054 123.977
    endloop
  endfacet
  facet normal 0.10607 -0.485918 0.867544
    outer loop
      vertex -10.3485 -3.86502 123.772
      vertex -10.4929 -3.53054 123.977
      vertex -10.3856 -3.78385 123.822
    endloop
  endfacet
  facet normal 0 0.522555 -0.852606
    outer loop
      vertex -10 -6.46946 128.023
      vertex 10 -6.13498 128.228
      vertex 10 -6.46946 128.023
    endloop
  endfacet
  facet normal 0 0.522555 -0.852606
    outer loop
      vertex 10 -6.13498 128.228
      vertex -10 -6.46946 128.023
      vertex -10 -6.13498 128.228
    endloop
  endfacet
  facet normal 0 0.972445 0.233132
    outer loop
      vertex 10 -7.37764 125.227
      vertex -10 -7.46922 125.609
      vertex 10 -7.46922 125.609
    endloop
  endfacet
  facet normal 0 0.972445 0.233132
    outer loop
      vertex -10 -7.46922 125.609
      vertex 10 -7.37764 125.227
      vertex -10 -7.37764 125.227
    endloop
  endfacet
  facet normal 0 -0.972445 0.233132
    outer loop
      vertex -10.9169 -2.62236 125.227
      vertex 10.9587 -2.53078 125.609
      vertex -10.9587 -2.53078 125.609
    endloop
  endfacet
  facet normal 0 -0.972445 0.233132
    outer loop
      vertex 10.9587 -2.53078 125.609
      vertex -10.9169 -2.62236 125.227
      vertex 10.9169 -2.62236 125.227
    endloop
  endfacet
  facet normal 0 -0.522555 -0.852606
    outer loop
      vertex -10.3485 -3.86502 128.228
      vertex 10.5015 -3.53054 128.023
      vertex 10.3485 -3.86502 128.228
    endloop
  endfacet
  facet normal -0 -0.522555 -0.852606
    outer loop
      vertex 10.5015 -3.53054 128.023
      vertex -10.3485 -3.86502 128.228
      vertex -10.5015 -3.53054 128.023
    endloop
  endfacet
  facet normal 0 0.0790178 -0.996873
    outer loop
      vertex -10 -5.39109 128.469
      vertex 10 -5 128.5
      vertex 10 -5.39109 128.469
    endloop
  endfacet
  facet normal 0 0.0790178 -0.996873
    outer loop
      vertex 10 -5 128.5
      vertex -10 -5.39109 128.469
      vertex -10 -5 128.5
    endloop
  endfacet
  facet normal 0 0.232051 -0.972704
    outer loop
      vertex -10 -5.77254 128.378
      vertex 10 -5.39109 128.469
      vertex 10 -5.77254 128.378
    endloop
  endfacet
  facet normal 0 0.232051 -0.972704
    outer loop
      vertex 10 -5.39109 128.469
      vertex -10 -5.77254 128.378
      vertex -10 -5.39109 128.469
    endloop
  endfacet
  facet normal -0 0.649771 0.76013
    outer loop
      vertex -10 -6.46946 123.977
      vertex 10 -6.76777 124.232
      vertex 10 -6.46946 123.977
    endloop
  endfacet
  facet normal 0 0.649771 0.76013
    outer loop
      vertex 10 -6.76777 124.232
      vertex -10 -6.46946 123.977
      vertex -10 -6.76777 124.232
    endloop
  endfacet
  facet normal -0 0.232051 0.972704
    outer loop
      vertex -10 -5.39109 123.531
      vertex 10 -5.77254 123.622
      vertex 10 -5.39109 123.531
    endloop
  endfacet
  facet normal 0 0.232051 0.972704
    outer loop
      vertex 10 -5.77254 123.622
      vertex -10 -5.39109 123.531
      vertex -10 -5.77254 123.622
    endloop
  endfacet
  facet normal 0 -0.232051 -0.972704
    outer loop
      vertex -10.0083 -4.60891 128.469
      vertex 10.1828 -4.22746 128.378
      vertex 10.0083 -4.60891 128.469
    endloop
  endfacet
  facet normal -0 -0.232051 -0.972704
    outer loop
      vertex 10.1828 -4.22746 128.378
      vertex -10.0083 -4.60891 128.469
      vertex -10.1828 -4.22746 128.378
    endloop
  endfacet
  facet normal 0 -0.996916 -0.0784784
    outer loop
      vertex -10.9728 -2.5 126
      vertex 10.9587 -2.53078 126.391
      vertex -10.9587 -2.53078 126.391
    endloop
  endfacet
  facet normal 0 -0.996916 -0.0784784
    outer loop
      vertex 10.9587 -2.53078 126.391
      vertex -10.9728 -2.5 126
      vertex 10.9728 -2.5 126
    endloop
  endfacet
  facet normal 0 -0.996916 0.0784784
    outer loop
      vertex -10.9587 -2.53078 125.609
      vertex 10.9728 -2.5 126
      vertex -10.9728 -2.5 126
    endloop
  endfacet
  facet normal 0 -0.996916 0.0784784
    outer loop
      vertex 10.9728 -2.5 126
      vertex -10.9587 -2.53078 125.609
      vertex 10.9587 -2.53078 125.609
    endloop
  endfacet
  facet normal 0 0.996916 -0.0784784
    outer loop
      vertex 10 -7.5 126
      vertex -10 -7.46922 126.391
      vertex 10 -7.46922 126.391
    endloop
  endfacet
  facet normal 0 0.996916 -0.0784784
    outer loop
      vertex -10 -7.46922 126.391
      vertex 10 -7.5 126
      vertex -10 -7.5 126
    endloop
  endfacet
  facet normal 0 0.852294 -0.523063
    outer loop
      vertex 10 -7.22752 127.135
      vertex -10 -7.02254 127.469
      vertex 10 -7.02254 127.469
    endloop
  endfacet
  facet normal 0 0.852294 -0.523063
    outer loop
      vertex -10 -7.02254 127.469
      vertex 10 -7.22752 127.135
      vertex -10 -7.22752 127.135
    endloop
  endfacet
  facet normal 0 -0.380547 0.924762
    outer loop
      vertex 10 -4.2 97.6337
      vertex -10 -4.2 97.6337
      vertex 10 -4.22746 97.6224
    endloop
  endfacet
  facet normal 0 -0.382793 0.923834
    outer loop
      vertex 10.1396 -3.86502 97.7725
      vertex -10 -4.2 97.6337
      vertex 10 -4.2 97.6337
    endloop
  endfacet
  facet normal 0 -0.382793 0.923834
    outer loop
      vertex -10 -4.2 97.6337
      vertex 10.1396 -3.86502 97.7725
      vertex -10.1396 -3.86502 97.7725
    endloop
  endfacet
  facet normal 0 -0.380547 0.924762
    outer loop
      vertex 10 -4.22746 97.6224
      vertex -10 -4.2 97.6337
      vertex -10 -4.22746 97.6224
    endloop
  endfacet
  facet normal 0 0.996917 0.0784585
    outer loop
      vertex 10 -7.46922 99.6089
      vertex -10 -7.5 100
      vertex 10 -7.5 100
    endloop
  endfacet
  facet normal 0 0.996917 0.0784585
    outer loop
      vertex -10 -7.5 100
      vertex 10 -7.46922 99.6089
      vertex -10 -7.46922 99.6089
    endloop
  endfacet
  facet normal 0 -0.0785112 0.996913
    outer loop
      vertex -10 -4.60891 97.5308
      vertex 10 -5 97.5
      vertex 10 -4.60891 97.5308
    endloop
  endfacet
  facet normal 0 -0.0785112 0.996913
    outer loop
      vertex 10 -5 97.5
      vertex -10 -4.60891 97.5308
      vertex -10 -5 97.5
    endloop
  endfacet
  facet normal 0 -0.649771 -0.76013
    outer loop
      vertex -10.2789 -3.53054 102.023
      vertex 10.4032 -3.23223 101.768
      vertex 10.2789 -3.53054 102.023
    endloop
  endfacet
  facet normal -0 -0.649771 -0.76013
    outer loop
      vertex 10.4032 -3.23223 101.768
      vertex -10.2789 -3.53054 102.023
      vertex -10.4032 -3.23223 101.768
    endloop
  endfacet
  facet normal 0 0.76116 -0.648564
    outer loop
      vertex 10 -7.02254 101.469
      vertex -10 -6.76777 101.768
      vertex 10 -6.76777 101.768
    endloop
  endfacet
  facet normal 0 0.76116 -0.648564
    outer loop
      vertex -10 -6.76777 101.768
      vertex 10 -7.02254 101.469
      vertex -10 -7.02254 101.469
    endloop
  endfacet
  facet normal 0 0.760409 0.649445
    outer loop
      vertex 10 -6.76777 98.2322
      vertex -10 -7.02254 98.5305
      vertex 10 -7.02254 98.5305
    endloop
  endfacet
  facet normal 0 0.760409 0.649445
    outer loop
      vertex -10 -7.02254 98.5305
      vertex 10 -6.76777 98.2322
      vertex -10 -6.76777 98.2322
    endloop
  endfacet
  facet normal 0 -0.923909 0.382613
    outer loop
      vertex -10.5948 -2.77248 98.865
      vertex 10.6574 -2.62236 99.2275
      vertex -10.6574 -2.62236 99.2275
    endloop
  endfacet
  facet normal 0 -0.923909 0.382613
    outer loop
      vertex 10.6574 -2.62236 99.2275
      vertex -10.5948 -2.77248 98.865
      vertex 10.5948 -2.77248 98.865
    endloop
  endfacet
  facet normal 0 -0.649329 0.760508
    outer loop
      vertex 10.4032 -3.23223 98.2322
      vertex -10.2789 -3.53054 97.9775
      vertex 10.2789 -3.53054 97.9775
    endloop
  endfacet
  facet normal 0 -0.649329 0.760508
    outer loop
      vertex -10.2789 -3.53054 97.9775
      vertex 10.4032 -3.23223 98.2322
      vertex -10.4032 -3.23223 98.2322
    endloop
  endfacet
  facet normal 0 0.649771 -0.76013
    outer loop
      vertex -10 -6.76777 101.768
      vertex 10 -6.46946 102.023
      vertex 10 -6.76777 101.768
    endloop
  endfacet
  facet normal 0 0.649771 -0.76013
    outer loop
      vertex 10 -6.46946 102.023
      vertex -10 -6.76777 101.768
      vertex -10 -6.46946 102.023
    endloop
  endfacet
  facet normal 0 -0.972362 0.233479
    outer loop
      vertex -10.6574 -2.62236 99.2275
      vertex 10.6955 -2.53078 99.6089
      vertex -10.6955 -2.53078 99.6089
    endloop
  endfacet
  facet normal 0 -0.972362 0.233479
    outer loop
      vertex 10.6955 -2.53078 99.6089
      vertex -10.6574 -2.62236 99.2275
      vertex 10.6574 -2.62236 99.2275
    endloop
  endfacet
  facet normal 0 0.382406 -0.923994
    outer loop
      vertex -10 -6.13498 102.228
      vertex 10 -5.77254 102.378
      vertex 10 -6.13498 102.228
    endloop
  endfacet
  facet normal 0 0.382406 -0.923994
    outer loop
      vertex 10 -5.77254 102.378
      vertex -10 -6.13498 102.228
      vertex -10 -5.77254 102.378
    endloop
  endfacet
  facet normal 0 -0.76116 -0.648564
    outer loop
      vertex -10.5094 -2.97746 101.469
      vertex 10.4032 -3.23223 101.768
      vertex -10.4032 -3.23223 101.768
    endloop
  endfacet
  facet normal 0 -0.76116 -0.648564
    outer loop
      vertex 10.4032 -3.23223 101.768
      vertex -10.5094 -2.97746 101.469
      vertex 10.5094 -2.97746 101.469
    endloop
  endfacet
  facet normal 0 -0.923722 -0.383064
    outer loop
      vertex -10.6574 -2.62236 100.773
      vertex 10.5948 -2.77248 101.135
      vertex -10.5948 -2.77248 101.135
    endloop
  endfacet
  facet normal 0 -0.923722 -0.383064
    outer loop
      vertex 10.5948 -2.77248 101.135
      vertex -10.6574 -2.62236 100.773
      vertex 10.6574 -2.62236 100.773
    endloop
  endfacet
  facet normal -0 0.522555 0.852606
    outer loop
      vertex -10 -6.13498 97.7725
      vertex 10 -6.46946 97.9775
      vertex 10 -6.13498 97.7725
    endloop
  endfacet
  facet normal 0 0.522555 0.852606
    outer loop
      vertex 10 -6.46946 97.9775
      vertex -10 -6.13498 97.7725
      vertex -10 -6.46946 97.9775
    endloop
  endfacet
  facet normal 0 -0.233498 0.972357
    outer loop
      vertex -10 -4.22746 97.6224
      vertex 10 -4.60891 97.5308
      vertex 10 -4.22746 97.6224
    endloop
  endfacet
  facet normal 0 -0.233498 0.972357
    outer loop
      vertex 10 -4.60891 97.5308
      vertex -10 -4.22746 97.6224
      vertex -10 -4.60891 97.5308
    endloop
  endfacet
  facet normal 0 0.923909 0.382613
    outer loop
      vertex 10 -7.22752 98.865
      vertex -10 -7.37764 99.2275
      vertex 10 -7.37764 99.2275
    endloop
  endfacet
  facet normal 0 0.923909 0.382613
    outer loop
      vertex -10 -7.37764 99.2275
      vertex 10 -7.22752 98.865
      vertex -10 -7.22752 98.865
    endloop
  endfacet
  facet normal -0 0.0785112 0.996913
    outer loop
      vertex -10 -5 97.5
      vertex 10 -5.39109 97.5308
      vertex 10 -5 97.5
    endloop
  endfacet
  facet normal 0 0.0785112 0.996913
    outer loop
      vertex 10 -5.39109 97.5308
      vertex -10 -5 97.5
      vertex -10 -5.39109 97.5308
    endloop
  endfacet
  facet normal 0 -0.852294 -0.523063
    outer loop
      vertex -10.5948 -2.77248 101.135
      vertex 10.5094 -2.97746 101.469
      vertex -10.5094 -2.97746 101.469
    endloop
  endfacet
  facet normal 0 -0.852294 -0.523063
    outer loop
      vertex 10.5094 -2.97746 101.469
      vertex -10.5948 -2.77248 101.135
      vertex 10.5948 -2.77248 101.135
    endloop
  endfacet
  facet normal -0 0.382623 0.923904
    outer loop
      vertex -10 -5.77254 97.6224
      vertex 10 -6.13498 97.7725
      vertex 10 -5.77254 97.6224
    endloop
  endfacet
  facet normal 0 0.382623 0.923904
    outer loop
      vertex 10 -6.13498 97.7725
      vertex -10 -5.77254 97.6224
      vertex -10 -6.13498 97.7725
    endloop
  endfacet
  facet normal 0 -0.0790178 -0.996873
    outer loop
      vertex -10 -5 102.5
      vertex 10 -4.60891 102.469
      vertex 10 -5 102.5
    endloop
  endfacet
  facet normal -0 -0.0790178 -0.996873
    outer loop
      vertex 10 -4.60891 102.469
      vertex -10 -5 102.5
      vertex -10 -4.60891 102.469
    endloop
  endfacet
  facet normal 0 -0.760409 0.649445
    outer loop
      vertex -10.4032 -3.23223 98.2322
      vertex 10.5094 -2.97746 98.5305
      vertex -10.5094 -2.97746 98.5305
    endloop
  endfacet
  facet normal 0 -0.760409 0.649445
    outer loop
      vertex 10.5094 -2.97746 98.5305
      vertex -10.4032 -3.23223 98.2322
      vertex 10.4032 -3.23223 98.2322
    endloop
  endfacet
  facet normal 0 0.923722 -0.383064
    outer loop
      vertex 10 -7.37764 100.773
      vertex -10 -7.22752 101.135
      vertex 10 -7.22752 101.135
    endloop
  endfacet
  facet normal 0 0.923722 -0.383064
    outer loop
      vertex -10 -7.22752 101.135
      vertex 10 -7.37764 100.773
      vertex -10 -7.37764 100.773
    endloop
  endfacet
  facet normal 0 -0.972445 -0.233132
    outer loop
      vertex -10.6955 -2.53078 100.391
      vertex 10.6574 -2.62236 100.773
      vertex -10.6574 -2.62236 100.773
    endloop
  endfacet
  facet normal 0 -0.972445 -0.233132
    outer loop
      vertex 10.6574 -2.62236 100.773
      vertex -10.6955 -2.53078 100.391
      vertex 10.6955 -2.53078 100.391
    endloop
  endfacet
  facet normal 0 -0.852642 0.522495
    outer loop
      vertex -10.5094 -2.97746 98.5305
      vertex 10.5948 -2.77248 98.865
      vertex -10.5948 -2.77248 98.865
    endloop
  endfacet
  facet normal 0 -0.852642 0.522495
    outer loop
      vertex 10.5948 -2.77248 98.865
      vertex -10.5094 -2.97746 98.5305
      vertex 10.5094 -2.97746 98.5305
    endloop
  endfacet
  facet normal -0 -0.400434 -0.916326
    outer loop
      vertex 10 -4.22746 102.378
      vertex -10 -4.22746 102.378
      vertex 10 -4.2 102.366
    endloop
  endfacet
  facet normal 0 -0.400434 -0.916326
    outer loop
      vertex -10 -4.2 102.366
      vertex 10 -4.2 102.366
      vertex -10 -4.22746 102.378
    endloop
  endfacet
  facet normal -0 -0.380908 -0.924613
    outer loop
      vertex 10 -4.2 102.366
      vertex -10 -4.2 102.366
      vertex 10.1396 -3.86502 102.228
    endloop
  endfacet
  facet normal -0 -0.380908 -0.924613
    outer loop
      vertex 10.1396 -3.86502 102.228
      vertex -10 -4.2 102.366
      vertex -10.1396 -3.86502 102.228
    endloop
  endfacet
  facet normal 0 0.852642 0.522495
    outer loop
      vertex 10 -7.02254 98.5305
      vertex -10 -7.22752 98.865
      vertex 10 -7.22752 98.865
    endloop
  endfacet
  facet normal 0 0.852642 0.522495
    outer loop
      vertex -10 -7.22752 98.865
      vertex 10 -7.02254 98.5305
      vertex -10 -7.02254 98.5305
    endloop
  endfacet
  facet normal 0 0.972445 -0.233132
    outer loop
      vertex 10 -7.46922 100.391
      vertex -10 -7.37764 100.773
      vertex 10 -7.37764 100.773
    endloop
  endfacet
  facet normal 0 0.972445 -0.233132
    outer loop
      vertex -10 -7.37764 100.773
      vertex 10 -7.46922 100.391
      vertex -10 -7.46922 100.391
    endloop
  endfacet
  facet normal 0 -0.522555 0.852606
    outer loop
      vertex 10.2789 -3.53054 97.9775
      vertex -10.1396 -3.86502 97.7725
      vertex 10.1396 -3.86502 97.7725
    endloop
  endfacet
  facet normal 0 -0.522555 0.852606
    outer loop
      vertex -10.1396 -3.86502 97.7725
      vertex 10.2789 -3.53054 97.9775
      vertex -10.2789 -3.53054 97.9775
    endloop
  endfacet
  facet normal 0 0.522555 -0.852606
    outer loop
      vertex -10 -6.46946 102.023
      vertex 10 -6.13498 102.228
      vertex 10 -6.46946 102.023
    endloop
  endfacet
  facet normal 0 0.522555 -0.852606
    outer loop
      vertex 10 -6.13498 102.228
      vertex -10 -6.46946 102.023
      vertex -10 -6.13498 102.228
    endloop
  endfacet
  facet normal 0 0.972362 0.233479
    outer loop
      vertex 10 -7.37764 99.2275
      vertex -10 -7.46922 99.6089
      vertex 10 -7.46922 99.6089
    endloop
  endfacet
  facet normal 0 0.972362 0.233479
    outer loop
      vertex -10 -7.46922 99.6089
      vertex 10 -7.37764 99.2275
      vertex -10 -7.37764 99.2275
    endloop
  endfacet
  facet normal 0 -0.522555 -0.852606
    outer loop
      vertex -10.1396 -3.86502 102.228
      vertex 10.2789 -3.53054 102.023
      vertex 10.1396 -3.86502 102.228
    endloop
  endfacet
  facet normal -0 -0.522555 -0.852606
    outer loop
      vertex 10.2789 -3.53054 102.023
      vertex -10.1396 -3.86502 102.228
      vertex -10.2789 -3.53054 102.023
    endloop
  endfacet
  facet normal 0 0.0790178 -0.996873
    outer loop
      vertex -10 -5.39109 102.469
      vertex 10 -5 102.5
      vertex 10 -5.39109 102.469
    endloop
  endfacet
  facet normal 0 0.0790178 -0.996873
    outer loop
      vertex 10 -5 102.5
      vertex -10 -5.39109 102.469
      vertex -10 -5 102.5
    endloop
  endfacet
  facet normal 0 0.232051 -0.972704
    outer loop
      vertex -10 -5.77254 102.378
      vertex 10 -5.39109 102.469
      vertex 10 -5.77254 102.378
    endloop
  endfacet
  facet normal 0 0.232051 -0.972704
    outer loop
      vertex 10 -5.39109 102.469
      vertex -10 -5.77254 102.378
      vertex -10 -5.39109 102.469
    endloop
  endfacet
  facet normal -0 0.649329 0.760508
    outer loop
      vertex -10 -6.46946 97.9775
      vertex 10 -6.76777 98.2322
      vertex 10 -6.46946 97.9775
    endloop
  endfacet
  facet normal 0 0.649329 0.760508
    outer loop
      vertex 10 -6.76777 98.2322
      vertex -10 -6.46946 97.9775
      vertex -10 -6.76777 98.2322
    endloop
  endfacet
  facet normal -0 0.233498 0.972357
    outer loop
      vertex -10 -5.39109 97.5308
      vertex 10 -5.77254 97.6224
      vertex 10 -5.39109 97.5308
    endloop
  endfacet
  facet normal 0 0.233498 0.972357
    outer loop
      vertex 10 -5.77254 97.6224
      vertex -10 -5.39109 97.5308
      vertex -10 -5.77254 97.6224
    endloop
  endfacet
  facet normal 0 -0.232051 -0.972704
    outer loop
      vertex -10 -4.60891 102.469
      vertex 10 -4.22746 102.378
      vertex 10 -4.60891 102.469
    endloop
  endfacet
  facet normal -0 -0.232051 -0.972704
    outer loop
      vertex 10 -4.22746 102.378
      vertex -10 -4.60891 102.469
      vertex -10 -4.22746 102.378
    endloop
  endfacet
  facet normal 0 -0.996917 0.0784585
    outer loop
      vertex -10.6955 -2.53078 99.6089
      vertex 10.7083 -2.5 100
      vertex -10.7083 -2.5 100
    endloop
  endfacet
  facet normal 0 -0.996917 0.0784585
    outer loop
      vertex 10.7083 -2.5 100
      vertex -10.6955 -2.53078 99.6089
      vertex 10.6955 -2.53078 99.6089
    endloop
  endfacet
  facet normal 0 -0.996916 -0.0784784
    outer loop
      vertex -10.7083 -2.5 100
      vertex 10.6955 -2.53078 100.391
      vertex -10.6955 -2.53078 100.391
    endloop
  endfacet
  facet normal 0 -0.996916 -0.0784784
    outer loop
      vertex 10.6955 -2.53078 100.391
      vertex -10.7083 -2.5 100
      vertex 10.7083 -2.5 100
    endloop
  endfacet
  facet normal 0 0.996916 -0.0784784
    outer loop
      vertex 10 -7.5 100
      vertex -10 -7.46922 100.391
      vertex 10 -7.46922 100.391
    endloop
  endfacet
  facet normal 0 0.996916 -0.0784784
    outer loop
      vertex -10 -7.46922 100.391
      vertex 10 -7.5 100
      vertex -10 -7.5 100
    endloop
  endfacet
  facet normal 0 0.852294 -0.523063
    outer loop
      vertex 10 -7.22752 101.135
      vertex -10 -7.02254 101.469
      vertex 10 -7.02254 101.469
    endloop
  endfacet
  facet normal 0 0.852294 -0.523063
    outer loop
      vertex -10 -7.02254 101.469
      vertex 10 -7.22752 101.135
      vertex -10 -7.22752 101.135
    endloop
  endfacet
  facet normal 0 -0.382623 0.923904
    outer loop
      vertex 10.3485 -3.86502 71.7725
      vertex -10.1828 -4.22746 71.6224
      vertex 10.1828 -4.22746 71.6224
    endloop
  endfacet
  facet normal 0 -0.382623 0.923904
    outer loop
      vertex -10.1828 -4.22746 71.6224
      vertex 10.3485 -3.86502 71.7725
      vertex -10.3485 -3.86502 71.7725
    endloop
  endfacet
  facet normal 0 0.996917 0.0784585
    outer loop
      vertex 10 -7.46922 73.6089
      vertex -10 -7.5 74
      vertex 10 -7.5 74
    endloop
  endfacet
  facet normal 0 0.996917 0.0784585
    outer loop
      vertex -10 -7.5 74
      vertex 10 -7.46922 73.6089
      vertex -10 -7.46922 73.6089
    endloop
  endfacet
  facet normal 0 -0.078585 0.996907
    outer loop
      vertex 10 -4.62704 71.5294
      vertex -10 -4.62704 71.5294
      vertex 10 -5 71.5
    endloop
  endfacet
  facet normal 0 -0.0769909 0.997032
    outer loop
      vertex 10.0083 -4.60891 71.5308
      vertex -10 -4.62704 71.5294
      vertex 10 -4.62704 71.5294
    endloop
  endfacet
  facet normal 0 -0.0769909 0.997032
    outer loop
      vertex -10 -4.62704 71.5294
      vertex 10.0083 -4.60891 71.5308
      vertex -10.0083 -4.60891 71.5308
    endloop
  endfacet
  facet normal 0 -0.078585 0.996907
    outer loop
      vertex 10 -5 71.5
      vertex -10 -4.62704 71.5294
      vertex -10 -5 71.5
    endloop
  endfacet
  facet normal 0 -0.649329 -0.760508
    outer loop
      vertex -10.4929 -3.53054 76.0225
      vertex 10.6241 -3.23223 75.7678
      vertex 10.4929 -3.53054 76.0225
    endloop
  endfacet
  facet normal -0 -0.649329 -0.760508
    outer loop
      vertex 10.6241 -3.23223 75.7678
      vertex -10.4929 -3.53054 76.0225
      vertex -10.6241 -3.23223 75.7678
    endloop
  endfacet
  facet normal 0 0.760409 -0.649445
    outer loop
      vertex 10 -7.02254 75.4695
      vertex -10 -6.76777 75.7678
      vertex 10 -6.76777 75.7678
    endloop
  endfacet
  facet normal 0 0.760409 -0.649445
    outer loop
      vertex -10 -6.76777 75.7678
      vertex 10 -7.02254 75.4695
      vertex -10 -7.02254 75.4695
    endloop
  endfacet
  facet normal 0 0.760409 0.649445
    outer loop
      vertex 10 -6.76777 72.2322
      vertex -10 -7.02254 72.5305
      vertex 10 -7.02254 72.5305
    endloop
  endfacet
  facet normal 0 0.760409 0.649445
    outer loop
      vertex -10 -7.02254 72.5305
      vertex 10 -6.76777 72.2322
      vertex -10 -6.76777 72.2322
    endloop
  endfacet
  facet normal 0 -0.923909 0.382613
    outer loop
      vertex -10.8482 -2.77248 72.865
      vertex 10.9169 -2.62236 73.2275
      vertex -10.9169 -2.62236 73.2275
    endloop
  endfacet
  facet normal 0 -0.923909 0.382613
    outer loop
      vertex 10.9169 -2.62236 73.2275
      vertex -10.8482 -2.77248 72.865
      vertex 10.8482 -2.77248 72.865
    endloop
  endfacet
  facet normal 0 -0.649329 0.760508
    outer loop
      vertex 10.6379 -3.23223 72.2322
      vertex -10.5015 -3.53054 71.9775
      vertex 10.5015 -3.53054 71.9775
    endloop
  endfacet
  facet normal 0 -0.649329 0.760508
    outer loop
      vertex -10.5015 -3.53054 71.9775
      vertex 10.6379 -3.23223 72.2322
      vertex -10.6379 -3.23223 72.2322
    endloop
  endfacet
  facet normal 0 0.649329 -0.760508
    outer loop
      vertex -10 -6.76777 75.7678
      vertex 10 -6.46946 76.0225
      vertex 10 -6.76777 75.7678
    endloop
  endfacet
  facet normal 0 0.649329 -0.760508
    outer loop
      vertex 10 -6.46946 76.0225
      vertex -10 -6.76777 75.7678
      vertex -10 -6.46946 76.0225
    endloop
  endfacet
  facet normal 0 0.382623 -0.923904
    outer loop
      vertex -10 -6.13498 76.2275
      vertex 10 -5.77254 76.3776
      vertex 10 -6.13498 76.2275
    endloop
  endfacet
  facet normal 0 0.382623 -0.923904
    outer loop
      vertex 10 -5.77254 76.3776
      vertex -10 -6.13498 76.2275
      vertex -10 -5.77254 76.3776
    endloop
  endfacet
  facet normal 0 -0.760409 -0.649445
    outer loop
      vertex -10.7415 -2.97746 75.4695
      vertex 10.6241 -3.23223 75.7678
      vertex -10.6241 -3.23223 75.7678
    endloop
  endfacet
  facet normal 0 -0.760409 -0.649445
    outer loop
      vertex 10.6241 -3.23223 75.7678
      vertex -10.7415 -2.97746 75.4695
      vertex 10.7415 -2.97746 75.4695
    endloop
  endfacet
  facet normal -0.00252234 -0.924089 -0.382169
    outer loop
      vertex -10.9169 -2.62236 74.7725
      vertex -10.8424 -2.77248 75.135
      vertex -10.8785 -2.70617 74.9749
    endloop
  endfacet
  facet normal 0 -0.923909 -0.382613
    outer loop
      vertex -10.8424 -2.77248 75.135
      vertex -10.9169 -2.62236 74.7725
      vertex 10.8424 -2.77248 75.135
    endloop
  endfacet
  facet normal -0 -0.923909 -0.382613
    outer loop
      vertex 10.9169 -2.62236 74.7725
      vertex 10.8424 -2.77248 75.135
      vertex -10.9169 -2.62236 74.7725
    endloop
  endfacet
  facet normal 0.00252234 -0.924089 -0.382169
    outer loop
      vertex 10.8424 -2.77248 75.135
      vertex 10.9169 -2.62236 74.7725
      vertex 10.8785 -2.70617 74.9749
    endloop
  endfacet
  facet normal -0 0.522555 0.852606
    outer loop
      vertex -10 -6.13498 71.7725
      vertex 10 -6.46946 71.9775
      vertex 10 -6.13498 71.7725
    endloop
  endfacet
  facet normal 0 0.522555 0.852606
    outer loop
      vertex 10 -6.46946 71.9775
      vertex -10 -6.13498 71.7725
      vertex -10 -6.46946 71.9775
    endloop
  endfacet
  facet normal 0 -0.233498 0.972357
    outer loop
      vertex 10.1828 -4.22746 71.6224
      vertex -10.0083 -4.60891 71.5308
      vertex 10.0083 -4.60891 71.5308
    endloop
  endfacet
  facet normal 0 -0.233498 0.972357
    outer loop
      vertex -10.0083 -4.60891 71.5308
      vertex 10.1828 -4.22746 71.6224
      vertex -10.1828 -4.22746 71.6224
    endloop
  endfacet
  facet normal 0 0.923909 0.382613
    outer loop
      vertex 10 -7.22752 72.865
      vertex -10 -7.37764 73.2275
      vertex 10 -7.37764 73.2275
    endloop
  endfacet
  facet normal 0 0.923909 0.382613
    outer loop
      vertex -10 -7.37764 73.2275
      vertex 10 -7.22752 72.865
      vertex -10 -7.22752 72.865
    endloop
  endfacet
  facet normal -0 0.0785112 0.996913
    outer loop
      vertex -10 -5 71.5
      vertex 10 -5.39109 71.5308
      vertex 10 -5 71.5
    endloop
  endfacet
  facet normal 0 0.0785112 0.996913
    outer loop
      vertex 10 -5.39109 71.5308
      vertex -10 -5 71.5
      vertex -10 -5.39109 71.5308
    endloop
  endfacet
  facet normal 0 -0.852642 -0.522495
    outer loop
      vertex -10.8424 -2.77248 75.135
      vertex 10.7415 -2.97746 75.4695
      vertex -10.7415 -2.97746 75.4695
    endloop
  endfacet
  facet normal 0 -0.852642 -0.522495
    outer loop
      vertex 10.7415 -2.97746 75.4695
      vertex -10.8424 -2.77248 75.135
      vertex 10.8424 -2.77248 75.135
    endloop
  endfacet
  facet normal -0 0.382623 0.923904
    outer loop
      vertex -10 -5.77254 71.6224
      vertex 10 -6.13498 71.7725
      vertex 10 -5.77254 71.6224
    endloop
  endfacet
  facet normal 0 0.382623 0.923904
    outer loop
      vertex 10 -6.13498 71.7725
      vertex -10 -5.77254 71.6224
      vertex -10 -6.13498 71.7725
    endloop
  endfacet
  facet normal -0 -0.078585 -0.996907
    outer loop
      vertex 10 -5 76.5
      vertex -10 -5 76.5
      vertex 10 -4.62704 76.4706
    endloop
  endfacet
  facet normal 0 -0.078585 -0.996907
    outer loop
      vertex -10 -4.62704 76.4706
      vertex 10 -4.62704 76.4706
      vertex -10 -5 76.5
    endloop
  endfacet
  facet normal -0 -0.0769909 -0.997032
    outer loop
      vertex 10 -4.62704 76.4706
      vertex -10 -4.62704 76.4706
      vertex 10.0083 -4.60891 76.4692
    endloop
  endfacet
  facet normal -0 -0.0769909 -0.997032
    outer loop
      vertex 10.0083 -4.60891 76.4692
      vertex -10 -4.62704 76.4706
      vertex -10.0083 -4.60891 76.4692
    endloop
  endfacet
  facet normal 0 -0.760409 0.649445
    outer loop
      vertex -10.6379 -3.23223 72.2322
      vertex 10.7544 -2.97746 72.5305
      vertex -10.7544 -2.97746 72.5305
    endloop
  endfacet
  facet normal 0 -0.760409 0.649445
    outer loop
      vertex 10.7544 -2.97746 72.5305
      vertex -10.6379 -3.23223 72.2322
      vertex 10.6379 -3.23223 72.2322
    endloop
  endfacet
  facet normal 0 0.923909 -0.382613
    outer loop
      vertex 10 -7.37764 74.7725
      vertex -10 -7.22752 75.135
      vertex 10 -7.22752 75.135
    endloop
  endfacet
  facet normal 0 0.923909 -0.382613
    outer loop
      vertex -10 -7.22752 75.135
      vertex 10 -7.37764 74.7725
      vertex -10 -7.37764 74.7725
    endloop
  endfacet
  facet normal 0 -0.972362 -0.233479
    outer loop
      vertex -10.9587 -2.53078 74.3911
      vertex 10.9169 -2.62236 74.7725
      vertex -10.9169 -2.62236 74.7725
    endloop
  endfacet
  facet normal 0 -0.972362 -0.233479
    outer loop
      vertex 10.9169 -2.62236 74.7725
      vertex -10.9587 -2.53078 74.3911
      vertex 10.9587 -2.53078 74.3911
    endloop
  endfacet
  facet normal 0 -0.852642 0.522495
    outer loop
      vertex -10.7544 -2.97746 72.5305
      vertex 10.8482 -2.77248 72.865
      vertex -10.8482 -2.77248 72.865
    endloop
  endfacet
  facet normal 0 -0.852642 0.522495
    outer loop
      vertex 10.8482 -2.77248 72.865
      vertex -10.7544 -2.97746 72.5305
      vertex 10.7544 -2.97746 72.5305
    endloop
  endfacet
  facet normal 0 -0.382623 -0.923904
    outer loop
      vertex -10.1828 -4.22746 76.3776
      vertex 10.3485 -3.86502 76.2275
      vertex 10.1828 -4.22746 76.3776
    endloop
  endfacet
  facet normal -0 -0.382623 -0.923904
    outer loop
      vertex 10.3485 -3.86502 76.2275
      vertex -10.1828 -4.22746 76.3776
      vertex -10.3485 -3.86502 76.2275
    endloop
  endfacet
  facet normal 0 0.852642 0.522495
    outer loop
      vertex 10 -7.02254 72.5305
      vertex -10 -7.22752 72.865
      vertex 10 -7.22752 72.865
    endloop
  endfacet
  facet normal 0 0.852642 0.522495
    outer loop
      vertex -10 -7.22752 72.865
      vertex 10 -7.02254 72.5305
      vertex -10 -7.02254 72.5305
    endloop
  endfacet
  facet normal 0 0.972362 -0.233479
    outer loop
      vertex 10 -7.46922 74.3911
      vertex -10 -7.37764 74.7725
      vertex 10 -7.37764 74.7725
    endloop
  endfacet
  facet normal 0 0.972362 -0.233479
    outer loop
      vertex -10 -7.37764 74.7725
      vertex 10 -7.46922 74.3911
      vertex -10 -7.46922 74.3911
    endloop
  endfacet
  facet normal 0 -0.522555 0.852606
    outer loop
      vertex 10.5015 -3.53054 71.9775
      vertex -10.3485 -3.86502 71.7725
      vertex 10.3485 -3.86502 71.7725
    endloop
  endfacet
  facet normal 0 -0.522555 0.852606
    outer loop
      vertex -10.3485 -3.86502 71.7725
      vertex 10.5015 -3.53054 71.9775
      vertex -10.5015 -3.53054 71.9775
    endloop
  endfacet
  facet normal 0 0.522555 -0.852606
    outer loop
      vertex -10 -6.46946 76.0225
      vertex 10 -6.13498 76.2275
      vertex 10 -6.46946 76.0225
    endloop
  endfacet
  facet normal 0 0.522555 -0.852606
    outer loop
      vertex 10 -6.13498 76.2275
      vertex -10 -6.46946 76.0225
      vertex -10 -6.13498 76.2275
    endloop
  endfacet
  facet normal 0 0.972362 0.233479
    outer loop
      vertex 10 -7.37764 73.2275
      vertex -10 -7.46922 73.6089
      vertex 10 -7.46922 73.6089
    endloop
  endfacet
  facet normal 0 0.972362 0.233479
    outer loop
      vertex -10 -7.46922 73.6089
      vertex 10 -7.37764 73.2275
      vertex -10 -7.37764 73.2275
    endloop
  endfacet
  facet normal 0 -0.972362 0.233479
    outer loop
      vertex -10.9169 -2.62236 73.2275
      vertex 10.9587 -2.53078 73.6089
      vertex -10.9587 -2.53078 73.6089
    endloop
  endfacet
  facet normal 0 -0.972362 0.233479
    outer loop
      vertex 10.9587 -2.53078 73.6089
      vertex -10.9169 -2.62236 73.2275
      vertex 10.9169 -2.62236 73.2275
    endloop
  endfacet
  facet normal 0.019966 -0.528703 -0.848572
    outer loop
      vertex 10.3485 -3.86502 76.2275
      vertex 10.4929 -3.53054 76.0225
      vertex 10.3856 -3.78385 76.1778
    endloop
  endfacet
  facet normal 0 -0.522555 -0.852606
    outer loop
      vertex -10.3485 -3.86502 76.2275
      vertex 10.4929 -3.53054 76.0225
      vertex 10.3485 -3.86502 76.2275
    endloop
  endfacet
  facet normal -0.019966 -0.528703 -0.848572
    outer loop
      vertex -10.4929 -3.53054 76.0225
      vertex -10.3485 -3.86502 76.2275
      vertex -10.3856 -3.78385 76.1778
    endloop
  endfacet
  facet normal 0 -0.522555 -0.852606
    outer loop
      vertex -10.3485 -3.86502 76.2275
      vertex -10.4929 -3.53054 76.0225
      vertex 10.4929 -3.53054 76.0225
    endloop
  endfacet
  facet normal 0 0.0785112 -0.996913
    outer loop
      vertex -10 -5.39109 76.4692
      vertex 10 -5 76.5
      vertex 10 -5.39109 76.4692
    endloop
  endfacet
  facet normal 0 0.0785112 -0.996913
    outer loop
      vertex 10 -5 76.5
      vertex -10 -5.39109 76.4692
      vertex -10 -5 76.5
    endloop
  endfacet
  facet normal 0 0.233498 -0.972357
    outer loop
      vertex -10 -5.77254 76.3776
      vertex 10 -5.39109 76.4692
      vertex 10 -5.77254 76.3776
    endloop
  endfacet
  facet normal 0 0.233498 -0.972357
    outer loop
      vertex 10 -5.39109 76.4692
      vertex -10 -5.77254 76.3776
      vertex -10 -5.39109 76.4692
    endloop
  endfacet
  facet normal -0 0.649329 0.760508
    outer loop
      vertex -10 -6.46946 71.9775
      vertex 10 -6.76777 72.2322
      vertex 10 -6.46946 71.9775
    endloop
  endfacet
  facet normal 0 0.649329 0.760508
    outer loop
      vertex 10 -6.76777 72.2322
      vertex -10 -6.46946 71.9775
      vertex -10 -6.76777 72.2322
    endloop
  endfacet
  facet normal -0 0.233498 0.972357
    outer loop
      vertex -10 -5.39109 71.5308
      vertex 10 -5.77254 71.6224
      vertex 10 -5.39109 71.5308
    endloop
  endfacet
  facet normal 0 0.233498 0.972357
    outer loop
      vertex 10 -5.77254 71.6224
      vertex -10 -5.39109 71.5308
      vertex -10 -5.77254 71.6224
    endloop
  endfacet
  facet normal 0 -0.233498 -0.972357
    outer loop
      vertex -10.0083 -4.60891 76.4692
      vertex 10.1828 -4.22746 76.3776
      vertex 10.0083 -4.60891 76.4692
    endloop
  endfacet
  facet normal -0 -0.233498 -0.972357
    outer loop
      vertex 10.1828 -4.22746 76.3776
      vertex -10.0083 -4.60891 76.4692
      vertex -10.1828 -4.22746 76.3776
    endloop
  endfacet
  facet normal 0 -0.996917 -0.0784585
    outer loop
      vertex -10.9728 -2.5 74
      vertex 10.9587 -2.53078 74.3911
      vertex -10.9587 -2.53078 74.3911
    endloop
  endfacet
  facet normal 0 -0.996917 -0.0784585
    outer loop
      vertex 10.9587 -2.53078 74.3911
      vertex -10.9728 -2.5 74
      vertex 10.9728 -2.5 74
    endloop
  endfacet
  facet normal 0 -0.996917 0.0784585
    outer loop
      vertex -10.9587 -2.53078 73.6089
      vertex 10.9728 -2.5 74
      vertex -10.9728 -2.5 74
    endloop
  endfacet
  facet normal 0 -0.996917 0.0784585
    outer loop
      vertex 10.9728 -2.5 74
      vertex -10.9587 -2.53078 73.6089
      vertex 10.9587 -2.53078 73.6089
    endloop
  endfacet
  facet normal 0 0.996917 -0.0784585
    outer loop
      vertex 10 -7.5 74
      vertex -10 -7.46922 74.3911
      vertex 10 -7.46922 74.3911
    endloop
  endfacet
  facet normal 0 0.996917 -0.0784585
    outer loop
      vertex -10 -7.46922 74.3911
      vertex 10 -7.5 74
      vertex -10 -7.5 74
    endloop
  endfacet
  facet normal 0 0.852642 -0.522495
    outer loop
      vertex 10 -7.22752 75.135
      vertex -10 -7.02254 75.4695
      vertex 10 -7.02254 75.4695
    endloop
  endfacet
  facet normal 0 0.852642 -0.522495
    outer loop
      vertex -10 -7.02254 75.4695
      vertex 10 -7.22752 75.135
      vertex -10 -7.22752 75.135
    endloop
  endfacet
  facet normal 0 -0.382623 0.923904
    outer loop
      vertex 10.5714 -3.86502 45.7725
      vertex -10.3899 -4.22746 45.6224
      vertex 10.3899 -4.22746 45.6224
    endloop
  endfacet
  facet normal 0 -0.382623 0.923904
    outer loop
      vertex -10.3899 -4.22746 45.6224
      vertex 10.5714 -3.86502 45.7725
      vertex -10.5714 -3.86502 45.7725
    endloop
  endfacet
  facet normal 0 0.996917 0.0784585
    outer loop
      vertex 10 -7.46922 47.6089
      vertex -10 -7.5 48
      vertex 10 -7.5 48
    endloop
  endfacet
  facet normal 0 0.996917 0.0784585
    outer loop
      vertex -10 -7.5 48
      vertex 10 -7.46922 47.6089
      vertex -10 -7.46922 47.6089
    endloop
  endfacet
  facet normal 0 -0.0785112 0.996913
    outer loop
      vertex 10.1989 -4.60891 45.5308
      vertex -10.0031 -5 45.5
      vertex 10.0031 -5 45.5
    endloop
  endfacet
  facet normal 0 -0.0785112 0.996913
    outer loop
      vertex -10.0031 -5 45.5
      vertex 10.1989 -4.60891 45.5308
      vertex -10.1989 -4.60891 45.5308
    endloop
  endfacet
  facet normal 0 -0.649329 -0.760508
    outer loop
      vertex -10.7025 -3.53054 50.0225
      vertex 10.8407 -3.23223 49.7678
      vertex 10.7025 -3.53054 50.0225
    endloop
  endfacet
  facet normal -0 -0.649329 -0.760508
    outer loop
      vertex 10.8407 -3.23223 49.7678
      vertex -10.7025 -3.53054 50.0225
      vertex -10.8407 -3.23223 49.7678
    endloop
  endfacet
  facet normal 0 0.760409 -0.649445
    outer loop
      vertex 10 -7.02254 49.4695
      vertex -10 -6.76777 49.7678
      vertex 10 -6.76777 49.7678
    endloop
  endfacet
  facet normal 0 0.760409 -0.649445
    outer loop
      vertex -10 -6.76777 49.7678
      vertex 10 -7.02254 49.4695
      vertex -10 -7.02254 49.4695
    endloop
  endfacet
  facet normal 0 0.760409 0.649445
    outer loop
      vertex 10 -6.76777 46.2322
      vertex -10 -7.02254 46.5305
      vertex 10 -7.02254 46.5305
    endloop
  endfacet
  facet normal 0 0.760409 0.649445
    outer loop
      vertex -10 -7.02254 46.5305
      vertex 10 -6.76777 46.2322
      vertex -10 -6.76777 46.2322
    endloop
  endfacet
  facet normal 0 -0.923909 0.382613
    outer loop
      vertex -11.1185 -2.77248 46.865
      vertex 11.1937 -2.62236 47.2275
      vertex -11.1937 -2.62236 47.2275
    endloop
  endfacet
  facet normal 0 -0.923909 0.382613
    outer loop
      vertex 11.1937 -2.62236 47.2275
      vertex -11.1185 -2.77248 46.865
      vertex 11.1185 -2.77248 46.865
    endloop
  endfacet
  facet normal 0 -0.649329 0.760508
    outer loop
      vertex 10.8883 -3.23223 46.2322
      vertex -10.7389 -3.53054 45.9775
      vertex 10.7389 -3.53054 45.9775
    endloop
  endfacet
  facet normal 0 -0.649329 0.760508
    outer loop
      vertex -10.7389 -3.53054 45.9775
      vertex 10.8883 -3.23223 46.2322
      vertex -10.8883 -3.23223 46.2322
    endloop
  endfacet
  facet normal 0 0.649329 -0.760508
    outer loop
      vertex -10 -6.76777 49.7678
      vertex 10 -6.46946 50.0225
      vertex 10 -6.76777 49.7678
    endloop
  endfacet
  facet normal 0 0.649329 -0.760508
    outer loop
      vertex 10 -6.46946 50.0225
      vertex -10 -6.76777 49.7678
      vertex -10 -6.46946 50.0225
    endloop
  endfacet
  facet normal 0 0.382623 -0.923904
    outer loop
      vertex -10 -6.13498 50.2275
      vertex 10 -5.77254 50.3776
      vertex 10 -6.13498 50.2275
    endloop
  endfacet
  facet normal 0 0.382623 -0.923904
    outer loop
      vertex 10 -5.77254 50.3776
      vertex -10 -6.13498 50.2275
      vertex -10 -5.77254 50.3776
    endloop
  endfacet
  facet normal 0 -0.760409 -0.649445
    outer loop
      vertex -10.9691 -2.97746 49.4695
      vertex 10.8407 -3.23223 49.7678
      vertex -10.8407 -3.23223 49.7678
    endloop
  endfacet
  facet normal 0 -0.760409 -0.649445
    outer loop
      vertex 10.8407 -3.23223 49.7678
      vertex -10.9691 -2.97746 49.4695
      vertex 10.9691 -2.97746 49.4695
    endloop
  endfacet
  facet normal 0 -0.923909 -0.382613
    outer loop
      vertex -11.1843 -2.62236 48.7725
      vertex 11.0846 -2.77248 49.135
      vertex -11.0846 -2.77248 49.135
    endloop
  endfacet
  facet normal 0 -0.923909 -0.382613
    outer loop
      vertex 11.0846 -2.77248 49.135
      vertex -11.1843 -2.62236 48.7725
      vertex 11.1843 -2.62236 48.7725
    endloop
  endfacet
  facet normal -0 0.522555 0.852606
    outer loop
      vertex -10 -6.13498 45.7725
      vertex 10 -6.46946 45.9775
      vertex 10 -6.13498 45.7725
    endloop
  endfacet
  facet normal 0 0.522555 0.852606
    outer loop
      vertex 10 -6.46946 45.9775
      vertex -10 -6.13498 45.7725
      vertex -10 -6.46946 45.9775
    endloop
  endfacet
  facet normal 0 -0.233498 0.972357
    outer loop
      vertex 10.3899 -4.22746 45.6224
      vertex -10.1989 -4.60891 45.5308
      vertex 10.1989 -4.60891 45.5308
    endloop
  endfacet
  facet normal 0 -0.233498 0.972357
    outer loop
      vertex -10.1989 -4.60891 45.5308
      vertex 10.3899 -4.22746 45.6224
      vertex -10.3899 -4.22746 45.6224
    endloop
  endfacet
  facet normal 0 0.923909 0.382613
    outer loop
      vertex 10 -7.22752 46.865
      vertex -10 -7.37764 47.2275
      vertex 10 -7.37764 47.2275
    endloop
  endfacet
  facet normal 0 0.923909 0.382613
    outer loop
      vertex -10 -7.37764 47.2275
      vertex 10 -7.22752 46.865
      vertex -10 -7.22752 46.865
    endloop
  endfacet
  facet normal 0 0.0784607 0.996917
    outer loop
      vertex 10 -5.0061 45.5005
      vertex -10 -5.0061 45.5005
      vertex 10 -5.39109 45.5308
    endloop
  endfacet
  facet normal 0 0.0816932 0.996658
    outer loop
      vertex 10.0031 -5 45.5
      vertex -10 -5.0061 45.5005
      vertex 10 -5.0061 45.5005
    endloop
  endfacet
  facet normal 0 0.0816932 0.996658
    outer loop
      vertex -10 -5.0061 45.5005
      vertex 10.0031 -5 45.5
      vertex -10.0031 -5 45.5
    endloop
  endfacet
  facet normal 0 0.0784607 0.996917
    outer loop
      vertex 10 -5.39109 45.5308
      vertex -10 -5.0061 45.5005
      vertex -10 -5.39109 45.5308
    endloop
  endfacet
  facet normal 0 -0.852642 -0.522495
    outer loop
      vertex -11.0846 -2.77248 49.135
      vertex 10.9691 -2.97746 49.4695
      vertex -10.9691 -2.97746 49.4695
    endloop
  endfacet
  facet normal 0 -0.852642 -0.522495
    outer loop
      vertex 10.9691 -2.97746 49.4695
      vertex -11.0846 -2.77248 49.135
      vertex 11.0846 -2.77248 49.135
    endloop
  endfacet
  facet normal -0 0.382623 0.923904
    outer loop
      vertex -10 -5.77254 45.6224
      vertex 10 -6.13498 45.7725
      vertex 10 -5.77254 45.6224
    endloop
  endfacet
  facet normal 0 0.382623 0.923904
    outer loop
      vertex 10 -6.13498 45.7725
      vertex -10 -5.77254 45.6224
      vertex -10 -6.13498 45.7725
    endloop
  endfacet
  facet normal 0 -0.0785112 -0.996913
    outer loop
      vertex -10.0031 -5 50.5
      vertex 10.1989 -4.60891 50.4692
      vertex 10.0031 -5 50.5
    endloop
  endfacet
  facet normal -0 -0.0785112 -0.996913
    outer loop
      vertex 10.1989 -4.60891 50.4692
      vertex -10.0031 -5 50.5
      vertex -10.1989 -4.60891 50.4692
    endloop
  endfacet
  facet normal 0 -0.760409 0.649445
    outer loop
      vertex -10.8883 -3.23223 46.2322
      vertex 11.0159 -2.97746 46.5305
      vertex -11.0159 -2.97746 46.5305
    endloop
  endfacet
  facet normal 0 -0.760409 0.649445
    outer loop
      vertex 11.0159 -2.97746 46.5305
      vertex -10.8883 -3.23223 46.2322
      vertex 10.8883 -3.23223 46.2322
    endloop
  endfacet
  facet normal 0 0.923909 -0.382613
    outer loop
      vertex 10 -7.37764 48.7725
      vertex -10 -7.22752 49.135
      vertex 10 -7.22752 49.135
    endloop
  endfacet
  facet normal 0 0.923909 -0.382613
    outer loop
      vertex -10 -7.22752 49.135
      vertex 10 -7.37764 48.7725
      vertex -10 -7.37764 48.7725
    endloop
  endfacet
  facet normal -6.20913e-05 -0.972364 -0.233471
    outer loop
      vertex -11.2395 -2.53078 48.3911
      vertex -11.1843 -2.62236 48.7725
      vertex -11.2057 -2.5983 48.6723
    endloop
  endfacet
  facet normal 0 -0.972362 -0.233479
    outer loop
      vertex -11.1843 -2.62236 48.7725
      vertex -11.2395 -2.53078 48.3911
      vertex 11.1843 -2.62236 48.7725
    endloop
  endfacet
  facet normal -0 -0.972362 -0.233479
    outer loop
      vertex 11.2395 -2.53078 48.3911
      vertex 11.1843 -2.62236 48.7725
      vertex -11.2395 -2.53078 48.3911
    endloop
  endfacet
  facet normal 6.20913e-05 -0.972364 -0.233471
    outer loop
      vertex 11.1843 -2.62236 48.7725
      vertex 11.2395 -2.53078 48.3911
      vertex 11.2057 -2.5983 48.6723
    endloop
  endfacet
  facet normal 0 -0.852642 0.522495
    outer loop
      vertex -11.0159 -2.97746 46.5305
      vertex 11.1185 -2.77248 46.865
      vertex -11.1185 -2.77248 46.865
    endloop
  endfacet
  facet normal 0 -0.852642 0.522495
    outer loop
      vertex 11.1185 -2.77248 46.865
      vertex -11.0159 -2.97746 46.5305
      vertex 11.0159 -2.97746 46.5305
    endloop
  endfacet
  facet normal 0.00303607 -0.383823 -0.923402
    outer loop
      vertex 10.3899 -4.22746 50.3776
      vertex 10.5579 -3.86502 50.2275
      vertex 10.4993 -4.00911 50.2872
    endloop
  endfacet
  facet normal 0 -0.382623 -0.923904
    outer loop
      vertex -10.3899 -4.22746 50.3776
      vertex 10.5579 -3.86502 50.2275
      vertex 10.3899 -4.22746 50.3776
    endloop
  endfacet
  facet normal -0.00303607 -0.383823 -0.923402
    outer loop
      vertex -10.5579 -3.86502 50.2275
      vertex -10.3899 -4.22746 50.3776
      vertex -10.4993 -4.00911 50.2872
    endloop
  endfacet
  facet normal 0 -0.382623 -0.923904
    outer loop
      vertex -10.3899 -4.22746 50.3776
      vertex -10.5579 -3.86502 50.2275
      vertex 10.5579 -3.86502 50.2275
    endloop
  endfacet
  facet normal 0 0.852642 0.522495
    outer loop
      vertex 10 -7.02254 46.5305
      vertex -10 -7.22752 46.865
      vertex 10 -7.22752 46.865
    endloop
  endfacet
  facet normal 0 0.852642 0.522495
    outer loop
      vertex -10 -7.22752 46.865
      vertex 10 -7.02254 46.5305
      vertex -10 -7.02254 46.5305
    endloop
  endfacet
  facet normal 0 0.972362 -0.233479
    outer loop
      vertex 10 -7.46922 48.3911
      vertex -10 -7.37764 48.7725
      vertex 10 -7.37764 48.7725
    endloop
  endfacet
  facet normal 0 0.972362 -0.233479
    outer loop
      vertex -10 -7.37764 48.7725
      vertex 10 -7.46922 48.3911
      vertex -10 -7.46922 48.3911
    endloop
  endfacet
  facet normal 0 -0.522555 0.852606
    outer loop
      vertex 10.7389 -3.53054 45.9775
      vertex -10.5714 -3.86502 45.7725
      vertex 10.5714 -3.86502 45.7725
    endloop
  endfacet
  facet normal 0 -0.522555 0.852606
    outer loop
      vertex -10.5714 -3.86502 45.7725
      vertex 10.7389 -3.53054 45.9775
      vertex -10.7389 -3.53054 45.9775
    endloop
  endfacet
  facet normal 0 0.522555 -0.852606
    outer loop
      vertex -10 -6.46946 50.0225
      vertex 10 -6.13498 50.2275
      vertex 10 -6.46946 50.0225
    endloop
  endfacet
  facet normal 0 0.522555 -0.852606
    outer loop
      vertex 10 -6.13498 50.2275
      vertex -10 -6.46946 50.0225
      vertex -10 -6.13498 50.2275
    endloop
  endfacet
  facet normal 0 0.972362 0.233479
    outer loop
      vertex 10 -7.37764 47.2275
      vertex -10 -7.46922 47.6089
      vertex 10 -7.46922 47.6089
    endloop
  endfacet
  facet normal 0 0.972362 0.233479
    outer loop
      vertex -10 -7.46922 47.6089
      vertex 10 -7.37764 47.2275
      vertex -10 -7.37764 47.2275
    endloop
  endfacet
  facet normal 0 -0.972362 0.233479
    outer loop
      vertex -11.1937 -2.62236 47.2275
      vertex 11.2395 -2.53078 47.6089
      vertex -11.2395 -2.53078 47.6089
    endloop
  endfacet
  facet normal 0 -0.972362 0.233479
    outer loop
      vertex 11.2395 -2.53078 47.6089
      vertex -11.1937 -2.62236 47.2275
      vertex 11.1937 -2.62236 47.2275
    endloop
  endfacet
  facet normal 0 -0.522555 -0.852606
    outer loop
      vertex -10.5579 -3.86502 50.2275
      vertex 10.7025 -3.53054 50.0225
      vertex 10.5579 -3.86502 50.2275
    endloop
  endfacet
  facet normal -0 -0.522555 -0.852606
    outer loop
      vertex 10.7025 -3.53054 50.0225
      vertex -10.5579 -3.86502 50.2275
      vertex -10.7025 -3.53054 50.0225
    endloop
  endfacet
  facet normal 0 0.0784607 -0.996917
    outer loop
      vertex 10 -5.39109 50.4692
      vertex -10 -5.39109 50.4692
      vertex 10 -5.0061 50.4995
    endloop
  endfacet
  facet normal 0 0.0784607 -0.996917
    outer loop
      vertex -10 -5.0061 50.4995
      vertex 10 -5.0061 50.4995
      vertex -10 -5.39109 50.4692
    endloop
  endfacet
  facet normal 0 0.0816932 -0.996658
    outer loop
      vertex 10 -5.0061 50.4995
      vertex -10 -5.0061 50.4995
      vertex 10.0031 -5 50.5
    endloop
  endfacet
  facet normal 0 0.0816932 -0.996658
    outer loop
      vertex 10.0031 -5 50.5
      vertex -10 -5.0061 50.4995
      vertex -10.0031 -5 50.5
    endloop
  endfacet
  facet normal 0 0.233498 -0.972357
    outer loop
      vertex -10 -5.77254 50.3776
      vertex 10 -5.39109 50.4692
      vertex 10 -5.77254 50.3776
    endloop
  endfacet
  facet normal 0 0.233498 -0.972357
    outer loop
      vertex 10 -5.39109 50.4692
      vertex -10 -5.77254 50.3776
      vertex -10 -5.39109 50.4692
    endloop
  endfacet
  facet normal -0 0.649329 0.760508
    outer loop
      vertex -10 -6.46946 45.9775
      vertex 10 -6.76777 46.2322
      vertex 10 -6.46946 45.9775
    endloop
  endfacet
  facet normal 0 0.649329 0.760508
    outer loop
      vertex 10 -6.76777 46.2322
      vertex -10 -6.46946 45.9775
      vertex -10 -6.76777 46.2322
    endloop
  endfacet
  facet normal -0 0.233498 0.972357
    outer loop
      vertex -10 -5.39109 45.5308
      vertex 10 -5.77254 45.6224
      vertex 10 -5.39109 45.5308
    endloop
  endfacet
  facet normal 0 0.233498 0.972357
    outer loop
      vertex 10 -5.77254 45.6224
      vertex -10 -5.39109 45.5308
      vertex -10 -5.77254 45.6224
    endloop
  endfacet
  facet normal 0 -0.233498 -0.972357
    outer loop
      vertex -10.1989 -4.60891 50.4692
      vertex 10.3899 -4.22746 50.3776
      vertex 10.1989 -4.60891 50.4692
    endloop
  endfacet
  facet normal -0 -0.233498 -0.972357
    outer loop
      vertex 10.3899 -4.22746 50.3776
      vertex -10.1989 -4.60891 50.4692
      vertex -10.3899 -4.22746 50.3776
    endloop
  endfacet
  facet normal 0 -0.996917 0.0784585
    outer loop
      vertex -11.2395 -2.53078 47.6089
      vertex 11.255 -2.5 48
      vertex -11.255 -2.5 48
    endloop
  endfacet
  facet normal 0 -0.996917 0.0784585
    outer loop
      vertex 11.255 -2.5 48
      vertex -11.2395 -2.53078 47.6089
      vertex 11.2395 -2.53078 47.6089
    endloop
  endfacet
  facet normal 0 -0.996917 -0.0784585
    outer loop
      vertex -11.255 -2.5 48
      vertex 11.2395 -2.53078 48.3911
      vertex -11.2395 -2.53078 48.3911
    endloop
  endfacet
  facet normal 0 -0.996917 -0.0784585
    outer loop
      vertex 11.2395 -2.53078 48.3911
      vertex -11.255 -2.5 48
      vertex 11.255 -2.5 48
    endloop
  endfacet
  facet normal 0 0.996917 -0.0784585
    outer loop
      vertex 10 -7.5 48
      vertex -10 -7.46922 48.3911
      vertex 10 -7.46922 48.3911
    endloop
  endfacet
  facet normal 0 0.996917 -0.0784585
    outer loop
      vertex -10 -7.46922 48.3911
      vertex 10 -7.5 48
      vertex -10 -7.5 48
    endloop
  endfacet
  facet normal 0 0.852642 -0.522495
    outer loop
      vertex 10 -7.22752 49.135
      vertex -10 -7.02254 49.4695
      vertex 10 -7.02254 49.4695
    endloop
  endfacet
  facet normal 0 0.852642 -0.522495
    outer loop
      vertex -10 -7.02254 49.4695
      vertex 10 -7.22752 49.135
      vertex -10 -7.22752 49.135
    endloop
  endfacet
  facet normal 0 -0.382623 0.923904
    outer loop
      vertex 10.795 -3.86502 19.7725
      vertex -10.5978 -4.22746 19.6224
      vertex 10.5978 -4.22746 19.6224
    endloop
  endfacet
  facet normal 0 -0.382623 0.923904
    outer loop
      vertex -10.5978 -4.22746 19.6224
      vertex 10.795 -3.86502 19.7725
      vertex -10.795 -3.86502 19.7725
    endloop
  endfacet
  facet normal 0 0.996917 0.0784585
    outer loop
      vertex 10 -7.46922 21.6089
      vertex -10 -7.5 22
      vertex 10 -7.5 22
    endloop
  endfacet
  facet normal 0 0.996917 0.0784585
    outer loop
      vertex -10 -7.5 22
      vertex 10 -7.46922 21.6089
      vertex -10 -7.46922 21.6089
    endloop
  endfacet
  facet normal 0 -0.0785112 0.996913
    outer loop
      vertex 10.3901 -4.60891 19.5308
      vertex -10.1773 -5 19.5
      vertex 10.1773 -5 19.5
    endloop
  endfacet
  facet normal 0 -0.0785112 0.996913
    outer loop
      vertex -10.1773 -5 19.5
      vertex 10.3901 -4.60891 19.5308
      vertex -10.3901 -4.60891 19.5308
    endloop
  endfacet
  facet normal 0 -0.649329 -0.760508
    outer loop
      vertex -10.9249 -3.53054 24.0225
      vertex 11.0709 -3.23223 23.7678
      vertex 10.9249 -3.53054 24.0225
    endloop
  endfacet
  facet normal -0 -0.649329 -0.760508
    outer loop
      vertex 11.0709 -3.23223 23.7678
      vertex -10.9249 -3.53054 24.0225
      vertex -11.0709 -3.23223 23.7678
    endloop
  endfacet
  facet normal 0 0.760409 -0.649445
    outer loop
      vertex 10 -7.02254 23.4695
      vertex -10 -6.76777 23.7678
      vertex 10 -6.76777 23.7678
    endloop
  endfacet
  facet normal 0 0.760409 -0.649445
    outer loop
      vertex -10 -6.76777 23.7678
      vertex 10 -7.02254 23.4695
      vertex -10 -7.02254 23.4695
    endloop
  endfacet
  facet normal 0 0.760409 0.649445
    outer loop
      vertex 10 -6.76777 20.2322
      vertex -10 -7.02254 20.5305
      vertex 10 -7.02254 20.5305
    endloop
  endfacet
  facet normal 0 0.760409 0.649445
    outer loop
      vertex -10 -7.02254 20.5305
      vertex 10 -6.76777 20.2322
      vertex -10 -6.76777 20.2322
    endloop
  endfacet
  facet normal 0 -0.923909 0.382613
    outer loop
      vertex -11.3897 -2.77248 20.865
      vertex 11.4714 -2.62236 21.2275
      vertex -11.4714 -2.62236 21.2275
    endloop
  endfacet
  facet normal 0 -0.923909 0.382613
    outer loop
      vertex 11.4714 -2.62236 21.2275
      vertex -11.3897 -2.77248 20.865
      vertex 11.3897 -2.77248 20.865
    endloop
  endfacet
  facet normal 0 -0.649329 0.760508
    outer loop
      vertex 11.1395 -3.23223 20.2322
      vertex -10.9771 -3.53054 19.9775
      vertex 10.9771 -3.53054 19.9775
    endloop
  endfacet
  facet normal 0 -0.649329 0.760508
    outer loop
      vertex -10.9771 -3.53054 19.9775
      vertex 11.1395 -3.23223 20.2322
      vertex -11.1395 -3.23223 20.2322
    endloop
  endfacet
  facet normal 0 0.649329 -0.760508
    outer loop
      vertex -10 -6.76777 23.7678
      vertex 10 -6.46946 24.0225
      vertex 10 -6.76777 23.7678
    endloop
  endfacet
  facet normal 0 0.649329 -0.760508
    outer loop
      vertex 10 -6.46946 24.0225
      vertex -10 -6.76777 23.7678
      vertex -10 -6.46946 24.0225
    endloop
  endfacet
  facet normal 0 -0.972362 0.233479
    outer loop
      vertex -11.4714 -2.62236 21.2275
      vertex 11.5213 -2.53078 21.6089
      vertex -11.5213 -2.53078 21.6089
    endloop
  endfacet
  facet normal 0 -0.972362 0.233479
    outer loop
      vertex 11.5213 -2.53078 21.6089
      vertex -11.4714 -2.62236 21.2275
      vertex 11.4714 -2.62236 21.2275
    endloop
  endfacet
  facet normal 0 0.382623 -0.923904
    outer loop
      vertex -10 -6.13498 24.2275
      vertex 10 -5.77254 24.3776
      vertex 10 -6.13498 24.2275
    endloop
  endfacet
  facet normal 0 0.382623 -0.923904
    outer loop
      vertex 10 -5.77254 24.3776
      vertex -10 -6.13498 24.2275
      vertex -10 -5.77254 24.3776
    endloop
  endfacet
  facet normal 0 -0.760409 -0.649445
    outer loop
      vertex -11.2109 -2.97746 23.4695
      vertex 11.0709 -3.23223 23.7678
      vertex -11.0709 -3.23223 23.7678
    endloop
  endfacet
  facet normal 0 -0.760409 -0.649445
    outer loop
      vertex 11.0709 -3.23223 23.7678
      vertex -11.2109 -2.97746 23.4695
      vertex 11.2109 -2.97746 23.4695
    endloop
  endfacet
  facet normal 0 -0.923909 -0.382613
    outer loop
      vertex -11.4593 -2.62236 22.7725
      vertex 11.3414 -2.77248 23.135
      vertex -11.3414 -2.77248 23.135
    endloop
  endfacet
  facet normal 0 -0.923909 -0.382613
    outer loop
      vertex 11.3414 -2.77248 23.135
      vertex -11.4593 -2.62236 22.7725
      vertex 11.4593 -2.62236 22.7725
    endloop
  endfacet
  facet normal -0 0.522555 0.852606
    outer loop
      vertex -10 -6.13498 19.7725
      vertex 10 -6.46946 19.9775
      vertex 10 -6.13498 19.7725
    endloop
  endfacet
  facet normal 0 0.522555 0.852606
    outer loop
      vertex 10 -6.46946 19.9775
      vertex -10 -6.13498 19.7725
      vertex -10 -6.46946 19.9775
    endloop
  endfacet
  facet normal 0 -0.233498 0.972357
    outer loop
      vertex 10.5978 -4.22746 19.6224
      vertex -10.3901 -4.60891 19.5308
      vertex 10.3901 -4.60891 19.5308
    endloop
  endfacet
  facet normal 0 -0.233498 0.972357
    outer loop
      vertex -10.3901 -4.60891 19.5308
      vertex 10.5978 -4.22746 19.6224
      vertex -10.5978 -4.22746 19.6224
    endloop
  endfacet
  facet normal 0 0.923909 0.382613
    outer loop
      vertex 10 -7.22752 20.865
      vertex -10 -7.37764 21.2275
      vertex 10 -7.37764 21.2275
    endloop
  endfacet
  facet normal 0 0.923909 0.382613
    outer loop
      vertex -10 -7.37764 21.2275
      vertex 10 -7.22752 20.865
      vertex -10 -7.22752 20.865
    endloop
  endfacet
  facet normal 0 0.0792244 0.996857
    outer loop
      vertex 10 -5.32566 19.5256
      vertex -10 -5.32566 19.5256
      vertex 10 -5.39109 19.5308
    endloop
  endfacet
  facet normal 0 0.0783678 0.996925
    outer loop
      vertex 10.1773 -5 19.5
      vertex -10 -5.32566 19.5256
      vertex 10 -5.32566 19.5256
    endloop
  endfacet
  facet normal 0 0.0783678 0.996925
    outer loop
      vertex -10 -5.32566 19.5256
      vertex 10.1773 -5 19.5
      vertex -10.1773 -5 19.5
    endloop
  endfacet
  facet normal 0 0.0792244 0.996857
    outer loop
      vertex 10 -5.39109 19.5308
      vertex -10 -5.32566 19.5256
      vertex -10 -5.39109 19.5308
    endloop
  endfacet
  facet normal 0 -0.852642 -0.522495
    outer loop
      vertex -11.3414 -2.77248 23.135
      vertex 11.2109 -2.97746 23.4695
      vertex -11.2109 -2.97746 23.4695
    endloop
  endfacet
  facet normal 0 -0.852642 -0.522495
    outer loop
      vertex 11.2109 -2.97746 23.4695
      vertex -11.3414 -2.77248 23.135
      vertex 11.3414 -2.77248 23.135
    endloop
  endfacet
  facet normal -0 0.382623 0.923904
    outer loop
      vertex -10 -5.77254 19.6224
      vertex 10 -6.13498 19.7725
      vertex 10 -5.77254 19.6224
    endloop
  endfacet
  facet normal 0 0.382623 0.923904
    outer loop
      vertex 10 -6.13498 19.7725
      vertex -10 -5.77254 19.6224
      vertex -10 -6.13498 19.7725
    endloop
  endfacet
  facet normal 0 -0.0785112 -0.996913
    outer loop
      vertex -10.1773 -5 24.5
      vertex 10.3901 -4.60891 24.4692
      vertex 10.1773 -5 24.5
    endloop
  endfacet
  facet normal -0 -0.0785112 -0.996913
    outer loop
      vertex 10.3901 -4.60891 24.4692
      vertex -10.1773 -5 24.5
      vertex -10.3901 -4.60891 24.4692
    endloop
  endfacet
  facet normal 0 -0.760409 0.649445
    outer loop
      vertex -11.1395 -3.23223 20.2322
      vertex 11.2782 -2.97746 20.5305
      vertex -11.2782 -2.97746 20.5305
    endloop
  endfacet
  facet normal 0 -0.760409 0.649445
    outer loop
      vertex 11.2782 -2.97746 20.5305
      vertex -11.1395 -3.23223 20.2322
      vertex 11.1395 -3.23223 20.2322
    endloop
  endfacet
  facet normal 0 0.923909 -0.382613
    outer loop
      vertex 10 -7.37764 22.7725
      vertex -10 -7.22752 23.135
      vertex 10 -7.22752 23.135
    endloop
  endfacet
  facet normal 0 0.923909 -0.382613
    outer loop
      vertex -10 -7.22752 23.135
      vertex 10 -7.37764 22.7725
      vertex -10 -7.37764 22.7725
    endloop
  endfacet
  facet normal -0.000185146 -0.972369 -0.233451
    outer loop
      vertex -11.5213 -2.53078 22.3911
      vertex -11.4593 -2.62236 22.7725
      vertex -11.483 -2.60106 22.6838
    endloop
  endfacet
  facet normal 0 -0.972362 -0.233479
    outer loop
      vertex -11.4593 -2.62236 22.7725
      vertex -11.5213 -2.53078 22.3911
      vertex 11.4593 -2.62236 22.7725
    endloop
  endfacet
  facet normal -0 -0.972362 -0.233479
    outer loop
      vertex 11.5213 -2.53078 22.3911
      vertex 11.4593 -2.62236 22.7725
      vertex -11.5213 -2.53078 22.3911
    endloop
  endfacet
  facet normal 0.000185146 -0.972369 -0.233451
    outer loop
      vertex 11.4593 -2.62236 22.7725
      vertex 11.5213 -2.53078 22.3911
      vertex 11.483 -2.60106 22.6838
    endloop
  endfacet
  facet normal 0 -0.852642 0.522495
    outer loop
      vertex -11.2782 -2.97746 20.5305
      vertex 11.3897 -2.77248 20.865
      vertex -11.3897 -2.77248 20.865
    endloop
  endfacet
  facet normal 0 -0.852642 0.522495
    outer loop
      vertex 11.3897 -2.77248 20.865
      vertex -11.2782 -2.97746 20.5305
      vertex 11.2782 -2.97746 20.5305
    endloop
  endfacet
  facet normal 0.00198663 -0.383458 -0.923556
    outer loop
      vertex 10.5978 -4.22746 24.3776
      vertex 10.7764 -3.86502 24.2275
      vertex 10.7215 -4.00018 24.2835
    endloop
  endfacet
  facet normal 0 -0.382623 -0.923904
    outer loop
      vertex -10.5978 -4.22746 24.3776
      vertex 10.7764 -3.86502 24.2275
      vertex 10.5978 -4.22746 24.3776
    endloop
  endfacet
  facet normal -0.00198663 -0.383458 -0.923556
    outer loop
      vertex -10.7764 -3.86502 24.2275
      vertex -10.5978 -4.22746 24.3776
      vertex -10.7215 -4.00018 24.2835
    endloop
  endfacet
  facet normal 0 -0.382623 -0.923904
    outer loop
      vertex -10.5978 -4.22746 24.3776
      vertex -10.7764 -3.86502 24.2275
      vertex 10.7764 -3.86502 24.2275
    endloop
  endfacet
  facet normal 0 0.852642 0.522495
    outer loop
      vertex 10 -7.02254 20.5305
      vertex -10 -7.22752 20.865
      vertex 10 -7.22752 20.865
    endloop
  endfacet
  facet normal 0 0.852642 0.522495
    outer loop
      vertex -10 -7.22752 20.865
      vertex 10 -7.02254 20.5305
      vertex -10 -7.02254 20.5305
    endloop
  endfacet
  facet normal 0 0.972362 -0.233479
    outer loop
      vertex 10 -7.46922 22.3911
      vertex -10 -7.37764 22.7725
      vertex 10 -7.37764 22.7725
    endloop
  endfacet
  facet normal 0 0.972362 -0.233479
    outer loop
      vertex -10 -7.37764 22.7725
      vertex 10 -7.46922 22.3911
      vertex -10 -7.46922 22.3911
    endloop
  endfacet
  facet normal 0 -0.522555 0.852606
    outer loop
      vertex 10.9771 -3.53054 19.9775
      vertex -10.795 -3.86502 19.7725
      vertex 10.795 -3.86502 19.7725
    endloop
  endfacet
  facet normal 0 -0.522555 0.852606
    outer loop
      vertex -10.795 -3.86502 19.7725
      vertex 10.9771 -3.53054 19.9775
      vertex -10.9771 -3.53054 19.9775
    endloop
  endfacet
  facet normal 0 0.522555 -0.852606
    outer loop
      vertex -10 -6.46946 24.0225
      vertex 10 -6.13498 24.2275
      vertex 10 -6.46946 24.0225
    endloop
  endfacet
  facet normal 0 0.522555 -0.852606
    outer loop
      vertex 10 -6.13498 24.2275
      vertex -10 -6.46946 24.0225
      vertex -10 -6.13498 24.2275
    endloop
  endfacet
  facet normal 0 0.972362 0.233479
    outer loop
      vertex 10 -7.37764 21.2275
      vertex -10 -7.46922 21.6089
      vertex 10 -7.46922 21.6089
    endloop
  endfacet
  facet normal 0 0.972362 0.233479
    outer loop
      vertex -10 -7.46922 21.6089
      vertex 10 -7.37764 21.2275
      vertex -10 -7.37764 21.2275
    endloop
  endfacet
  facet normal 0 -0.522555 -0.852606
    outer loop
      vertex -10.7764 -3.86502 24.2275
      vertex 10.9249 -3.53054 24.0225
      vertex 10.7764 -3.86502 24.2275
    endloop
  endfacet
  facet normal -0 -0.522555 -0.852606
    outer loop
      vertex 10.9249 -3.53054 24.0225
      vertex -10.7764 -3.86502 24.2275
      vertex -10.9249 -3.53054 24.0225
    endloop
  endfacet
  facet normal 0 0.0792244 -0.996857
    outer loop
      vertex 10 -5.39109 24.4692
      vertex -10 -5.39109 24.4692
      vertex 10 -5.32566 24.4744
    endloop
  endfacet
  facet normal 0 0.0792244 -0.996857
    outer loop
      vertex -10 -5.32566 24.4744
      vertex 10 -5.32566 24.4744
      vertex -10 -5.39109 24.4692
    endloop
  endfacet
  facet normal 0 0.0783678 -0.996925
    outer loop
      vertex 10 -5.32566 24.4744
      vertex -10 -5.32566 24.4744
      vertex 10.1773 -5 24.5
    endloop
  endfacet
  facet normal 0 0.0783678 -0.996925
    outer loop
      vertex 10.1773 -5 24.5
      vertex -10 -5.32566 24.4744
      vertex -10.1773 -5 24.5
    endloop
  endfacet
  facet normal 0 0.233498 -0.972357
    outer loop
      vertex -10 -5.77254 24.3776
      vertex 10 -5.39109 24.4692
      vertex 10 -5.77254 24.3776
    endloop
  endfacet
  facet normal 0 0.233498 -0.972357
    outer loop
      vertex 10 -5.39109 24.4692
      vertex -10 -5.77254 24.3776
      vertex -10 -5.39109 24.4692
    endloop
  endfacet
  facet normal -0 0.649329 0.760508
    outer loop
      vertex -10 -6.46946 19.9775
      vertex 10 -6.76777 20.2322
      vertex 10 -6.46946 19.9775
    endloop
  endfacet
  facet normal 0 0.649329 0.760508
    outer loop
      vertex 10 -6.76777 20.2322
      vertex -10 -6.46946 19.9775
      vertex -10 -6.76777 20.2322
    endloop
  endfacet
  facet normal -0 0.233498 0.972357
    outer loop
      vertex -10 -5.39109 19.5308
      vertex 10 -5.77254 19.6224
      vertex 10 -5.39109 19.5308
    endloop
  endfacet
  facet normal 0 0.233498 0.972357
    outer loop
      vertex 10 -5.77254 19.6224
      vertex -10 -5.39109 19.5308
      vertex -10 -5.77254 19.6224
    endloop
  endfacet
  facet normal 0 -0.233498 -0.972357
    outer loop
      vertex -10.3901 -4.60891 24.4692
      vertex 10.5978 -4.22746 24.3776
      vertex 10.3901 -4.60891 24.4692
    endloop
  endfacet
  facet normal -0 -0.233498 -0.972357
    outer loop
      vertex 10.5978 -4.22746 24.3776
      vertex -10.3901 -4.60891 24.4692
      vertex -10.5978 -4.22746 24.3776
    endloop
  endfacet
  facet normal 0 -0.996917 0.0784585
    outer loop
      vertex -11.5213 -2.53078 21.6089
      vertex 11.5381 -2.5 22
      vertex -11.5381 -2.5 22
    endloop
  endfacet
  facet normal 0 -0.996917 0.0784585
    outer loop
      vertex 11.5381 -2.5 22
      vertex -11.5213 -2.53078 21.6089
      vertex 11.5213 -2.53078 21.6089
    endloop
  endfacet
  facet normal 0 -0.996917 -0.0784585
    outer loop
      vertex -11.5381 -2.5 22
      vertex 11.5213 -2.53078 22.3911
      vertex -11.5213 -2.53078 22.3911
    endloop
  endfacet
  facet normal 0 -0.996917 -0.0784585
    outer loop
      vertex 11.5213 -2.53078 22.3911
      vertex -11.5381 -2.5 22
      vertex 11.5381 -2.5 22
    endloop
  endfacet
  facet normal 0 0.996917 -0.0784585
    outer loop
      vertex 10 -7.5 22
      vertex -10 -7.46922 22.3911
      vertex 10 -7.46922 22.3911
    endloop
  endfacet
  facet normal 0 0.996917 -0.0784585
    outer loop
      vertex -10 -7.46922 22.3911
      vertex 10 -7.5 22
      vertex -10 -7.5 22
    endloop
  endfacet
  facet normal 0 0.852642 -0.522495
    outer loop
      vertex 10 -7.22752 23.135
      vertex -10 -7.02254 23.4695
      vertex 10 -7.02254 23.4695
    endloop
  endfacet
  facet normal 0 0.852642 -0.522495
    outer loop
      vertex -10 -7.02254 23.4695
      vertex 10 -7.22752 23.135
      vertex -10 -7.22752 23.135
    endloop
  endfacet
endsolid OpenSCAD_Model
