solid OpenSCAD_Model
  facet normal -0.382691 0.923876 0
    outer loop
      vertex 8.45399 -0.891006 1.99
      vertex 8.30902 -0.951056 6
      vertex 8.45399 -0.891006 6
    endloop
  endfacet
  facet normal -0.382691 0.923876 0
    outer loop
      vertex 8.30902 -0.951056 6
      vertex 8.45399 -0.891006 1.99
      vertex 8.30902 -0.951056 1.99
    endloop
  endfacet
  facet normal -0.972372 -0.233435 0
    outer loop
      vertex 8.98769 0.156434 1.99
      vertex 8.95106 0.309016 6
      vertex 8.95106 0.309016 1.99
    endloop
  endfacet
  facet normal -0.972372 -0.233435 0
    outer loop
      vertex 8.95106 0.309016 6
      vertex 8.98769 0.156434 1.99
      vertex 8.98769 0.156434 6
    endloop
  endfacet
  facet normal -0.996918 -0.0784488 0
    outer loop
      vertex 9 0 1.99
      vertex 8.98769 0.156434 6
      vertex 8.98769 0.156434 1.99
    endloop
  endfacet
  facet normal -0.996918 -0.0784488 0
    outer loop
      vertex 8.98769 0.156434 6
      vertex 9 0 1.99
      vertex 9 0 6
    endloop
  endfacet
  facet normal -0.92388 -0.382682 0
    outer loop
      vertex 8.95106 0.309016 1.99
      vertex 8.89101 0.45399 6
      vertex 8.89101 0.45399 1.99
    endloop
  endfacet
  facet normal -0.92388 -0.382682 0
    outer loop
      vertex 8.89101 0.45399 6
      vertex 8.95106 0.309016 1.99
      vertex 8.95106 0.309016 6
    endloop
  endfacet
  facet normal 0.522486 0.852648 -0
    outer loop
      vertex 7.54601 -0.891006 1.99
      vertex 7.41221 -0.809016 6
      vertex 7.54601 -0.891006 6
    endloop
  endfacet
  facet normal 0.522486 0.852648 0
    outer loop
      vertex 7.41221 -0.809016 6
      vertex 7.54601 -0.891006 1.99
      vertex 7.41221 -0.809016 1.99
    endloop
  endfacet
  facet normal 0.649448 0.760406 -0
    outer loop
      vertex 7.41221 -0.809016 1.99
      vertex 7.29289 -0.707107 6
      vertex 7.41221 -0.809016 6
    endloop
  endfacet
  facet normal 0.649448 0.760406 0
    outer loop
      vertex 7.29289 -0.707107 6
      vertex 7.41221 -0.809016 1.99
      vertex 7.29289 -0.707107 1.99
    endloop
  endfacet
  facet normal -0.92388 0.382682 0
    outer loop
      vertex 8.89101 -0.45399 1.99
      vertex 8.95106 -0.309016 6
      vertex 8.95106 -0.309016 1.99
    endloop
  endfacet
  facet normal -0.92388 0.382682 0
    outer loop
      vertex 8.95106 -0.309016 6
      vertex 8.89101 -0.45399 1.99
      vertex 8.89101 -0.45399 6
    endloop
  endfacet
  facet normal -0.382691 -0.923876 0
    outer loop
      vertex 8.30902 0.951056 1.99
      vertex 8.45399 0.891006 6
      vertex 8.30902 0.951056 6
    endloop
  endfacet
  facet normal -0.382691 -0.923876 -0
    outer loop
      vertex 8.45399 0.891006 6
      vertex 8.30902 0.951056 1.99
      vertex 8.45399 0.891006 1.99
    endloop
  endfacet
  facet normal -0.852639 0.5225 0
    outer loop
      vertex 8.80902 -0.587785 1.99
      vertex 8.89101 -0.45399 6
      vertex 8.89101 -0.45399 1.99
    endloop
  endfacet
  facet normal -0.852639 0.5225 0
    outer loop
      vertex 8.89101 -0.45399 6
      vertex 8.80902 -0.587785 1.99
      vertex 8.80902 -0.587785 6
    endloop
  endfacet
  facet normal -0.852639 -0.5225 0
    outer loop
      vertex 8.89101 0.45399 1.99
      vertex 8.80902 0.587785 6
      vertex 8.80902 0.587785 1.99
    endloop
  endfacet
  facet normal -0.852639 -0.5225 0
    outer loop
      vertex 8.80902 0.587785 6
      vertex 8.89101 0.45399 1.99
      vertex 8.89101 0.45399 6
    endloop
  endfacet
  facet normal 0.382691 0.923876 -0
    outer loop
      vertex 7.69098 -0.951056 1.99
      vertex 7.54601 -0.891006 6
      vertex 7.69098 -0.951056 6
    endloop
  endfacet
  facet normal 0.382691 0.923876 0
    outer loop
      vertex 7.54601 -0.891006 6
      vertex 7.69098 -0.951056 1.99
      vertex 7.54601 -0.891006 1.99
    endloop
  endfacet
  facet normal 0.972372 -0.233435 0
    outer loop
      vertex 7.01231 0.156434 6
      vertex 7.04894 0.309016 1.99
      vertex 7.04894 0.309016 6
    endloop
  endfacet
  facet normal 0.972372 -0.233435 0
    outer loop
      vertex 7.04894 0.309016 1.99
      vertex 7.01231 0.156434 6
      vertex 7.01231 0.156434 1.99
    endloop
  endfacet
  facet normal -0.996918 0.0784488 0
    outer loop
      vertex 8.98769 -0.156434 1.99
      vertex 9 0 6
      vertex 9 0 1.99
    endloop
  endfacet
  facet normal -0.996918 0.0784488 0
    outer loop
      vertex 9 0 6
      vertex 8.98769 -0.156434 1.99
      vertex 8.98769 -0.156434 6
    endloop
  endfacet
  facet normal -0.649417 0.760433 0
    outer loop
      vertex 8.70711 -0.707107 1.99
      vertex 8.58778 -0.809016 6
      vertex 8.70711 -0.707107 6
    endloop
  endfacet
  facet normal -0.649417 0.760433 0
    outer loop
      vertex 8.58778 -0.809016 6
      vertex 8.70711 -0.707107 1.99
      vertex 8.58778 -0.809016 1.99
    endloop
  endfacet
  facet normal -0.0784635 -0.996917 0
    outer loop
      vertex 8 1 1.99
      vertex 8.15643 0.987688 6
      vertex 8 1 6
    endloop
  endfacet
  facet normal -0.0784635 -0.996917 -0
    outer loop
      vertex 8.15643 0.987688 6
      vertex 8 1 1.99
      vertex 8.15643 0.987688 1.99
    endloop
  endfacet
  facet normal 0.92388 0.382682 0
    outer loop
      vertex 7.10899 -0.45399 6
      vertex 7.04894 -0.309016 1.99
      vertex 7.04894 -0.309016 6
    endloop
  endfacet
  facet normal 0.92388 0.382682 0
    outer loop
      vertex 7.04894 -0.309016 1.99
      vertex 7.10899 -0.45399 6
      vertex 7.10899 -0.45399 1.99
    endloop
  endfacet
  facet normal 0.760408 0.649446 0
    outer loop
      vertex 7.29289 -0.707107 6
      vertex 7.19098 -0.587785 1.99
      vertex 7.19098 -0.587785 6
    endloop
  endfacet
  facet normal 0.760408 0.649446 0
    outer loop
      vertex 7.19098 -0.587785 1.99
      vertex 7.29289 -0.707107 6
      vertex 7.29289 -0.707107 1.99
    endloop
  endfacet
  facet normal 0.760408 -0.649446 0
    outer loop
      vertex 7.19098 0.587785 6
      vertex 7.29289 0.707107 1.99
      vertex 7.29289 0.707107 6
    endloop
  endfacet
  facet normal 0.760408 -0.649446 0
    outer loop
      vertex 7.29289 0.707107 1.99
      vertex 7.19098 0.587785 6
      vertex 7.19098 0.587785 1.99
    endloop
  endfacet
  facet normal 0.996918 0.0784488 0
    outer loop
      vertex 7.01231 -0.156434 6
      vertex 7 0 1.99
      vertex 7 0 6
    endloop
  endfacet
  facet normal 0.996918 0.0784488 0
    outer loop
      vertex 7 0 1.99
      vertex 7.01231 -0.156434 6
      vertex 7.01231 -0.156434 1.99
    endloop
  endfacet
  facet normal -0.233436 0.972372 0
    outer loop
      vertex 8.30902 -0.951056 1.99
      vertex 8.15643 -0.987688 6
      vertex 8.30902 -0.951056 6
    endloop
  endfacet
  facet normal -0.233436 0.972372 0
    outer loop
      vertex 8.15643 -0.987688 6
      vertex 8.30902 -0.951056 1.99
      vertex 8.15643 -0.987688 1.99
    endloop
  endfacet
  facet normal -0.649417 -0.760433 0
    outer loop
      vertex 8.58778 0.809016 1.99
      vertex 8.70711 0.707107 6
      vertex 8.58778 0.809016 6
    endloop
  endfacet
  facet normal -0.649417 -0.760433 -0
    outer loop
      vertex 8.70711 0.707107 6
      vertex 8.58778 0.809016 1.99
      vertex 8.70711 0.707107 1.99
    endloop
  endfacet
  facet normal -0.760408 0.649446 0
    outer loop
      vertex 8.70711 -0.707107 1.99
      vertex 8.80902 -0.587785 6
      vertex 8.80902 -0.587785 1.99
    endloop
  endfacet
  facet normal -0.760408 0.649446 0
    outer loop
      vertex 8.80902 -0.587785 6
      vertex 8.70711 -0.707107 1.99
      vertex 8.70711 -0.707107 6
    endloop
  endfacet
  facet normal 0.0784585 0.996917 -0
    outer loop
      vertex 8 -1 1.99
      vertex 7.84356 -0.987688 6
      vertex 8 -1 6
    endloop
  endfacet
  facet normal 0.0784585 0.996917 0
    outer loop
      vertex 7.84356 -0.987688 6
      vertex 8 -1 1.99
      vertex 7.84356 -0.987688 1.99
    endloop
  endfacet
  facet normal 0.649448 -0.760406 0
    outer loop
      vertex 7.29289 0.707107 1.99
      vertex 7.41221 0.809016 6
      vertex 7.29289 0.707107 6
    endloop
  endfacet
  facet normal 0.649448 -0.760406 0
    outer loop
      vertex 7.41221 0.809016 6
      vertex 7.29289 0.707107 1.99
      vertex 7.41221 0.809016 1.99
    endloop
  endfacet
  facet normal -0.522514 -0.852631 0
    outer loop
      vertex 8.45399 0.891006 1.99
      vertex 8.58778 0.809016 6
      vertex 8.45399 0.891006 6
    endloop
  endfacet
  facet normal -0.522514 -0.852631 -0
    outer loop
      vertex 8.58778 0.809016 6
      vertex 8.45399 0.891006 1.99
      vertex 8.58778 0.809016 1.99
    endloop
  endfacet
  facet normal -0.972372 0.233435 0
    outer loop
      vertex 8.95106 -0.309016 1.99
      vertex 8.98769 -0.156434 6
      vertex 8.98769 -0.156434 1.99
    endloop
  endfacet
  facet normal -0.972372 0.233435 0
    outer loop
      vertex 8.98769 -0.156434 6
      vertex 8.95106 -0.309016 1.99
      vertex 8.95106 -0.309016 6
    endloop
  endfacet
  facet normal 0.382691 -0.923876 0
    outer loop
      vertex 7.54601 0.891006 1.99
      vertex 7.69098 0.951056 6
      vertex 7.54601 0.891006 6
    endloop
  endfacet
  facet normal 0.382691 -0.923876 0
    outer loop
      vertex 7.69098 0.951056 6
      vertex 7.54601 0.891006 1.99
      vertex 7.69098 0.951056 1.99
    endloop
  endfacet
  facet normal 0.852639 0.5225 0
    outer loop
      vertex 7.19098 -0.587785 6
      vertex 7.10899 -0.45399 1.99
      vertex 7.10899 -0.45399 6
    endloop
  endfacet
  facet normal 0.852639 0.5225 0
    outer loop
      vertex 7.10899 -0.45399 1.99
      vertex 7.19098 -0.587785 6
      vertex 7.19098 -0.587785 1.99
    endloop
  endfacet
  facet normal 0.23345 -0.972369 0
    outer loop
      vertex 7.69098 0.951056 1.99
      vertex 7.84356 0.987688 6
      vertex 7.69098 0.951056 6
    endloop
  endfacet
  facet normal 0.23345 -0.972369 0
    outer loop
      vertex 7.84356 0.987688 6
      vertex 7.69098 0.951056 1.99
      vertex 7.84356 0.987688 1.99
    endloop
  endfacet
  facet normal -0.522514 0.852631 0
    outer loop
      vertex 8.58778 -0.809016 1.99
      vertex 8.45399 -0.891006 6
      vertex 8.58778 -0.809016 6
    endloop
  endfacet
  facet normal -0.522514 0.852631 0
    outer loop
      vertex 8.45399 -0.891006 6
      vertex 8.58778 -0.809016 1.99
      vertex 8.45399 -0.891006 1.99
    endloop
  endfacet
  facet normal 0.972372 0.233435 0
    outer loop
      vertex 7.04894 -0.309016 6
      vertex 7.01231 -0.156434 1.99
      vertex 7.01231 -0.156434 6
    endloop
  endfacet
  facet normal 0.972372 0.233435 0
    outer loop
      vertex 7.01231 -0.156434 1.99
      vertex 7.04894 -0.309016 6
      vertex 7.04894 -0.309016 1.99
    endloop
  endfacet
  facet normal -0.0784635 0.996917 0
    outer loop
      vertex 8.15643 -0.987688 1.99
      vertex 8 -1 6
      vertex 8.15643 -0.987688 6
    endloop
  endfacet
  facet normal -0.0784635 0.996917 0
    outer loop
      vertex 8 -1 6
      vertex 8.15643 -0.987688 1.99
      vertex 8 -1 1.99
    endloop
  endfacet
  facet normal 0.0784585 -0.996917 0
    outer loop
      vertex 7.84356 0.987688 1.99
      vertex 8 1 6
      vertex 7.84356 0.987688 6
    endloop
  endfacet
  facet normal 0.0784585 -0.996917 0
    outer loop
      vertex 8 1 6
      vertex 7.84356 0.987688 1.99
      vertex 8 1 1.99
    endloop
  endfacet
  facet normal 0.23345 0.972369 -0
    outer loop
      vertex 7.84356 -0.987688 1.99
      vertex 7.69098 -0.951056 6
      vertex 7.84356 -0.987688 6
    endloop
  endfacet
  facet normal 0.23345 0.972369 0
    outer loop
      vertex 7.69098 -0.951056 6
      vertex 7.84356 -0.987688 1.99
      vertex 7.69098 -0.951056 1.99
    endloop
  endfacet
  facet normal -0.760408 -0.649446 0
    outer loop
      vertex 8.80902 0.587785 1.99
      vertex 8.70711 0.707107 6
      vertex 8.70711 0.707107 1.99
    endloop
  endfacet
  facet normal -0.760408 -0.649446 0
    outer loop
      vertex 8.70711 0.707107 6
      vertex 8.80902 0.587785 1.99
      vertex 8.80902 0.587785 6
    endloop
  endfacet
  facet normal -0.233436 -0.972372 0
    outer loop
      vertex 8.15643 0.987688 1.99
      vertex 8.30902 0.951056 6
      vertex 8.15643 0.987688 6
    endloop
  endfacet
  facet normal -0.233436 -0.972372 -0
    outer loop
      vertex 8.30902 0.951056 6
      vertex 8.15643 0.987688 1.99
      vertex 8.30902 0.951056 1.99
    endloop
  endfacet
  facet normal 0.92388 -0.382682 0
    outer loop
      vertex 7.04894 0.309016 6
      vertex 7.10899 0.45399 1.99
      vertex 7.10899 0.45399 6
    endloop
  endfacet
  facet normal 0.92388 -0.382682 0
    outer loop
      vertex 7.10899 0.45399 1.99
      vertex 7.04894 0.309016 6
      vertex 7.04894 0.309016 1.99
    endloop
  endfacet
  facet normal 0.996918 -0.0784488 0
    outer loop
      vertex 7 0 6
      vertex 7.01231 0.156434 1.99
      vertex 7.01231 0.156434 6
    endloop
  endfacet
  facet normal 0.996918 -0.0784488 0
    outer loop
      vertex 7.01231 0.156434 1.99
      vertex 7 0 6
      vertex 7 0 1.99
    endloop
  endfacet
  facet normal 0.852639 -0.5225 0
    outer loop
      vertex 7.10899 0.45399 6
      vertex 7.19098 0.587785 1.99
      vertex 7.19098 0.587785 6
    endloop
  endfacet
  facet normal 0.852639 -0.5225 0
    outer loop
      vertex 7.19098 0.587785 1.99
      vertex 7.10899 0.45399 6
      vertex 7.10899 0.45399 1.99
    endloop
  endfacet
  facet normal 0.522486 -0.852648 0
    outer loop
      vertex 7.41221 0.809016 1.99
      vertex 7.54601 0.891006 6
      vertex 7.41221 0.809016 6
    endloop
  endfacet
  facet normal 0.522486 -0.852648 0
    outer loop
      vertex 7.54601 0.891006 6
      vertex 7.41221 0.809016 1.99
      vertex 7.54601 0.891006 1.99
    endloop
  endfacet
  facet normal 0.233435 -0.972372 0
    outer loop
      vertex -0.309016 8.95106 1.99
      vertex -0.156434 8.98769 6
      vertex -0.309016 8.95106 6
    endloop
  endfacet
  facet normal 0.233435 -0.972372 0
    outer loop
      vertex -0.156434 8.98769 6
      vertex -0.309016 8.95106 1.99
      vertex -0.156434 8.98769 1.99
    endloop
  endfacet
  facet normal 0.0784488 -0.996918 0
    outer loop
      vertex -0.156434 8.98769 1.99
      vertex 0 9 6
      vertex -0.156434 8.98769 6
    endloop
  endfacet
  facet normal 0.0784488 -0.996918 0
    outer loop
      vertex 0 9 6
      vertex -0.156434 8.98769 1.99
      vertex 0 9 1.99
    endloop
  endfacet
  facet normal 0.382682 -0.92388 0
    outer loop
      vertex -0.45399 8.89101 1.99
      vertex -0.309016 8.95106 6
      vertex -0.45399 8.89101 6
    endloop
  endfacet
  facet normal 0.382682 -0.92388 0
    outer loop
      vertex -0.309016 8.95106 6
      vertex -0.45399 8.89101 1.99
      vertex -0.309016 8.95106 1.99
    endloop
  endfacet
  facet normal 0.649446 0.760408 -0
    outer loop
      vertex -0.587785 7.19098 1.99
      vertex -0.707107 7.29289 6
      vertex -0.587785 7.19098 6
    endloop
  endfacet
  facet normal 0.649446 0.760408 0
    outer loop
      vertex -0.707107 7.29289 6
      vertex -0.587785 7.19098 1.99
      vertex -0.707107 7.29289 1.99
    endloop
  endfacet
  facet normal -0.852648 0.522486 0
    outer loop
      vertex 0.809016 7.41221 1.99
      vertex 0.891006 7.54601 6
      vertex 0.891006 7.54601 1.99
    endloop
  endfacet
  facet normal -0.852648 0.522486 0
    outer loop
      vertex 0.891006 7.54601 6
      vertex 0.809016 7.41221 1.99
      vertex 0.809016 7.41221 6
    endloop
  endfacet
  facet normal 0.923876 0.382691 0
    outer loop
      vertex -0.891006 7.54601 6
      vertex -0.951056 7.69098 1.99
      vertex -0.951056 7.69098 6
    endloop
  endfacet
  facet normal 0.923876 0.382691 0
    outer loop
      vertex -0.951056 7.69098 1.99
      vertex -0.891006 7.54601 6
      vertex -0.891006 7.54601 1.99
    endloop
  endfacet
  facet normal -0.760406 0.649448 0
    outer loop
      vertex 0.707107 7.29289 1.99
      vertex 0.809016 7.41221 6
      vertex 0.809016 7.41221 1.99
    endloop
  endfacet
  facet normal -0.760406 0.649448 0
    outer loop
      vertex 0.809016 7.41221 6
      vertex 0.707107 7.29289 1.99
      vertex 0.707107 7.29289 6
    endloop
  endfacet
  facet normal 0.972372 -0.233436 0
    outer loop
      vertex -0.987688 8.15643 6
      vertex -0.951056 8.30902 1.99
      vertex -0.951056 8.30902 6
    endloop
  endfacet
  facet normal 0.972372 -0.233436 0
    outer loop
      vertex -0.951056 8.30902 1.99
      vertex -0.987688 8.15643 6
      vertex -0.987688 8.15643 1.99
    endloop
  endfacet
  facet normal -0.649446 -0.760408 0
    outer loop
      vertex 0.587785 8.80902 1.99
      vertex 0.707107 8.70711 6
      vertex 0.587785 8.80902 6
    endloop
  endfacet
  facet normal -0.649446 -0.760408 -0
    outer loop
      vertex 0.707107 8.70711 6
      vertex 0.587785 8.80902 1.99
      vertex 0.707107 8.70711 1.99
    endloop
  endfacet
  facet normal -0.923876 -0.382691 0
    outer loop
      vertex 0.951056 8.30902 1.99
      vertex 0.891006 8.45399 6
      vertex 0.891006 8.45399 1.99
    endloop
  endfacet
  facet normal -0.923876 -0.382691 0
    outer loop
      vertex 0.891006 8.45399 6
      vertex 0.951056 8.30902 1.99
      vertex 0.951056 8.30902 6
    endloop
  endfacet
  facet normal 0.760406 0.649448 0
    outer loop
      vertex -0.707107 7.29289 6
      vertex -0.809016 7.41221 1.99
      vertex -0.809016 7.41221 6
    endloop
  endfacet
  facet normal 0.760406 0.649448 0
    outer loop
      vertex -0.809016 7.41221 1.99
      vertex -0.707107 7.29289 6
      vertex -0.707107 7.29289 1.99
    endloop
  endfacet
  facet normal 0.923876 -0.382691 0
    outer loop
      vertex -0.951056 8.30902 6
      vertex -0.891006 8.45399 1.99
      vertex -0.891006 8.45399 6
    endloop
  endfacet
  facet normal 0.923876 -0.382691 0
    outer loop
      vertex -0.891006 8.45399 1.99
      vertex -0.951056 8.30902 6
      vertex -0.951056 8.30902 1.99
    endloop
  endfacet
  facet normal -0.5225 -0.852639 0
    outer loop
      vertex 0.45399 8.89101 1.99
      vertex 0.587785 8.80902 6
      vertex 0.45399 8.89101 6
    endloop
  endfacet
  facet normal -0.5225 -0.852639 -0
    outer loop
      vertex 0.587785 8.80902 6
      vertex 0.45399 8.89101 1.99
      vertex 0.587785 8.80902 1.99
    endloop
  endfacet
  facet normal 0.0784488 0.996918 -0
    outer loop
      vertex 0 7 1.99
      vertex -0.156434 7.01231 6
      vertex 0 7 6
    endloop
  endfacet
  facet normal 0.0784488 0.996918 0
    outer loop
      vertex -0.156434 7.01231 6
      vertex 0 7 1.99
      vertex -0.156434 7.01231 1.99
    endloop
  endfacet
  facet normal 0.5225 -0.852639 0
    outer loop
      vertex -0.587785 8.80902 1.99
      vertex -0.45399 8.89101 6
      vertex -0.587785 8.80902 6
    endloop
  endfacet
  facet normal 0.5225 -0.852639 0
    outer loop
      vertex -0.45399 8.89101 6
      vertex -0.587785 8.80902 1.99
      vertex -0.45399 8.89101 1.99
    endloop
  endfacet
  facet normal -0.923876 0.382691 0
    outer loop
      vertex 0.891006 7.54601 1.99
      vertex 0.951056 7.69098 6
      vertex 0.951056 7.69098 1.99
    endloop
  endfacet
  facet normal -0.923876 0.382691 0
    outer loop
      vertex 0.951056 7.69098 6
      vertex 0.891006 7.54601 1.99
      vertex 0.891006 7.54601 6
    endloop
  endfacet
  facet normal -0.0784488 -0.996918 0
    outer loop
      vertex 0 9 1.99
      vertex 0.156434 8.98769 6
      vertex 0 9 6
    endloop
  endfacet
  facet normal -0.0784488 -0.996918 -0
    outer loop
      vertex 0.156434 8.98769 6
      vertex 0 9 1.99
      vertex 0.156434 8.98769 1.99
    endloop
  endfacet
  facet normal 0.852648 0.522486 0
    outer loop
      vertex -0.809016 7.41221 6
      vertex -0.891006 7.54601 1.99
      vertex -0.891006 7.54601 6
    endloop
  endfacet
  facet normal 0.852648 0.522486 0
    outer loop
      vertex -0.891006 7.54601 1.99
      vertex -0.809016 7.41221 6
      vertex -0.809016 7.41221 1.99
    endloop
  endfacet
  facet normal 0.996917 -0.0784635 0
    outer loop
      vertex -1 8 6
      vertex -0.987688 8.15643 1.99
      vertex -0.987688 8.15643 6
    endloop
  endfacet
  facet normal 0.996917 -0.0784635 0
    outer loop
      vertex -0.987688 8.15643 1.99
      vertex -1 8 6
      vertex -1 8 1.99
    endloop
  endfacet
  facet normal -0.382682 0.92388 0
    outer loop
      vertex 0.45399 7.10899 1.99
      vertex 0.309016 7.04894 6
      vertex 0.45399 7.10899 6
    endloop
  endfacet
  facet normal -0.382682 0.92388 0
    outer loop
      vertex 0.309016 7.04894 6
      vertex 0.45399 7.10899 1.99
      vertex 0.309016 7.04894 1.99
    endloop
  endfacet
  facet normal -0.382682 -0.92388 0
    outer loop
      vertex 0.309016 8.95106 1.99
      vertex 0.45399 8.89101 6
      vertex 0.309016 8.95106 6
    endloop
  endfacet
  facet normal -0.382682 -0.92388 -0
    outer loop
      vertex 0.45399 8.89101 6
      vertex 0.309016 8.95106 1.99
      vertex 0.45399 8.89101 1.99
    endloop
  endfacet
  facet normal 0.5225 0.852639 -0
    outer loop
      vertex -0.45399 7.10899 1.99
      vertex -0.587785 7.19098 6
      vertex -0.45399 7.10899 6
    endloop
  endfacet
  facet normal 0.5225 0.852639 0
    outer loop
      vertex -0.587785 7.19098 6
      vertex -0.45399 7.10899 1.99
      vertex -0.587785 7.19098 1.99
    endloop
  endfacet
  facet normal -0.760433 -0.649417 0
    outer loop
      vertex 0.809016 8.58778 1.99
      vertex 0.707107 8.70711 6
      vertex 0.707107 8.70711 1.99
    endloop
  endfacet
  facet normal -0.760433 -0.649417 0
    outer loop
      vertex 0.707107 8.70711 6
      vertex 0.809016 8.58778 1.99
      vertex 0.809016 8.58778 6
    endloop
  endfacet
  facet normal -0.649446 0.760408 0
    outer loop
      vertex 0.707107 7.29289 1.99
      vertex 0.587785 7.19098 6
      vertex 0.707107 7.29289 6
    endloop
  endfacet
  facet normal -0.649446 0.760408 0
    outer loop
      vertex 0.587785 7.19098 6
      vertex 0.707107 7.29289 1.99
      vertex 0.587785 7.19098 1.99
    endloop
  endfacet
  facet normal -0.0784488 0.996918 0
    outer loop
      vertex 0.156434 7.01231 1.99
      vertex 0 7 6
      vertex 0.156434 7.01231 6
    endloop
  endfacet
  facet normal -0.0784488 0.996918 0
    outer loop
      vertex 0 7 6
      vertex 0.156434 7.01231 1.99
      vertex 0 7 1.99
    endloop
  endfacet
  facet normal -0.972372 -0.233436 0
    outer loop
      vertex 0.987688 8.15643 1.99
      vertex 0.951056 8.30902 6
      vertex 0.951056 8.30902 1.99
    endloop
  endfacet
  facet normal -0.972372 -0.233436 0
    outer loop
      vertex 0.951056 8.30902 6
      vertex 0.987688 8.15643 1.99
      vertex 0.987688 8.15643 6
    endloop
  endfacet
  facet normal 0.233435 0.972372 -0
    outer loop
      vertex -0.156434 7.01231 1.99
      vertex -0.309016 7.04894 6
      vertex -0.156434 7.01231 6
    endloop
  endfacet
  facet normal 0.233435 0.972372 0
    outer loop
      vertex -0.309016 7.04894 6
      vertex -0.156434 7.01231 1.99
      vertex -0.309016 7.04894 1.99
    endloop
  endfacet
  facet normal 0.760433 -0.649417 0
    outer loop
      vertex -0.809016 8.58778 6
      vertex -0.707107 8.70711 1.99
      vertex -0.707107 8.70711 6
    endloop
  endfacet
  facet normal 0.760433 -0.649417 0
    outer loop
      vertex -0.707107 8.70711 1.99
      vertex -0.809016 8.58778 6
      vertex -0.809016 8.58778 1.99
    endloop
  endfacet
  facet normal -0.996917 0.0784585 0
    outer loop
      vertex 0.987688 7.84356 1.99
      vertex 1 8 6
      vertex 1 8 1.99
    endloop
  endfacet
  facet normal -0.996917 0.0784585 0
    outer loop
      vertex 1 8 6
      vertex 0.987688 7.84356 1.99
      vertex 0.987688 7.84356 6
    endloop
  endfacet
  facet normal 0.852631 -0.522514 0
    outer loop
      vertex -0.891006 8.45399 6
      vertex -0.809016 8.58778 1.99
      vertex -0.809016 8.58778 6
    endloop
  endfacet
  facet normal 0.852631 -0.522514 0
    outer loop
      vertex -0.809016 8.58778 1.99
      vertex -0.891006 8.45399 6
      vertex -0.891006 8.45399 1.99
    endloop
  endfacet
  facet normal -0.233435 -0.972372 0
    outer loop
      vertex 0.156434 8.98769 1.99
      vertex 0.309016 8.95106 6
      vertex 0.156434 8.98769 6
    endloop
  endfacet
  facet normal -0.233435 -0.972372 -0
    outer loop
      vertex 0.309016 8.95106 6
      vertex 0.156434 8.98769 1.99
      vertex 0.309016 8.95106 1.99
    endloop
  endfacet
  facet normal -0.5225 0.852639 0
    outer loop
      vertex 0.587785 7.19098 1.99
      vertex 0.45399 7.10899 6
      vertex 0.587785 7.19098 6
    endloop
  endfacet
  facet normal -0.5225 0.852639 0
    outer loop
      vertex 0.45399 7.10899 6
      vertex 0.587785 7.19098 1.99
      vertex 0.45399 7.10899 1.99
    endloop
  endfacet
  facet normal 0.972369 0.23345 0
    outer loop
      vertex -0.951056 7.69098 6
      vertex -0.987688 7.84356 1.99
      vertex -0.987688 7.84356 6
    endloop
  endfacet
  facet normal 0.972369 0.23345 0
    outer loop
      vertex -0.987688 7.84356 1.99
      vertex -0.951056 7.69098 6
      vertex -0.951056 7.69098 1.99
    endloop
  endfacet
  facet normal -0.852631 -0.522514 0
    outer loop
      vertex 0.891006 8.45399 1.99
      vertex 0.809016 8.58778 6
      vertex 0.809016 8.58778 1.99
    endloop
  endfacet
  facet normal -0.852631 -0.522514 0
    outer loop
      vertex 0.809016 8.58778 6
      vertex 0.891006 8.45399 1.99
      vertex 0.891006 8.45399 6
    endloop
  endfacet
  facet normal -0.233435 0.972372 0
    outer loop
      vertex 0.309016 7.04894 1.99
      vertex 0.156434 7.01231 6
      vertex 0.309016 7.04894 6
    endloop
  endfacet
  facet normal -0.233435 0.972372 0
    outer loop
      vertex 0.156434 7.01231 6
      vertex 0.309016 7.04894 1.99
      vertex 0.156434 7.01231 1.99
    endloop
  endfacet
  facet normal -0.996917 -0.0784635 0
    outer loop
      vertex 1 8 1.99
      vertex 0.987688 8.15643 6
      vertex 0.987688 8.15643 1.99
    endloop
  endfacet
  facet normal -0.996917 -0.0784635 0
    outer loop
      vertex 0.987688 8.15643 6
      vertex 1 8 1.99
      vertex 1 8 6
    endloop
  endfacet
  facet normal 0.996917 0.0784585 0
    outer loop
      vertex -0.987688 7.84356 6
      vertex -1 8 1.99
      vertex -1 8 6
    endloop
  endfacet
  facet normal 0.996917 0.0784585 0
    outer loop
      vertex -1 8 1.99
      vertex -0.987688 7.84356 6
      vertex -0.987688 7.84356 1.99
    endloop
  endfacet
  facet normal -0.972369 0.23345 0
    outer loop
      vertex 0.951056 7.69098 1.99
      vertex 0.987688 7.84356 6
      vertex 0.987688 7.84356 1.99
    endloop
  endfacet
  facet normal -0.972369 0.23345 0
    outer loop
      vertex 0.987688 7.84356 6
      vertex 0.951056 7.69098 1.99
      vertex 0.951056 7.69098 6
    endloop
  endfacet
  facet normal 0.649446 -0.760408 0
    outer loop
      vertex -0.707107 8.70711 1.99
      vertex -0.587785 8.80902 6
      vertex -0.707107 8.70711 6
    endloop
  endfacet
  facet normal 0.649446 -0.760408 0
    outer loop
      vertex -0.587785 8.80902 6
      vertex -0.707107 8.70711 1.99
      vertex -0.587785 8.80902 1.99
    endloop
  endfacet
  facet normal 0.382682 0.92388 -0
    outer loop
      vertex -0.309016 7.04894 1.99
      vertex -0.45399 7.10899 6
      vertex -0.309016 7.04894 6
    endloop
  endfacet
  facet normal 0.382682 0.92388 0
    outer loop
      vertex -0.45399 7.10899 6
      vertex -0.309016 7.04894 1.99
      vertex -0.45399 7.10899 1.99
    endloop
  endfacet
  facet normal 0.92388 0.382682 0
    outer loop
      vertex -8.89101 -0.45399 6
      vertex -8.95106 -0.309016 1.99
      vertex -8.95106 -0.309016 6
    endloop
  endfacet
  facet normal 0.92388 0.382682 0
    outer loop
      vertex -8.95106 -0.309016 1.99
      vertex -8.89101 -0.45399 6
      vertex -8.89101 -0.45399 1.99
    endloop
  endfacet
  facet normal -0.760408 0.649446 0
    outer loop
      vertex -7.29289 -0.707107 1.99
      vertex -7.19098 -0.587785 6
      vertex -7.19098 -0.587785 1.99
    endloop
  endfacet
  facet normal -0.760408 0.649446 0
    outer loop
      vertex -7.19098 -0.587785 6
      vertex -7.29289 -0.707107 1.99
      vertex -7.29289 -0.707107 6
    endloop
  endfacet
  facet normal 0.382691 0.923876 -0
    outer loop
      vertex -8.30902 -0.951056 1.99
      vertex -8.45399 -0.891006 6
      vertex -8.30902 -0.951056 6
    endloop
  endfacet
  facet normal 0.382691 0.923876 0
    outer loop
      vertex -8.45399 -0.891006 6
      vertex -8.30902 -0.951056 1.99
      vertex -8.45399 -0.891006 1.99
    endloop
  endfacet
  facet normal -0.522486 -0.852648 0
    outer loop
      vertex -7.54601 0.891006 1.99
      vertex -7.41221 0.809016 6
      vertex -7.54601 0.891006 6
    endloop
  endfacet
  facet normal -0.522486 -0.852648 -0
    outer loop
      vertex -7.41221 0.809016 6
      vertex -7.54601 0.891006 1.99
      vertex -7.41221 0.809016 1.99
    endloop
  endfacet
  facet normal -0.382691 0.923876 0
    outer loop
      vertex -7.54601 -0.891006 1.99
      vertex -7.69098 -0.951056 6
      vertex -7.54601 -0.891006 6
    endloop
  endfacet
  facet normal -0.382691 0.923876 0
    outer loop
      vertex -7.69098 -0.951056 6
      vertex -7.54601 -0.891006 1.99
      vertex -7.69098 -0.951056 1.99
    endloop
  endfacet
  facet normal 0.996918 0.0784488 0
    outer loop
      vertex -8.98769 -0.156434 6
      vertex -9 0 1.99
      vertex -9 0 6
    endloop
  endfacet
  facet normal 0.996918 0.0784488 0
    outer loop
      vertex -9 0 1.99
      vertex -8.98769 -0.156434 6
      vertex -8.98769 -0.156434 1.99
    endloop
  endfacet
  facet normal 0.760408 -0.649446 0
    outer loop
      vertex -8.80902 0.587785 6
      vertex -8.70711 0.707107 1.99
      vertex -8.70711 0.707107 6
    endloop
  endfacet
  facet normal 0.760408 -0.649446 0
    outer loop
      vertex -8.70711 0.707107 1.99
      vertex -8.80902 0.587785 6
      vertex -8.80902 0.587785 1.99
    endloop
  endfacet
  facet normal 0.382691 -0.923876 0
    outer loop
      vertex -8.45399 0.891006 1.99
      vertex -8.30902 0.951056 6
      vertex -8.45399 0.891006 6
    endloop
  endfacet
  facet normal 0.382691 -0.923876 0
    outer loop
      vertex -8.30902 0.951056 6
      vertex -8.45399 0.891006 1.99
      vertex -8.30902 0.951056 1.99
    endloop
  endfacet
  facet normal -0.649448 0.760406 0
    outer loop
      vertex -7.29289 -0.707107 1.99
      vertex -7.41221 -0.809016 6
      vertex -7.29289 -0.707107 6
    endloop
  endfacet
  facet normal -0.649448 0.760406 0
    outer loop
      vertex -7.41221 -0.809016 6
      vertex -7.29289 -0.707107 1.99
      vertex -7.41221 -0.809016 1.99
    endloop
  endfacet
  facet normal 0.852639 -0.5225 0
    outer loop
      vertex -8.89101 0.45399 6
      vertex -8.80902 0.587785 1.99
      vertex -8.80902 0.587785 6
    endloop
  endfacet
  facet normal 0.852639 -0.5225 0
    outer loop
      vertex -8.80902 0.587785 1.99
      vertex -8.89101 0.45399 6
      vertex -8.89101 0.45399 1.99
    endloop
  endfacet
  facet normal -0.996918 0.0784488 0
    outer loop
      vertex -7.01231 -0.156434 1.99
      vertex -7 0 6
      vertex -7 0 1.99
    endloop
  endfacet
  facet normal -0.996918 0.0784488 0
    outer loop
      vertex -7 0 6
      vertex -7.01231 -0.156434 1.99
      vertex -7.01231 -0.156434 6
    endloop
  endfacet
  facet normal 0.852639 0.5225 0
    outer loop
      vertex -8.80902 -0.587785 6
      vertex -8.89101 -0.45399 1.99
      vertex -8.89101 -0.45399 6
    endloop
  endfacet
  facet normal 0.852639 0.5225 0
    outer loop
      vertex -8.89101 -0.45399 1.99
      vertex -8.80902 -0.587785 6
      vertex -8.80902 -0.587785 1.99
    endloop
  endfacet
  facet normal -0.382691 -0.923876 0
    outer loop
      vertex -7.69098 0.951056 1.99
      vertex -7.54601 0.891006 6
      vertex -7.69098 0.951056 6
    endloop
  endfacet
  facet normal -0.382691 -0.923876 -0
    outer loop
      vertex -7.54601 0.891006 6
      vertex -7.69098 0.951056 1.99
      vertex -7.54601 0.891006 1.99
    endloop
  endfacet
  facet normal -0.522486 0.852648 0
    outer loop
      vertex -7.41221 -0.809016 1.99
      vertex -7.54601 -0.891006 6
      vertex -7.41221 -0.809016 6
    endloop
  endfacet
  facet normal -0.522486 0.852648 0
    outer loop
      vertex -7.54601 -0.891006 6
      vertex -7.41221 -0.809016 1.99
      vertex -7.54601 -0.891006 1.99
    endloop
  endfacet
  facet normal 0.760408 0.649446 0
    outer loop
      vertex -8.70711 -0.707107 6
      vertex -8.80902 -0.587785 1.99
      vertex -8.80902 -0.587785 6
    endloop
  endfacet
  facet normal 0.760408 0.649446 0
    outer loop
      vertex -8.80902 -0.587785 1.99
      vertex -8.70711 -0.707107 6
      vertex -8.70711 -0.707107 1.99
    endloop
  endfacet
  facet normal -0.92388 -0.382682 0
    outer loop
      vertex -7.04894 0.309016 1.99
      vertex -7.10899 0.45399 6
      vertex -7.10899 0.45399 1.99
    endloop
  endfacet
  facet normal -0.92388 -0.382682 0
    outer loop
      vertex -7.10899 0.45399 6
      vertex -7.04894 0.309016 1.99
      vertex -7.04894 0.309016 6
    endloop
  endfacet
  facet normal 0.972372 0.233435 0
    outer loop
      vertex -8.95106 -0.309016 6
      vertex -8.98769 -0.156434 1.99
      vertex -8.98769 -0.156434 6
    endloop
  endfacet
  facet normal 0.972372 0.233435 0
    outer loop
      vertex -8.98769 -0.156434 1.99
      vertex -8.95106 -0.309016 6
      vertex -8.95106 -0.309016 1.99
    endloop
  endfacet
  facet normal -0.649448 -0.760406 0
    outer loop
      vertex -7.41221 0.809016 1.99
      vertex -7.29289 0.707107 6
      vertex -7.41221 0.809016 6
    endloop
  endfacet
  facet normal -0.649448 -0.760406 -0
    outer loop
      vertex -7.29289 0.707107 6
      vertex -7.41221 0.809016 1.99
      vertex -7.29289 0.707107 1.99
    endloop
  endfacet
  facet normal 0.92388 -0.382682 0
    outer loop
      vertex -8.95106 0.309016 6
      vertex -8.89101 0.45399 1.99
      vertex -8.89101 0.45399 6
    endloop
  endfacet
  facet normal 0.92388 -0.382682 0
    outer loop
      vertex -8.89101 0.45399 1.99
      vertex -8.95106 0.309016 6
      vertex -8.95106 0.309016 1.99
    endloop
  endfacet
  facet normal -0.852639 0.5225 0
    outer loop
      vertex -7.19098 -0.587785 1.99
      vertex -7.10899 -0.45399 6
      vertex -7.10899 -0.45399 1.99
    endloop
  endfacet
  facet normal -0.852639 0.5225 0
    outer loop
      vertex -7.10899 -0.45399 6
      vertex -7.19098 -0.587785 1.99
      vertex -7.19098 -0.587785 6
    endloop
  endfacet
  facet normal 0.649417 -0.760433 0
    outer loop
      vertex -8.70711 0.707107 1.99
      vertex -8.58778 0.809016 6
      vertex -8.70711 0.707107 6
    endloop
  endfacet
  facet normal 0.649417 -0.760433 0
    outer loop
      vertex -8.58778 0.809016 6
      vertex -8.70711 0.707107 1.99
      vertex -8.58778 0.809016 1.99
    endloop
  endfacet
  facet normal -0.23345 -0.972369 0
    outer loop
      vertex -7.84356 0.987688 1.99
      vertex -7.69098 0.951056 6
      vertex -7.84356 0.987688 6
    endloop
  endfacet
  facet normal -0.23345 -0.972369 -0
    outer loop
      vertex -7.69098 0.951056 6
      vertex -7.84356 0.987688 1.99
      vertex -7.69098 0.951056 1.99
    endloop
  endfacet
  facet normal -0.760408 -0.649446 0
    outer loop
      vertex -7.19098 0.587785 1.99
      vertex -7.29289 0.707107 6
      vertex -7.29289 0.707107 1.99
    endloop
  endfacet
  facet normal -0.760408 -0.649446 0
    outer loop
      vertex -7.29289 0.707107 6
      vertex -7.19098 0.587785 1.99
      vertex -7.19098 0.587785 6
    endloop
  endfacet
  facet normal -0.996918 -0.0784488 0
    outer loop
      vertex -7 0 1.99
      vertex -7.01231 0.156434 6
      vertex -7.01231 0.156434 1.99
    endloop
  endfacet
  facet normal -0.996918 -0.0784488 0
    outer loop
      vertex -7.01231 0.156434 6
      vertex -7 0 1.99
      vertex -7 0 6
    endloop
  endfacet
  facet normal 0.233436 -0.972372 0
    outer loop
      vertex -8.30902 0.951056 1.99
      vertex -8.15643 0.987688 6
      vertex -8.30902 0.951056 6
    endloop
  endfacet
  facet normal 0.233436 -0.972372 0
    outer loop
      vertex -8.15643 0.987688 6
      vertex -8.30902 0.951056 1.99
      vertex -8.15643 0.987688 1.99
    endloop
  endfacet
  facet normal -0.972372 0.233435 0
    outer loop
      vertex -7.04894 -0.309016 1.99
      vertex -7.01231 -0.156434 6
      vertex -7.01231 -0.156434 1.99
    endloop
  endfacet
  facet normal -0.972372 0.233435 0
    outer loop
      vertex -7.01231 -0.156434 6
      vertex -7.04894 -0.309016 1.99
      vertex -7.04894 -0.309016 6
    endloop
  endfacet
  facet normal 0.649417 0.760433 -0
    outer loop
      vertex -8.58778 -0.809016 1.99
      vertex -8.70711 -0.707107 6
      vertex -8.58778 -0.809016 6
    endloop
  endfacet
  facet normal 0.649417 0.760433 0
    outer loop
      vertex -8.70711 -0.707107 6
      vertex -8.58778 -0.809016 1.99
      vertex -8.70711 -0.707107 1.99
    endloop
  endfacet
  facet normal -0.0784585 -0.996917 0
    outer loop
      vertex -8 1 1.99
      vertex -7.84356 0.987688 6
      vertex -8 1 6
    endloop
  endfacet
  facet normal -0.0784585 -0.996917 -0
    outer loop
      vertex -7.84356 0.987688 6
      vertex -8 1 1.99
      vertex -7.84356 0.987688 1.99
    endloop
  endfacet
  facet normal 0.522514 0.852631 -0
    outer loop
      vertex -8.45399 -0.891006 1.99
      vertex -8.58778 -0.809016 6
      vertex -8.45399 -0.891006 6
    endloop
  endfacet
  facet normal 0.522514 0.852631 0
    outer loop
      vertex -8.58778 -0.809016 6
      vertex -8.45399 -0.891006 1.99
      vertex -8.58778 -0.809016 1.99
    endloop
  endfacet
  facet normal 0.972372 -0.233435 0
    outer loop
      vertex -8.98769 0.156434 6
      vertex -8.95106 0.309016 1.99
      vertex -8.95106 0.309016 6
    endloop
  endfacet
  facet normal 0.972372 -0.233435 0
    outer loop
      vertex -8.95106 0.309016 1.99
      vertex -8.98769 0.156434 6
      vertex -8.98769 0.156434 1.99
    endloop
  endfacet
  facet normal -0.23345 0.972369 0
    outer loop
      vertex -7.69098 -0.951056 1.99
      vertex -7.84356 -0.987688 6
      vertex -7.69098 -0.951056 6
    endloop
  endfacet
  facet normal -0.23345 0.972369 0
    outer loop
      vertex -7.84356 -0.987688 6
      vertex -7.69098 -0.951056 1.99
      vertex -7.84356 -0.987688 1.99
    endloop
  endfacet
  facet normal 0.522514 -0.852631 0
    outer loop
      vertex -8.58778 0.809016 1.99
      vertex -8.45399 0.891006 6
      vertex -8.58778 0.809016 6
    endloop
  endfacet
  facet normal 0.522514 -0.852631 0
    outer loop
      vertex -8.45399 0.891006 6
      vertex -8.58778 0.809016 1.99
      vertex -8.45399 0.891006 1.99
    endloop
  endfacet
  facet normal -0.972372 -0.233435 0
    outer loop
      vertex -7.01231 0.156434 1.99
      vertex -7.04894 0.309016 6
      vertex -7.04894 0.309016 1.99
    endloop
  endfacet
  facet normal -0.972372 -0.233435 0
    outer loop
      vertex -7.04894 0.309016 6
      vertex -7.01231 0.156434 1.99
      vertex -7.01231 0.156434 6
    endloop
  endfacet
  facet normal 0.0784635 -0.996917 0
    outer loop
      vertex -8.15643 0.987688 1.99
      vertex -8 1 6
      vertex -8.15643 0.987688 6
    endloop
  endfacet
  facet normal 0.0784635 -0.996917 0
    outer loop
      vertex -8 1 6
      vertex -8.15643 0.987688 1.99
      vertex -8 1 1.99
    endloop
  endfacet
  facet normal -0.0784585 0.996917 0
    outer loop
      vertex -7.84356 -0.987688 1.99
      vertex -8 -1 6
      vertex -7.84356 -0.987688 6
    endloop
  endfacet
  facet normal -0.0784585 0.996917 0
    outer loop
      vertex -8 -1 6
      vertex -7.84356 -0.987688 1.99
      vertex -8 -1 1.99
    endloop
  endfacet
  facet normal 0.996918 -0.0784488 0
    outer loop
      vertex -9 0 6
      vertex -8.98769 0.156434 1.99
      vertex -8.98769 0.156434 6
    endloop
  endfacet
  facet normal 0.996918 -0.0784488 0
    outer loop
      vertex -8.98769 0.156434 1.99
      vertex -9 0 6
      vertex -9 0 1.99
    endloop
  endfacet
  facet normal 0.233436 0.972372 -0
    outer loop
      vertex -8.15643 -0.987688 1.99
      vertex -8.30902 -0.951056 6
      vertex -8.15643 -0.987688 6
    endloop
  endfacet
  facet normal 0.233436 0.972372 0
    outer loop
      vertex -8.30902 -0.951056 6
      vertex -8.15643 -0.987688 1.99
      vertex -8.30902 -0.951056 1.99
    endloop
  endfacet
  facet normal 0.0784635 0.996917 -0
    outer loop
      vertex -8 -1 1.99
      vertex -8.15643 -0.987688 6
      vertex -8 -1 6
    endloop
  endfacet
  facet normal 0.0784635 0.996917 0
    outer loop
      vertex -8.15643 -0.987688 6
      vertex -8 -1 1.99
      vertex -8.15643 -0.987688 1.99
    endloop
  endfacet
  facet normal -0.852639 -0.5225 0
    outer loop
      vertex -7.10899 0.45399 1.99
      vertex -7.19098 0.587785 6
      vertex -7.19098 0.587785 1.99
    endloop
  endfacet
  facet normal -0.852639 -0.5225 0
    outer loop
      vertex -7.19098 0.587785 6
      vertex -7.10899 0.45399 1.99
      vertex -7.10899 0.45399 6
    endloop
  endfacet
  facet normal -0.92388 0.382682 0
    outer loop
      vertex -7.10899 -0.45399 1.99
      vertex -7.04894 -0.309016 6
      vertex -7.04894 -0.309016 1.99
    endloop
  endfacet
  facet normal -0.92388 0.382682 0
    outer loop
      vertex -7.04894 -0.309016 6
      vertex -7.10899 -0.45399 1.99
      vertex -7.10899 -0.45399 6
    endloop
  endfacet
  facet normal 0.923876 0.382691 0
    outer loop
      vertex -0.891006 -8.45399 6
      vertex -0.951056 -8.30902 1.99
      vertex -0.951056 -8.30902 6
    endloop
  endfacet
  facet normal 0.923876 0.382691 0
    outer loop
      vertex -0.951056 -8.30902 1.99
      vertex -0.891006 -8.45399 6
      vertex -0.891006 -8.45399 1.99
    endloop
  endfacet
  facet normal -0.382682 0.92388 0
    outer loop
      vertex 0.45399 -8.89101 1.99
      vertex 0.309016 -8.95106 6
      vertex 0.45399 -8.89101 6
    endloop
  endfacet
  facet normal -0.382682 0.92388 0
    outer loop
      vertex 0.309016 -8.95106 6
      vertex 0.45399 -8.89101 1.99
      vertex 0.309016 -8.95106 1.99
    endloop
  endfacet
  facet normal -0.923876 0.382691 0
    outer loop
      vertex 0.891006 -8.45399 1.99
      vertex 0.951056 -8.30902 6
      vertex 0.951056 -8.30902 1.99
    endloop
  endfacet
  facet normal -0.923876 0.382691 0
    outer loop
      vertex 0.951056 -8.30902 6
      vertex 0.891006 -8.45399 1.99
      vertex 0.891006 -8.45399 6
    endloop
  endfacet
  facet normal 0.852648 -0.522486 0
    outer loop
      vertex -0.891006 -7.54601 6
      vertex -0.809016 -7.41221 1.99
      vertex -0.809016 -7.41221 6
    endloop
  endfacet
  facet normal 0.852648 -0.522486 0
    outer loop
      vertex -0.809016 -7.41221 1.99
      vertex -0.891006 -7.54601 6
      vertex -0.891006 -7.54601 1.99
    endloop
  endfacet
  facet normal -0.0784488 0.996918 0
    outer loop
      vertex 0.156434 -8.98769 1.99
      vertex 0 -9 6
      vertex 0.156434 -8.98769 6
    endloop
  endfacet
  facet normal -0.0784488 0.996918 0
    outer loop
      vertex 0 -9 6
      vertex 0.156434 -8.98769 1.99
      vertex 0 -9 1.99
    endloop
  endfacet
  facet normal 0.382682 0.92388 -0
    outer loop
      vertex -0.309016 -8.95106 1.99
      vertex -0.45399 -8.89101 6
      vertex -0.309016 -8.95106 6
    endloop
  endfacet
  facet normal 0.382682 0.92388 0
    outer loop
      vertex -0.45399 -8.89101 6
      vertex -0.309016 -8.95106 1.99
      vertex -0.45399 -8.89101 1.99
    endloop
  endfacet
  facet normal 0.5225 0.852639 -0
    outer loop
      vertex -0.45399 -8.89101 1.99
      vertex -0.587785 -8.80902 6
      vertex -0.45399 -8.89101 6
    endloop
  endfacet
  facet normal 0.5225 0.852639 0
    outer loop
      vertex -0.587785 -8.80902 6
      vertex -0.45399 -8.89101 1.99
      vertex -0.587785 -8.80902 1.99
    endloop
  endfacet
  facet normal -0.5225 0.852639 0
    outer loop
      vertex 0.587785 -8.80902 1.99
      vertex 0.45399 -8.89101 6
      vertex 0.587785 -8.80902 6
    endloop
  endfacet
  facet normal -0.5225 0.852639 0
    outer loop
      vertex 0.45399 -8.89101 6
      vertex 0.587785 -8.80902 1.99
      vertex 0.45399 -8.89101 1.99
    endloop
  endfacet
  facet normal 0.923876 -0.382691 0
    outer loop
      vertex -0.951056 -7.69098 6
      vertex -0.891006 -7.54601 1.99
      vertex -0.891006 -7.54601 6
    endloop
  endfacet
  facet normal 0.923876 -0.382691 0
    outer loop
      vertex -0.891006 -7.54601 1.99
      vertex -0.951056 -7.69098 6
      vertex -0.951056 -7.69098 1.99
    endloop
  endfacet
  facet normal -0.233435 -0.972372 0
    outer loop
      vertex 0.156434 -7.01231 1.99
      vertex 0.309016 -7.04894 6
      vertex 0.156434 -7.01231 6
    endloop
  endfacet
  facet normal -0.233435 -0.972372 -0
    outer loop
      vertex 0.309016 -7.04894 6
      vertex 0.156434 -7.01231 1.99
      vertex 0.309016 -7.04894 1.99
    endloop
  endfacet
  facet normal 0.0784488 0.996918 -0
    outer loop
      vertex 0 -9 1.99
      vertex -0.156434 -8.98769 6
      vertex 0 -9 6
    endloop
  endfacet
  facet normal 0.0784488 0.996918 0
    outer loop
      vertex -0.156434 -8.98769 6
      vertex 0 -9 1.99
      vertex -0.156434 -8.98769 1.99
    endloop
  endfacet
  facet normal -0.649446 0.760408 0
    outer loop
      vertex 0.707107 -8.70711 1.99
      vertex 0.587785 -8.80902 6
      vertex 0.707107 -8.70711 6
    endloop
  endfacet
  facet normal -0.649446 0.760408 0
    outer loop
      vertex 0.587785 -8.80902 6
      vertex 0.707107 -8.70711 1.99
      vertex 0.587785 -8.80902 1.99
    endloop
  endfacet
  facet normal 0.760433 0.649417 0
    outer loop
      vertex -0.707107 -8.70711 6
      vertex -0.809016 -8.58778 1.99
      vertex -0.809016 -8.58778 6
    endloop
  endfacet
  facet normal 0.760433 0.649417 0
    outer loop
      vertex -0.809016 -8.58778 1.99
      vertex -0.707107 -8.70711 6
      vertex -0.707107 -8.70711 1.99
    endloop
  endfacet
  facet normal 0.382682 -0.92388 0
    outer loop
      vertex -0.45399 -7.10899 1.99
      vertex -0.309016 -7.04894 6
      vertex -0.45399 -7.10899 6
    endloop
  endfacet
  facet normal 0.382682 -0.92388 0
    outer loop
      vertex -0.309016 -7.04894 6
      vertex -0.45399 -7.10899 1.99
      vertex -0.309016 -7.04894 1.99
    endloop
  endfacet
  facet normal -0.233435 0.972372 0
    outer loop
      vertex 0.309016 -8.95106 1.99
      vertex 0.156434 -8.98769 6
      vertex 0.309016 -8.95106 6
    endloop
  endfacet
  facet normal -0.233435 0.972372 0
    outer loop
      vertex 0.156434 -8.98769 6
      vertex 0.309016 -8.95106 1.99
      vertex 0.156434 -8.98769 1.99
    endloop
  endfacet
  facet normal 0.760406 -0.649448 0
    outer loop
      vertex -0.809016 -7.41221 6
      vertex -0.707107 -7.29289 1.99
      vertex -0.707107 -7.29289 6
    endloop
  endfacet
  facet normal 0.760406 -0.649448 0
    outer loop
      vertex -0.707107 -7.29289 1.99
      vertex -0.809016 -7.41221 6
      vertex -0.809016 -7.41221 1.99
    endloop
  endfacet
  facet normal 0.972369 -0.23345 0
    outer loop
      vertex -0.987688 -7.84356 6
      vertex -0.951056 -7.69098 1.99
      vertex -0.951056 -7.69098 6
    endloop
  endfacet
  facet normal 0.972369 -0.23345 0
    outer loop
      vertex -0.951056 -7.69098 1.99
      vertex -0.987688 -7.84356 6
      vertex -0.987688 -7.84356 1.99
    endloop
  endfacet
  facet normal 0.649446 -0.760408 0
    outer loop
      vertex -0.707107 -7.29289 1.99
      vertex -0.587785 -7.19098 6
      vertex -0.707107 -7.29289 6
    endloop
  endfacet
  facet normal 0.649446 -0.760408 0
    outer loop
      vertex -0.587785 -7.19098 6
      vertex -0.707107 -7.29289 1.99
      vertex -0.587785 -7.19098 1.99
    endloop
  endfacet
  facet normal -0.649446 -0.760408 0
    outer loop
      vertex 0.587785 -7.19098 1.99
      vertex 0.707107 -7.29289 6
      vertex 0.587785 -7.19098 6
    endloop
  endfacet
  facet normal -0.649446 -0.760408 -0
    outer loop
      vertex 0.707107 -7.29289 6
      vertex 0.587785 -7.19098 1.99
      vertex 0.707107 -7.29289 1.99
    endloop
  endfacet
  facet normal 0.0784488 -0.996918 0
    outer loop
      vertex -0.156434 -7.01231 1.99
      vertex 0 -7 6
      vertex -0.156434 -7.01231 6
    endloop
  endfacet
  facet normal 0.0784488 -0.996918 0
    outer loop
      vertex 0 -7 6
      vertex -0.156434 -7.01231 1.99
      vertex 0 -7 1.99
    endloop
  endfacet
  facet normal 0.972372 0.233436 0
    outer loop
      vertex -0.951056 -8.30902 6
      vertex -0.987688 -8.15643 1.99
      vertex -0.987688 -8.15643 6
    endloop
  endfacet
  facet normal 0.972372 0.233436 0
    outer loop
      vertex -0.987688 -8.15643 1.99
      vertex -0.951056 -8.30902 6
      vertex -0.951056 -8.30902 1.99
    endloop
  endfacet
  facet normal 0.649446 0.760408 -0
    outer loop
      vertex -0.587785 -8.80902 1.99
      vertex -0.707107 -8.70711 6
      vertex -0.587785 -8.80902 6
    endloop
  endfacet
  facet normal 0.649446 0.760408 0
    outer loop
      vertex -0.707107 -8.70711 6
      vertex -0.587785 -8.80902 1.99
      vertex -0.707107 -8.70711 1.99
    endloop
  endfacet
  facet normal -0.760433 0.649417 0
    outer loop
      vertex 0.707107 -8.70711 1.99
      vertex 0.809016 -8.58778 6
      vertex 0.809016 -8.58778 1.99
    endloop
  endfacet
  facet normal -0.760433 0.649417 0
    outer loop
      vertex 0.809016 -8.58778 6
      vertex 0.707107 -8.70711 1.99
      vertex 0.707107 -8.70711 6
    endloop
  endfacet
  facet normal 0.996917 -0.0784585 0
    outer loop
      vertex -1 -8 6
      vertex -0.987688 -7.84356 1.99
      vertex -0.987688 -7.84356 6
    endloop
  endfacet
  facet normal 0.996917 -0.0784585 0
    outer loop
      vertex -0.987688 -7.84356 1.99
      vertex -1 -8 6
      vertex -1 -8 1.99
    endloop
  endfacet
  facet normal -0.760406 -0.649448 0
    outer loop
      vertex 0.809016 -7.41221 1.99
      vertex 0.707107 -7.29289 6
      vertex 0.707107 -7.29289 1.99
    endloop
  endfacet
  facet normal -0.760406 -0.649448 0
    outer loop
      vertex 0.707107 -7.29289 6
      vertex 0.809016 -7.41221 1.99
      vertex 0.809016 -7.41221 6
    endloop
  endfacet
  facet normal -0.852631 0.522514 0
    outer loop
      vertex 0.809016 -8.58778 1.99
      vertex 0.891006 -8.45399 6
      vertex 0.891006 -8.45399 1.99
    endloop
  endfacet
  facet normal -0.852631 0.522514 0
    outer loop
      vertex 0.891006 -8.45399 6
      vertex 0.809016 -8.58778 1.99
      vertex 0.809016 -8.58778 6
    endloop
  endfacet
  facet normal 0.233435 0.972372 -0
    outer loop
      vertex -0.156434 -8.98769 1.99
      vertex -0.309016 -8.95106 6
      vertex -0.156434 -8.98769 6
    endloop
  endfacet
  facet normal 0.233435 0.972372 0
    outer loop
      vertex -0.309016 -8.95106 6
      vertex -0.156434 -8.98769 1.99
      vertex -0.309016 -8.95106 1.99
    endloop
  endfacet
  facet normal -0.923876 -0.382691 0
    outer loop
      vertex 0.951056 -7.69098 1.99
      vertex 0.891006 -7.54601 6
      vertex 0.891006 -7.54601 1.99
    endloop
  endfacet
  facet normal -0.923876 -0.382691 0
    outer loop
      vertex 0.891006 -7.54601 6
      vertex 0.951056 -7.69098 1.99
      vertex 0.951056 -7.69098 6
    endloop
  endfacet
  facet normal -0.972369 -0.23345 0
    outer loop
      vertex 0.987688 -7.84356 1.99
      vertex 0.951056 -7.69098 6
      vertex 0.951056 -7.69098 1.99
    endloop
  endfacet
  facet normal -0.972369 -0.23345 0
    outer loop
      vertex 0.951056 -7.69098 6
      vertex 0.987688 -7.84356 1.99
      vertex 0.987688 -7.84356 6
    endloop
  endfacet
  facet normal 0.852631 0.522514 0
    outer loop
      vertex -0.809016 -8.58778 6
      vertex -0.891006 -8.45399 1.99
      vertex -0.891006 -8.45399 6
    endloop
  endfacet
  facet normal 0.852631 0.522514 0
    outer loop
      vertex -0.891006 -8.45399 1.99
      vertex -0.809016 -8.58778 6
      vertex -0.809016 -8.58778 1.99
    endloop
  endfacet
  facet normal 0.233435 -0.972372 0
    outer loop
      vertex -0.309016 -7.04894 1.99
      vertex -0.156434 -7.01231 6
      vertex -0.309016 -7.04894 6
    endloop
  endfacet
  facet normal 0.233435 -0.972372 0
    outer loop
      vertex -0.156434 -7.01231 6
      vertex -0.309016 -7.04894 1.99
      vertex -0.156434 -7.01231 1.99
    endloop
  endfacet
  facet normal 0.996917 0.0784635 0
    outer loop
      vertex -0.987688 -8.15643 6
      vertex -1 -8 1.99
      vertex -1 -8 6
    endloop
  endfacet
  facet normal 0.996917 0.0784635 0
    outer loop
      vertex -1 -8 1.99
      vertex -0.987688 -8.15643 6
      vertex -0.987688 -8.15643 1.99
    endloop
  endfacet
  facet normal -0.996917 -0.0784585 0
    outer loop
      vertex 1 -8 1.99
      vertex 0.987688 -7.84356 6
      vertex 0.987688 -7.84356 1.99
    endloop
  endfacet
  facet normal -0.996917 -0.0784585 0
    outer loop
      vertex 0.987688 -7.84356 6
      vertex 1 -8 1.99
      vertex 1 -8 6
    endloop
  endfacet
  facet normal -0.972372 0.233436 0
    outer loop
      vertex 0.951056 -8.30902 1.99
      vertex 0.987688 -8.15643 6
      vertex 0.987688 -8.15643 1.99
    endloop
  endfacet
  facet normal -0.972372 0.233436 0
    outer loop
      vertex 0.987688 -8.15643 6
      vertex 0.951056 -8.30902 1.99
      vertex 0.951056 -8.30902 6
    endloop
  endfacet
  facet normal -0.996917 0.0784635 0
    outer loop
      vertex 0.987688 -8.15643 1.99
      vertex 1 -8 6
      vertex 1 -8 1.99
    endloop
  endfacet
  facet normal -0.996917 0.0784635 0
    outer loop
      vertex 1 -8 6
      vertex 0.987688 -8.15643 1.99
      vertex 0.987688 -8.15643 6
    endloop
  endfacet
  facet normal 0.5225 -0.852639 0
    outer loop
      vertex -0.587785 -7.19098 1.99
      vertex -0.45399 -7.10899 6
      vertex -0.587785 -7.19098 6
    endloop
  endfacet
  facet normal 0.5225 -0.852639 0
    outer loop
      vertex -0.45399 -7.10899 6
      vertex -0.587785 -7.19098 1.99
      vertex -0.45399 -7.10899 1.99
    endloop
  endfacet
  facet normal -0.382682 -0.92388 0
    outer loop
      vertex 0.309016 -7.04894 1.99
      vertex 0.45399 -7.10899 6
      vertex 0.309016 -7.04894 6
    endloop
  endfacet
  facet normal -0.382682 -0.92388 -0
    outer loop
      vertex 0.45399 -7.10899 6
      vertex 0.309016 -7.04894 1.99
      vertex 0.45399 -7.10899 1.99
    endloop
  endfacet
  facet normal -0.0784488 -0.996918 0
    outer loop
      vertex 0 -7 1.99
      vertex 0.156434 -7.01231 6
      vertex 0 -7 6
    endloop
  endfacet
  facet normal -0.0784488 -0.996918 -0
    outer loop
      vertex 0.156434 -7.01231 6
      vertex 0 -7 1.99
      vertex 0.156434 -7.01231 1.99
    endloop
  endfacet
  facet normal -0.5225 -0.852639 0
    outer loop
      vertex 0.45399 -7.10899 1.99
      vertex 0.587785 -7.19098 6
      vertex 0.45399 -7.10899 6
    endloop
  endfacet
  facet normal -0.5225 -0.852639 -0
    outer loop
      vertex 0.587785 -7.19098 6
      vertex 0.45399 -7.10899 1.99
      vertex 0.587785 -7.19098 1.99
    endloop
  endfacet
  facet normal -0.852648 -0.522486 0
    outer loop
      vertex 0.891006 -7.54601 1.99
      vertex 0.809016 -7.41221 6
      vertex 0.809016 -7.41221 1.99
    endloop
  endfacet
  facet normal -0.852648 -0.522486 0
    outer loop
      vertex 0.809016 -7.41221 6
      vertex 0.891006 -7.54601 1.99
      vertex 0.891006 -7.54601 6
    endloop
  endfacet
  facet normal 0.972368 0.233454 0
    outer loop
      vertex 17.7784 2.81582 6
      vertex 17.119 5.56231 0
      vertex 17.119 5.56231 6
    endloop
  endfacet
  facet normal 0.972368 0.233454 0
    outer loop
      vertex 17.119 5.56231 0
      vertex 17.7784 2.81582 6
      vertex 17.7784 2.81582 0
    endloop
  endfacet
  facet normal 0.996918 0.0784556 0
    outer loop
      vertex 18 0 6
      vertex 17.7784 2.81582 0
      vertex 17.7784 2.81582 6
    endloop
  endfacet
  facet normal 0.996918 0.0784556 0
    outer loop
      vertex 17.7784 2.81582 0
      vertex 18 0 6
      vertex 18 0 0
    endloop
  endfacet
  facet normal 0.923879 0.382684 0
    outer loop
      vertex 17.119 5.56231 6
      vertex 16.0381 8.17183 0
      vertex 16.0381 8.17183 6
    endloop
  endfacet
  facet normal 0.923879 0.382684 0
    outer loop
      vertex 16.0381 8.17183 0
      vertex 17.119 5.56231 6
      vertex 17.119 5.56231 0
    endloop
  endfacet
  facet normal 0.649449 -0.760405 0
    outer loop
      vertex 10.5801 -14.5623 0
      vertex 12.7279 -12.7279 6
      vertex 10.5801 -14.5623 6
    endloop
  endfacet
  facet normal 0.649449 -0.760405 0
    outer loop
      vertex 12.7279 -12.7279 6
      vertex 10.5801 -14.5623 0
      vertex 12.7279 -12.7279 0
    endloop
  endfacet
  facet normal 0.522501 -0.852639 0
    outer loop
      vertex 8.17183 -16.0381 0
      vertex 10.5801 -14.5623 6
      vertex 8.17183 -16.0381 6
    endloop
  endfacet
  facet normal 0.522501 -0.852639 0
    outer loop
      vertex 10.5801 -14.5623 6
      vertex 8.17183 -16.0381 0
      vertex 10.5801 -14.5623 0
    endloop
  endfacet
  facet normal 0.760405 0.649449 0
    outer loop
      vertex 14.5623 10.5801 6
      vertex 12.7279 12.7279 0
      vertex 12.7279 12.7279 6
    endloop
  endfacet
  facet normal 0.760405 0.649449 0
    outer loop
      vertex 12.7279 12.7279 0
      vertex 14.5623 10.5801 6
      vertex 14.5623 10.5801 0
    endloop
  endfacet
  facet normal -0.996918 0.0784556 0
    outer loop
      vertex -18 0 0
      vertex -17.7784 2.81582 6
      vertex -17.7784 2.81582 0
    endloop
  endfacet
  facet normal -0.996918 0.0784556 0
    outer loop
      vertex -17.7784 2.81582 6
      vertex -18 0 0
      vertex -18 0 6
    endloop
  endfacet
  facet normal -0.852639 0.522501 0
    outer loop
      vertex -16.0381 8.17183 0
      vertex -14.5623 10.5801 6
      vertex -14.5623 10.5801 0
    endloop
  endfacet
  facet normal -0.852639 0.522501 0
    outer loop
      vertex -14.5623 10.5801 6
      vertex -16.0381 8.17183 0
      vertex -16.0381 8.17183 6
    endloop
  endfacet
  facet normal -0.522501 0.852639 0
    outer loop
      vertex -8.17183 16.0381 0
      vertex -10.5801 14.5623 6
      vertex -8.17183 16.0381 6
    endloop
  endfacet
  facet normal -0.522501 0.852639 0
    outer loop
      vertex -10.5801 14.5623 6
      vertex -8.17183 16.0381 0
      vertex -10.5801 14.5623 0
    endloop
  endfacet
  facet normal 0.923879 -0.382684 0
    outer loop
      vertex 16.0381 -8.17183 6
      vertex 17.119 -5.56231 0
      vertex 17.119 -5.56231 6
    endloop
  endfacet
  facet normal 0.923879 -0.382684 0
    outer loop
      vertex 17.119 -5.56231 0
      vertex 16.0381 -8.17183 6
      vertex 16.0381 -8.17183 0
    endloop
  endfacet
  facet normal 0.852639 -0.522501 0
    outer loop
      vertex 14.5623 -10.5801 6
      vertex 16.0381 -8.17183 0
      vertex 16.0381 -8.17183 6
    endloop
  endfacet
  facet normal 0.852639 -0.522501 0
    outer loop
      vertex 16.0381 -8.17183 0
      vertex 14.5623 -10.5801 6
      vertex 14.5623 -10.5801 0
    endloop
  endfacet
  facet normal -0.382684 0.923879 0
    outer loop
      vertex -5.56231 17.119 0
      vertex -8.17183 16.0381 6
      vertex -5.56231 17.119 6
    endloop
  endfacet
  facet normal -0.382684 0.923879 0
    outer loop
      vertex -8.17183 16.0381 6
      vertex -5.56231 17.119 0
      vertex -8.17183 16.0381 0
    endloop
  endfacet
  facet normal -0.972368 -0.233454 0
    outer loop
      vertex -17.119 -5.56231 0
      vertex -17.7784 -2.81582 6
      vertex -17.7784 -2.81582 0
    endloop
  endfacet
  facet normal -0.972368 -0.233454 0
    outer loop
      vertex -17.7784 -2.81582 6
      vertex -17.119 -5.56231 0
      vertex -17.119 -5.56231 6
    endloop
  endfacet
  facet normal 0.233454 -0.972368 0
    outer loop
      vertex 2.81582 -17.7784 0
      vertex 5.56231 -17.119 6
      vertex 2.81582 -17.7784 6
    endloop
  endfacet
  facet normal 0.233454 -0.972368 0
    outer loop
      vertex 5.56231 -17.119 6
      vertex 2.81582 -17.7784 0
      vertex 5.56231 -17.119 0
    endloop
  endfacet
  facet normal 0.0784556 -0.996918 0
    outer loop
      vertex 0 -18 0
      vertex 2.81582 -17.7784 6
      vertex 0 -18 6
    endloop
  endfacet
  facet normal 0.0784556 -0.996918 0
    outer loop
      vertex 2.81582 -17.7784 6
      vertex 0 -18 0
      vertex 2.81582 -17.7784 0
    endloop
  endfacet
  facet normal -0.649449 0.760405 0
    outer loop
      vertex -10.5801 14.5623 0
      vertex -12.7279 12.7279 6
      vertex -10.5801 14.5623 6
    endloop
  endfacet
  facet normal -0.649449 0.760405 0
    outer loop
      vertex -12.7279 12.7279 6
      vertex -10.5801 14.5623 0
      vertex -12.7279 12.7279 0
    endloop
  endfacet
  facet normal 0.852639 0.522501 0
    outer loop
      vertex 16.0381 8.17183 6
      vertex 14.5623 10.5801 0
      vertex 14.5623 10.5801 6
    endloop
  endfacet
  facet normal 0.852639 0.522501 0
    outer loop
      vertex 14.5623 10.5801 0
      vertex 16.0381 8.17183 6
      vertex 16.0381 8.17183 0
    endloop
  endfacet
  facet normal -0.0784556 0.996918 0
    outer loop
      vertex 0 18 0
      vertex -2.81582 17.7784 6
      vertex 0 18 6
    endloop
  endfacet
  facet normal -0.0784556 0.996918 0
    outer loop
      vertex -2.81582 17.7784 6
      vertex 0 18 0
      vertex -2.81582 17.7784 0
    endloop
  endfacet
  facet normal 0.382684 0.923879 -0
    outer loop
      vertex 8.17183 16.0381 0
      vertex 5.56231 17.119 6
      vertex 8.17183 16.0381 6
    endloop
  endfacet
  facet normal 0.382684 0.923879 0
    outer loop
      vertex 5.56231 17.119 6
      vertex 8.17183 16.0381 0
      vertex 5.56231 17.119 0
    endloop
  endfacet
  facet normal -0.996918 -0.0784556 0
    outer loop
      vertex -17.7784 -2.81582 0
      vertex -18 0 6
      vertex -18 0 0
    endloop
  endfacet
  facet normal -0.996918 -0.0784556 0
    outer loop
      vertex -18 0 6
      vertex -17.7784 -2.81582 0
      vertex -17.7784 -2.81582 6
    endloop
  endfacet
  facet normal -0.233454 0.972368 0
    outer loop
      vertex -2.81582 17.7784 0
      vertex -5.56231 17.119 6
      vertex -2.81582 17.7784 6
    endloop
  endfacet
  facet normal -0.233454 0.972368 0
    outer loop
      vertex -5.56231 17.119 6
      vertex -2.81582 17.7784 0
      vertex -5.56231 17.119 0
    endloop
  endfacet
  facet normal 0.522501 0.852639 -0
    outer loop
      vertex 10.5801 14.5623 0
      vertex 8.17183 16.0381 6
      vertex 10.5801 14.5623 6
    endloop
  endfacet
  facet normal 0.522501 0.852639 0
    outer loop
      vertex 8.17183 16.0381 6
      vertex 10.5801 14.5623 0
      vertex 8.17183 16.0381 0
    endloop
  endfacet
  facet normal 0.0784556 0.996918 -0
    outer loop
      vertex 2.81582 17.7784 0
      vertex 0 18 6
      vertex 2.81582 17.7784 6
    endloop
  endfacet
  facet normal 0.0784556 0.996918 0
    outer loop
      vertex 0 18 6
      vertex 2.81582 17.7784 0
      vertex 0 18 0
    endloop
  endfacet
  facet normal 0 0 1
    outer loop
      vertex 10 0 6
      vertex 18 0 6
      vertex 17.7784 2.81582 6
    endloop
  endfacet
  facet normal 0 0 1
    outer loop
      vertex 10 0 6
      vertex 17.7784 2.81582 6
      vertex 17.119 5.56231 6
    endloop
  endfacet
  facet normal 0 0 1
    outer loop
      vertex 18 0 6
      vertex 10 0 6
      vertex 17.7784 -2.81582 6
    endloop
  endfacet
  facet normal 0 0 1
    outer loop
      vertex 10 0 6
      vertex 17.119 5.56231 6
      vertex 16.0381 8.17183 6
    endloop
  endfacet
  facet normal 0 0 1
    outer loop
      vertex 17.7784 -2.81582 6
      vertex 10 0 6
      vertex 17.119 -5.56231 6
    endloop
  endfacet
  facet normal 0 0 1
    outer loop
      vertex 8.30902 0.951056 6
      vertex 16.0381 8.17183 6
      vertex 14.5623 10.5801 6
    endloop
  endfacet
  facet normal 0 0 1
    outer loop
      vertex 17.119 -5.56231 6
      vertex 10 0 6
      vertex 16.0381 -8.17183 6
    endloop
  endfacet
  facet normal 0 0 1
    outer loop
      vertex 8.15643 0.987688 6
      vertex 14.5623 10.5801 6
      vertex 12.7279 12.7279 6
    endloop
  endfacet
  facet normal 0 0 1
    outer loop
      vertex 10 -10 6
      vertex 16.0381 -8.17183 6
      vertex 10 0 6
    endloop
  endfacet
  facet normal 0 0 1
    outer loop
      vertex 0.987688 8.15643 6
      vertex 12.7279 12.7279 6
      vertex 10.5801 14.5623 6
    endloop
  endfacet
  facet normal 0 0 1
    outer loop
      vertex 16.0381 -8.17183 6
      vertex 10 -10 6
      vertex 14.5623 -10.5801 6
    endloop
  endfacet
  facet normal 0 0 1
    outer loop
      vertex 14.5623 -10.5801 6
      vertex 10 -10 6
      vertex 12.7279 -12.7279 6
    endloop
  endfacet
  facet normal 0 0 1
    outer loop
      vertex 16.0381 8.17183 6
      vertex 8.58778 0.809016 6
      vertex 10 0 6
    endloop
  endfacet
  facet normal 0 0 1
    outer loop
      vertex 10 0 6
      vertex 8.98769 0.156434 6
      vertex 9 0 6
    endloop
  endfacet
  facet normal 0 0 1
    outer loop
      vertex 10 0 6
      vertex 8.95106 0.309016 6
      vertex 8.98769 0.156434 6
    endloop
  endfacet
  facet normal 0 0 1
    outer loop
      vertex 10 0 6
      vertex 8.89101 0.45399 6
      vertex 8.95106 0.309016 6
    endloop
  endfacet
  facet normal 0 0 1
    outer loop
      vertex 10 0 6
      vertex 8.80902 0.587785 6
      vertex 8.89101 0.45399 6
    endloop
  endfacet
  facet normal 0 0 1
    outer loop
      vertex 10 0 6
      vertex 8.70711 0.707107 6
      vertex 8.80902 0.587785 6
    endloop
  endfacet
  facet normal 0 0 1
    outer loop
      vertex 10 0 6
      vertex 8.58778 0.809016 6
      vertex 8.70711 0.707107 6
    endloop
  endfacet
  facet normal 0 0 1
    outer loop
      vertex 16.0381 8.17183 6
      vertex 8.45399 0.891006 6
      vertex 8.58778 0.809016 6
    endloop
  endfacet
  facet normal 0 0 1
    outer loop
      vertex 16.0381 8.17183 6
      vertex 8.30902 0.951056 6
      vertex 8.45399 0.891006 6
    endloop
  endfacet
  facet normal 0 0 1
    outer loop
      vertex 0.951056 8.30902 6
      vertex 10.5801 14.5623 6
      vertex 8.17183 16.0381 6
    endloop
  endfacet
  facet normal 0 0 1
    outer loop
      vertex 14.5623 10.5801 6
      vertex 8.15643 0.987688 6
      vertex 8.30902 0.951056 6
    endloop
  endfacet
  facet normal 0 0 1
    outer loop
      vertex 12.7279 12.7279 6
      vertex 8 1 6
      vertex 8.15643 0.987688 6
    endloop
  endfacet
  facet normal 0 0 1
    outer loop
      vertex 12.7279 12.7279 6
      vertex 3.18198 3.18198 6
      vertex 8 1 6
    endloop
  endfacet
  facet normal -0 -0 1
    outer loop
      vertex 3.64058 2.64503 6
      vertex 8 1 6
      vertex 3.18198 3.18198 6
    endloop
  endfacet
  facet normal 0 0 1
    outer loop
      vertex 8 1 6
      vertex 3.64058 2.64503 6
      vertex 7.84356 0.987688 6
    endloop
  endfacet
  facet normal 0 0 1
    outer loop
      vertex 7.84356 0.987688 6
      vertex 3.64058 2.64503 6
      vertex 7.69098 0.951056 6
    endloop
  endfacet
  facet normal -0 -0 1
    outer loop
      vertex 4.00953 2.04296 6
      vertex 7.69098 0.951056 6
      vertex 3.64058 2.64503 6
    endloop
  endfacet
  facet normal 0 0 1
    outer loop
      vertex 7.69098 0.951056 6
      vertex 4.00953 2.04296 6
      vertex 7.54601 0.891006 6
    endloop
  endfacet
  facet normal 0 0 1
    outer loop
      vertex 7.54601 0.891006 6
      vertex 4.00953 2.04296 6
      vertex 7.41221 0.809016 6
    endloop
  endfacet
  facet normal 0 0 1
    outer loop
      vertex 7.41221 0.809016 6
      vertex 4.27975 1.39058 6
      vertex 7.29289 0.707107 6
    endloop
  endfacet
  facet normal 0 0 1
    outer loop
      vertex 7.29289 0.707107 6
      vertex 4.27975 1.39058 6
      vertex 7.19098 0.587785 6
    endloop
  endfacet
  facet normal -0 -0 1
    outer loop
      vertex 4.4446 0.703955 6
      vertex 7.19098 0.587785 6
      vertex 4.27975 1.39058 6
    endloop
  endfacet
  facet normal 0 0 1
    outer loop
      vertex 0.809016 8.58778 6
      vertex 8.17183 16.0381 6
      vertex 5.56231 17.119 6
    endloop
  endfacet
  facet normal 0 0 1
    outer loop
      vertex 7.19098 0.587785 6
      vertex 4.4446 0.703955 6
      vertex 7.10899 0.45399 6
    endloop
  endfacet
  facet normal 0 0 1
    outer loop
      vertex 7.01231 0.156434 6
      vertex 4.5 0 6
      vertex 7 0 6
    endloop
  endfacet
  facet normal 0 -0 1
    outer loop
      vertex 4.5 0 6
      vertex 7.01231 0.156434 6
      vertex 4.4446 0.703955 6
    endloop
  endfacet
  facet normal 0 0 1
    outer loop
      vertex 7.04894 0.309016 6
      vertex 4.4446 0.703955 6
      vertex 7.01231 0.156434 6
    endloop
  endfacet
  facet normal 0 0 1
    outer loop
      vertex 7.10899 0.45399 6
      vertex 4.4446 0.703955 6
      vertex 7.04894 0.309016 6
    endloop
  endfacet
  facet normal -0 -0 1
    outer loop
      vertex 4.27975 1.39058 6
      vertex 7.41221 0.809016 6
      vertex 4.00953 2.04296 6
    endloop
  endfacet
  facet normal 0 0 1
    outer loop
      vertex 0.587785 8.80902 6
      vertex 5.56231 17.119 6
      vertex 2.81582 17.7784 6
    endloop
  endfacet
  facet normal 0 0 1
    outer loop
      vertex 12.7279 12.7279 6
      vertex 0.987688 8.15643 6
      vertex 1 8 6
    endloop
  endfacet
  facet normal 0 0 1
    outer loop
      vertex 12.7279 12.7279 6
      vertex 1 8 6
      vertex 3.18198 3.18198 6
    endloop
  endfacet
  facet normal 0 0 1
    outer loop
      vertex 3.18198 3.18198 6
      vertex 1 8 6
      vertex 2.64503 3.64058 6
    endloop
  endfacet
  facet normal -0 0 1
    outer loop
      vertex 0.951056 7.69098 6
      vertex 2.64503 3.64058 6
      vertex 0.987688 7.84356 6
    endloop
  endfacet
  facet normal -0 0 1
    outer loop
      vertex 0.987688 7.84356 6
      vertex 2.64503 3.64058 6
      vertex 1 8 6
    endloop
  endfacet
  facet normal 0 0 1
    outer loop
      vertex 10.5801 14.5623 6
      vertex 0.951056 8.30902 6
      vertex 0.987688 8.15643 6
    endloop
  endfacet
  facet normal 0 0 1
    outer loop
      vertex 8.17183 16.0381 6
      vertex 0.891006 8.45399 6
      vertex 0.951056 8.30902 6
    endloop
  endfacet
  facet normal 0 0 1
    outer loop
      vertex 8.17183 16.0381 6
      vertex 0.809016 8.58778 6
      vertex 0.891006 8.45399 6
    endloop
  endfacet
  facet normal 0 0 1
    outer loop
      vertex 5.56231 17.119 6
      vertex 0.707107 8.70711 6
      vertex 0.809016 8.58778 6
    endloop
  endfacet
  facet normal 0 0 1
    outer loop
      vertex 5.56231 17.119 6
      vertex 0.587785 8.80902 6
      vertex 0.707107 8.70711 6
    endloop
  endfacet
  facet normal 0 0 1
    outer loop
      vertex 2.81582 17.7784 6
      vertex 0.45399 8.89101 6
      vertex 0.587785 8.80902 6
    endloop
  endfacet
  facet normal 0 0 1
    outer loop
      vertex 2.81582 17.7784 6
      vertex 0.309016 8.95106 6
      vertex 0.45399 8.89101 6
    endloop
  endfacet
  facet normal 0 0 1
    outer loop
      vertex 2.81582 17.7784 6
      vertex 0.156434 8.98769 6
      vertex 0.309016 8.95106 6
    endloop
  endfacet
  facet normal 0 0 1
    outer loop
      vertex 0 18 6
      vertex 0.156434 8.98769 6
      vertex 2.81582 17.7784 6
    endloop
  endfacet
  facet normal 0 0 1
    outer loop
      vertex 0 18 6
      vertex 0 9 6
      vertex 0.156434 8.98769 6
    endloop
  endfacet
  facet normal 0 0 1
    outer loop
      vertex 0 18 6
      vertex -0.156434 8.98769 6
      vertex 0 9 6
    endloop
  endfacet
  facet normal -0 0 1
    outer loop
      vertex -2.81582 17.7784 6
      vertex -0.156434 8.98769 6
      vertex 0 18 6
    endloop
  endfacet
  facet normal 0 0 1
    outer loop
      vertex -0.156434 8.98769 6
      vertex -2.81582 17.7784 6
      vertex -0.309016 8.95106 6
    endloop
  endfacet
  facet normal 0 0 1
    outer loop
      vertex -0.309016 8.95106 6
      vertex -2.81582 17.7784 6
      vertex -0.45399 8.89101 6
    endloop
  endfacet
  facet normal 0 0 1
    outer loop
      vertex -0.45399 8.89101 6
      vertex -2.81582 17.7784 6
      vertex -0.587785 8.80902 6
    endloop
  endfacet
  facet normal -0 0 1
    outer loop
      vertex -5.56231 17.119 6
      vertex -0.587785 8.80902 6
      vertex -2.81582 17.7784 6
    endloop
  endfacet
  facet normal 0 0 1
    outer loop
      vertex -0.587785 8.80902 6
      vertex -5.56231 17.119 6
      vertex -0.707107 8.70711 6
    endloop
  endfacet
  facet normal 0 0 1
    outer loop
      vertex -0.707107 8.70711 6
      vertex -5.56231 17.119 6
      vertex -0.809016 8.58778 6
    endloop
  endfacet
  facet normal -0 0 1
    outer loop
      vertex -8.17183 16.0381 6
      vertex -0.809016 8.58778 6
      vertex -5.56231 17.119 6
    endloop
  endfacet
  facet normal 0 0 1
    outer loop
      vertex -12.7279 12.7279 6
      vertex -1 8 6
      vertex -0.987688 8.15643 6
    endloop
  endfacet
  facet normal 0 0 1
    outer loop
      vertex -0.809016 8.58778 6
      vertex -8.17183 16.0381 6
      vertex -0.891006 8.45399 6
    endloop
  endfacet
  facet normal 0 0 1
    outer loop
      vertex -0.891006 8.45399 6
      vertex -8.17183 16.0381 6
      vertex -0.951056 8.30902 6
    endloop
  endfacet
  facet normal -0 0 1
    outer loop
      vertex -10.5801 14.5623 6
      vertex -0.951056 8.30902 6
      vertex -8.17183 16.0381 6
    endloop
  endfacet
  facet normal 0 0 1
    outer loop
      vertex -1 8 6
      vertex -2.04296 4.00953 6
      vertex -1.39058 4.27975 6
    endloop
  endfacet
  facet normal 0 0 1
    outer loop
      vertex -0.951056 8.30902 6
      vertex -10.5801 14.5623 6
      vertex -0.987688 8.15643 6
    endloop
  endfacet
  facet normal 0 0 1
    outer loop
      vertex -1 8 6
      vertex -2.64503 3.64058 6
      vertex -2.04296 4.00953 6
    endloop
  endfacet
  facet normal -0 0 1
    outer loop
      vertex -12.7279 12.7279 6
      vertex -0.987688 8.15643 6
      vertex -10.5801 14.5623 6
    endloop
  endfacet
  facet normal 0 0 1
    outer loop
      vertex -1 8 6
      vertex -3.18198 3.18198 6
      vertex -2.64503 3.64058 6
    endloop
  endfacet
  facet normal 0 0 1
    outer loop
      vertex -1 8 6
      vertex -12.7279 12.7279 6
      vertex -3.18198 3.18198 6
    endloop
  endfacet
  facet normal 0 -0 1
    outer loop
      vertex -8 1 6
      vertex -3.18198 3.18198 6
      vertex -12.7279 12.7279 6
    endloop
  endfacet
  facet normal 0 0 1
    outer loop
      vertex -3.18198 3.18198 6
      vertex -8 1 6
      vertex -3.64058 2.64503 6
    endloop
  endfacet
  facet normal 0 -0 1
    outer loop
      vertex -7.29289 0.707107 6
      vertex -4.27975 1.39058 6
      vertex -7.41221 0.809016 6
    endloop
  endfacet
  facet normal 0 0 1
    outer loop
      vertex -4.5 0 6
      vertex -7.01231 0.156434 6
      vertex -7 0 6
    endloop
  endfacet
  facet normal 0 0 1
    outer loop
      vertex -4.4446 0.703955 6
      vertex -7.01231 0.156434 6
      vertex -4.5 0 6
    endloop
  endfacet
  facet normal 0 -0 1
    outer loop
      vertex -7.01231 0.156434 6
      vertex -4.4446 0.703955 6
      vertex -7.04894 0.309016 6
    endloop
  endfacet
  facet normal 0 -0 1
    outer loop
      vertex -7.04894 0.309016 6
      vertex -4.4446 0.703955 6
      vertex -7.10899 0.45399 6
    endloop
  endfacet
  facet normal 0 -0 1
    outer loop
      vertex -7.10899 0.45399 6
      vertex -4.4446 0.703955 6
      vertex -7.19098 0.587785 6
    endloop
  endfacet
  facet normal 0 0 1
    outer loop
      vertex -4.27975 1.39058 6
      vertex -7.19098 0.587785 6
      vertex -4.4446 0.703955 6
    endloop
  endfacet
  facet normal 0 -0 1
    outer loop
      vertex -7.19098 0.587785 6
      vertex -4.27975 1.39058 6
      vertex -7.29289 0.707107 6
    endloop
  endfacet
  facet normal 0 0 1
    outer loop
      vertex -3.64058 2.64503 6
      vertex -7.69098 0.951056 6
      vertex -4.00953 2.04296 6
    endloop
  endfacet
  facet normal 0 0 1
    outer loop
      vertex -4.00953 2.04296 6
      vertex -7.41221 0.809016 6
      vertex -4.27975 1.39058 6
    endloop
  endfacet
  facet normal 0 -0 1
    outer loop
      vertex -7.41221 0.809016 6
      vertex -4.00953 2.04296 6
      vertex -7.54601 0.891006 6
    endloop
  endfacet
  facet normal 0 -0 1
    outer loop
      vertex -7.54601 0.891006 6
      vertex -4.00953 2.04296 6
      vertex -7.69098 0.951056 6
    endloop
  endfacet
  facet normal 0 -0 1
    outer loop
      vertex -7.84356 0.987688 6
      vertex -3.64058 2.64503 6
      vertex -8 1 6
    endloop
  endfacet
  facet normal 0 -0 1
    outer loop
      vertex -7.69098 0.951056 6
      vertex -3.64058 2.64503 6
      vertex -7.84356 0.987688 6
    endloop
  endfacet
  facet normal 0 0 1
    outer loop
      vertex -8 1 6
      vertex -12.7279 12.7279 6
      vertex -8.15643 0.987688 6
    endloop
  endfacet
  facet normal -0 0 1
    outer loop
      vertex -14.5623 10.5801 6
      vertex -8.15643 0.987688 6
      vertex -12.7279 12.7279 6
    endloop
  endfacet
  facet normal 0 0 1
    outer loop
      vertex -8.15643 0.987688 6
      vertex -14.5623 10.5801 6
      vertex -8.30902 0.951056 6
    endloop
  endfacet
  facet normal -0 0 1
    outer loop
      vertex -16.0381 8.17183 6
      vertex -8.30902 0.951056 6
      vertex -14.5623 10.5801 6
    endloop
  endfacet
  facet normal 0 0 1
    outer loop
      vertex -8.30902 0.951056 6
      vertex -16.0381 8.17183 6
      vertex -8.45399 0.891006 6
    endloop
  endfacet
  facet normal 0 0 1
    outer loop
      vertex -8.45399 0.891006 6
      vertex -16.0381 8.17183 6
      vertex -8.58778 0.809016 6
    endloop
  endfacet
  facet normal 0 -0 1
    outer loop
      vertex -10 0 6
      vertex -8.58778 0.809016 6
      vertex -16.0381 8.17183 6
    endloop
  endfacet
  facet normal 0 0 1
    outer loop
      vertex -8.58778 0.809016 6
      vertex -10 0 6
      vertex -8.70711 0.707107 6
    endloop
  endfacet
  facet normal 0 0 1
    outer loop
      vertex -8.70711 0.707107 6
      vertex -10 0 6
      vertex -8.80902 0.587785 6
    endloop
  endfacet
  facet normal 0 0 1
    outer loop
      vertex -8.89101 0.45399 6
      vertex -10 0 6
      vertex -8.95106 0.309016 6
    endloop
  endfacet
  facet normal 0 0 1
    outer loop
      vertex -8.80902 0.587785 6
      vertex -10 0 6
      vertex -8.89101 0.45399 6
    endloop
  endfacet
  facet normal 0 0 1
    outer loop
      vertex 12.7279 -12.7279 6
      vertex 10 -10 6
      vertex 10.5801 -14.5623 6
    endloop
  endfacet
  facet normal 0 0 1
    outer loop
      vertex 10 -10 6
      vertex 8.17183 -16.0381 6
      vertex 10.5801 -14.5623 6
    endloop
  endfacet
  facet normal 0 0 1
    outer loop
      vertex 10 -10 6
      vertex 5.56231 -17.119 6
      vertex 8.17183 -16.0381 6
    endloop
  endfacet
  facet normal 0 0 1
    outer loop
      vertex 10 -10 6
      vertex 2.81582 -17.7784 6
      vertex 5.56231 -17.119 6
    endloop
  endfacet
  facet normal 0 0 1
    outer loop
      vertex 10 -10 6
      vertex 0 -18 6
      vertex 2.81582 -17.7784 6
    endloop
  endfacet
  facet normal -0 0 1
    outer loop
      vertex -10 -10 6
      vertex 0 -18 6
      vertex 10 -10 6
    endloop
  endfacet
  facet normal 0 0 1
    outer loop
      vertex 0 -18 6
      vertex -10 -10 6
      vertex -2.81582 -17.7784 6
    endloop
  endfacet
  facet normal 0 0 1
    outer loop
      vertex -2.81582 -17.7784 6
      vertex -10 -10 6
      vertex -5.56231 -17.119 6
    endloop
  endfacet
  facet normal 0 0 1
    outer loop
      vertex -5.56231 -17.119 6
      vertex -10 -10 6
      vertex -8.17183 -16.0381 6
    endloop
  endfacet
  facet normal 0 0 1
    outer loop
      vertex -10 -10 6
      vertex -10.5801 -14.5623 6
      vertex -8.17183 -16.0381 6
    endloop
  endfacet
  facet normal 0 0 1
    outer loop
      vertex -8.98769 0.156434 6
      vertex -10 0 6
      vertex -9 0 6
    endloop
  endfacet
  facet normal 0 0 1
    outer loop
      vertex -8.95106 0.309016 6
      vertex -10 0 6
      vertex -8.98769 0.156434 6
    endloop
  endfacet
  facet normal 0 0 1
    outer loop
      vertex -10 -10 6
      vertex -12.7279 -12.7279 6
      vertex -10.5801 -14.5623 6
    endloop
  endfacet
  facet normal -0 0 1
    outer loop
      vertex -17.119 5.56231 6
      vertex -10 0 6
      vertex -16.0381 8.17183 6
    endloop
  endfacet
  facet normal 0 0 1
    outer loop
      vertex -10 -10 6
      vertex -14.5623 -10.5801 6
      vertex -12.7279 -12.7279 6
    endloop
  endfacet
  facet normal -0 0 1
    outer loop
      vertex -17.7784 2.81582 6
      vertex -10 0 6
      vertex -17.119 5.56231 6
    endloop
  endfacet
  facet normal 0 0 1
    outer loop
      vertex -10 -10 6
      vertex -16.0381 -8.17183 6
      vertex -14.5623 -10.5801 6
    endloop
  endfacet
  facet normal 0 0 1
    outer loop
      vertex -18 0 6
      vertex -10 0 6
      vertex -17.7784 2.81582 6
    endloop
  endfacet
  facet normal 0 0 1
    outer loop
      vertex -10 0 6
      vertex -16.0381 -8.17183 6
      vertex -10 -10 6
    endloop
  endfacet
  facet normal 0 -0 1
    outer loop
      vertex -17.7784 -2.81582 6
      vertex -10 0 6
      vertex -18 0 6
    endloop
  endfacet
  facet normal 0 -0 1
    outer loop
      vertex -16.0381 -8.17183 6
      vertex -10 0 6
      vertex -17.119 -5.56231 6
    endloop
  endfacet
  facet normal 0 -0 1
    outer loop
      vertex -17.119 -5.56231 6
      vertex -10 0 6
      vertex -17.7784 -2.81582 6
    endloop
  endfacet
  facet normal 0 0 1
    outer loop
      vertex 2.64503 3.64058 6
      vertex 0.951056 7.69098 6
      vertex 2.04296 4.00953 6
    endloop
  endfacet
  facet normal -0 0 1
    outer loop
      vertex 0.891006 7.54601 6
      vertex 2.04296 4.00953 6
      vertex 0.951056 7.69098 6
    endloop
  endfacet
  facet normal -0 0 1
    outer loop
      vertex 0.809016 7.41221 6
      vertex 2.04296 4.00953 6
      vertex 0.891006 7.54601 6
    endloop
  endfacet
  facet normal 0 0 1
    outer loop
      vertex 2.04296 4.00953 6
      vertex 0.809016 7.41221 6
      vertex 1.39058 4.27975 6
    endloop
  endfacet
  facet normal -0 0 1
    outer loop
      vertex 0.707107 7.29289 6
      vertex 1.39058 4.27975 6
      vertex 0.809016 7.41221 6
    endloop
  endfacet
  facet normal -0 0 1
    outer loop
      vertex 0.587785 7.19098 6
      vertex 1.39058 4.27975 6
      vertex 0.707107 7.29289 6
    endloop
  endfacet
  facet normal 0 0 1
    outer loop
      vertex 1.39058 4.27975 6
      vertex 0.587785 7.19098 6
      vertex 0.703955 4.4446 6
    endloop
  endfacet
  facet normal -0 0 1
    outer loop
      vertex 0.45399 7.10899 6
      vertex 0.703955 4.4446 6
      vertex 0.587785 7.19098 6
    endloop
  endfacet
  facet normal -0 0 1
    outer loop
      vertex 0.309016 7.04894 6
      vertex 0.703955 4.4446 6
      vertex 0.45399 7.10899 6
    endloop
  endfacet
  facet normal -0 0 1
    outer loop
      vertex 0.156434 7.01231 6
      vertex 0.703955 4.4446 6
      vertex 0.309016 7.04894 6
    endloop
  endfacet
  facet normal 0 0 1
    outer loop
      vertex 0 4.5 6
      vertex 0.156434 7.01231 6
      vertex 0 7 6
    endloop
  endfacet
  facet normal 0 0 1
    outer loop
      vertex 0.156434 7.01231 6
      vertex 0 4.5 6
      vertex 0.703955 4.4446 6
    endloop
  endfacet
  facet normal 0 0 1
    outer loop
      vertex -0.156434 7.01231 6
      vertex 0 4.5 6
      vertex 0 7 6
    endloop
  endfacet
  facet normal 0 0 1
    outer loop
      vertex -0.703955 4.4446 6
      vertex -0.156434 7.01231 6
      vertex -0.309016 7.04894 6
    endloop
  endfacet
  facet normal 0 0 1
    outer loop
      vertex -0.703955 4.4446 6
      vertex -0.309016 7.04894 6
      vertex -0.45399 7.10899 6
    endloop
  endfacet
  facet normal 0 0 1
    outer loop
      vertex -0.703955 4.4446 6
      vertex -0.45399 7.10899 6
      vertex -0.587785 7.19098 6
    endloop
  endfacet
  facet normal 0 0 1
    outer loop
      vertex -0.156434 7.01231 6
      vertex -0.703955 4.4446 6
      vertex 0 4.5 6
    endloop
  endfacet
  facet normal 0 0 1
    outer loop
      vertex -1.39058 4.27975 6
      vertex -0.587785 7.19098 6
      vertex -0.707107 7.29289 6
    endloop
  endfacet
  facet normal 0 0 1
    outer loop
      vertex -1.39058 4.27975 6
      vertex -0.707107 7.29289 6
      vertex -0.809016 7.41221 6
    endloop
  endfacet
  facet normal 0 0 1
    outer loop
      vertex -1.39058 4.27975 6
      vertex -0.809016 7.41221 6
      vertex -0.891006 7.54601 6
    endloop
  endfacet
  facet normal 0 0 1
    outer loop
      vertex -1.39058 4.27975 6
      vertex -0.891006 7.54601 6
      vertex -0.951056 7.69098 6
    endloop
  endfacet
  facet normal 0 0 1
    outer loop
      vertex -1.39058 4.27975 6
      vertex -0.951056 7.69098 6
      vertex -0.987688 7.84356 6
    endloop
  endfacet
  facet normal 0 0 1
    outer loop
      vertex -0.587785 7.19098 6
      vertex -1.39058 4.27975 6
      vertex -0.703955 4.4446 6
    endloop
  endfacet
  facet normal 0 0 1
    outer loop
      vertex -1.39058 4.27975 6
      vertex -0.987688 7.84356 6
      vertex -1 8 6
    endloop
  endfacet
  facet normal 0 0 -1
    outer loop
      vertex 4.27975 -1.39058 6
      vertex 4.5 0 6
      vertex 4.4446 -0.703955 6
    endloop
  endfacet
  facet normal 0 0 -1
    outer loop
      vertex 4.00953 -2.04296 6
      vertex 4.5 0 6
      vertex 4.27975 -1.39058 6
    endloop
  endfacet
  facet normal 0 0 -1
    outer loop
      vertex 3.64058 -2.64503 6
      vertex 4.5 0 6
      vertex 4.00953 -2.04296 6
    endloop
  endfacet
  facet normal 0 0 -1
    outer loop
      vertex 3.18198 -3.18198 6
      vertex 4.5 0 6
      vertex 3.64058 -2.64503 6
    endloop
  endfacet
  facet normal 0 0 -1
    outer loop
      vertex 2.64503 -3.64058 6
      vertex 4.5 0 6
      vertex 3.18198 -3.18198 6
    endloop
  endfacet
  facet normal 0 0 -1
    outer loop
      vertex 2.04296 -4.00953 6
      vertex 4.5 0 6
      vertex 2.64503 -3.64058 6
    endloop
  endfacet
  facet normal 0 0 -1
    outer loop
      vertex 1.39058 -4.27975 6
      vertex 4.5 0 6
      vertex 2.04296 -4.00953 6
    endloop
  endfacet
  facet normal 0 0 -1
    outer loop
      vertex 0.703955 -4.4446 6
      vertex 4.5 0 6
      vertex 1.39058 -4.27975 6
    endloop
  endfacet
  facet normal 0 0 -1
    outer loop
      vertex 0 -4.5 6
      vertex 4.5 0 6
      vertex 0.703955 -4.4446 6
    endloop
  endfacet
  facet normal 0 0 -1
    outer loop
      vertex -0.703955 -4.4446 6
      vertex 4.5 0 6
      vertex 0 -4.5 6
    endloop
  endfacet
  facet normal 0 0 -1
    outer loop
      vertex -1.39058 -4.27975 6
      vertex 4.5 0 6
      vertex -0.703955 -4.4446 6
    endloop
  endfacet
  facet normal 0 0 -1
    outer loop
      vertex -2.04296 -4.00953 6
      vertex 4.5 0 6
      vertex -1.39058 -4.27975 6
    endloop
  endfacet
  facet normal 0 0 -1
    outer loop
      vertex -2.64503 -3.64058 6
      vertex 4.5 0 6
      vertex -2.04296 -4.00953 6
    endloop
  endfacet
  facet normal 0 0 -1
    outer loop
      vertex -3.18198 -3.18198 6
      vertex 4.5 0 6
      vertex -2.64503 -3.64058 6
    endloop
  endfacet
  facet normal 0 0 -1
    outer loop
      vertex -3.64058 -2.64503 6
      vertex 4.5 0 6
      vertex -3.18198 -3.18198 6
    endloop
  endfacet
  facet normal 0 0 -1
    outer loop
      vertex -4.00953 -2.04296 6
      vertex 4.5 0 6
      vertex -3.64058 -2.64503 6
    endloop
  endfacet
  facet normal 0 0 -1
    outer loop
      vertex -4.27975 -1.39058 6
      vertex 4.5 0 6
      vertex -4.00953 -2.04296 6
    endloop
  endfacet
  facet normal 0 0 -1
    outer loop
      vertex -4.4446 -0.703955 6
      vertex 4.5 0 6
      vertex -4.27975 -1.39058 6
    endloop
  endfacet
  facet normal -0 0 -1
    outer loop
      vertex 4.5 0 6
      vertex -4.4446 -0.703955 6
      vertex -4.5 0 6
    endloop
  endfacet
  facet normal 0 0 -1
    outer loop
      vertex -7.04894 -0.309016 6
      vertex -7 0 6
      vertex -7.01231 -0.156434 6
    endloop
  endfacet
  facet normal 0 0 -1
    outer loop
      vertex -7.10899 -0.45399 6
      vertex -7 0 6
      vertex -7.04894 -0.309016 6
    endloop
  endfacet
  facet normal 0 0 -1
    outer loop
      vertex -7.19098 -0.587785 6
      vertex -7 0 6
      vertex -7.10899 -0.45399 6
    endloop
  endfacet
  facet normal 0 0 -1
    outer loop
      vertex -7.29289 -0.707107 6
      vertex -7 0 6
      vertex -7.19098 -0.587785 6
    endloop
  endfacet
  facet normal 0 0 -1
    outer loop
      vertex -7.41221 -0.809016 6
      vertex -7 0 6
      vertex -7.29289 -0.707107 6
    endloop
  endfacet
  facet normal 0 0 -1
    outer loop
      vertex -7.54601 -0.891006 6
      vertex -7 0 6
      vertex -7.41221 -0.809016 6
    endloop
  endfacet
  facet normal 0 0 -1
    outer loop
      vertex -7.69098 -0.951056 6
      vertex -7 0 6
      vertex -7.54601 -0.891006 6
    endloop
  endfacet
  facet normal 0 0 -1
    outer loop
      vertex -7.84356 -0.987688 6
      vertex -7 0 6
      vertex -7.69098 -0.951056 6
    endloop
  endfacet
  facet normal 0 0 -1
    outer loop
      vertex -8 -1 6
      vertex -7 0 6
      vertex -7.84356 -0.987688 6
    endloop
  endfacet
  facet normal 0 0 -1
    outer loop
      vertex -8.15643 -0.987688 6
      vertex -7 0 6
      vertex -8 -1 6
    endloop
  endfacet
  facet normal 0 0 -1
    outer loop
      vertex -8.30902 -0.951056 6
      vertex -7 0 6
      vertex -8.15643 -0.987688 6
    endloop
  endfacet
  facet normal 0 0 -1
    outer loop
      vertex -8.45399 -0.891006 6
      vertex -7 0 6
      vertex -8.30902 -0.951056 6
    endloop
  endfacet
  facet normal 0 0 -1
    outer loop
      vertex -8.58778 -0.809016 6
      vertex -7 0 6
      vertex -8.45399 -0.891006 6
    endloop
  endfacet
  facet normal 0 0 -1
    outer loop
      vertex -8.70711 -0.707107 6
      vertex -7 0 6
      vertex -8.58778 -0.809016 6
    endloop
  endfacet
  facet normal 0 0 -1
    outer loop
      vertex -8.80902 -0.587785 6
      vertex -7 0 6
      vertex -8.70711 -0.707107 6
    endloop
  endfacet
  facet normal 0 0 -1
    outer loop
      vertex -8.89101 -0.45399 6
      vertex -7 0 6
      vertex -8.80902 -0.587785 6
    endloop
  endfacet
  facet normal 0 0 -1
    outer loop
      vertex -8.95106 -0.309016 6
      vertex -7 0 6
      vertex -8.89101 -0.45399 6
    endloop
  endfacet
  facet normal 0 0 -1
    outer loop
      vertex -8.98769 -0.156434 6
      vertex -7 0 6
      vertex -8.95106 -0.309016 6
    endloop
  endfacet
  facet normal -0 0 -1
    outer loop
      vertex -7 0 6
      vertex -8.98769 -0.156434 6
      vertex -9 0 6
    endloop
  endfacet
  facet normal 0 0 -1
    outer loop
      vertex 0.987688 -8.15643 6
      vertex 0.987688 -7.84356 6
      vertex 1 -8 6
    endloop
  endfacet
  facet normal 0 0 -1
    outer loop
      vertex 0.951056 -8.30902 6
      vertex 0.987688 -7.84356 6
      vertex 0.987688 -8.15643 6
    endloop
  endfacet
  facet normal 0 0 -1
    outer loop
      vertex 0.951056 -8.30902 6
      vertex 0.951056 -7.69098 6
      vertex 0.987688 -7.84356 6
    endloop
  endfacet
  facet normal 0 0 -1
    outer loop
      vertex 0.891006 -8.45399 6
      vertex 0.951056 -7.69098 6
      vertex 0.951056 -8.30902 6
    endloop
  endfacet
  facet normal 0 0 -1
    outer loop
      vertex 0.891006 -8.45399 6
      vertex 0.891006 -7.54601 6
      vertex 0.951056 -7.69098 6
    endloop
  endfacet
  facet normal 0 0 -1
    outer loop
      vertex 0.809016 -8.58778 6
      vertex 0.891006 -7.54601 6
      vertex 0.891006 -8.45399 6
    endloop
  endfacet
  facet normal 0 0 -1
    outer loop
      vertex 0.809016 -8.58778 6
      vertex 0.809016 -7.41221 6
      vertex 0.891006 -7.54601 6
    endloop
  endfacet
  facet normal 0 0 -1
    outer loop
      vertex 0.707107 -8.70711 6
      vertex 0.809016 -7.41221 6
      vertex 0.809016 -8.58778 6
    endloop
  endfacet
  facet normal 0 0 -1
    outer loop
      vertex 0.707107 -8.70711 6
      vertex 0.707107 -7.29289 6
      vertex 0.809016 -7.41221 6
    endloop
  endfacet
  facet normal 0 0 -1
    outer loop
      vertex 0.587785 -8.80902 6
      vertex 0.707107 -7.29289 6
      vertex 0.707107 -8.70711 6
    endloop
  endfacet
  facet normal 0 0 -1
    outer loop
      vertex 0.587785 -8.80902 6
      vertex 0.587785 -7.19098 6
      vertex 0.707107 -7.29289 6
    endloop
  endfacet
  facet normal 0 0 -1
    outer loop
      vertex 0.45399 -8.89101 6
      vertex 0.587785 -7.19098 6
      vertex 0.587785 -8.80902 6
    endloop
  endfacet
  facet normal 0 0 -1
    outer loop
      vertex 0.45399 -8.89101 6
      vertex 0.45399 -7.10899 6
      vertex 0.587785 -7.19098 6
    endloop
  endfacet
  facet normal 0 0 -1
    outer loop
      vertex 0.309016 -8.95106 6
      vertex 0.45399 -7.10899 6
      vertex 0.45399 -8.89101 6
    endloop
  endfacet
  facet normal 0 0 -1
    outer loop
      vertex 0.309016 -8.95106 6
      vertex 0.309016 -7.04894 6
      vertex 0.45399 -7.10899 6
    endloop
  endfacet
  facet normal 0 0 -1
    outer loop
      vertex 0.156434 -8.98769 6
      vertex 0.309016 -7.04894 6
      vertex 0.309016 -8.95106 6
    endloop
  endfacet
  facet normal 0 0 -1
    outer loop
      vertex 0.156434 -8.98769 6
      vertex 0.156434 -7.01231 6
      vertex 0.309016 -7.04894 6
    endloop
  endfacet
  facet normal 0 0 -1
    outer loop
      vertex 0 -9 6
      vertex 0.156434 -7.01231 6
      vertex 0.156434 -8.98769 6
    endloop
  endfacet
  facet normal 0 0 -1
    outer loop
      vertex 0 -9 6
      vertex 0 -7 6
      vertex 0.156434 -7.01231 6
    endloop
  endfacet
  facet normal 0 0 -1
    outer loop
      vertex -0.156434 -8.98769 6
      vertex 0 -7 6
      vertex 0 -9 6
    endloop
  endfacet
  facet normal 0 0 -1
    outer loop
      vertex -0.156434 -8.98769 6
      vertex -0.156434 -7.01231 6
      vertex 0 -7 6
    endloop
  endfacet
  facet normal 0 0 -1
    outer loop
      vertex -0.309016 -8.95106 6
      vertex -0.156434 -7.01231 6
      vertex -0.156434 -8.98769 6
    endloop
  endfacet
  facet normal 0 0 -1
    outer loop
      vertex -0.309016 -8.95106 6
      vertex -0.309016 -7.04894 6
      vertex -0.156434 -7.01231 6
    endloop
  endfacet
  facet normal 0 0 -1
    outer loop
      vertex -0.45399 -8.89101 6
      vertex -0.309016 -7.04894 6
      vertex -0.309016 -8.95106 6
    endloop
  endfacet
  facet normal 0 0 -1
    outer loop
      vertex -0.45399 -8.89101 6
      vertex -0.45399 -7.10899 6
      vertex -0.309016 -7.04894 6
    endloop
  endfacet
  facet normal 0 0 -1
    outer loop
      vertex -0.587785 -8.80902 6
      vertex -0.45399 -7.10899 6
      vertex -0.45399 -8.89101 6
    endloop
  endfacet
  facet normal 0 0 -1
    outer loop
      vertex -0.587785 -8.80902 6
      vertex -0.587785 -7.19098 6
      vertex -0.45399 -7.10899 6
    endloop
  endfacet
  facet normal 0 0 -1
    outer loop
      vertex -0.707107 -8.70711 6
      vertex -0.587785 -7.19098 6
      vertex -0.587785 -8.80902 6
    endloop
  endfacet
  facet normal 0 0 -1
    outer loop
      vertex -0.707107 -8.70711 6
      vertex -0.707107 -7.29289 6
      vertex -0.587785 -7.19098 6
    endloop
  endfacet
  facet normal 0 0 -1
    outer loop
      vertex -0.809016 -8.58778 6
      vertex -0.707107 -7.29289 6
      vertex -0.707107 -8.70711 6
    endloop
  endfacet
  facet normal 0 0 -1
    outer loop
      vertex -0.809016 -8.58778 6
      vertex -0.809016 -7.41221 6
      vertex -0.707107 -7.29289 6
    endloop
  endfacet
  facet normal 0 0 -1
    outer loop
      vertex -0.891006 -8.45399 6
      vertex -0.809016 -7.41221 6
      vertex -0.809016 -8.58778 6
    endloop
  endfacet
  facet normal 0 0 -1
    outer loop
      vertex -0.891006 -8.45399 6
      vertex -0.891006 -7.54601 6
      vertex -0.809016 -7.41221 6
    endloop
  endfacet
  facet normal 0 0 -1
    outer loop
      vertex -0.951056 -8.30902 6
      vertex -0.891006 -7.54601 6
      vertex -0.891006 -8.45399 6
    endloop
  endfacet
  facet normal 0 0 -1
    outer loop
      vertex -0.951056 -8.30902 6
      vertex -0.951056 -7.69098 6
      vertex -0.891006 -7.54601 6
    endloop
  endfacet
  facet normal 0 0 -1
    outer loop
      vertex -0.987688 -8.15643 6
      vertex -0.951056 -7.69098 6
      vertex -0.951056 -8.30902 6
    endloop
  endfacet
  facet normal 0 0 -1
    outer loop
      vertex -0.987688 -8.15643 6
      vertex -0.987688 -7.84356 6
      vertex -0.951056 -7.69098 6
    endloop
  endfacet
  facet normal 0 -0 -1
    outer loop
      vertex -0.987688 -7.84356 6
      vertex -0.987688 -8.15643 6
      vertex -1 -8 6
    endloop
  endfacet
  facet normal 0 0 -1
    outer loop
      vertex 8.95106 -0.309016 6
      vertex 9 0 6
      vertex 8.98769 -0.156434 6
    endloop
  endfacet
  facet normal 0 0 -1
    outer loop
      vertex 8.89101 -0.45399 6
      vertex 9 0 6
      vertex 8.95106 -0.309016 6
    endloop
  endfacet
  facet normal 0 0 -1
    outer loop
      vertex 8.80902 -0.587785 6
      vertex 9 0 6
      vertex 8.89101 -0.45399 6
    endloop
  endfacet
  facet normal 0 0 -1
    outer loop
      vertex 8.70711 -0.707107 6
      vertex 9 0 6
      vertex 8.80902 -0.587785 6
    endloop
  endfacet
  facet normal 0 0 -1
    outer loop
      vertex 8.58778 -0.809016 6
      vertex 9 0 6
      vertex 8.70711 -0.707107 6
    endloop
  endfacet
  facet normal 0 0 -1
    outer loop
      vertex 8.45399 -0.891006 6
      vertex 9 0 6
      vertex 8.58778 -0.809016 6
    endloop
  endfacet
  facet normal 0 0 -1
    outer loop
      vertex 8.30902 -0.951056 6
      vertex 9 0 6
      vertex 8.45399 -0.891006 6
    endloop
  endfacet
  facet normal 0 0 -1
    outer loop
      vertex 8.15643 -0.987688 6
      vertex 9 0 6
      vertex 8.30902 -0.951056 6
    endloop
  endfacet
  facet normal 0 0 -1
    outer loop
      vertex 8 -1 6
      vertex 9 0 6
      vertex 8.15643 -0.987688 6
    endloop
  endfacet
  facet normal 0 0 -1
    outer loop
      vertex 7.84356 -0.987688 6
      vertex 9 0 6
      vertex 8 -1 6
    endloop
  endfacet
  facet normal 0 0 -1
    outer loop
      vertex 7.69098 -0.951056 6
      vertex 9 0 6
      vertex 7.84356 -0.987688 6
    endloop
  endfacet
  facet normal 0 0 -1
    outer loop
      vertex 7.54601 -0.891006 6
      vertex 9 0 6
      vertex 7.69098 -0.951056 6
    endloop
  endfacet
  facet normal 0 0 -1
    outer loop
      vertex 7.41221 -0.809016 6
      vertex 9 0 6
      vertex 7.54601 -0.891006 6
    endloop
  endfacet
  facet normal 0 0 -1
    outer loop
      vertex 7.29289 -0.707107 6
      vertex 9 0 6
      vertex 7.41221 -0.809016 6
    endloop
  endfacet
  facet normal 0 0 -1
    outer loop
      vertex 7.19098 -0.587785 6
      vertex 9 0 6
      vertex 7.29289 -0.707107 6
    endloop
  endfacet
  facet normal 0 0 -1
    outer loop
      vertex 7.10899 -0.45399 6
      vertex 9 0 6
      vertex 7.19098 -0.587785 6
    endloop
  endfacet
  facet normal 0 0 -1
    outer loop
      vertex 7.04894 -0.309016 6
      vertex 9 0 6
      vertex 7.10899 -0.45399 6
    endloop
  endfacet
  facet normal 0 0 -1
    outer loop
      vertex 7.01231 -0.156434 6
      vertex 9 0 6
      vertex 7.04894 -0.309016 6
    endloop
  endfacet
  facet normal -0 0 -1
    outer loop
      vertex 9 0 6
      vertex 7.01231 -0.156434 6
      vertex 7 0 6
    endloop
  endfacet
  facet normal 0.382684 -0.923879 0
    outer loop
      vertex 5.56231 -17.119 0
      vertex 8.17183 -16.0381 6
      vertex 5.56231 -17.119 6
    endloop
  endfacet
  facet normal 0.382684 -0.923879 0
    outer loop
      vertex 8.17183 -16.0381 6
      vertex 5.56231 -17.119 0
      vertex 8.17183 -16.0381 0
    endloop
  endfacet
  facet normal -0.522501 -0.852639 0
    outer loop
      vertex -10.5801 -14.5623 0
      vertex -8.17183 -16.0381 6
      vertex -10.5801 -14.5623 6
    endloop
  endfacet
  facet normal -0.522501 -0.852639 -0
    outer loop
      vertex -8.17183 -16.0381 6
      vertex -10.5801 -14.5623 0
      vertex -8.17183 -16.0381 0
    endloop
  endfacet
  facet normal -0.852639 -0.522501 0
    outer loop
      vertex -14.5623 -10.5801 0
      vertex -16.0381 -8.17183 6
      vertex -16.0381 -8.17183 0
    endloop
  endfacet
  facet normal -0.852639 -0.522501 0
    outer loop
      vertex -16.0381 -8.17183 6
      vertex -14.5623 -10.5801 0
      vertex -14.5623 -10.5801 6
    endloop
  endfacet
  facet normal 0.996918 -0.0784556 0
    outer loop
      vertex 17.7784 -2.81582 6
      vertex 18 0 0
      vertex 18 0 6
    endloop
  endfacet
  facet normal 0.996918 -0.0784556 0
    outer loop
      vertex 18 0 0
      vertex 17.7784 -2.81582 6
      vertex 17.7784 -2.81582 0
    endloop
  endfacet
  facet normal -0.760405 0.649449 0
    outer loop
      vertex -14.5623 10.5801 0
      vertex -12.7279 12.7279 6
      vertex -12.7279 12.7279 0
    endloop
  endfacet
  facet normal -0.760405 0.649449 0
    outer loop
      vertex -12.7279 12.7279 6
      vertex -14.5623 10.5801 0
      vertex -14.5623 10.5801 6
    endloop
  endfacet
  facet normal 0.972368 -0.233454 0
    outer loop
      vertex 17.119 -5.56231 6
      vertex 17.7784 -2.81582 0
      vertex 17.7784 -2.81582 6
    endloop
  endfacet
  facet normal 0.972368 -0.233454 0
    outer loop
      vertex 17.7784 -2.81582 0
      vertex 17.119 -5.56231 6
      vertex 17.119 -5.56231 0
    endloop
  endfacet
  facet normal -0.972368 0.233454 0
    outer loop
      vertex -17.7784 2.81582 0
      vertex -17.119 5.56231 6
      vertex -17.119 5.56231 0
    endloop
  endfacet
  facet normal -0.972368 0.233454 0
    outer loop
      vertex -17.119 5.56231 6
      vertex -17.7784 2.81582 0
      vertex -17.7784 2.81582 6
    endloop
  endfacet
  facet normal -0.760405 -0.649449 0
    outer loop
      vertex -12.7279 -12.7279 0
      vertex -14.5623 -10.5801 6
      vertex -14.5623 -10.5801 0
    endloop
  endfacet
  facet normal -0.760405 -0.649449 0
    outer loop
      vertex -14.5623 -10.5801 6
      vertex -12.7279 -12.7279 0
      vertex -12.7279 -12.7279 6
    endloop
  endfacet
  facet normal -0.233454 -0.972368 0
    outer loop
      vertex -5.56231 -17.119 0
      vertex -2.81582 -17.7784 6
      vertex -5.56231 -17.119 6
    endloop
  endfacet
  facet normal -0.233454 -0.972368 -0
    outer loop
      vertex -2.81582 -17.7784 6
      vertex -5.56231 -17.119 0
      vertex -2.81582 -17.7784 0
    endloop
  endfacet
  facet normal -0.382684 -0.923879 0
    outer loop
      vertex -8.17183 -16.0381 0
      vertex -5.56231 -17.119 6
      vertex -8.17183 -16.0381 6
    endloop
  endfacet
  facet normal -0.382684 -0.923879 -0
    outer loop
      vertex -5.56231 -17.119 6
      vertex -8.17183 -16.0381 0
      vertex -5.56231 -17.119 0
    endloop
  endfacet
  facet normal 0.233454 0.972368 -0
    outer loop
      vertex 5.56231 17.119 0
      vertex 2.81582 17.7784 6
      vertex 5.56231 17.119 6
    endloop
  endfacet
  facet normal 0.233454 0.972368 0
    outer loop
      vertex 2.81582 17.7784 6
      vertex 5.56231 17.119 0
      vertex 2.81582 17.7784 0
    endloop
  endfacet
  facet normal 0 0 -1
    outer loop
      vertex 10.8 0 0
      vertex 18 0 0
      vertex 17.7784 -2.81582 0
    endloop
  endfacet
  facet normal 0 0 -1
    outer loop
      vertex 10.667 -1.68949 0
      vertex 17.7784 -2.81582 0
      vertex 17.119 -5.56231 0
    endloop
  endfacet
  facet normal 0 0 -1
    outer loop
      vertex 18 0 0
      vertex 10.8 0 0
      vertex 17.7784 2.81582 0
    endloop
  endfacet
  facet normal 0 0 -1
    outer loop
      vertex 10.2714 -3.33738 0
      vertex 17.119 -5.56231 0
      vertex 16.0381 -8.17183 0
    endloop
  endfacet
  facet normal 0 0 -1
    outer loop
      vertex 10.667 1.68949 0
      vertex 17.7784 2.81582 0
      vertex 10.8 0 0
    endloop
  endfacet
  facet normal 0 0 -1
    outer loop
      vertex 9.62287 -4.9031 0
      vertex 16.0381 -8.17183 0
      vertex 14.5623 -10.5801 0
    endloop
  endfacet
  facet normal -0 0 -1
    outer loop
      vertex 17.7784 2.81582 0
      vertex 10.667 1.68949 0
      vertex 17.119 5.56231 0
    endloop
  endfacet
  facet normal 0 0 -1
    outer loop
      vertex 8.73738 -6.34808 0
      vertex 14.5623 -10.5801 0
      vertex 12.7279 -12.7279 0
    endloop
  endfacet
  facet normal 0 0 -1
    outer loop
      vertex 10.2714 3.33738 0
      vertex 17.119 5.56231 0
      vertex 10.667 1.68949 0
    endloop
  endfacet
  facet normal -0 0 -1
    outer loop
      vertex 17.119 5.56231 0
      vertex 10.2714 3.33738 0
      vertex 16.0381 8.17183 0
    endloop
  endfacet
  facet normal 0 0 -1
    outer loop
      vertex 17.7784 -2.81582 0
      vertex 10.667 -1.68949 0
      vertex 10.8 0 0
    endloop
  endfacet
  facet normal 0 0 -1
    outer loop
      vertex 7.63675 -7.63675 0
      vertex 12.7279 -12.7279 0
      vertex 10.5801 -14.5623 0
    endloop
  endfacet
  facet normal 0 0 -1
    outer loop
      vertex 17.119 -5.56231 0
      vertex 10.2714 -3.33738 0
      vertex 10.667 -1.68949 0
    endloop
  endfacet
  facet normal 0 0 -1
    outer loop
      vertex 16.0381 -8.17183 0
      vertex 9.62287 -4.9031 0
      vertex 10.2714 -3.33738 0
    endloop
  endfacet
  facet normal 0 0 -1
    outer loop
      vertex 14.5623 -10.5801 0
      vertex 8.73738 -6.34808 0
      vertex 9.62287 -4.9031 0
    endloop
  endfacet
  facet normal 0 0 -1
    outer loop
      vertex 6.34808 -8.73738 0
      vertex 10.5801 -14.5623 0
      vertex 8.17183 -16.0381 0
    endloop
  endfacet
  facet normal 0 0 -1
    outer loop
      vertex 12.7279 -12.7279 0
      vertex 7.63675 -7.63675 0
      vertex 8.73738 -6.34808 0
    endloop
  endfacet
  facet normal 0 0 -1
    outer loop
      vertex 10.5801 -14.5623 0
      vertex 6.34808 -8.73738 0
      vertex 7.63675 -7.63675 0
    endloop
  endfacet
  facet normal 0 0 -1
    outer loop
      vertex 4.9031 -9.62287 0
      vertex 8.17183 -16.0381 0
      vertex 5.56231 -17.119 0
    endloop
  endfacet
  facet normal 0 0 -1
    outer loop
      vertex 8.17183 -16.0381 0
      vertex 4.9031 -9.62287 0
      vertex 6.34808 -8.73738 0
    endloop
  endfacet
  facet normal 0 0 -1
    outer loop
      vertex 5.56231 -17.119 0
      vertex 3.33738 -10.2714 0
      vertex 4.9031 -9.62287 0
    endloop
  endfacet
  facet normal 0 0 -1
    outer loop
      vertex 2.81582 -17.7784 0
      vertex 3.33738 -10.2714 0
      vertex 5.56231 -17.119 0
    endloop
  endfacet
  facet normal 0 0 -1
    outer loop
      vertex 2.81582 -17.7784 0
      vertex 1.68949 -10.667 0
      vertex 3.33738 -10.2714 0
    endloop
  endfacet
  facet normal 0 0 -1
    outer loop
      vertex 0 -18 0
      vertex 1.68949 -10.667 0
      vertex 2.81582 -17.7784 0
    endloop
  endfacet
  facet normal 0 0 -1
    outer loop
      vertex 0 -18 0
      vertex 0 -10.8 0
      vertex 1.68949 -10.667 0
    endloop
  endfacet
  facet normal 0 0 -1
    outer loop
      vertex 0 -18 0
      vertex -1.68949 -10.667 0
      vertex 0 -10.8 0
    endloop
  endfacet
  facet normal 0 0 -1
    outer loop
      vertex -2.81582 -17.7784 0
      vertex -1.68949 -10.667 0
      vertex 0 -18 0
    endloop
  endfacet
  facet normal 0 0 -1
    outer loop
      vertex -2.81582 -17.7784 0
      vertex -3.33738 -10.2714 0
      vertex -1.68949 -10.667 0
    endloop
  endfacet
  facet normal 0 0 -1
    outer loop
      vertex -5.56231 -17.119 0
      vertex -3.33738 -10.2714 0
      vertex -2.81582 -17.7784 0
    endloop
  endfacet
  facet normal -0 0 -1
    outer loop
      vertex -3.33738 -10.2714 0
      vertex -5.56231 -17.119 0
      vertex -4.9031 -9.62287 0
    endloop
  endfacet
  facet normal 0 0 -1
    outer loop
      vertex -8.17183 -16.0381 0
      vertex -4.9031 -9.62287 0
      vertex -5.56231 -17.119 0
    endloop
  endfacet
  facet normal -0 0 -1
    outer loop
      vertex -4.9031 -9.62287 0
      vertex -8.17183 -16.0381 0
      vertex -6.34808 -8.73738 0
    endloop
  endfacet
  facet normal 0 0 -1
    outer loop
      vertex -10.5801 -14.5623 0
      vertex -6.34808 -8.73738 0
      vertex -8.17183 -16.0381 0
    endloop
  endfacet
  facet normal -0 0 -1
    outer loop
      vertex -6.34808 -8.73738 0
      vertex -10.5801 -14.5623 0
      vertex -7.63675 -7.63675 0
    endloop
  endfacet
  facet normal 0 0 -1
    outer loop
      vertex -12.7279 -12.7279 0
      vertex -7.63675 -7.63675 0
      vertex -10.5801 -14.5623 0
    endloop
  endfacet
  facet normal -0 0 -1
    outer loop
      vertex -7.63675 -7.63675 0
      vertex -12.7279 -12.7279 0
      vertex -8.73738 -6.34808 0
    endloop
  endfacet
  facet normal 0 0 -1
    outer loop
      vertex -14.5623 -10.5801 0
      vertex -8.73738 -6.34808 0
      vertex -12.7279 -12.7279 0
    endloop
  endfacet
  facet normal -0 0 -1
    outer loop
      vertex -8.73738 -6.34808 0
      vertex -14.5623 -10.5801 0
      vertex -9.62287 -4.9031 0
    endloop
  endfacet
  facet normal 0 0 -1
    outer loop
      vertex -16.0381 -8.17183 0
      vertex -9.62287 -4.9031 0
      vertex -14.5623 -10.5801 0
    endloop
  endfacet
  facet normal -0 0 -1
    outer loop
      vertex -9.62287 -4.9031 0
      vertex -16.0381 -8.17183 0
      vertex -10.2714 -3.33738 0
    endloop
  endfacet
  facet normal 0 0 -1
    outer loop
      vertex 9.62287 4.9031 0
      vertex 16.0381 8.17183 0
      vertex 10.2714 3.33738 0
    endloop
  endfacet
  facet normal -0 0 -1
    outer loop
      vertex 16.0381 8.17183 0
      vertex 9.62287 4.9031 0
      vertex 14.5623 10.5801 0
    endloop
  endfacet
  facet normal 0 0 -1
    outer loop
      vertex 8.73738 6.34808 0
      vertex 14.5623 10.5801 0
      vertex 9.62287 4.9031 0
    endloop
  endfacet
  facet normal -0 0 -1
    outer loop
      vertex 14.5623 10.5801 0
      vertex 8.73738 6.34808 0
      vertex 12.7279 12.7279 0
    endloop
  endfacet
  facet normal 0 0 -1
    outer loop
      vertex 7.63675 7.63675 0
      vertex 12.7279 12.7279 0
      vertex 8.73738 6.34808 0
    endloop
  endfacet
  facet normal -0 0 -1
    outer loop
      vertex 12.7279 12.7279 0
      vertex 7.63675 7.63675 0
      vertex 10.5801 14.5623 0
    endloop
  endfacet
  facet normal 0 0 -1
    outer loop
      vertex 6.34808 8.73738 0
      vertex 10.5801 14.5623 0
      vertex 7.63675 7.63675 0
    endloop
  endfacet
  facet normal -0 0 -1
    outer loop
      vertex 10.5801 14.5623 0
      vertex 6.34808 8.73738 0
      vertex 8.17183 16.0381 0
    endloop
  endfacet
  facet normal 0 0 -1
    outer loop
      vertex 4.9031 9.62287 0
      vertex 8.17183 16.0381 0
      vertex 6.34808 8.73738 0
    endloop
  endfacet
  facet normal -0 0 -1
    outer loop
      vertex 8.17183 16.0381 0
      vertex 4.9031 9.62287 0
      vertex 5.56231 17.119 0
    endloop
  endfacet
  facet normal 0 0 -1
    outer loop
      vertex 3.33738 10.2714 0
      vertex 5.56231 17.119 0
      vertex 4.9031 9.62287 0
    endloop
  endfacet
  facet normal 0 0 -1
    outer loop
      vertex 3.33738 10.2714 0
      vertex 2.81582 17.7784 0
      vertex 5.56231 17.119 0
    endloop
  endfacet
  facet normal 0 0 -1
    outer loop
      vertex 1.68949 10.667 0
      vertex 2.81582 17.7784 0
      vertex 3.33738 10.2714 0
    endloop
  endfacet
  facet normal 0 0 -1
    outer loop
      vertex 0 10.8 0
      vertex 2.81582 17.7784 0
      vertex 1.68949 10.667 0
    endloop
  endfacet
  facet normal 0 0 -1
    outer loop
      vertex 0 10.8 0
      vertex 0 18 0
      vertex 2.81582 17.7784 0
    endloop
  endfacet
  facet normal 0 0 -1
    outer loop
      vertex -1.68949 10.667 0
      vertex 0 18 0
      vertex 0 10.8 0
    endloop
  endfacet
  facet normal 0 0 -1
    outer loop
      vertex -1.68949 10.667 0
      vertex -2.81582 17.7784 0
      vertex 0 18 0
    endloop
  endfacet
  facet normal 0 0 -1
    outer loop
      vertex -3.33738 10.2714 0
      vertex -2.81582 17.7784 0
      vertex -1.68949 10.667 0
    endloop
  endfacet
  facet normal 0 0 -1
    outer loop
      vertex -5.56231 17.119 0
      vertex -3.33738 10.2714 0
      vertex -4.9031 9.62287 0
    endloop
  endfacet
  facet normal 0 0 -1
    outer loop
      vertex -3.33738 10.2714 0
      vertex -5.56231 17.119 0
      vertex -2.81582 17.7784 0
    endloop
  endfacet
  facet normal 0 0 -1
    outer loop
      vertex -8.17183 16.0381 0
      vertex -4.9031 9.62287 0
      vertex -6.34808 8.73738 0
    endloop
  endfacet
  facet normal 0 0 -1
    outer loop
      vertex -10.5801 14.5623 0
      vertex -6.34808 8.73738 0
      vertex -7.63675 7.63675 0
    endloop
  endfacet
  facet normal 0 0 -1
    outer loop
      vertex -4.9031 9.62287 0
      vertex -8.17183 16.0381 0
      vertex -5.56231 17.119 0
    endloop
  endfacet
  facet normal 0 0 -1
    outer loop
      vertex -12.7279 12.7279 0
      vertex -7.63675 7.63675 0
      vertex -8.73738 6.34808 0
    endloop
  endfacet
  facet normal 0 0 -1
    outer loop
      vertex -14.5623 10.5801 0
      vertex -8.73738 6.34808 0
      vertex -9.62287 4.9031 0
    endloop
  endfacet
  facet normal 0 0 -1
    outer loop
      vertex -16.0381 8.17183 0
      vertex -9.62287 4.9031 0
      vertex -10.2714 3.33738 0
    endloop
  endfacet
  facet normal 0 0 -1
    outer loop
      vertex -6.34808 8.73738 0
      vertex -10.5801 14.5623 0
      vertex -8.17183 16.0381 0
    endloop
  endfacet
  facet normal 0 0 -1
    outer loop
      vertex -17.119 5.56231 0
      vertex -10.2714 3.33738 0
      vertex -10.667 1.68949 0
    endloop
  endfacet
  facet normal 0 0 -1
    outer loop
      vertex -17.7784 2.81582 0
      vertex -10.667 1.68949 0
      vertex -10.8 0 0
    endloop
  endfacet
  facet normal 0 0 -1
    outer loop
      vertex -17.119 -5.56231 0
      vertex -10.2714 -3.33738 0
      vertex -16.0381 -8.17183 0
    endloop
  endfacet
  facet normal 0 0 -1
    outer loop
      vertex -7.63675 7.63675 0
      vertex -12.7279 12.7279 0
      vertex -10.5801 14.5623 0
    endloop
  endfacet
  facet normal -0 0 -1
    outer loop
      vertex -10.2714 -3.33738 0
      vertex -17.119 -5.56231 0
      vertex -10.667 -1.68949 0
    endloop
  endfacet
  facet normal 0 0 -1
    outer loop
      vertex -8.73738 6.34808 0
      vertex -14.5623 10.5801 0
      vertex -12.7279 12.7279 0
    endloop
  endfacet
  facet normal 0 0 -1
    outer loop
      vertex -17.7784 -2.81582 0
      vertex -10.667 -1.68949 0
      vertex -17.119 -5.56231 0
    endloop
  endfacet
  facet normal 0 0 -1
    outer loop
      vertex -9.62287 4.9031 0
      vertex -16.0381 8.17183 0
      vertex -14.5623 10.5801 0
    endloop
  endfacet
  facet normal -0 0 -1
    outer loop
      vertex -10.667 -1.68949 0
      vertex -17.7784 -2.81582 0
      vertex -10.8 0 0
    endloop
  endfacet
  facet normal 0 0 -1
    outer loop
      vertex -10.2714 3.33738 0
      vertex -17.119 5.56231 0
      vertex -16.0381 8.17183 0
    endloop
  endfacet
  facet normal 0 0 -1
    outer loop
      vertex -18 0 0
      vertex -10.8 0 0
      vertex -17.7784 -2.81582 0
    endloop
  endfacet
  facet normal 0 0 -1
    outer loop
      vertex -10.667 1.68949 0
      vertex -17.7784 2.81582 0
      vertex -17.119 5.56231 0
    endloop
  endfacet
  facet normal 0 0 -1
    outer loop
      vertex -10.8 0 0
      vertex -18 0 0
      vertex -17.7784 2.81582 0
    endloop
  endfacet
  facet normal -0.649449 -0.760405 0
    outer loop
      vertex -12.7279 -12.7279 0
      vertex -10.5801 -14.5623 6
      vertex -12.7279 -12.7279 6
    endloop
  endfacet
  facet normal -0.649449 -0.760405 -0
    outer loop
      vertex -10.5801 -14.5623 6
      vertex -12.7279 -12.7279 0
      vertex -10.5801 -14.5623 0
    endloop
  endfacet
  facet normal -0.0784556 -0.996918 0
    outer loop
      vertex -2.81582 -17.7784 0
      vertex 0 -18 6
      vertex -2.81582 -17.7784 6
    endloop
  endfacet
  facet normal -0.0784556 -0.996918 -0
    outer loop
      vertex 0 -18 6
      vertex -2.81582 -17.7784 0
      vertex 0 -18 0
    endloop
  endfacet
  facet normal 0.649449 0.760405 -0
    outer loop
      vertex 12.7279 12.7279 0
      vertex 10.5801 14.5623 6
      vertex 12.7279 12.7279 6
    endloop
  endfacet
  facet normal 0.649449 0.760405 0
    outer loop
      vertex 10.5801 14.5623 6
      vertex 12.7279 12.7279 0
      vertex 10.5801 14.5623 0
    endloop
  endfacet
  facet normal -0.923879 -0.382684 0
    outer loop
      vertex -16.0381 -8.17183 0
      vertex -17.119 -5.56231 6
      vertex -17.119 -5.56231 0
    endloop
  endfacet
  facet normal -0.923879 -0.382684 0
    outer loop
      vertex -17.119 -5.56231 6
      vertex -16.0381 -8.17183 0
      vertex -16.0381 -8.17183 6
    endloop
  endfacet
  facet normal -0.923879 0.382684 0
    outer loop
      vertex -17.119 5.56231 0
      vertex -16.0381 8.17183 6
      vertex -16.0381 8.17183 0
    endloop
  endfacet
  facet normal -0.923879 0.382684 0
    outer loop
      vertex -16.0381 8.17183 6
      vertex -17.119 5.56231 0
      vertex -17.119 5.56231 6
    endloop
  endfacet
  facet normal 0.760405 -0.649449 0
    outer loop
      vertex 12.7279 -12.7279 6
      vertex 14.5623 -10.5801 0
      vertex 14.5623 -10.5801 6
    endloop
  endfacet
  facet normal 0.760405 -0.649449 0
    outer loop
      vertex 14.5623 -10.5801 0
      vertex 12.7279 -12.7279 6
      vertex 12.7279 -12.7279 0
    endloop
  endfacet
  facet normal 0.972373 0.233432 0
    outer loop
      vertex -10.2714 -3.33738 1.99
      vertex -10.667 -1.68949 0
      vertex -10.667 -1.68949 1.99
    endloop
  endfacet
  facet normal 0.972373 0.233432 0
    outer loop
      vertex -10.667 -1.68949 0
      vertex -10.2714 -3.33738 1.99
      vertex -10.2714 -3.33738 0
    endloop
  endfacet
  facet normal -0.972373 -0.233432 0
    outer loop
      vertex 10.667 1.68949 0
      vertex 10.2714 3.33738 1.99
      vertex 10.2714 3.33738 0
    endloop
  endfacet
  facet normal -0.972373 -0.233432 0
    outer loop
      vertex 10.2714 3.33738 1.99
      vertex 10.667 1.68949 0
      vertex 10.667 1.68949 1.99
    endloop
  endfacet
  facet normal -0.996916 -0.0784792 0
    outer loop
      vertex 10.8 0 0
      vertex 10.667 1.68949 1.99
      vertex 10.667 1.68949 0
    endloop
  endfacet
  facet normal -0.996916 -0.0784792 0
    outer loop
      vertex 10.667 1.68949 1.99
      vertex 10.8 0 0
      vertex 10.8 0 1.99
    endloop
  endfacet
  facet normal -0.923882 -0.382677 0
    outer loop
      vertex 10.2714 3.33738 0
      vertex 9.62287 4.9031 1.99
      vertex 9.62287 4.9031 0
    endloop
  endfacet
  facet normal -0.923882 -0.382677 0
    outer loop
      vertex 9.62287 4.9031 1.99
      vertex 10.2714 3.33738 0
      vertex 10.2714 3.33738 1.99
    endloop
  endfacet
  facet normal -0.382677 0.923882 0
    outer loop
      vertex 4.9031 -9.62287 0
      vertex 3.33738 -10.2714 1.99
      vertex 4.9031 -9.62287 1.99
    endloop
  endfacet
  facet normal -0.382677 0.923882 0
    outer loop
      vertex 3.33738 -10.2714 1.99
      vertex 4.9031 -9.62287 0
      vertex 3.33738 -10.2714 0
    endloop
  endfacet
  facet normal -0.852639 0.522501 0
    outer loop
      vertex 8.73738 -6.34808 0
      vertex 9.62287 -4.9031 1.99
      vertex 9.62287 -4.9031 0
    endloop
  endfacet
  facet normal -0.852639 0.522501 0
    outer loop
      vertex 9.62287 -4.9031 1.99
      vertex 8.73738 -6.34808 0
      vertex 8.73738 -6.34808 1.99
    endloop
  endfacet
  facet normal 0.649449 -0.760405 0
    outer loop
      vertex -7.63675 7.63675 0
      vertex -6.34808 8.73738 1.99
      vertex -7.63675 7.63675 1.99
    endloop
  endfacet
  facet normal 0.649449 -0.760405 0
    outer loop
      vertex -6.34808 8.73738 1.99
      vertex -7.63675 7.63675 0
      vertex -6.34808 8.73738 0
    endloop
  endfacet
  facet normal 0.382677 -0.923882 0
    outer loop
      vertex -4.9031 9.62287 0
      vertex -3.33738 10.2714 1.99
      vertex -4.9031 9.62287 1.99
    endloop
  endfacet
  facet normal 0.382677 -0.923882 0
    outer loop
      vertex -3.33738 10.2714 1.99
      vertex -4.9031 9.62287 0
      vertex -3.33738 10.2714 0
    endloop
  endfacet
  facet normal -0.760405 0.649449 0
    outer loop
      vertex 7.63675 -7.63675 0
      vertex 8.73738 -6.34808 1.99
      vertex 8.73738 -6.34808 0
    endloop
  endfacet
  facet normal -0.760405 0.649449 0
    outer loop
      vertex 8.73738 -6.34808 1.99
      vertex 7.63675 -7.63675 0
      vertex 7.63675 -7.63675 1.99
    endloop
  endfacet
  facet normal -0.996916 0.0784792 0
    outer loop
      vertex 10.667 -1.68949 0
      vertex 10.8 0 1.99
      vertex 10.8 0 0
    endloop
  endfacet
  facet normal -0.996916 0.0784792 0
    outer loop
      vertex 10.8 0 1.99
      vertex 10.667 -1.68949 0
      vertex 10.667 -1.68949 1.99
    endloop
  endfacet
  facet normal -0.923882 0.382677 0
    outer loop
      vertex 9.62287 -4.9031 0
      vertex 10.2714 -3.33738 1.99
      vertex 10.2714 -3.33738 0
    endloop
  endfacet
  facet normal -0.923882 0.382677 0
    outer loop
      vertex 10.2714 -3.33738 1.99
      vertex 9.62287 -4.9031 0
      vertex 9.62287 -4.9031 1.99
    endloop
  endfacet
  facet normal 0.923882 0.382677 0
    outer loop
      vertex -9.62287 -4.9031 1.99
      vertex -10.2714 -3.33738 0
      vertex -10.2714 -3.33738 1.99
    endloop
  endfacet
  facet normal 0.923882 0.382677 0
    outer loop
      vertex -10.2714 -3.33738 0
      vertex -9.62287 -4.9031 1.99
      vertex -9.62287 -4.9031 0
    endloop
  endfacet
  facet normal 0.996916 -0.0784792 0
    outer loop
      vertex -10.8 0 1.99
      vertex -10.667 1.68949 0
      vertex -10.667 1.68949 1.99
    endloop
  endfacet
  facet normal 0.996916 -0.0784792 0
    outer loop
      vertex -10.667 1.68949 0
      vertex -10.8 0 1.99
      vertex -10.8 0 0
    endloop
  endfacet
  facet normal 0.972373 -0.233432 0
    outer loop
      vertex -10.667 1.68949 1.99
      vertex -10.2714 3.33738 0
      vertex -10.2714 3.33738 1.99
    endloop
  endfacet
  facet normal 0.972373 -0.233432 0
    outer loop
      vertex -10.2714 3.33738 0
      vertex -10.667 1.68949 1.99
      vertex -10.667 1.68949 0
    endloop
  endfacet
  facet normal -0.233432 -0.972373 0
    outer loop
      vertex 1.68949 10.667 0
      vertex 3.33738 10.2714 1.99
      vertex 1.68949 10.667 1.99
    endloop
  endfacet
  facet normal -0.233432 -0.972373 -0
    outer loop
      vertex 3.33738 10.2714 1.99
      vertex 1.68949 10.667 0
      vertex 3.33738 10.2714 0
    endloop
  endfacet
  facet normal 0.0784792 -0.996916 0
    outer loop
      vertex -1.68949 10.667 0
      vertex 0 10.8 1.99
      vertex -1.68949 10.667 1.99
    endloop
  endfacet
  facet normal 0.0784792 -0.996916 0
    outer loop
      vertex 0 10.8 1.99
      vertex -1.68949 10.667 0
      vertex 0 10.8 0
    endloop
  endfacet
  facet normal 0.760405 0.649449 0
    outer loop
      vertex -7.63675 -7.63675 1.99
      vertex -8.73738 -6.34808 0
      vertex -8.73738 -6.34808 1.99
    endloop
  endfacet
  facet normal 0.760405 0.649449 0
    outer loop
      vertex -8.73738 -6.34808 0
      vertex -7.63675 -7.63675 1.99
      vertex -7.63675 -7.63675 0
    endloop
  endfacet
  facet normal 0.233432 0.972373 -0
    outer loop
      vertex -1.68949 -10.667 0
      vertex -3.33738 -10.2714 1.99
      vertex -1.68949 -10.667 1.99
    endloop
  endfacet
  facet normal 0.233432 0.972373 0
    outer loop
      vertex -3.33738 -10.2714 1.99
      vertex -1.68949 -10.667 0
      vertex -3.33738 -10.2714 0
    endloop
  endfacet
  facet normal 0.649449 0.760405 -0
    outer loop
      vertex -6.34808 -8.73738 0
      vertex -7.63675 -7.63675 1.99
      vertex -6.34808 -8.73738 1.99
    endloop
  endfacet
  facet normal 0.649449 0.760405 0
    outer loop
      vertex -7.63675 -7.63675 1.99
      vertex -6.34808 -8.73738 0
      vertex -7.63675 -7.63675 0
    endloop
  endfacet
  facet normal -0.852639 -0.522501 0
    outer loop
      vertex 9.62287 4.9031 0
      vertex 8.73738 6.34808 1.99
      vertex 8.73738 6.34808 0
    endloop
  endfacet
  facet normal -0.852639 -0.522501 0
    outer loop
      vertex 8.73738 6.34808 1.99
      vertex 9.62287 4.9031 0
      vertex 9.62287 4.9031 1.99
    endloop
  endfacet
  facet normal 0.923882 -0.382677 0
    outer loop
      vertex -10.2714 3.33738 1.99
      vertex -9.62287 4.9031 0
      vertex -9.62287 4.9031 1.99
    endloop
  endfacet
  facet normal 0.923882 -0.382677 0
    outer loop
      vertex -9.62287 4.9031 0
      vertex -10.2714 3.33738 1.99
      vertex -10.2714 3.33738 0
    endloop
  endfacet
  facet normal 0.522501 -0.852639 0
    outer loop
      vertex -6.34808 8.73738 0
      vertex -4.9031 9.62287 1.99
      vertex -6.34808 8.73738 1.99
    endloop
  endfacet
  facet normal 0.522501 -0.852639 0
    outer loop
      vertex -4.9031 9.62287 1.99
      vertex -6.34808 8.73738 0
      vertex -4.9031 9.62287 0
    endloop
  endfacet
  facet normal 0.0784792 0.996916 -0
    outer loop
      vertex 0 -10.8 0
      vertex -1.68949 -10.667 1.99
      vertex 0 -10.8 1.99
    endloop
  endfacet
  facet normal 0.0784792 0.996916 0
    outer loop
      vertex -1.68949 -10.667 1.99
      vertex 0 -10.8 0
      vertex -1.68949 -10.667 0
    endloop
  endfacet
  facet normal -0.522501 -0.852639 0
    outer loop
      vertex 4.9031 9.62287 0
      vertex 6.34808 8.73738 1.99
      vertex 4.9031 9.62287 1.99
    endloop
  endfacet
  facet normal -0.522501 -0.852639 -0
    outer loop
      vertex 6.34808 8.73738 1.99
      vertex 4.9031 9.62287 0
      vertex 6.34808 8.73738 0
    endloop
  endfacet
  facet normal -0.522501 0.852639 0
    outer loop
      vertex 6.34808 -8.73738 0
      vertex 4.9031 -9.62287 1.99
      vertex 6.34808 -8.73738 1.99
    endloop
  endfacet
  facet normal -0.522501 0.852639 0
    outer loop
      vertex 4.9031 -9.62287 1.99
      vertex 6.34808 -8.73738 0
      vertex 4.9031 -9.62287 0
    endloop
  endfacet
  facet normal 0.760405 -0.649449 0
    outer loop
      vertex -8.73738 6.34808 1.99
      vertex -7.63675 7.63675 0
      vertex -7.63675 7.63675 1.99
    endloop
  endfacet
  facet normal 0.760405 -0.649449 0
    outer loop
      vertex -7.63675 7.63675 0
      vertex -8.73738 6.34808 1.99
      vertex -8.73738 6.34808 0
    endloop
  endfacet
  facet normal 0.233432 -0.972373 0
    outer loop
      vertex -3.33738 10.2714 0
      vertex -1.68949 10.667 1.99
      vertex -3.33738 10.2714 1.99
    endloop
  endfacet
  facet normal 0.233432 -0.972373 0
    outer loop
      vertex -1.68949 10.667 1.99
      vertex -3.33738 10.2714 0
      vertex -1.68949 10.667 0
    endloop
  endfacet
  facet normal 0.522501 0.852639 -0
    outer loop
      vertex -4.9031 -9.62287 0
      vertex -6.34808 -8.73738 1.99
      vertex -4.9031 -9.62287 1.99
    endloop
  endfacet
  facet normal 0.522501 0.852639 0
    outer loop
      vertex -6.34808 -8.73738 1.99
      vertex -4.9031 -9.62287 0
      vertex -6.34808 -8.73738 0
    endloop
  endfacet
  facet normal -0.760405 -0.649449 0
    outer loop
      vertex 8.73738 6.34808 0
      vertex 7.63675 7.63675 1.99
      vertex 7.63675 7.63675 0
    endloop
  endfacet
  facet normal -0.760405 -0.649449 0
    outer loop
      vertex 7.63675 7.63675 1.99
      vertex 8.73738 6.34808 0
      vertex 8.73738 6.34808 1.99
    endloop
  endfacet
  facet normal -0.649449 -0.760405 0
    outer loop
      vertex 6.34808 8.73738 0
      vertex 7.63675 7.63675 1.99
      vertex 6.34808 8.73738 1.99
    endloop
  endfacet
  facet normal -0.649449 -0.760405 -0
    outer loop
      vertex 7.63675 7.63675 1.99
      vertex 6.34808 8.73738 0
      vertex 7.63675 7.63675 0
    endloop
  endfacet
  facet normal 0 0 -1
    outer loop
      vertex -7.19098 0.587785 1.99
      vertex -4.4446 0.703955 1.99
      vertex -7.10899 0.45399 1.99
    endloop
  endfacet
  facet normal -0 0 -1
    outer loop
      vertex -4.4446 0.703955 1.99
      vertex -7.19098 0.587785 1.99
      vertex -4.27975 1.39058 1.99
    endloop
  endfacet
  facet normal 0 0 -1
    outer loop
      vertex -7.29289 0.707107 1.99
      vertex -4.27975 1.39058 1.99
      vertex -7.19098 0.587785 1.99
    endloop
  endfacet
  facet normal 0 0 -1
    outer loop
      vertex -7.41221 0.809016 1.99
      vertex -4.27975 1.39058 1.99
      vertex -7.29289 0.707107 1.99
    endloop
  endfacet
  facet normal -0 0 -1
    outer loop
      vertex -4.27975 1.39058 1.99
      vertex -7.41221 0.809016 1.99
      vertex -4.00953 2.04296 1.99
    endloop
  endfacet
  facet normal 0 0 -1
    outer loop
      vertex -7.54601 0.891006 1.99
      vertex -4.00953 2.04296 1.99
      vertex -7.41221 0.809016 1.99
    endloop
  endfacet
  facet normal 0 0 -1
    outer loop
      vertex -7.69098 0.951056 1.99
      vertex -4.00953 2.04296 1.99
      vertex -7.54601 0.891006 1.99
    endloop
  endfacet
  facet normal 0 0 -1
    outer loop
      vertex -4.00953 2.04296 1.99
      vertex -7.63675 7.63675 1.99
      vertex -6.34808 8.73738 1.99
    endloop
  endfacet
  facet normal 0 0 -1
    outer loop
      vertex -9.62287 4.9031 1.99
      vertex -4.00953 2.04296 1.99
      vertex -7.69098 0.951056 1.99
    endloop
  endfacet
  facet normal 0 0 -1
    outer loop
      vertex -9.62287 4.9031 1.99
      vertex -7.69098 0.951056 1.99
      vertex -7.84356 0.987688 1.99
    endloop
  endfacet
  facet normal 0 0 -1
    outer loop
      vertex -9.62287 4.9031 1.99
      vertex -7.84356 0.987688 1.99
      vertex -8 1 1.99
    endloop
  endfacet
  facet normal 0 0 -1
    outer loop
      vertex -10.2714 3.33738 1.99
      vertex -8 1 1.99
      vertex -8.15643 0.987688 1.99
    endloop
  endfacet
  facet normal 0 0 -1
    outer loop
      vertex -10.2714 3.33738 1.99
      vertex -8.15643 0.987688 1.99
      vertex -8.30902 0.951056 1.99
    endloop
  endfacet
  facet normal 0 0 -1
    outer loop
      vertex -10.2714 3.33738 1.99
      vertex -8.30902 0.951056 1.99
      vertex -8.45399 0.891006 1.99
    endloop
  endfacet
  facet normal 0 0 -1
    outer loop
      vertex -10.667 1.68949 1.99
      vertex -8.45399 0.891006 1.99
      vertex -8.58778 0.809016 1.99
    endloop
  endfacet
  facet normal 0 0 -1
    outer loop
      vertex -10.667 1.68949 1.99
      vertex -8.58778 0.809016 1.99
      vertex -8.70711 0.707107 1.99
    endloop
  endfacet
  facet normal 0 0 -1
    outer loop
      vertex -4.00953 2.04296 1.99
      vertex -8.73738 6.34808 1.99
      vertex -7.63675 7.63675 1.99
    endloop
  endfacet
  facet normal 0 0 -1
    outer loop
      vertex -10.667 1.68949 1.99
      vertex -8.70711 0.707107 1.99
      vertex -8.80902 0.587785 1.99
    endloop
  endfacet
  facet normal 0 0 -1
    outer loop
      vertex -10.667 1.68949 1.99
      vertex -8.80902 0.587785 1.99
      vertex -8.89101 0.45399 1.99
    endloop
  endfacet
  facet normal 0 0 -1
    outer loop
      vertex -10.667 1.68949 1.99
      vertex -8.89101 0.45399 1.99
      vertex -8.95106 0.309016 1.99
    endloop
  endfacet
  facet normal 0 0 -1
    outer loop
      vertex -10.8 0 1.99
      vertex -8.95106 0.309016 1.99
      vertex -8.98769 0.156434 1.99
    endloop
  endfacet
  facet normal 0 0 -1
    outer loop
      vertex -10.8 0 1.99
      vertex -8.98769 0.156434 1.99
      vertex -9 0 1.99
    endloop
  endfacet
  facet normal 0 0 -1
    outer loop
      vertex -10.8 0 1.99
      vertex -8.95106 -0.309016 1.99
      vertex -10.667 -1.68949 1.99
    endloop
  endfacet
  facet normal 0 0 -1
    outer loop
      vertex -4.00953 2.04296 1.99
      vertex -9.62287 4.9031 1.99
      vertex -8.73738 6.34808 1.99
    endloop
  endfacet
  facet normal 0 0 -1
    outer loop
      vertex -8.95106 -0.309016 1.99
      vertex -10.8 0 1.99
      vertex -8.98769 -0.156434 1.99
    endloop
  endfacet
  facet normal 0 0 -1
    outer loop
      vertex -8 1 1.99
      vertex -10.2714 3.33738 1.99
      vertex -9.62287 4.9031 1.99
    endloop
  endfacet
  facet normal 0 0 -1
    outer loop
      vertex -8.98769 -0.156434 1.99
      vertex -10.8 0 1.99
      vertex -9 0 1.99
    endloop
  endfacet
  facet normal 0 0 -1
    outer loop
      vertex -8.45399 0.891006 1.99
      vertex -10.667 1.68949 1.99
      vertex -10.2714 3.33738 1.99
    endloop
  endfacet
  facet normal -0 0 -1
    outer loop
      vertex -8.95106 0.309016 1.99
      vertex -10.8 0 1.99
      vertex -10.667 1.68949 1.99
    endloop
  endfacet
  facet normal 0 0 -1
    outer loop
      vertex 4.9031 9.62287 1.99
      vertex 0.987688 7.84356 1.99
      vertex 1 8 1.99
    endloop
  endfacet
  facet normal 0 0 -1
    outer loop
      vertex 2.04296 4.00953 1.99
      vertex 0.951056 7.69098 1.99
      vertex 0.987688 7.84356 1.99
    endloop
  endfacet
  facet normal 0 0 -1
    outer loop
      vertex 2.04296 4.00953 1.99
      vertex 0.891006 7.54601 1.99
      vertex 0.951056 7.69098 1.99
    endloop
  endfacet
  facet normal 0 0 -1
    outer loop
      vertex 2.04296 4.00953 1.99
      vertex 0.809016 7.41221 1.99
      vertex 0.891006 7.54601 1.99
    endloop
  endfacet
  facet normal 0 0 -1
    outer loop
      vertex 1.39058 4.27975 1.99
      vertex 0.707107 7.29289 1.99
      vertex 0.809016 7.41221 1.99
    endloop
  endfacet
  facet normal 0 0 -1
    outer loop
      vertex 0.587785 7.19098 1.99
      vertex 1.39058 4.27975 1.99
      vertex 0.703955 4.4446 1.99
    endloop
  endfacet
  facet normal 0 0 -1
    outer loop
      vertex 1.39058 4.27975 1.99
      vertex 0.587785 7.19098 1.99
      vertex 0.707107 7.29289 1.99
    endloop
  endfacet
  facet normal 0 0 -1
    outer loop
      vertex 0.703955 4.4446 1.99
      vertex 0.45399 7.10899 1.99
      vertex 0.587785 7.19098 1.99
    endloop
  endfacet
  facet normal 0 0 -1
    outer loop
      vertex 0.703955 4.4446 1.99
      vertex 0.309016 7.04894 1.99
      vertex 0.45399 7.10899 1.99
    endloop
  endfacet
  facet normal 0 0 -1
    outer loop
      vertex 0.703955 4.4446 1.99
      vertex 0.156434 7.01231 1.99
      vertex 0.309016 7.04894 1.99
    endloop
  endfacet
  facet normal 0 0 -1
    outer loop
      vertex 0 4.5 1.99
      vertex 0.156434 7.01231 1.99
      vertex 0.703955 4.4446 1.99
    endloop
  endfacet
  facet normal 0 0 -1
    outer loop
      vertex 0 4.5 1.99
      vertex 0 7 1.99
      vertex 0.156434 7.01231 1.99
    endloop
  endfacet
  facet normal 0 0 -1
    outer loop
      vertex 0 4.5 1.99
      vertex -0.156434 7.01231 1.99
      vertex 0 7 1.99
    endloop
  endfacet
  facet normal 0 0 -1
    outer loop
      vertex -0.703955 4.4446 1.99
      vertex -0.156434 7.01231 1.99
      vertex 0 4.5 1.99
    endloop
  endfacet
  facet normal -0 0 -1
    outer loop
      vertex -0.156434 7.01231 1.99
      vertex -0.703955 4.4446 1.99
      vertex -0.309016 7.04894 1.99
    endloop
  endfacet
  facet normal -0 0 -1
    outer loop
      vertex -0.309016 7.04894 1.99
      vertex -0.703955 4.4446 1.99
      vertex -0.45399 7.10899 1.99
    endloop
  endfacet
  facet normal -0 0 -1
    outer loop
      vertex -0.45399 7.10899 1.99
      vertex -0.703955 4.4446 1.99
      vertex -0.587785 7.19098 1.99
    endloop
  endfacet
  facet normal 0 0 -1
    outer loop
      vertex -1.39058 4.27975 1.99
      vertex -0.587785 7.19098 1.99
      vertex -0.703955 4.4446 1.99
    endloop
  endfacet
  facet normal -0 0 -1
    outer loop
      vertex -0.587785 7.19098 1.99
      vertex -1.39058 4.27975 1.99
      vertex -0.707107 7.29289 1.99
    endloop
  endfacet
  facet normal -0 0 -1
    outer loop
      vertex -0.707107 7.29289 1.99
      vertex -1.39058 4.27975 1.99
      vertex -0.809016 7.41221 1.99
    endloop
  endfacet
  facet normal 0 0 -1
    outer loop
      vertex -2.04296 4.00953 1.99
      vertex -0.809016 7.41221 1.99
      vertex -1.39058 4.27975 1.99
    endloop
  endfacet
  facet normal -0 0 -1
    outer loop
      vertex -0.809016 7.41221 1.99
      vertex -2.04296 4.00953 1.99
      vertex -0.891006 7.54601 1.99
    endloop
  endfacet
  facet normal 0 0 -1
    outer loop
      vertex -4.9031 9.62287 1.99
      vertex -0.951056 7.69098 1.99
      vertex -2.04296 4.00953 1.99
    endloop
  endfacet
  facet normal -0 0 -1
    outer loop
      vertex -0.891006 7.54601 1.99
      vertex -2.04296 4.00953 1.99
      vertex -0.951056 7.69098 1.99
    endloop
  endfacet
  facet normal 0 0 -1
    outer loop
      vertex 3.64058 2.64503 1.99
      vertex 8.73738 6.34808 1.99
      vertex 4.00953 2.04296 1.99
    endloop
  endfacet
  facet normal -0 0 -1
    outer loop
      vertex 8.73738 6.34808 1.99
      vertex 3.64058 2.64503 1.99
      vertex 7.63675 7.63675 1.99
    endloop
  endfacet
  facet normal 0 0 -1
    outer loop
      vertex 3.18198 3.18198 1.99
      vertex 7.63675 7.63675 1.99
      vertex 3.64058 2.64503 1.99
    endloop
  endfacet
  facet normal -0 0 -1
    outer loop
      vertex 7.63675 7.63675 1.99
      vertex 3.18198 3.18198 1.99
      vertex 6.34808 8.73738 1.99
    endloop
  endfacet
  facet normal 0 0 -1
    outer loop
      vertex 2.64503 3.64058 1.99
      vertex 6.34808 8.73738 1.99
      vertex 3.18198 3.18198 1.99
    endloop
  endfacet
  facet normal -0 0 -1
    outer loop
      vertex 6.34808 8.73738 1.99
      vertex 2.64503 3.64058 1.99
      vertex 4.9031 9.62287 1.99
    endloop
  endfacet
  facet normal 0 0 -1
    outer loop
      vertex 2.04296 4.00953 1.99
      vertex 4.9031 9.62287 1.99
      vertex 2.64503 3.64058 1.99
    endloop
  endfacet
  facet normal 0 0 -1
    outer loop
      vertex 0.987688 7.84356 1.99
      vertex 4.9031 9.62287 1.99
      vertex 2.04296 4.00953 1.99
    endloop
  endfacet
  facet normal -0 0 -1
    outer loop
      vertex 4.9031 9.62287 1.99
      vertex 1 8 1.99
      vertex 3.33738 10.2714 1.99
    endloop
  endfacet
  facet normal 0 0 -1
    outer loop
      vertex 0.809016 7.41221 1.99
      vertex 2.04296 4.00953 1.99
      vertex 1.39058 4.27975 1.99
    endloop
  endfacet
  facet normal 0 0 -1
    outer loop
      vertex 0.987688 8.15643 1.99
      vertex 3.33738 10.2714 1.99
      vertex 1 8 1.99
    endloop
  endfacet
  facet normal 0 0 -1
    outer loop
      vertex 0.951056 8.30902 1.99
      vertex 3.33738 10.2714 1.99
      vertex 0.987688 8.15643 1.99
    endloop
  endfacet
  facet normal 0 0 -1
    outer loop
      vertex 0.891006 8.45399 1.99
      vertex 3.33738 10.2714 1.99
      vertex 0.951056 8.30902 1.99
    endloop
  endfacet
  facet normal -0 0 -1
    outer loop
      vertex 3.33738 10.2714 1.99
      vertex 0.891006 8.45399 1.99
      vertex 1.68949 10.667 1.99
    endloop
  endfacet
  facet normal 0 0 -1
    outer loop
      vertex 0.809016 8.58778 1.99
      vertex 1.68949 10.667 1.99
      vertex 0.891006 8.45399 1.99
    endloop
  endfacet
  facet normal 0 0 -1
    outer loop
      vertex 0.707107 8.70711 1.99
      vertex 1.68949 10.667 1.99
      vertex 0.809016 8.58778 1.99
    endloop
  endfacet
  facet normal 0 0 -1
    outer loop
      vertex 0.587785 8.80902 1.99
      vertex 1.68949 10.667 1.99
      vertex 0.707107 8.70711 1.99
    endloop
  endfacet
  facet normal 0 0 -1
    outer loop
      vertex 0.45399 8.89101 1.99
      vertex 1.68949 10.667 1.99
      vertex 0.587785 8.80902 1.99
    endloop
  endfacet
  facet normal 0 0 -1
    outer loop
      vertex 0.309016 8.95106 1.99
      vertex 1.68949 10.667 1.99
      vertex 0.45399 8.89101 1.99
    endloop
  endfacet
  facet normal 0 0 -1
    outer loop
      vertex 0 10.8 1.99
      vertex 0.309016 8.95106 1.99
      vertex 0.156434 8.98769 1.99
    endloop
  endfacet
  facet normal 0 0 -1
    outer loop
      vertex 0 10.8 1.99
      vertex 0.156434 8.98769 1.99
      vertex 0 9 1.99
    endloop
  endfacet
  facet normal 0 0 -1
    outer loop
      vertex 0.309016 8.95106 1.99
      vertex 0 10.8 1.99
      vertex 1.68949 10.667 1.99
    endloop
  endfacet
  facet normal 0 0 -1
    outer loop
      vertex -0.156434 8.98769 1.99
      vertex 0 10.8 1.99
      vertex 0 9 1.99
    endloop
  endfacet
  facet normal 0 0 -1
    outer loop
      vertex -0.309016 8.95106 1.99
      vertex 0 10.8 1.99
      vertex -0.156434 8.98769 1.99
    endloop
  endfacet
  facet normal 0 0 -1
    outer loop
      vertex -1.68949 10.667 1.99
      vertex -0.309016 8.95106 1.99
      vertex -0.45399 8.89101 1.99
    endloop
  endfacet
  facet normal 0 0 -1
    outer loop
      vertex -1.68949 10.667 1.99
      vertex -0.45399 8.89101 1.99
      vertex -0.587785 8.80902 1.99
    endloop
  endfacet
  facet normal 0 0 -1
    outer loop
      vertex -1.68949 10.667 1.99
      vertex -0.587785 8.80902 1.99
      vertex -0.707107 8.70711 1.99
    endloop
  endfacet
  facet normal 0 0 -1
    outer loop
      vertex -1.68949 10.667 1.99
      vertex -0.707107 8.70711 1.99
      vertex -0.809016 8.58778 1.99
    endloop
  endfacet
  facet normal 0 0 -1
    outer loop
      vertex -1.68949 10.667 1.99
      vertex -0.809016 8.58778 1.99
      vertex -0.891006 8.45399 1.99
    endloop
  endfacet
  facet normal 0 0 -1
    outer loop
      vertex -3.33738 10.2714 1.99
      vertex -0.891006 8.45399 1.99
      vertex -0.951056 8.30902 1.99
    endloop
  endfacet
  facet normal 0 0 -1
    outer loop
      vertex -0.951056 7.69098 1.99
      vertex -4.9031 9.62287 1.99
      vertex -0.987688 7.84356 1.99
    endloop
  endfacet
  facet normal 0 0 -1
    outer loop
      vertex -0.309016 8.95106 1.99
      vertex -1.68949 10.667 1.99
      vertex 0 10.8 1.99
    endloop
  endfacet
  facet normal 0 0 -1
    outer loop
      vertex -3.33738 10.2714 1.99
      vertex -0.951056 8.30902 1.99
      vertex -0.987688 8.15643 1.99
    endloop
  endfacet
  facet normal 0 0 -1
    outer loop
      vertex -0.987688 7.84356 1.99
      vertex -4.9031 9.62287 1.99
      vertex -1 8 1.99
    endloop
  endfacet
  facet normal 0 -0 -1
    outer loop
      vertex -3.33738 10.2714 1.99
      vertex -1 8 1.99
      vertex -4.9031 9.62287 1.99
    endloop
  endfacet
  facet normal 0 0 -1
    outer loop
      vertex -4.9031 9.62287 1.99
      vertex -2.04296 4.00953 1.99
      vertex -2.64503 3.64058 1.99
    endloop
  endfacet
  facet normal 0 0 -1
    outer loop
      vertex -6.34808 8.73738 1.99
      vertex -2.64503 3.64058 1.99
      vertex -3.18198 3.18198 1.99
    endloop
  endfacet
  facet normal 0 0 -1
    outer loop
      vertex -0.891006 8.45399 1.99
      vertex -3.33738 10.2714 1.99
      vertex -1.68949 10.667 1.99
    endloop
  endfacet
  facet normal 0 0 -1
    outer loop
      vertex -6.34808 8.73738 1.99
      vertex -3.18198 3.18198 1.99
      vertex -3.64058 2.64503 1.99
    endloop
  endfacet
  facet normal 0 0 -1
    outer loop
      vertex -6.34808 8.73738 1.99
      vertex -3.64058 2.64503 1.99
      vertex -4.00953 2.04296 1.99
    endloop
  endfacet
  facet normal 0 0 -1
    outer loop
      vertex -7.04894 0.309016 1.99
      vertex -4.4446 0.703955 1.99
      vertex -7.01231 0.156434 1.99
    endloop
  endfacet
  facet normal 0 0 -1
    outer loop
      vertex -4.5 0 1.99
      vertex -7.01231 0.156434 1.99
      vertex -4.4446 0.703955 1.99
    endloop
  endfacet
  facet normal 0 0 -1
    outer loop
      vertex -1 8 1.99
      vertex -3.33738 10.2714 1.99
      vertex -0.987688 8.15643 1.99
    endloop
  endfacet
  facet normal 0 0 -1
    outer loop
      vertex -7.01231 0.156434 1.99
      vertex -4.5 0 1.99
      vertex -7 0 1.99
    endloop
  endfacet
  facet normal 0 0 -1
    outer loop
      vertex -9.62287 -4.9031 1.99
      vertex -4.00953 -2.04296 1.99
      vertex -8.73738 -6.34808 1.99
    endloop
  endfacet
  facet normal 0 -0 -1
    outer loop
      vertex -7.41221 -0.809016 1.99
      vertex -4.00953 -2.04296 1.99
      vertex -7.54601 -0.891006 1.99
    endloop
  endfacet
  facet normal 0 0 -1
    outer loop
      vertex -7.10899 0.45399 1.99
      vertex -4.4446 0.703955 1.99
      vertex -7.04894 0.309016 1.99
    endloop
  endfacet
  facet normal 0 0 -1
    outer loop
      vertex -2.64503 3.64058 1.99
      vertex -6.34808 8.73738 1.99
      vertex -4.9031 9.62287 1.99
    endloop
  endfacet
  facet normal -0 0 -1
    outer loop
      vertex -4.5 0 1.99
      vertex -7.01231 -0.156434 1.99
      vertex -7 0 1.99
    endloop
  endfacet
  facet normal 0 0 -1
    outer loop
      vertex -4.4446 -0.703955 1.99
      vertex -7.01231 -0.156434 1.99
      vertex -4.5 0 1.99
    endloop
  endfacet
  facet normal 0 -0 -1
    outer loop
      vertex -7.01231 -0.156434 1.99
      vertex -4.4446 -0.703955 1.99
      vertex -7.04894 -0.309016 1.99
    endloop
  endfacet
  facet normal 0 -0 -1
    outer loop
      vertex -7.04894 -0.309016 1.99
      vertex -4.4446 -0.703955 1.99
      vertex -7.10899 -0.45399 1.99
    endloop
  endfacet
  facet normal 0 -0 -1
    outer loop
      vertex -7.10899 -0.45399 1.99
      vertex -4.4446 -0.703955 1.99
      vertex -7.19098 -0.587785 1.99
    endloop
  endfacet
  facet normal 0 -0 -1
    outer loop
      vertex -7.19098 -0.587785 1.99
      vertex -4.27975 -1.39058 1.99
      vertex -7.29289 -0.707107 1.99
    endloop
  endfacet
  facet normal 0 0 -1
    outer loop
      vertex -4.27975 -1.39058 1.99
      vertex -7.19098 -0.587785 1.99
      vertex -4.4446 -0.703955 1.99
    endloop
  endfacet
  facet normal 0 0 -1
    outer loop
      vertex -4.00953 -2.04296 1.99
      vertex -7.41221 -0.809016 1.99
      vertex -4.27975 -1.39058 1.99
    endloop
  endfacet
  facet normal 0 -0 -1
    outer loop
      vertex -7.29289 -0.707107 1.99
      vertex -4.27975 -1.39058 1.99
      vertex -7.41221 -0.809016 1.99
    endloop
  endfacet
  facet normal 0 0 -1
    outer loop
      vertex -4.00953 -2.04296 1.99
      vertex -7.69098 -0.951056 1.99
      vertex -7.54601 -0.891006 1.99
    endloop
  endfacet
  facet normal -0 0 -1
    outer loop
      vertex -4.00953 -2.04296 1.99
      vertex -9.62287 -4.9031 1.99
      vertex -7.69098 -0.951056 1.99
    endloop
  endfacet
  facet normal 0 0 -1
    outer loop
      vertex -7.69098 -0.951056 1.99
      vertex -9.62287 -4.9031 1.99
      vertex -7.84356 -0.987688 1.99
    endloop
  endfacet
  facet normal 0 0 -1
    outer loop
      vertex -7.84356 -0.987688 1.99
      vertex -9.62287 -4.9031 1.99
      vertex -8 -1 1.99
    endloop
  endfacet
  facet normal 0 0 -1
    outer loop
      vertex -10.2714 -3.33738 1.99
      vertex -8 -1 1.99
      vertex -9.62287 -4.9031 1.99
    endloop
  endfacet
  facet normal -0 0 -1
    outer loop
      vertex -8 -1 1.99
      vertex -10.2714 -3.33738 1.99
      vertex -8.15643 -0.987688 1.99
    endloop
  endfacet
  facet normal -0 0 -1
    outer loop
      vertex -8.15643 -0.987688 1.99
      vertex -10.2714 -3.33738 1.99
      vertex -8.30902 -0.951056 1.99
    endloop
  endfacet
  facet normal -0 0 -1
    outer loop
      vertex -8.30902 -0.951056 1.99
      vertex -10.2714 -3.33738 1.99
      vertex -8.45399 -0.891006 1.99
    endloop
  endfacet
  facet normal 0 0 -1
    outer loop
      vertex -10.667 -1.68949 1.99
      vertex -8.45399 -0.891006 1.99
      vertex -10.2714 -3.33738 1.99
    endloop
  endfacet
  facet normal -0 0 -1
    outer loop
      vertex -8.45399 -0.891006 1.99
      vertex -10.667 -1.68949 1.99
      vertex -8.58778 -0.809016 1.99
    endloop
  endfacet
  facet normal -0 0 -1
    outer loop
      vertex -8.58778 -0.809016 1.99
      vertex -10.667 -1.68949 1.99
      vertex -8.70711 -0.707107 1.99
    endloop
  endfacet
  facet normal -0 0 -1
    outer loop
      vertex -8.70711 -0.707107 1.99
      vertex -10.667 -1.68949 1.99
      vertex -8.80902 -0.587785 1.99
    endloop
  endfacet
  facet normal -0 0 -1
    outer loop
      vertex -8.80902 -0.587785 1.99
      vertex -10.667 -1.68949 1.99
      vertex -8.89101 -0.45399 1.99
    endloop
  endfacet
  facet normal -0 0 -1
    outer loop
      vertex -8.89101 -0.45399 1.99
      vertex -10.667 -1.68949 1.99
      vertex -8.95106 -0.309016 1.99
    endloop
  endfacet
  facet normal 0 0 -1
    outer loop
      vertex 4.9031 -9.62287 1.99
      vertex 0.951056 -7.69098 1.99
      vertex 2.04296 -4.00953 1.99
    endloop
  endfacet
  facet normal 0 0 -1
    outer loop
      vertex 0.891006 -7.54601 1.99
      vertex 2.04296 -4.00953 1.99
      vertex 0.951056 -7.69098 1.99
    endloop
  endfacet
  facet normal 0 0 -1
    outer loop
      vertex 0.809016 -7.41221 1.99
      vertex 2.04296 -4.00953 1.99
      vertex 0.891006 -7.54601 1.99
    endloop
  endfacet
  facet normal 0 0 -1
    outer loop
      vertex 2.04296 -4.00953 1.99
      vertex 0.809016 -7.41221 1.99
      vertex 1.39058 -4.27975 1.99
    endloop
  endfacet
  facet normal 0 0 -1
    outer loop
      vertex 0.707107 -7.29289 1.99
      vertex 1.39058 -4.27975 1.99
      vertex 0.809016 -7.41221 1.99
    endloop
  endfacet
  facet normal 0 0 -1
    outer loop
      vertex 0.587785 -7.19098 1.99
      vertex 1.39058 -4.27975 1.99
      vertex 0.707107 -7.29289 1.99
    endloop
  endfacet
  facet normal 0 0 -1
    outer loop
      vertex 1.39058 -4.27975 1.99
      vertex 0.587785 -7.19098 1.99
      vertex 0.703955 -4.4446 1.99
    endloop
  endfacet
  facet normal 0 0 -1
    outer loop
      vertex 0.45399 -7.10899 1.99
      vertex 0.703955 -4.4446 1.99
      vertex 0.587785 -7.19098 1.99
    endloop
  endfacet
  facet normal 0 0 -1
    outer loop
      vertex 0.309016 -7.04894 1.99
      vertex 0.703955 -4.4446 1.99
      vertex 0.45399 -7.10899 1.99
    endloop
  endfacet
  facet normal 0 0 -1
    outer loop
      vertex 0.156434 -7.01231 1.99
      vertex 0.703955 -4.4446 1.99
      vertex 0.309016 -7.04894 1.99
    endloop
  endfacet
  facet normal 0 0 -1
    outer loop
      vertex 0 -4.5 1.99
      vertex 0.156434 -7.01231 1.99
      vertex 0 -7 1.99
    endloop
  endfacet
  facet normal 0 0 -1
    outer loop
      vertex 0.156434 -7.01231 1.99
      vertex 0 -4.5 1.99
      vertex 0.703955 -4.4446 1.99
    endloop
  endfacet
  facet normal 0 0 -1
    outer loop
      vertex -0.156434 -7.01231 1.99
      vertex 0 -4.5 1.99
      vertex 0 -7 1.99
    endloop
  endfacet
  facet normal 0 0 -1
    outer loop
      vertex -0.703955 -4.4446 1.99
      vertex -0.156434 -7.01231 1.99
      vertex -0.309016 -7.04894 1.99
    endloop
  endfacet
  facet normal 0 0 -1
    outer loop
      vertex -0.703955 -4.4446 1.99
      vertex -0.309016 -7.04894 1.99
      vertex -0.45399 -7.10899 1.99
    endloop
  endfacet
  facet normal 0 0 -1
    outer loop
      vertex -0.703955 -4.4446 1.99
      vertex -0.45399 -7.10899 1.99
      vertex -0.587785 -7.19098 1.99
    endloop
  endfacet
  facet normal 0 0 -1
    outer loop
      vertex -0.156434 -7.01231 1.99
      vertex -0.703955 -4.4446 1.99
      vertex 0 -4.5 1.99
    endloop
  endfacet
  facet normal 0 0 -1
    outer loop
      vertex -1.39058 -4.27975 1.99
      vertex -0.587785 -7.19098 1.99
      vertex -0.707107 -7.29289 1.99
    endloop
  endfacet
  facet normal 0 0 -1
    outer loop
      vertex -1.39058 -4.27975 1.99
      vertex -0.707107 -7.29289 1.99
      vertex -0.809016 -7.41221 1.99
    endloop
  endfacet
  facet normal 0 0 -1
    outer loop
      vertex -2.04296 -4.00953 1.99
      vertex -0.809016 -7.41221 1.99
      vertex -0.891006 -7.54601 1.99
    endloop
  endfacet
  facet normal 0 0 -1
    outer loop
      vertex -2.04296 -4.00953 1.99
      vertex -0.891006 -7.54601 1.99
      vertex -0.951056 -7.69098 1.99
    endloop
  endfacet
  facet normal 0 0 -1
    outer loop
      vertex -4.9031 -9.62287 1.99
      vertex -0.951056 -7.69098 1.99
      vertex -0.987688 -7.84356 1.99
    endloop
  endfacet
  facet normal 0 0 -1
    outer loop
      vertex -0.587785 -7.19098 1.99
      vertex -1.39058 -4.27975 1.99
      vertex -0.703955 -4.4446 1.99
    endloop
  endfacet
  facet normal 0 0 -1
    outer loop
      vertex -4.9031 -9.62287 1.99
      vertex -0.987688 -7.84356 1.99
      vertex -1 -8 1.99
    endloop
  endfacet
  facet normal 0 0 -1
    outer loop
      vertex 8.95106 -0.309016 1.99
      vertex 10.8 0 1.99
      vertex 10.667 -1.68949 1.99
    endloop
  endfacet
  facet normal 0 0 -1
    outer loop
      vertex 8.45399 -0.891006 1.99
      vertex 10.667 -1.68949 1.99
      vertex 10.2714 -3.33738 1.99
    endloop
  endfacet
  facet normal 0 0 -1
    outer loop
      vertex 10.8 0 1.99
      vertex 8.95106 -0.309016 1.99
      vertex 8.98769 -0.156434 1.99
    endloop
  endfacet
  facet normal 0 0 -1
    outer loop
      vertex 8 -1 1.99
      vertex 10.2714 -3.33738 1.99
      vertex 9.62287 -4.9031 1.99
    endloop
  endfacet
  facet normal 0 0 -1
    outer loop
      vertex 8.98769 0.156434 1.99
      vertex 10.8 0 1.99
      vertex 9 0 1.99
    endloop
  endfacet
  facet normal 0 0 -1
    outer loop
      vertex 10.8 0 1.99
      vertex 8.95106 0.309016 1.99
      vertex 10.667 1.68949 1.99
    endloop
  endfacet
  facet normal 0 0 -1
    outer loop
      vertex 8.95106 0.309016 1.99
      vertex 10.8 0 1.99
      vertex 8.98769 0.156434 1.99
    endloop
  endfacet
  facet normal -0 0 -1
    outer loop
      vertex 10.8 0 1.99
      vertex 8.98769 -0.156434 1.99
      vertex 9 0 1.99
    endloop
  endfacet
  facet normal 0 0 -1
    outer loop
      vertex 10.667 -1.68949 1.99
      vertex 8.89101 -0.45399 1.99
      vertex 8.95106 -0.309016 1.99
    endloop
  endfacet
  facet normal 0 0 -1
    outer loop
      vertex 10.667 -1.68949 1.99
      vertex 8.80902 -0.587785 1.99
      vertex 8.89101 -0.45399 1.99
    endloop
  endfacet
  facet normal 0 0 -1
    outer loop
      vertex 4.00953 -2.04296 1.99
      vertex 9.62287 -4.9031 1.99
      vertex 8.73738 -6.34808 1.99
    endloop
  endfacet
  facet normal 0 0 -1
    outer loop
      vertex 10.667 -1.68949 1.99
      vertex 8.70711 -0.707107 1.99
      vertex 8.80902 -0.587785 1.99
    endloop
  endfacet
  facet normal 0 0 -1
    outer loop
      vertex 10.667 -1.68949 1.99
      vertex 8.58778 -0.809016 1.99
      vertex 8.70711 -0.707107 1.99
    endloop
  endfacet
  facet normal 0 0 -1
    outer loop
      vertex 10.667 -1.68949 1.99
      vertex 8.45399 -0.891006 1.99
      vertex 8.58778 -0.809016 1.99
    endloop
  endfacet
  facet normal 0 0 -1
    outer loop
      vertex 10.2714 -3.33738 1.99
      vertex 8.30902 -0.951056 1.99
      vertex 8.45399 -0.891006 1.99
    endloop
  endfacet
  facet normal 0 0 -1
    outer loop
      vertex 10.2714 -3.33738 1.99
      vertex 8.15643 -0.987688 1.99
      vertex 8.30902 -0.951056 1.99
    endloop
  endfacet
  facet normal 0 0 -1
    outer loop
      vertex 10.2714 -3.33738 1.99
      vertex 8 -1 1.99
      vertex 8.15643 -0.987688 1.99
    endloop
  endfacet
  facet normal 0 0 -1
    outer loop
      vertex 9.62287 -4.9031 1.99
      vertex 7.84356 -0.987688 1.99
      vertex 8 -1 1.99
    endloop
  endfacet
  facet normal 0 0 -1
    outer loop
      vertex 9.62287 -4.9031 1.99
      vertex 7.69098 -0.951056 1.99
      vertex 7.84356 -0.987688 1.99
    endloop
  endfacet
  facet normal 0 0 -1
    outer loop
      vertex 4.00953 -2.04296 1.99
      vertex 8.73738 -6.34808 1.99
      vertex 7.63675 -7.63675 1.99
    endloop
  endfacet
  facet normal 0 0 -1
    outer loop
      vertex 9.62287 -4.9031 1.99
      vertex 4.00953 -2.04296 1.99
      vertex 7.69098 -0.951056 1.99
    endloop
  endfacet
  facet normal -0 0 -1
    outer loop
      vertex 7.69098 -0.951056 1.99
      vertex 4.00953 -2.04296 1.99
      vertex 7.54601 -0.891006 1.99
    endloop
  endfacet
  facet normal -0 0 -1
    outer loop
      vertex 7.54601 -0.891006 1.99
      vertex 4.00953 -2.04296 1.99
      vertex 7.41221 -0.809016 1.99
    endloop
  endfacet
  facet normal 0 -0 -1
    outer loop
      vertex 4.27975 -1.39058 1.99
      vertex 7.41221 -0.809016 1.99
      vertex 4.00953 -2.04296 1.99
    endloop
  endfacet
  facet normal -0 0 -1
    outer loop
      vertex 7.41221 -0.809016 1.99
      vertex 4.27975 -1.39058 1.99
      vertex 7.29289 -0.707107 1.99
    endloop
  endfacet
  facet normal -0 0 -1
    outer loop
      vertex 7.29289 -0.707107 1.99
      vertex 4.27975 -1.39058 1.99
      vertex 7.19098 -0.587785 1.99
    endloop
  endfacet
  facet normal 0 -0 -1
    outer loop
      vertex 4.4446 -0.703955 1.99
      vertex 7.19098 -0.587785 1.99
      vertex 4.27975 -1.39058 1.99
    endloop
  endfacet
  facet normal -0 0 -1
    outer loop
      vertex 7.19098 -0.587785 1.99
      vertex 4.4446 -0.703955 1.99
      vertex 7.10899 -0.45399 1.99
    endloop
  endfacet
  facet normal 0 0 -1
    outer loop
      vertex 4.00953 -2.04296 1.99
      vertex 7.63675 -7.63675 1.99
      vertex 6.34808 -8.73738 1.99
    endloop
  endfacet
  facet normal 0 0 -1
    outer loop
      vertex 8.89101 0.45399 1.99
      vertex 10.667 1.68949 1.99
      vertex 8.95106 0.309016 1.99
    endloop
  endfacet
  facet normal 0 0 -1
    outer loop
      vertex 8.80902 0.587785 1.99
      vertex 10.667 1.68949 1.99
      vertex 8.89101 0.45399 1.99
    endloop
  endfacet
  facet normal 0 0 -1
    outer loop
      vertex 8.70711 0.707107 1.99
      vertex 10.667 1.68949 1.99
      vertex 8.80902 0.587785 1.99
    endloop
  endfacet
  facet normal 0 0 -1
    outer loop
      vertex 8.58778 0.809016 1.99
      vertex 10.667 1.68949 1.99
      vertex 8.70711 0.707107 1.99
    endloop
  endfacet
  facet normal 0 0 -1
    outer loop
      vertex 8.45399 0.891006 1.99
      vertex 10.667 1.68949 1.99
      vertex 8.58778 0.809016 1.99
    endloop
  endfacet
  facet normal -0 0 -1
    outer loop
      vertex 10.667 1.68949 1.99
      vertex 8.45399 0.891006 1.99
      vertex 10.2714 3.33738 1.99
    endloop
  endfacet
  facet normal 0 0 -1
    outer loop
      vertex 8.30902 0.951056 1.99
      vertex 10.2714 3.33738 1.99
      vertex 8.45399 0.891006 1.99
    endloop
  endfacet
  facet normal 0 0 -1
    outer loop
      vertex 8.15643 0.987688 1.99
      vertex 10.2714 3.33738 1.99
      vertex 8.30902 0.951056 1.99
    endloop
  endfacet
  facet normal 0 0 -1
    outer loop
      vertex 8 1 1.99
      vertex 10.2714 3.33738 1.99
      vertex 8.15643 0.987688 1.99
    endloop
  endfacet
  facet normal -0 0 -1
    outer loop
      vertex 10.2714 3.33738 1.99
      vertex 8 1 1.99
      vertex 9.62287 4.9031 1.99
    endloop
  endfacet
  facet normal 0 0 -1
    outer loop
      vertex 7.84356 0.987688 1.99
      vertex 9.62287 4.9031 1.99
      vertex 8 1 1.99
    endloop
  endfacet
  facet normal 0 0 -1
    outer loop
      vertex 7.69098 0.951056 1.99
      vertex 9.62287 4.9031 1.99
      vertex 7.84356 0.987688 1.99
    endloop
  endfacet
  facet normal 0 0 -1
    outer loop
      vertex 4.00953 2.04296 1.99
      vertex 9.62287 4.9031 1.99
      vertex 7.69098 0.951056 1.99
    endloop
  endfacet
  facet normal 0 0 -1
    outer loop
      vertex 4.00953 2.04296 1.99
      vertex 7.69098 0.951056 1.99
      vertex 7.54601 0.891006 1.99
    endloop
  endfacet
  facet normal 0 0 -1
    outer loop
      vertex 7.29289 0.707107 1.99
      vertex 4.27975 1.39058 1.99
      vertex 7.41221 0.809016 1.99
    endloop
  endfacet
  facet normal 0 0 -1
    outer loop
      vertex 4.00953 2.04296 1.99
      vertex 7.41221 0.809016 1.99
      vertex 4.27975 1.39058 1.99
    endloop
  endfacet
  facet normal 0 0 -1
    outer loop
      vertex 4.27975 1.39058 1.99
      vertex 7.19098 0.587785 1.99
      vertex 4.4446 0.703955 1.99
    endloop
  endfacet
  facet normal 0 0 -1
    outer loop
      vertex 7.10899 0.45399 1.99
      vertex 4.4446 0.703955 1.99
      vertex 7.19098 0.587785 1.99
    endloop
  endfacet
  facet normal 0 0 -1
    outer loop
      vertex 7.04894 0.309016 1.99
      vertex 4.4446 0.703955 1.99
      vertex 7.10899 0.45399 1.99
    endloop
  endfacet
  facet normal 0 0 -1
    outer loop
      vertex 7.01231 0.156434 1.99
      vertex 4.4446 0.703955 1.99
      vertex 7.04894 0.309016 1.99
    endloop
  endfacet
  facet normal 0 0 -1
    outer loop
      vertex 4.4446 0.703955 1.99
      vertex 7.01231 0.156434 1.99
      vertex 4.5 0 1.99
    endloop
  endfacet
  facet normal 0 0 -1
    outer loop
      vertex 7.19098 0.587785 1.99
      vertex 4.27975 1.39058 1.99
      vertex 7.29289 0.707107 1.99
    endloop
  endfacet
  facet normal 0 0 -1
    outer loop
      vertex 4.5 0 1.99
      vertex 7.01231 0.156434 1.99
      vertex 7 0 1.99
    endloop
  endfacet
  facet normal -0 0 -1
    outer loop
      vertex 7.10899 -0.45399 1.99
      vertex 4.4446 -0.703955 1.99
      vertex 7.04894 -0.309016 1.99
    endloop
  endfacet
  facet normal 0 0 -1
    outer loop
      vertex 2.64503 -3.64058 1.99
      vertex 6.34808 -8.73738 1.99
      vertex 4.9031 -9.62287 1.99
    endloop
  endfacet
  facet normal 0 0 -1
    outer loop
      vertex 7.41221 0.809016 1.99
      vertex 4.00953 2.04296 1.99
      vertex 7.54601 0.891006 1.99
    endloop
  endfacet
  facet normal -0 0 -1
    outer loop
      vertex 9.62287 4.9031 1.99
      vertex 4.00953 2.04296 1.99
      vertex 8.73738 6.34808 1.99
    endloop
  endfacet
  facet normal 0 0 -1
    outer loop
      vertex 7.01231 -0.156434 1.99
      vertex 4.5 0 1.99
      vertex 7 0 1.99
    endloop
  endfacet
  facet normal 0 -0 -1
    outer loop
      vertex 4.5 0 1.99
      vertex 7.01231 -0.156434 1.99
      vertex 4.4446 -0.703955 1.99
    endloop
  endfacet
  facet normal -0 0 -1
    outer loop
      vertex 7.04894 -0.309016 1.99
      vertex 4.4446 -0.703955 1.99
      vertex 7.01231 -0.156434 1.99
    endloop
  endfacet
  facet normal 0 0 -1
    outer loop
      vertex 6.34808 -8.73738 1.99
      vertex 3.64058 -2.64503 1.99
      vertex 4.00953 -2.04296 1.99
    endloop
  endfacet
  facet normal 0 0 -1
    outer loop
      vertex 1 -8 1.99
      vertex 4.9031 -9.62287 1.99
      vertex 3.33738 -10.2714 1.99
    endloop
  endfacet
  facet normal 0 0 -1
    outer loop
      vertex 6.34808 -8.73738 1.99
      vertex 3.18198 -3.18198 1.99
      vertex 3.64058 -2.64503 1.99
    endloop
  endfacet
  facet normal 0 0 -1
    outer loop
      vertex 6.34808 -8.73738 1.99
      vertex 2.64503 -3.64058 1.99
      vertex 3.18198 -3.18198 1.99
    endloop
  endfacet
  facet normal 0 0 -1
    outer loop
      vertex 0.987688 -7.84356 1.99
      vertex 4.9031 -9.62287 1.99
      vertex 1 -8 1.99
    endloop
  endfacet
  facet normal 0 0 -1
    outer loop
      vertex 0.891006 -8.45399 1.99
      vertex 3.33738 -10.2714 1.99
      vertex 1.68949 -10.667 1.99
    endloop
  endfacet
  facet normal 0 0 -1
    outer loop
      vertex 4.9031 -9.62287 1.99
      vertex 2.04296 -4.00953 1.99
      vertex 2.64503 -3.64058 1.99
    endloop
  endfacet
  facet normal 0 0 -1
    outer loop
      vertex 0.951056 -7.69098 1.99
      vertex 4.9031 -9.62287 1.99
      vertex 0.987688 -7.84356 1.99
    endloop
  endfacet
  facet normal 0 0 -1
    outer loop
      vertex 3.33738 -10.2714 1.99
      vertex 0.987688 -8.15643 1.99
      vertex 1 -8 1.99
    endloop
  endfacet
  facet normal 0 0 -1
    outer loop
      vertex 3.33738 -10.2714 1.99
      vertex 0.951056 -8.30902 1.99
      vertex 0.987688 -8.15643 1.99
    endloop
  endfacet
  facet normal 0 0 -1
    outer loop
      vertex 3.33738 -10.2714 1.99
      vertex 0.891006 -8.45399 1.99
      vertex 0.951056 -8.30902 1.99
    endloop
  endfacet
  facet normal 0 0 -1
    outer loop
      vertex 1.68949 -10.667 1.99
      vertex 0.809016 -8.58778 1.99
      vertex 0.891006 -8.45399 1.99
    endloop
  endfacet
  facet normal 0 0 -1
    outer loop
      vertex 1.68949 -10.667 1.99
      vertex 0.707107 -8.70711 1.99
      vertex 0.809016 -8.58778 1.99
    endloop
  endfacet
  facet normal 0 0 -1
    outer loop
      vertex 1.68949 -10.667 1.99
      vertex 0.587785 -8.80902 1.99
      vertex 0.707107 -8.70711 1.99
    endloop
  endfacet
  facet normal 0 0 -1
    outer loop
      vertex 1.68949 -10.667 1.99
      vertex 0.45399 -8.89101 1.99
      vertex 0.587785 -8.80902 1.99
    endloop
  endfacet
  facet normal 0 0 -1
    outer loop
      vertex 1.68949 -10.667 1.99
      vertex 0.309016 -8.95106 1.99
      vertex 0.45399 -8.89101 1.99
    endloop
  endfacet
  facet normal 0 0 -1
    outer loop
      vertex 0 -10.8 1.99
      vertex 0.309016 -8.95106 1.99
      vertex 1.68949 -10.667 1.99
    endloop
  endfacet
  facet normal 0 0 -1
    outer loop
      vertex 0.309016 -8.95106 1.99
      vertex 0 -10.8 1.99
      vertex 0.156434 -8.98769 1.99
    endloop
  endfacet
  facet normal 0 0 -1
    outer loop
      vertex 0 -10.8 1.99
      vertex 0 -9 1.99
      vertex 0.156434 -8.98769 1.99
    endloop
  endfacet
  facet normal 0 0 -1
    outer loop
      vertex 0 -10.8 1.99
      vertex -0.156434 -8.98769 1.99
      vertex 0 -9 1.99
    endloop
  endfacet
  facet normal 0 0 -1
    outer loop
      vertex 0 -10.8 1.99
      vertex -0.309016 -8.95106 1.99
      vertex -0.156434 -8.98769 1.99
    endloop
  endfacet
  facet normal 0 0 -1
    outer loop
      vertex -1.68949 -10.667 1.99
      vertex -0.309016 -8.95106 1.99
      vertex 0 -10.8 1.99
    endloop
  endfacet
  facet normal -0 0 -1
    outer loop
      vertex -0.309016 -8.95106 1.99
      vertex -1.68949 -10.667 1.99
      vertex -0.45399 -8.89101 1.99
    endloop
  endfacet
  facet normal -0 0 -1
    outer loop
      vertex -0.45399 -8.89101 1.99
      vertex -1.68949 -10.667 1.99
      vertex -0.587785 -8.80902 1.99
    endloop
  endfacet
  facet normal -0 0 -1
    outer loop
      vertex -0.587785 -8.80902 1.99
      vertex -1.68949 -10.667 1.99
      vertex -0.707107 -8.70711 1.99
    endloop
  endfacet
  facet normal -0 0 -1
    outer loop
      vertex -0.707107 -8.70711 1.99
      vertex -1.68949 -10.667 1.99
      vertex -0.809016 -8.58778 1.99
    endloop
  endfacet
  facet normal -0 0 -1
    outer loop
      vertex -0.809016 -8.58778 1.99
      vertex -1.68949 -10.667 1.99
      vertex -0.891006 -8.45399 1.99
    endloop
  endfacet
  facet normal 0 0 -1
    outer loop
      vertex -3.33738 -10.2714 1.99
      vertex -1 -8 1.99
      vertex -0.987688 -8.15643 1.99
    endloop
  endfacet
  facet normal 0 0 -1
    outer loop
      vertex -3.33738 -10.2714 1.99
      vertex -0.891006 -8.45399 1.99
      vertex -1.68949 -10.667 1.99
    endloop
  endfacet
  facet normal -0 0 -1
    outer loop
      vertex -0.891006 -8.45399 1.99
      vertex -3.33738 -10.2714 1.99
      vertex -0.951056 -8.30902 1.99
    endloop
  endfacet
  facet normal -0 0 -1
    outer loop
      vertex -0.951056 -8.30902 1.99
      vertex -3.33738 -10.2714 1.99
      vertex -0.987688 -8.15643 1.99
    endloop
  endfacet
  facet normal 0 0 -1
    outer loop
      vertex -1 -8 1.99
      vertex -3.33738 -10.2714 1.99
      vertex -4.9031 -9.62287 1.99
    endloop
  endfacet
  facet normal 0 0 -1
    outer loop
      vertex -0.809016 -7.41221 1.99
      vertex -2.04296 -4.00953 1.99
      vertex -1.39058 -4.27975 1.99
    endloop
  endfacet
  facet normal -0 0 -1
    outer loop
      vertex -0.951056 -7.69098 1.99
      vertex -4.9031 -9.62287 1.99
      vertex -2.04296 -4.00953 1.99
    endloop
  endfacet
  facet normal -0 0 -1
    outer loop
      vertex -2.04296 -4.00953 1.99
      vertex -4.9031 -9.62287 1.99
      vertex -2.64503 -3.64058 1.99
    endloop
  endfacet
  facet normal 0 0 -1
    outer loop
      vertex -6.34808 -8.73738 1.99
      vertex -2.64503 -3.64058 1.99
      vertex -4.9031 -9.62287 1.99
    endloop
  endfacet
  facet normal -0 0 -1
    outer loop
      vertex -2.64503 -3.64058 1.99
      vertex -6.34808 -8.73738 1.99
      vertex -3.18198 -3.18198 1.99
    endloop
  endfacet
  facet normal 0 0 -1
    outer loop
      vertex -7.63675 -7.63675 1.99
      vertex -3.18198 -3.18198 1.99
      vertex -6.34808 -8.73738 1.99
    endloop
  endfacet
  facet normal -0 0 -1
    outer loop
      vertex -3.18198 -3.18198 1.99
      vertex -7.63675 -7.63675 1.99
      vertex -3.64058 -2.64503 1.99
    endloop
  endfacet
  facet normal -0 0 -1
    outer loop
      vertex -3.64058 -2.64503 1.99
      vertex -8.73738 -6.34808 1.99
      vertex -4.00953 -2.04296 1.99
    endloop
  endfacet
  facet normal 0 0 -1
    outer loop
      vertex -8.73738 -6.34808 1.99
      vertex -3.64058 -2.64503 1.99
      vertex -7.63675 -7.63675 1.99
    endloop
  endfacet
  facet normal -0.0784792 0.996916 0
    outer loop
      vertex 1.68949 -10.667 0
      vertex 0 -10.8 1.99
      vertex 1.68949 -10.667 1.99
    endloop
  endfacet
  facet normal -0.0784792 0.996916 0
    outer loop
      vertex 0 -10.8 1.99
      vertex 1.68949 -10.667 0
      vertex 0 -10.8 0
    endloop
  endfacet
  facet normal 0.382677 0.923882 -0
    outer loop
      vertex -3.33738 -10.2714 0
      vertex -4.9031 -9.62287 1.99
      vertex -3.33738 -10.2714 1.99
    endloop
  endfacet
  facet normal 0.382677 0.923882 0
    outer loop
      vertex -4.9031 -9.62287 1.99
      vertex -3.33738 -10.2714 0
      vertex -4.9031 -9.62287 0
    endloop
  endfacet
  facet normal 0.852639 0.522501 0
    outer loop
      vertex -8.73738 -6.34808 1.99
      vertex -9.62287 -4.9031 0
      vertex -9.62287 -4.9031 1.99
    endloop
  endfacet
  facet normal 0.852639 0.522501 0
    outer loop
      vertex -9.62287 -4.9031 0
      vertex -8.73738 -6.34808 1.99
      vertex -8.73738 -6.34808 0
    endloop
  endfacet
  facet normal -0.233432 0.972373 0
    outer loop
      vertex 3.33738 -10.2714 0
      vertex 1.68949 -10.667 1.99
      vertex 3.33738 -10.2714 1.99
    endloop
  endfacet
  facet normal -0.233432 0.972373 0
    outer loop
      vertex 1.68949 -10.667 1.99
      vertex 3.33738 -10.2714 0
      vertex 1.68949 -10.667 0
    endloop
  endfacet
  facet normal -0.649449 0.760405 0
    outer loop
      vertex 7.63675 -7.63675 0
      vertex 6.34808 -8.73738 1.99
      vertex 7.63675 -7.63675 1.99
    endloop
  endfacet
  facet normal -0.649449 0.760405 0
    outer loop
      vertex 6.34808 -8.73738 1.99
      vertex 7.63675 -7.63675 0
      vertex 6.34808 -8.73738 0
    endloop
  endfacet
  facet normal 0.996916 0.0784792 0
    outer loop
      vertex -10.667 -1.68949 1.99
      vertex -10.8 0 0
      vertex -10.8 0 1.99
    endloop
  endfacet
  facet normal 0.996916 0.0784792 0
    outer loop
      vertex -10.8 0 0
      vertex -10.667 -1.68949 1.99
      vertex -10.667 -1.68949 0
    endloop
  endfacet
  facet normal -0.972373 0.233432 0
    outer loop
      vertex 10.2714 -3.33738 0
      vertex 10.667 -1.68949 1.99
      vertex 10.667 -1.68949 0
    endloop
  endfacet
  facet normal -0.972373 0.233432 0
    outer loop
      vertex 10.667 -1.68949 1.99
      vertex 10.2714 -3.33738 0
      vertex 10.2714 -3.33738 1.99
    endloop
  endfacet
  facet normal -0.382677 -0.923882 0
    outer loop
      vertex 3.33738 10.2714 0
      vertex 4.9031 9.62287 1.99
      vertex 3.33738 10.2714 1.99
    endloop
  endfacet
  facet normal -0.382677 -0.923882 -0
    outer loop
      vertex 4.9031 9.62287 1.99
      vertex 3.33738 10.2714 0
      vertex 4.9031 9.62287 0
    endloop
  endfacet
  facet normal -0.0784792 -0.996916 0
    outer loop
      vertex 0 10.8 0
      vertex 1.68949 10.667 1.99
      vertex 0 10.8 1.99
    endloop
  endfacet
  facet normal -0.0784792 -0.996916 -0
    outer loop
      vertex 1.68949 10.667 1.99
      vertex 0 10.8 0
      vertex 1.68949 10.667 0
    endloop
  endfacet
  facet normal 0.852639 -0.522501 0
    outer loop
      vertex -9.62287 4.9031 1.99
      vertex -8.73738 6.34808 0
      vertex -8.73738 6.34808 1.99
    endloop
  endfacet
  facet normal 0.852639 -0.522501 0
    outer loop
      vertex -8.73738 6.34808 0
      vertex -9.62287 4.9031 1.99
      vertex -9.62287 4.9031 0
    endloop
  endfacet
  facet normal 0.923882 0.382678 0
    outer loop
      vertex -4.00953 -2.04296 6
      vertex -4.27975 -1.39058 1.99
      vertex -4.27975 -1.39058 6
    endloop
  endfacet
  facet normal 0.923882 0.382678 0
    outer loop
      vertex -4.27975 -1.39058 1.99
      vertex -4.00953 -2.04296 6
      vertex -4.00953 -2.04296 1.99
    endloop
  endfacet
  facet normal -0.0784556 0.996918 0
    outer loop
      vertex 0.703955 -4.4446 1.99
      vertex 0 -4.5 6
      vertex 0.703955 -4.4446 6
    endloop
  endfacet
  facet normal -0.0784556 0.996918 0
    outer loop
      vertex 0 -4.5 6
      vertex 0.703955 -4.4446 1.99
      vertex 0 -4.5 1.99
    endloop
  endfacet
  facet normal -0.972368 -0.233453 0
    outer loop
      vertex 4.4446 0.703955 1.99
      vertex 4.27975 1.39058 6
      vertex 4.27975 1.39058 1.99
    endloop
  endfacet
  facet normal -0.972368 -0.233453 0
    outer loop
      vertex 4.27975 1.39058 6
      vertex 4.4446 0.703955 1.99
      vertex 4.4446 0.703955 6
    endloop
  endfacet
  facet normal -0.996918 -0.0784556 0
    outer loop
      vertex 4.5 0 1.99
      vertex 4.4446 0.703955 6
      vertex 4.4446 0.703955 1.99
    endloop
  endfacet
  facet normal -0.996918 -0.0784556 0
    outer loop
      vertex 4.4446 0.703955 6
      vertex 4.5 0 1.99
      vertex 4.5 0 6
    endloop
  endfacet
  facet normal -0.923882 -0.382678 0
    outer loop
      vertex 4.27975 1.39058 1.99
      vertex 4.00953 2.04296 6
      vertex 4.00953 2.04296 1.99
    endloop
  endfacet
  facet normal -0.923882 -0.382678 0
    outer loop
      vertex 4.00953 2.04296 6
      vertex 4.27975 1.39058 1.99
      vertex 4.27975 1.39058 6
    endloop
  endfacet
  facet normal -0.996918 0.0784556 0
    outer loop
      vertex 4.4446 -0.703955 1.99
      vertex 4.5 0 6
      vertex 4.5 0 1.99
    endloop
  endfacet
  facet normal -0.996918 0.0784556 0
    outer loop
      vertex 4.5 0 6
      vertex 4.4446 -0.703955 1.99
      vertex 4.4446 -0.703955 6
    endloop
  endfacet
  facet normal 0.649449 0.760405 -0
    outer loop
      vertex -2.64503 -3.64058 1.99
      vertex -3.18198 -3.18198 6
      vertex -2.64503 -3.64058 6
    endloop
  endfacet
  facet normal 0.649449 0.760405 0
    outer loop
      vertex -3.18198 -3.18198 6
      vertex -2.64503 -3.64058 1.99
      vertex -3.18198 -3.18198 1.99
    endloop
  endfacet
  facet normal -0.85264 -0.5225 0
    outer loop
      vertex 4.00953 2.04296 1.99
      vertex 3.64058 2.64503 6
      vertex 3.64058 2.64503 1.99
    endloop
  endfacet
  facet normal -0.85264 -0.5225 0
    outer loop
      vertex 3.64058 2.64503 6
      vertex 4.00953 2.04296 1.99
      vertex 4.00953 2.04296 6
    endloop
  endfacet
  facet normal -0.760405 -0.649449 0
    outer loop
      vertex 3.64058 2.64503 1.99
      vertex 3.18198 3.18198 6
      vertex 3.18198 3.18198 1.99
    endloop
  endfacet
  facet normal -0.760405 -0.649449 0
    outer loop
      vertex 3.18198 3.18198 6
      vertex 3.64058 2.64503 1.99
      vertex 3.64058 2.64503 6
    endloop
  endfacet
  facet normal -0.649449 0.760405 0
    outer loop
      vertex 3.18198 -3.18198 1.99
      vertex 2.64503 -3.64058 6
      vertex 3.18198 -3.18198 6
    endloop
  endfacet
  facet normal -0.649449 0.760405 0
    outer loop
      vertex 2.64503 -3.64058 6
      vertex 3.18198 -3.18198 1.99
      vertex 2.64503 -3.64058 1.99
    endloop
  endfacet
  facet normal 0.5225 -0.85264 0
    outer loop
      vertex -2.64503 3.64058 1.99
      vertex -2.04296 4.00953 6
      vertex -2.64503 3.64058 6
    endloop
  endfacet
  facet normal 0.5225 -0.85264 0
    outer loop
      vertex -2.04296 4.00953 6
      vertex -2.64503 3.64058 1.99
      vertex -2.04296 4.00953 1.99
    endloop
  endfacet
  facet normal 0.85264 -0.5225 0
    outer loop
      vertex -4.00953 2.04296 6
      vertex -3.64058 2.64503 1.99
      vertex -3.64058 2.64503 6
    endloop
  endfacet
  facet normal 0.85264 -0.5225 0
    outer loop
      vertex -3.64058 2.64503 1.99
      vertex -4.00953 2.04296 6
      vertex -4.00953 2.04296 1.99
    endloop
  endfacet
  facet normal 0.996918 -0.0784556 0
    outer loop
      vertex -4.5 0 6
      vertex -4.4446 0.703955 1.99
      vertex -4.4446 0.703955 6
    endloop
  endfacet
  facet normal 0.996918 -0.0784556 0
    outer loop
      vertex -4.4446 0.703955 1.99
      vertex -4.5 0 6
      vertex -4.5 0 1.99
    endloop
  endfacet
  facet normal -0.382678 0.923882 0
    outer loop
      vertex 2.04296 -4.00953 1.99
      vertex 1.39058 -4.27975 6
      vertex 2.04296 -4.00953 6
    endloop
  endfacet
  facet normal -0.382678 0.923882 0
    outer loop
      vertex 1.39058 -4.27975 6
      vertex 2.04296 -4.00953 1.99
      vertex 1.39058 -4.27975 1.99
    endloop
  endfacet
  facet normal 0.0784556 0.996918 -0
    outer loop
      vertex 0 -4.5 1.99
      vertex -0.703955 -4.4446 6
      vertex 0 -4.5 6
    endloop
  endfacet
  facet normal 0.0784556 0.996918 0
    outer loop
      vertex -0.703955 -4.4446 6
      vertex 0 -4.5 1.99
      vertex -0.703955 -4.4446 1.99
    endloop
  endfacet
  facet normal -0.0784556 -0.996918 0
    outer loop
      vertex 0 4.5 1.99
      vertex 0.703955 4.4446 6
      vertex 0 4.5 6
    endloop
  endfacet
  facet normal -0.0784556 -0.996918 -0
    outer loop
      vertex 0.703955 4.4446 6
      vertex 0 4.5 1.99
      vertex 0.703955 4.4446 1.99
    endloop
  endfacet
  facet normal -0.923882 0.382678 0
    outer loop
      vertex 4.00953 -2.04296 1.99
      vertex 4.27975 -1.39058 6
      vertex 4.27975 -1.39058 1.99
    endloop
  endfacet
  facet normal -0.923882 0.382678 0
    outer loop
      vertex 4.27975 -1.39058 6
      vertex 4.00953 -2.04296 1.99
      vertex 4.00953 -2.04296 6
    endloop
  endfacet
  facet normal -0.233453 -0.972368 0
    outer loop
      vertex 0.703955 4.4446 1.99
      vertex 1.39058 4.27975 6
      vertex 0.703955 4.4446 6
    endloop
  endfacet
  facet normal -0.233453 -0.972368 -0
    outer loop
      vertex 1.39058 4.27975 6
      vertex 0.703955 4.4446 1.99
      vertex 1.39058 4.27975 1.99
    endloop
  endfacet
  facet normal 0.996918 0.0784556 0
    outer loop
      vertex -4.4446 -0.703955 6
      vertex -4.5 0 1.99
      vertex -4.5 0 6
    endloop
  endfacet
  facet normal 0.996918 0.0784556 0
    outer loop
      vertex -4.5 0 1.99
      vertex -4.4446 -0.703955 6
      vertex -4.4446 -0.703955 1.99
    endloop
  endfacet
  facet normal -0.760405 0.649449 0
    outer loop
      vertex 3.18198 -3.18198 1.99
      vertex 3.64058 -2.64503 6
      vertex 3.64058 -2.64503 1.99
    endloop
  endfacet
  facet normal -0.760405 0.649449 0
    outer loop
      vertex 3.64058 -2.64503 6
      vertex 3.18198 -3.18198 1.99
      vertex 3.18198 -3.18198 6
    endloop
  endfacet
  facet normal 0.972368 0.233453 0
    outer loop
      vertex -4.27975 -1.39058 6
      vertex -4.4446 -0.703955 1.99
      vertex -4.4446 -0.703955 6
    endloop
  endfacet
  facet normal 0.972368 0.233453 0
    outer loop
      vertex -4.4446 -0.703955 1.99
      vertex -4.27975 -1.39058 6
      vertex -4.27975 -1.39058 1.99
    endloop
  endfacet
  facet normal -0.5225 -0.85264 0
    outer loop
      vertex 2.04296 4.00953 1.99
      vertex 2.64503 3.64058 6
      vertex 2.04296 4.00953 6
    endloop
  endfacet
  facet normal -0.5225 -0.85264 -0
    outer loop
      vertex 2.64503 3.64058 6
      vertex 2.04296 4.00953 1.99
      vertex 2.64503 3.64058 1.99
    endloop
  endfacet
  facet normal -0.233453 0.972368 0
    outer loop
      vertex 1.39058 -4.27975 1.99
      vertex 0.703955 -4.4446 6
      vertex 1.39058 -4.27975 6
    endloop
  endfacet
  facet normal -0.233453 0.972368 0
    outer loop
      vertex 0.703955 -4.4446 6
      vertex 1.39058 -4.27975 1.99
      vertex 0.703955 -4.4446 1.99
    endloop
  endfacet
  facet normal 0.649449 -0.760405 0
    outer loop
      vertex -3.18198 3.18198 1.99
      vertex -2.64503 3.64058 6
      vertex -3.18198 3.18198 6
    endloop
  endfacet
  facet normal 0.649449 -0.760405 0
    outer loop
      vertex -2.64503 3.64058 6
      vertex -3.18198 3.18198 1.99
      vertex -2.64503 3.64058 1.99
    endloop
  endfacet
  facet normal 0.382678 -0.923882 0
    outer loop
      vertex -2.04296 4.00953 1.99
      vertex -1.39058 4.27975 6
      vertex -2.04296 4.00953 6
    endloop
  endfacet
  facet normal 0.382678 -0.923882 0
    outer loop
      vertex -1.39058 4.27975 6
      vertex -2.04296 4.00953 1.99
      vertex -1.39058 4.27975 1.99
    endloop
  endfacet
  facet normal 0.972368 -0.233453 0
    outer loop
      vertex -4.4446 0.703955 6
      vertex -4.27975 1.39058 1.99
      vertex -4.27975 1.39058 6
    endloop
  endfacet
  facet normal 0.972368 -0.233453 0
    outer loop
      vertex -4.27975 1.39058 1.99
      vertex -4.4446 0.703955 6
      vertex -4.4446 0.703955 1.99
    endloop
  endfacet
  facet normal -0.649449 -0.760405 0
    outer loop
      vertex 2.64503 3.64058 1.99
      vertex 3.18198 3.18198 6
      vertex 2.64503 3.64058 6
    endloop
  endfacet
  facet normal -0.649449 -0.760405 -0
    outer loop
      vertex 3.18198 3.18198 6
      vertex 2.64503 3.64058 1.99
      vertex 3.18198 3.18198 1.99
    endloop
  endfacet
  facet normal -0.382678 -0.923882 0
    outer loop
      vertex 1.39058 4.27975 1.99
      vertex 2.04296 4.00953 6
      vertex 1.39058 4.27975 6
    endloop
  endfacet
  facet normal -0.382678 -0.923882 -0
    outer loop
      vertex 2.04296 4.00953 6
      vertex 1.39058 4.27975 1.99
      vertex 2.04296 4.00953 1.99
    endloop
  endfacet
  facet normal 0.760405 -0.649449 0
    outer loop
      vertex -3.64058 2.64503 6
      vertex -3.18198 3.18198 1.99
      vertex -3.18198 3.18198 6
    endloop
  endfacet
  facet normal 0.760405 -0.649449 0
    outer loop
      vertex -3.18198 3.18198 1.99
      vertex -3.64058 2.64503 6
      vertex -3.64058 2.64503 1.99
    endloop
  endfacet
  facet normal 0.0784556 -0.996918 0
    outer loop
      vertex -0.703955 4.4446 1.99
      vertex 0 4.5 6
      vertex -0.703955 4.4446 6
    endloop
  endfacet
  facet normal 0.0784556 -0.996918 0
    outer loop
      vertex 0 4.5 6
      vertex -0.703955 4.4446 1.99
      vertex 0 4.5 1.99
    endloop
  endfacet
  facet normal 0.85264 0.5225 0
    outer loop
      vertex -3.64058 -2.64503 6
      vertex -4.00953 -2.04296 1.99
      vertex -4.00953 -2.04296 6
    endloop
  endfacet
  facet normal 0.85264 0.5225 0
    outer loop
      vertex -4.00953 -2.04296 1.99
      vertex -3.64058 -2.64503 6
      vertex -3.64058 -2.64503 1.99
    endloop
  endfacet
  facet normal -0.972368 0.233453 0
    outer loop
      vertex 4.27975 -1.39058 1.99
      vertex 4.4446 -0.703955 6
      vertex 4.4446 -0.703955 1.99
    endloop
  endfacet
  facet normal -0.972368 0.233453 0
    outer loop
      vertex 4.4446 -0.703955 6
      vertex 4.27975 -1.39058 1.99
      vertex 4.27975 -1.39058 6
    endloop
  endfacet
  facet normal 0.760405 0.649449 0
    outer loop
      vertex -3.18198 -3.18198 6
      vertex -3.64058 -2.64503 1.99
      vertex -3.64058 -2.64503 6
    endloop
  endfacet
  facet normal 0.760405 0.649449 0
    outer loop
      vertex -3.64058 -2.64503 1.99
      vertex -3.18198 -3.18198 6
      vertex -3.18198 -3.18198 1.99
    endloop
  endfacet
  facet normal -0.5225 0.85264 0
    outer loop
      vertex 2.64503 -3.64058 1.99
      vertex 2.04296 -4.00953 6
      vertex 2.64503 -3.64058 6
    endloop
  endfacet
  facet normal -0.5225 0.85264 0
    outer loop
      vertex 2.04296 -4.00953 6
      vertex 2.64503 -3.64058 1.99
      vertex 2.04296 -4.00953 1.99
    endloop
  endfacet
  facet normal -0.85264 0.5225 0
    outer loop
      vertex 3.64058 -2.64503 1.99
      vertex 4.00953 -2.04296 6
      vertex 4.00953 -2.04296 1.99
    endloop
  endfacet
  facet normal -0.85264 0.5225 0
    outer loop
      vertex 4.00953 -2.04296 6
      vertex 3.64058 -2.64503 1.99
      vertex 3.64058 -2.64503 6
    endloop
  endfacet
  facet normal 0.233453 -0.972368 0
    outer loop
      vertex -1.39058 4.27975 1.99
      vertex -0.703955 4.4446 6
      vertex -1.39058 4.27975 6
    endloop
  endfacet
  facet normal 0.233453 -0.972368 0
    outer loop
      vertex -0.703955 4.4446 6
      vertex -1.39058 4.27975 1.99
      vertex -0.703955 4.4446 1.99
    endloop
  endfacet
  facet normal 0.923882 -0.382678 0
    outer loop
      vertex -4.27975 1.39058 6
      vertex -4.00953 2.04296 1.99
      vertex -4.00953 2.04296 6
    endloop
  endfacet
  facet normal 0.923882 -0.382678 0
    outer loop
      vertex -4.00953 2.04296 1.99
      vertex -4.27975 1.39058 6
      vertex -4.27975 1.39058 1.99
    endloop
  endfacet
  facet normal 0.382678 0.923882 -0
    outer loop
      vertex -1.39058 -4.27975 1.99
      vertex -2.04296 -4.00953 6
      vertex -1.39058 -4.27975 6
    endloop
  endfacet
  facet normal 0.382678 0.923882 0
    outer loop
      vertex -2.04296 -4.00953 6
      vertex -1.39058 -4.27975 1.99
      vertex -2.04296 -4.00953 1.99
    endloop
  endfacet
  facet normal 0.233453 0.972368 -0
    outer loop
      vertex -0.703955 -4.4446 1.99
      vertex -1.39058 -4.27975 6
      vertex -0.703955 -4.4446 6
    endloop
  endfacet
  facet normal 0.233453 0.972368 0
    outer loop
      vertex -1.39058 -4.27975 6
      vertex -0.703955 -4.4446 1.99
      vertex -1.39058 -4.27975 1.99
    endloop
  endfacet
  facet normal 0.5225 0.85264 -0
    outer loop
      vertex -2.04296 -4.00953 1.99
      vertex -2.64503 -3.64058 6
      vertex -2.04296 -4.00953 6
    endloop
  endfacet
  facet normal 0.5225 0.85264 0
    outer loop
      vertex -2.64503 -3.64058 6
      vertex -2.04296 -4.00953 1.99
      vertex -2.64503 -3.64058 1.99
    endloop
  endfacet
  facet normal -0.00216502 0.866555 0.499078
    outer loop
      vertex -10.7071 9.24645 178.612
      vertex -14.5 5.35 185.361
      vertex -10.5878 9.19549 178.701
    endloop
  endfacet
  facet normal 0.00105251 0.865774 0.500435
    outer loop
      vertex -10.809 9.30611 178.509
      vertex -14.5 5.35 185.361
      vertex -10.7071 9.24645 178.612
    endloop
  endfacet
  facet normal -0.000506094 0.866138 0.499806
    outer loop
      vertex -10.891 9.373 178.393
      vertex -14.5 5.35 185.361
      vertex -10.809 9.30611 178.509
    endloop
  endfacet
  facet normal 0.00222407 0.865523 0.500865
    outer loop
      vertex -10.9511 9.44549 178.268
      vertex -14.5 5.35 185.361
      vertex -10.891 9.373 178.393
    endloop
  endfacet
  facet normal -0.00423642 0.866916 0.498437
    outer loop
      vertex -10.9877 9.52178 178.135
      vertex -14.5 5.35 185.361
      vertex -10.9511 9.44549 178.268
    endloop
  endfacet
  facet normal 0.00311607 0.865373 0.501119
    outer loop
      vertex -11 9.6 178
      vertex -14.5 5.35 185.361
      vertex -10.9877 9.52178 178.135
    endloop
  endfacet
  facet normal -0.00243275 0.865515 0.500877
    outer loop
      vertex -14.5 13.85 170.639
      vertex -11 9.6 178
      vertex -10.9886 9.67237 177.875
    endloop
  endfacet
  facet normal 0 0.866019 0.500011
    outer loop
      vertex -11 9.6 178
      vertex -14.5 13.85 170.639
      vertex -14.5 5.35 185.361
    endloop
  endfacet
  facet normal 4.17989e-05 0.86602 0.50001
    outer loop
      vertex 9.54601 9.1545 178.772
      vertex 14.5 5.35 185.361
      vertex 9.69098 9.12447 178.824
    endloop
  endfacet
  facet normal 0.00111128 0.865685 0.500588
    outer loop
      vertex -14.5 5.35 185.361
      vertex -9.84356 9.10616 178.855
      vertex -10 9.1 178.866
    endloop
  endfacet
  facet normal -5.9473e-05 0.865987 0.500067
    outer loop
      vertex 9.41221 9.19549 178.701
      vertex 14.5 5.35 185.361
      vertex 9.54601 9.1545 178.772
    endloop
  endfacet
  facet normal -0.00274255 0.866876 0.498517
    outer loop
      vertex -14.5 5.35 185.361
      vertex -9.69098 9.12447 178.824
      vertex -9.84356 9.10616 178.855
    endloop
  endfacet
  facet normal 0 0.866006 0.500033
    outer loop
      vertex 14.5 5.35 185.361
      vertex 9.41221 9.19549 178.701
      vertex -14.5 5.35 185.361
    endloop
  endfacet
  facet normal -4.17989e-05 0.86602 0.50001
    outer loop
      vertex -14.5 5.35 185.361
      vertex -9.54601 9.1545 178.772
      vertex -9.69098 9.12447 178.824
    endloop
  endfacet
  facet normal -0 0.866006 0.500033
    outer loop
      vertex -9.41221 9.19549 178.701
      vertex -14.5 5.35 185.361
      vertex 9.41221 9.19549 178.701
    endloop
  endfacet
  facet normal 5.9473e-05 0.865987 0.500067
    outer loop
      vertex -14.5 5.35 185.361
      vertex -9.41221 9.19549 178.701
      vertex -9.54601 9.1545 178.772
    endloop
  endfacet
  facet normal -0.00111128 0.865685 0.500588
    outer loop
      vertex 9.84356 9.10616 178.855
      vertex 14.5 5.35 185.361
      vertex 10 9.1 178.866
    endloop
  endfacet
  facet normal 0.00100902 0.866321 0.499486
    outer loop
      vertex 14.5 5.35 185.361
      vertex 10.1564 9.10616 178.855
      vertex 10 9.1 178.866
    endloop
  endfacet
  facet normal -0.00206013 0.865432 0.501022
    outer loop
      vertex 14.5 5.35 185.361
      vertex 10.309 9.12447 178.824
      vertex 10.1564 9.10616 178.855
    endloop
  endfacet
  facet normal -2.50114e-05 0.865999 0.500045
    outer loop
      vertex 14.5 5.35 185.361
      vertex 10.454 9.1545 178.772
      vertex 10.309 9.12447 178.824
    endloop
  endfacet
  facet normal 2.69612e-05 0.866013 0.500021
    outer loop
      vertex 10.454 9.1545 178.772
      vertex 14.5 5.35 185.361
      vertex 10.5878 9.19549 178.701
    endloop
  endfacet
  facet normal 0.00274255 0.866876 0.498517
    outer loop
      vertex 9.69098 9.12447 178.824
      vertex 14.5 5.35 185.361
      vertex 9.84356 9.10616 178.855
    endloop
  endfacet
  facet normal -0.00100902 0.866321 0.499486
    outer loop
      vertex -10.1564 9.10616 178.855
      vertex -14.5 5.35 185.361
      vertex -10 9.1 178.866
    endloop
  endfacet
  facet normal 0.00206013 0.865432 0.501022
    outer loop
      vertex -10.309 9.12447 178.824
      vertex -14.5 5.35 185.361
      vertex -10.1564 9.10616 178.855
    endloop
  endfacet
  facet normal 2.50114e-05 0.865999 0.500045
    outer loop
      vertex -10.454 9.1545 178.772
      vertex -14.5 5.35 185.361
      vertex -10.309 9.12447 178.824
    endloop
  endfacet
  facet normal -2.69612e-05 0.866013 0.500021
    outer loop
      vertex -14.5 5.35 185.361
      vertex -10.454 9.1545 178.772
      vertex -10.5878 9.19549 178.701
    endloop
  endfacet
  facet normal 0.00216502 0.866555 0.499078
    outer loop
      vertex 14.5 5.35 185.361
      vertex 10.7071 9.24645 178.612
      vertex 10.5878 9.19549 178.701
    endloop
  endfacet
  facet normal -0.00105251 0.865774 0.500435
    outer loop
      vertex 14.5 5.35 185.361
      vertex 10.809 9.30611 178.509
      vertex 10.7071 9.24645 178.612
    endloop
  endfacet
  facet normal 0.000506094 0.866138 0.499806
    outer loop
      vertex 14.5 5.35 185.361
      vertex 10.891 9.373 178.393
      vertex 10.809 9.30611 178.509
    endloop
  endfacet
  facet normal -0.00222407 0.865523 0.500865
    outer loop
      vertex 14.5 5.35 185.361
      vertex 10.9511 9.44549 178.268
      vertex 10.891 9.373 178.393
    endloop
  endfacet
  facet normal 0.00423642 0.866916 0.498437
    outer loop
      vertex 14.5 5.35 185.361
      vertex 10.9877 9.52178 178.135
      vertex 10.9511 9.44549 178.268
    endloop
  endfacet
  facet normal -0.00311607 0.865373 0.501119
    outer loop
      vertex 14.5 5.35 185.361
      vertex 11 9.6 178
      vertex 10.9877 9.52178 178.135
    endloop
  endfacet
  facet normal 0 0.866019 0.500011
    outer loop
      vertex 14.5 13.85 170.639
      vertex 11 9.6 178
      vertex 14.5 5.35 185.361
    endloop
  endfacet
  facet normal 0.00243275 0.865515 0.500877
    outer loop
      vertex 11 9.6 178
      vertex 14.5 13.85 170.639
      vertex 10.9886 9.67237 177.875
    endloop
  endfacet
  facet normal -0.865511 -0.500889 2.88194e-05
    outer loop
      vertex -14.5 2.23231 183.561
      vertex -11.7437 -2.53078 177.609
      vertex -11.7615 -2.5 178
    endloop
  endfacet
  facet normal -0.86704 -0.498231 -0.00280675
    outer loop
      vertex -11.7437 -2.53078 177.609
      vertex -14.5 2.23231 183.561
      vertex -11.7416 -2.53435 177.594
    endloop
  endfacet
  facet normal -0.865538 -0.500843 -2.39396e-05
    outer loop
      vertex -11.7437 -2.53078 178.391
      vertex -14.5 2.23231 183.561
      vertex -11.7615 -2.5 178
    endloop
  endfacet
  facet normal -0.865523 -0.500869 8.23485e-06
    outer loop
      vertex -11.6907 -2.62236 178.773
      vertex -14.5 2.23231 183.561
      vertex -11.7437 -2.53078 178.391
    endloop
  endfacet
  facet normal -0.865506 -0.500899 4.84829e-05
    outer loop
      vertex -11.6038 -2.77248 179.135
      vertex -14.5 2.23231 183.561
      vertex -11.6907 -2.62236 178.773
    endloop
  endfacet
  facet normal -0.865537 -0.500845 -3.18788e-05
    outer loop
      vertex -11.4852 -2.97746 179.469
      vertex -14.5 2.23231 183.561
      vertex -11.6038 -2.77248 179.135
    endloop
  endfacet
  facet normal -0.865485 -0.500935 0.000119985
    outer loop
      vertex -11.3377 -3.23223 179.768
      vertex -14.5 2.23231 183.561
      vertex -11.4852 -2.97746 179.469
    endloop
  endfacet
  facet normal -0.865538 -0.500843 -5.69413e-05
    outer loop
      vertex -11.1651 -3.53054 180.023
      vertex -14.5 2.23231 183.561
      vertex -11.3377 -3.23223 179.768
    endloop
  endfacet
  facet normal -0.865501 -0.500908 8.43287e-05
    outer loop
      vertex -10.9715 -3.86502 180.228
      vertex -14.5 2.23231 183.561
      vertex -11.1651 -3.53054 180.023
    endloop
  endfacet
  facet normal -0.865569 -0.50079 2.41348e-05
    outer loop
      vertex -10 -5.54391 185.596
      vertex -10.9715 -3.86502 180.228
      vertex -10.7618 -4.22746 180.378
    endloop
  endfacet
  facet normal -0.865566 -0.500795 2.22545e-05
    outer loop
      vertex -10 -5.54391 185.596
      vertex -10.7618 -4.22746 180.378
      vertex -10.5411 -4.60891 180.469
    endloop
  endfacet
  facet normal -0.865542 -0.500836 1.23949e-05
    outer loop
      vertex -10 -5.54391 185.596
      vertex -10.5411 -4.60891 180.469
      vertex -10.3148 -5 180.5
    endloop
  endfacet
  facet normal -0.865446 -0.501002 -1.12352e-05
    outer loop
      vertex -10 -5.54391 185.596
      vertex -10.3148 -5 180.5
      vertex -10.0884 -5.39109 180.469
    endloop
  endfacet
  facet normal -0.86561 -0.500719 -0
    outer loop
      vertex -10 -5.54391 185.596
      vertex -10.0884 -5.39109 180.469
      vertex -10 -5.54391 180.433
    endloop
  endfacet
  facet normal -0.865523 -0.500869 -9.1974e-06
    outer loop
      vertex -10.9715 -3.86502 180.228
      vertex -10 -5.54391 185.596
      vertex -14.5 2.23231 183.561
    endloop
  endfacet
  facet normal -0.865622 -0.500699 -0.000158994
    outer loop
      vertex -10 -5.54391 173.827
      vertex -10.7618 -4.22746 175.622
      vertex -10.8639 -4.05097 175.695
    endloop
  endfacet
  facet normal -0.865571 -0.500786 -7.36931e-05
    outer loop
      vertex -10 -5.54391 173.827
      vertex -10.5411 -4.60891 175.531
      vertex -10.7618 -4.22746 175.622
    endloop
  endfacet
  facet normal -0.865543 -0.500834 -3.84261e-05
    outer loop
      vertex -10 -5.54391 173.827
      vertex -10.3148 -5 175.5
      vertex -10.5411 -4.60891 175.531
    endloop
  endfacet
  facet normal -0.865447 -0.501 3.36454e-05
    outer loop
      vertex -10 -5.54391 173.827
      vertex -10.0884 -5.39109 175.531
      vertex -10.3148 -5 175.5
    endloop
  endfacet
  facet normal -0.86561 -0.500719 0
    outer loop
      vertex -10.0884 -5.39109 175.531
      vertex -10 -5.54391 173.827
      vertex -10 -5.54391 175.567
    endloop
  endfacet
  facet normal 0 0.499999 -0.866026
    outer loop
      vertex -14.5 10.7323 168.839
      vertex 14.5 13.85 170.639
      vertex 14.5 10.7323 168.839
    endloop
  endfacet
  facet normal 0 0.499999 -0.866026
    outer loop
      vertex 14.5 13.85 170.639
      vertex -14.5 10.7323 168.839
      vertex -14.5 13.85 170.639
    endloop
  endfacet
  facet normal -0.78225 -0.311482 0.539503
    outer loop
      vertex -14.5 2.23231 183.561
      vertex -10 -4.58462 186.15
      vertex -14.5 5.35 185.361
    endloop
  endfacet
  facet normal -0.78228 -0.311528 0.539433
    outer loop
      vertex -10 -4.58462 186.15
      vertex -14.5 2.23231 183.561
      vertex -10 -5.54391 185.596
    endloop
  endfacet
  facet normal 0.78225 -0.311482 0.539503
    outer loop
      vertex 10 -4.58462 186.15
      vertex 14.5 2.23231 183.561
      vertex 14.5 5.35 185.361
    endloop
  endfacet
  facet normal 0.78228 -0.311528 0.539433
    outer loop
      vertex 14.5 2.23231 183.561
      vertex 10 -4.58462 186.15
      vertex 10 -5.54391 185.596
    endloop
  endfacet
  facet normal 0.00267473 0.866852 0.498558
    outer loop
      vertex -9.69098 10.0755 177.176
      vertex -14.5 13.85 170.639
      vertex -9.84356 10.0938 177.145
    endloop
  endfacet
  facet normal -0.000797695 0.866258 0.499596
    outer loop
      vertex 10.1564 10.0938 177.145
      vertex 14.5 13.85 170.639
      vertex 10 10.1 177.134
    endloop
  endfacet
  facet normal 0.00200927 0.865445 0.501001
    outer loop
      vertex 10.309 10.0755 177.176
      vertex 14.5 13.85 170.639
      vertex 10.1564 10.0938 177.145
    endloop
  endfacet
  facet normal -0.000121831 0.866038 0.499977
    outer loop
      vertex 10.454 10.0455 177.228
      vertex 14.5 13.85 170.639
      vertex 10.309 10.0755 177.176
    endloop
  endfacet
  facet normal 2.18561e-05 0.866 0.500043
    outer loop
      vertex 10.5878 10.0045 177.299
      vertex 14.5 13.85 170.639
      vertex 10.454 10.0455 177.228
    endloop
  endfacet
  facet normal -0.00221623 0.866567 0.499056
    outer loop
      vertex 10.7071 9.95355 177.388
      vertex 14.5 13.85 170.639
      vertex 10.5878 10.0045 177.299
    endloop
  endfacet
  facet normal 0.00105251 0.865774 0.500435
    outer loop
      vertex 10.809 9.89389 177.491
      vertex 14.5 13.85 170.639
      vertex 10.7071 9.95355 177.388
    endloop
  endfacet
  facet normal -0.000446141 0.866124 0.49983
    outer loop
      vertex 10.891 9.82699 177.607
      vertex 14.5 13.85 170.639
      vertex 10.809 9.89389 177.491
    endloop
  endfacet
  facet normal 0.00215353 0.865538 0.500838
    outer loop
      vertex 10.9511 9.75451 177.732
      vertex 14.5 13.85 170.639
      vertex 10.891 9.82699 177.607
    endloop
  endfacet
  facet normal -0.00423642 0.866916 0.498437
    outer loop
      vertex 10.9877 9.67822 177.865
      vertex 14.5 13.85 170.639
      vertex 10.9511 9.75451 177.732
    endloop
  endfacet
  facet normal 0.011499 0.863546 0.504139
    outer loop
      vertex 14.5 13.85 170.639
      vertex 10.9877 9.67822 177.865
      vertex 10.9886 9.67237 177.875
    endloop
  endfacet
  facet normal 0 0.867811 0.496895
    outer loop
      vertex 9.29289 9.24645 178.612
      vertex -9.41221 9.19549 178.701
      vertex 9.41221 9.19549 178.701
    endloop
  endfacet
  facet normal 0 0.867811 0.496895
    outer loop
      vertex 9.29289 9.24645 178.612
      vertex -9.29289 9.24645 178.612
      vertex -9.41221 9.19549 178.701
    endloop
  endfacet
  facet normal 0 0.865323 0.501215
    outer loop
      vertex 9.19098 9.30611 178.509
      vertex -9.29289 9.24645 178.612
      vertex 9.29289 9.24645 178.612
    endloop
  endfacet
  facet normal 0 0.865323 0.501215
    outer loop
      vertex 9.19098 9.30611 178.509
      vertex -9.19098 9.30611 178.509
      vertex -9.29289 9.24645 178.612
    endloop
  endfacet
  facet normal 0 0.866292 0.499537
    outer loop
      vertex 9.10899 9.373 178.393
      vertex -9.19098 9.30611 178.509
      vertex 9.19098 9.30611 178.509
    endloop
  endfacet
  facet normal 0 0.866292 0.499537
    outer loop
      vertex 9.10899 9.373 178.393
      vertex -9.10899 9.373 178.393
      vertex -9.19098 9.30611 178.509
    endloop
  endfacet
  facet normal 0 0.865061 0.501666
    outer loop
      vertex 9.04894 9.44549 178.268
      vertex -9.10899 9.373 178.393
      vertex 9.10899 9.373 178.393
    endloop
  endfacet
  facet normal 0 0.865061 0.501666
    outer loop
      vertex 9.04894 9.44549 178.268
      vertex -9.04894 9.44549 178.268
      vertex -9.10899 9.373 178.393
    endloop
  endfacet
  facet normal 0 0.867427 0.497564
    outer loop
      vertex 9.01231 9.52178 178.135
      vertex -9.04894 9.44549 178.268
      vertex 9.04894 9.44549 178.268
    endloop
  endfacet
  facet normal 0 0.867427 0.497564
    outer loop
      vertex 9.01231 9.52178 178.135
      vertex -9.01231 9.52178 178.135
      vertex -9.04894 9.44549 178.268
    endloop
  endfacet
  facet normal 0 0.865254 0.501334
    outer loop
      vertex 9 9.6 178
      vertex -9.01231 9.52178 178.135
      vertex 9.01231 9.52178 178.135
    endloop
  endfacet
  facet normal 0 0.865254 0.501334
    outer loop
      vertex 9 9.6 178
      vertex -9 9.6 178
      vertex -9.01231 9.52178 178.135
    endloop
  endfacet
  facet normal 0 0.865254 0.501334
    outer loop
      vertex 9.01231 9.67822 177.865
      vertex -9 9.6 178
      vertex 9 9.6 178
    endloop
  endfacet
  facet normal 0 0.865254 0.501334
    outer loop
      vertex 9.01231 9.67822 177.865
      vertex -9.01231 9.67822 177.865
      vertex -9 9.6 178
    endloop
  endfacet
  facet normal 0 0.867427 0.497564
    outer loop
      vertex 9.04894 9.75451 177.732
      vertex -9.01231 9.67822 177.865
      vertex 9.01231 9.67822 177.865
    endloop
  endfacet
  facet normal 0 0.867427 0.497564
    outer loop
      vertex 9.04894 9.75451 177.732
      vertex -9.04894 9.75451 177.732
      vertex -9.01231 9.67822 177.865
    endloop
  endfacet
  facet normal 0 0.865091 0.501615
    outer loop
      vertex 9.10899 9.82699 177.607
      vertex -9.04894 9.75451 177.732
      vertex 9.04894 9.75451 177.732
    endloop
  endfacet
  facet normal 0 0.865091 0.501615
    outer loop
      vertex 9.10899 9.82699 177.607
      vertex -9.10899 9.82699 177.607
      vertex -9.04894 9.75451 177.732
    endloop
  endfacet
  facet normal 0 0.86626 0.499593
    outer loop
      vertex 9.19098 9.89389 177.491
      vertex -9.10899 9.82699 177.607
      vertex 9.10899 9.82699 177.607
    endloop
  endfacet
  facet normal 0 0.86626 0.499593
    outer loop
      vertex 9.19098 9.89389 177.491
      vertex -9.19098 9.89389 177.491
      vertex -9.10899 9.82699 177.607
    endloop
  endfacet
  facet normal 0 0.865323 0.501215
    outer loop
      vertex 9.29289 9.95355 177.388
      vertex -9.19098 9.89389 177.491
      vertex 9.19098 9.89389 177.491
    endloop
  endfacet
  facet normal 0 0.865323 0.501215
    outer loop
      vertex 9.29289 9.95355 177.388
      vertex -9.29289 9.95355 177.388
      vertex -9.19098 9.89389 177.491
    endloop
  endfacet
  facet normal 0 0.867853 0.496821
    outer loop
      vertex 9.41221 10.0045 177.299
      vertex -9.29289 9.95355 177.388
      vertex 9.29289 9.95355 177.388
    endloop
  endfacet
  facet normal 0 0.867853 0.496821
    outer loop
      vertex 9.41221 10.0045 177.299
      vertex -9.41221 10.0045 177.299
      vertex -9.29289 9.95355 177.388
    endloop
  endfacet
  facet normal -4.82145e-05 0.866022 0.500006
    outer loop
      vertex 14.5 13.85 170.639
      vertex 9.41221 10.0045 177.299
      vertex 9.54601 10.0455 177.228
    endloop
  endfacet
  facet normal 0 0.866006 0.500034
    outer loop
      vertex 9.41221 10.0045 177.299
      vertex 14.5 13.85 170.639
      vertex -9.41221 10.0045 177.299
    endloop
  endfacet
  facet normal 0.000203575 0.86594 0.500148
    outer loop
      vertex 14.5 13.85 170.639
      vertex 9.54601 10.0455 177.228
      vertex 9.69098 10.0755 177.176
    endloop
  endfacet
  facet normal -0 0.866006 0.500034
    outer loop
      vertex -14.5 13.85 170.639
      vertex -9.41221 10.0045 177.299
      vertex 14.5 13.85 170.639
    endloop
  endfacet
  facet normal -0.00267473 0.866852 0.498558
    outer loop
      vertex 14.5 13.85 170.639
      vertex 9.69098 10.0755 177.176
      vertex 9.84356 10.0938 177.145
    endloop
  endfacet
  facet normal 4.82145e-05 0.866022 0.500006
    outer loop
      vertex -9.41221 10.0045 177.299
      vertex -14.5 13.85 170.639
      vertex -9.54601 10.0455 177.228
    endloop
  endfacet
  facet normal 0.000878673 0.865755 0.500467
    outer loop
      vertex 14.5 13.85 170.639
      vertex 9.84356 10.0938 177.145
      vertex 10 10.1 177.134
    endloop
  endfacet
  facet normal -0.000203575 0.86594 0.500148
    outer loop
      vertex -9.54601 10.0455 177.228
      vertex -14.5 13.85 170.639
      vertex -9.69098 10.0755 177.176
    endloop
  endfacet
  facet normal -0.000878673 0.865755 0.500467
    outer loop
      vertex -9.84356 10.0938 177.145
      vertex -14.5 13.85 170.639
      vertex -10 10.1 177.134
    endloop
  endfacet
  facet normal 0.000797695 0.866258 0.499596
    outer loop
      vertex -10 10.1 177.134
      vertex -14.5 13.85 170.639
      vertex -10.1564 10.0938 177.145
    endloop
  endfacet
  facet normal -0.011499 0.863546 0.504139
    outer loop
      vertex -10.9877 9.67822 177.865
      vertex -14.5 13.85 170.639
      vertex -10.9886 9.67237 177.875
    endloop
  endfacet
  facet normal 0.00423642 0.866916 0.498437
    outer loop
      vertex -10.9511 9.75451 177.732
      vertex -14.5 13.85 170.639
      vertex -10.9877 9.67822 177.865
    endloop
  endfacet
  facet normal -0.00215353 0.865538 0.500838
    outer loop
      vertex -10.891 9.82699 177.607
      vertex -14.5 13.85 170.639
      vertex -10.9511 9.75451 177.732
    endloop
  endfacet
  facet normal 0.000446141 0.866124 0.49983
    outer loop
      vertex -10.809 9.89389 177.491
      vertex -14.5 13.85 170.639
      vertex -10.891 9.82699 177.607
    endloop
  endfacet
  facet normal -0.00105251 0.865774 0.500435
    outer loop
      vertex -10.7071 9.95355 177.388
      vertex -14.5 13.85 170.639
      vertex -10.809 9.89389 177.491
    endloop
  endfacet
  facet normal 0.00221623 0.866567 0.499056
    outer loop
      vertex -10.5878 10.0045 177.299
      vertex -14.5 13.85 170.639
      vertex -10.7071 9.95355 177.388
    endloop
  endfacet
  facet normal -2.18561e-05 0.866 0.500043
    outer loop
      vertex -10.454 10.0455 177.228
      vertex -14.5 13.85 170.639
      vertex -10.5878 10.0045 177.299
    endloop
  endfacet
  facet normal 0.000121831 0.866038 0.499977
    outer loop
      vertex -10.309 10.0755 177.176
      vertex -14.5 13.85 170.639
      vertex -10.454 10.0455 177.228
    endloop
  endfacet
  facet normal -0.00200927 0.865445 0.501001
    outer loop
      vertex -10.1564 10.0938 177.145
      vertex -14.5 13.85 170.639
      vertex -10.309 10.0755 177.176
    endloop
  endfacet
  facet normal 0.865538 -0.500843 -2.39396e-05
    outer loop
      vertex 14.5 2.23231 183.561
      vertex 11.7437 -2.53078 178.391
      vertex 11.7615 -2.5 178
    endloop
  endfacet
  facet normal 0.865523 -0.500869 8.23485e-06
    outer loop
      vertex 14.5 2.23231 183.561
      vertex 11.6907 -2.62236 178.773
      vertex 11.7437 -2.53078 178.391
    endloop
  endfacet
  facet normal 0.865506 -0.500899 4.84829e-05
    outer loop
      vertex 14.5 2.23231 183.561
      vertex 11.6038 -2.77248 179.135
      vertex 11.6907 -2.62236 178.773
    endloop
  endfacet
  facet normal 0.865537 -0.500845 -3.18788e-05
    outer loop
      vertex 14.5 2.23231 183.561
      vertex 11.4852 -2.97746 179.469
      vertex 11.6038 -2.77248 179.135
    endloop
  endfacet
  facet normal 0.865485 -0.500935 0.000119985
    outer loop
      vertex 14.5 2.23231 183.561
      vertex 11.3377 -3.23223 179.768
      vertex 11.4852 -2.97746 179.469
    endloop
  endfacet
  facet normal 0.865538 -0.500843 -5.69413e-05
    outer loop
      vertex 14.5 2.23231 183.561
      vertex 11.1651 -3.53054 180.023
      vertex 11.3377 -3.23223 179.768
    endloop
  endfacet
  facet normal 0.865501 -0.500908 8.43287e-05
    outer loop
      vertex 14.5 2.23231 183.561
      vertex 10.9715 -3.86502 180.228
      vertex 11.1651 -3.53054 180.023
    endloop
  endfacet
  facet normal 0.865523 -0.500869 -9.1974e-06
    outer loop
      vertex 10 -5.54391 185.596
      vertex 10.9715 -3.86502 180.228
      vertex 14.5 2.23231 183.561
    endloop
  endfacet
  facet normal 0.865569 -0.50079 2.41348e-05
    outer loop
      vertex 10.9715 -3.86502 180.228
      vertex 10 -5.54391 185.596
      vertex 10.7618 -4.22746 180.378
    endloop
  endfacet
  facet normal 0.865566 -0.500795 2.22545e-05
    outer loop
      vertex 10.7618 -4.22746 180.378
      vertex 10 -5.54391 185.596
      vertex 10.5411 -4.60891 180.469
    endloop
  endfacet
  facet normal 0.865542 -0.500836 1.23949e-05
    outer loop
      vertex 10.5411 -4.60891 180.469
      vertex 10 -5.54391 185.596
      vertex 10.3148 -5 180.5
    endloop
  endfacet
  facet normal 0.865446 -0.501002 -1.12352e-05
    outer loop
      vertex 10.3148 -5 180.5
      vertex 10 -5.54391 185.596
      vertex 10.0884 -5.39109 180.469
    endloop
  endfacet
  facet normal 0.86561 -0.500719 0
    outer loop
      vertex 10.0884 -5.39109 180.469
      vertex 10 -5.54391 185.596
      vertex 10 -5.54391 180.433
    endloop
  endfacet
  facet normal 0.865511 -0.500889 2.88194e-05
    outer loop
      vertex 11.7437 -2.53078 177.609
      vertex 14.5 2.23231 183.561
      vertex 11.7615 -2.5 178
    endloop
  endfacet
  facet normal 0.86704 -0.498231 -0.00280675
    outer loop
      vertex 14.5 2.23231 183.561
      vertex 11.7437 -2.53078 177.609
      vertex 11.7416 -2.53435 177.594
    endloop
  endfacet
  facet normal 0.865622 -0.500699 -0.000158994
    outer loop
      vertex 10.7618 -4.22746 175.622
      vertex 10 -5.54391 173.827
      vertex 10.8639 -4.05097 175.695
    endloop
  endfacet
  facet normal 0.865571 -0.500786 -7.36931e-05
    outer loop
      vertex 10.5411 -4.60891 175.531
      vertex 10 -5.54391 173.827
      vertex 10.7618 -4.22746 175.622
    endloop
  endfacet
  facet normal 0.865543 -0.500834 -3.84261e-05
    outer loop
      vertex 10.3148 -5 175.5
      vertex 10 -5.54391 173.827
      vertex 10.5411 -4.60891 175.531
    endloop
  endfacet
  facet normal 0.865447 -0.501 3.36454e-05
    outer loop
      vertex 10.0884 -5.39109 175.531
      vertex 10 -5.54391 173.827
      vertex 10.3148 -5 175.5
    endloop
  endfacet
  facet normal 0.86561 -0.500719 0
    outer loop
      vertex 10 -5.54391 173.827
      vertex 10.0884 -5.39109 175.531
      vertex 10 -5.54391 175.567
    endloop
  endfacet
  facet normal 0 0.176618 0.984279
    outer loop
      vertex 14.5 5.35 185.361
      vertex -9.02362 0 186.321
      vertex 9.02362 0 186.321
    endloop
  endfacet
  facet normal 0 0.176618 0.984279
    outer loop
      vertex -9.02362 0 186.321
      vertex 14.5 5.35 185.361
      vertex -14.5 5.35 185.361
    endloop
  endfacet
  facet normal -0.000846286 -0.0337862 -0.999429
    outer loop
      vertex -10 -2.92852 169.297
      vertex -14.5 10.7323 168.839
      vertex -10 0 169.198
    endloop
  endfacet
  facet normal 0.000846286 -0.0337862 -0.999429
    outer loop
      vertex 10 0 169.198
      vertex 14.5 10.7323 168.839
      vertex 10 -2.92852 169.297
    endloop
  endfacet
  facet normal 0 -0.0334317 -0.999441
    outer loop
      vertex -10 0 169.198
      vertex 14.5 10.7323 168.839
      vertex 10 0 169.198
    endloop
  endfacet
  facet normal -0 -0.0334317 -0.999441
    outer loop
      vertex 14.5 10.7323 168.839
      vertex -10 0 169.198
      vertex -14.5 10.7323 168.839
    endloop
  endfacet
  facet normal -1 0 0
    outer loop
      vertex -14.5 10.7323 168.839
      vertex -14.5 5.35 185.361
      vertex -14.5 13.85 170.639
    endloop
  endfacet
  facet normal -1 0 -0
    outer loop
      vertex -14.5 5.35 185.361
      vertex -14.5 10.7323 168.839
      vertex -14.5 2.23231 183.561
    endloop
  endfacet
  facet normal -0.932324 -0.313174 -0.180816
    outer loop
      vertex -14.5 10.7323 168.839
      vertex -11.7416 -2.53435 177.594
      vertex -14.5 2.23231 183.561
    endloop
  endfacet
  facet normal -0.932355 -0.313127 -0.180735
    outer loop
      vertex -14.5 10.7323 168.839
      vertex -11.6409 -2.62236 177.227
      vertex -11.7416 -2.53435 177.594
    endloop
  endfacet
  facet normal -0.932276 -0.313241 -0.180945
    outer loop
      vertex -14.5 10.7323 168.839
      vertex -11.5202 -2.77248 176.865
      vertex -11.6409 -2.62236 177.227
    endloop
  endfacet
  facet normal -0.932322 -0.313178 -0.18082
    outer loop
      vertex -10 -2.92852 169.297
      vertex -11.5202 -2.77248 176.865
      vertex -14.5 10.7323 168.839
    endloop
  endfacet
  facet normal -0.932231 -0.313462 -0.180796
    outer loop
      vertex -10 -2.92852 169.297
      vertex -11.3865 -2.97746 176.531
      vertex -11.5202 -2.77248 176.865
    endloop
  endfacet
  facet normal -0.932501 -0.31263 -0.180842
    outer loop
      vertex -10 -2.92852 169.297
      vertex -11.2431 -3.23223 176.232
      vertex -11.3865 -2.97746 176.531
    endloop
  endfacet
  facet normal -0.932289 -0.313269 -0.180832
    outer loop
      vertex -10 -2.92852 169.297
      vertex -11.0934 -3.53054 175.977
      vertex -11.2431 -3.23223 176.232
    endloop
  endfacet
  facet normal -0.932334 -0.313138 -0.180828
    outer loop
      vertex -10 -2.92852 169.297
      vertex -10.9413 -3.86502 175.772
      vertex -11.0934 -3.53054 175.977
    endloop
  endfacet
  facet normal -0.932306 -0.313216 -0.180835
    outer loop
      vertex -10 -5.54391 173.827
      vertex -10.9413 -3.86502 175.772
      vertex -10 -2.92852 169.297
    endloop
  endfacet
  facet normal -0.932314 -0.313166 -0.180882
    outer loop
      vertex -10.9413 -3.86502 175.772
      vertex -10 -5.54391 173.827
      vertex -10.8639 -4.05097 175.695
    endloop
  endfacet
  facet normal -0.172699 0 0.984975
    outer loop
      vertex -10 0 186.15
      vertex -14.5 5.35 185.361
      vertex -10 -4.58462 186.15
    endloop
  endfacet
  facet normal -0.172511 0.000162888 0.985008
    outer loop
      vertex -14.5 5.35 185.361
      vertex -10 0 186.15
      vertex -9.02362 0 186.321
    endloop
  endfacet
  facet normal 0.172511 0.000162888 0.985008
    outer loop
      vertex 14.5 5.35 185.361
      vertex 9.02362 0 186.321
      vertex 10 0 186.15
    endloop
  endfacet
  facet normal 0.172699 0 0.984975
    outer loop
      vertex 14.5 5.35 185.361
      vertex 10 0 186.15
      vertex 10 -4.58462 186.15
    endloop
  endfacet
  facet normal 1 0 0
    outer loop
      vertex 14.5 5.35 185.361
      vertex 14.5 10.7323 168.839
      vertex 14.5 13.85 170.639
    endloop
  endfacet
  facet normal 1 0 0
    outer loop
      vertex 14.5 10.7323 168.839
      vertex 14.5 5.35 185.361
      vertex 14.5 2.23231 183.561
    endloop
  endfacet
  facet normal 0.932324 -0.313174 -0.180816
    outer loop
      vertex 11.7416 -2.53435 177.594
      vertex 14.5 10.7323 168.839
      vertex 14.5 2.23231 183.561
    endloop
  endfacet
  facet normal 0.932355 -0.313127 -0.180735
    outer loop
      vertex 11.6409 -2.62236 177.227
      vertex 14.5 10.7323 168.839
      vertex 11.7416 -2.53435 177.594
    endloop
  endfacet
  facet normal 0.932276 -0.313241 -0.180945
    outer loop
      vertex 11.5202 -2.77248 176.865
      vertex 14.5 10.7323 168.839
      vertex 11.6409 -2.62236 177.227
    endloop
  endfacet
  facet normal 0.932322 -0.313178 -0.18082
    outer loop
      vertex 11.5202 -2.77248 176.865
      vertex 10 -2.92852 169.297
      vertex 14.5 10.7323 168.839
    endloop
  endfacet
  facet normal 0.932231 -0.313462 -0.180796
    outer loop
      vertex 11.3865 -2.97746 176.531
      vertex 10 -2.92852 169.297
      vertex 11.5202 -2.77248 176.865
    endloop
  endfacet
  facet normal 0.932501 -0.31263 -0.180842
    outer loop
      vertex 11.2431 -3.23223 176.232
      vertex 10 -2.92852 169.297
      vertex 11.3865 -2.97746 176.531
    endloop
  endfacet
  facet normal 0.932289 -0.313269 -0.180832
    outer loop
      vertex 11.0934 -3.53054 175.977
      vertex 10 -2.92852 169.297
      vertex 11.2431 -3.23223 176.232
    endloop
  endfacet
  facet normal 0.932334 -0.313138 -0.180828
    outer loop
      vertex 10.9413 -3.86502 175.772
      vertex 10 -2.92852 169.297
      vertex 11.0934 -3.53054 175.977
    endloop
  endfacet
  facet normal 0.932314 -0.313166 -0.180882
    outer loop
      vertex 10 -5.54391 173.827
      vertex 10.9413 -3.86502 175.772
      vertex 10.8639 -4.05097 175.695
    endloop
  endfacet
  facet normal 0.932306 -0.313216 -0.180835
    outer loop
      vertex 10.9413 -3.86502 175.772
      vertex 10 -5.54391 173.827
      vertex 10 -2.92852 169.297
    endloop
  endfacet
  facet normal -4.02723e-06 0.939687 0.342036
    outer loop
      vertex 14.5 12.5072 144.013
      vertex 11 9.6 152
      vertex 14.5 6.69283 159.987
    endloop
  endfacet
  facet normal 0.00111514 0.939923 0.341385
    outer loop
      vertex -9.69098 9.92528 151.106
      vertex -14.5 12.5072 144.013
      vertex -9.84356 9.93781 151.072
    endloop
  endfacet
  facet normal -0.000905836 0.939866 0.341542
    outer loop
      vertex 10.1564 9.93781 151.072
      vertex 14.5 12.5072 144.013
      vertex 10 9.94202 151.06
    endloop
  endfacet
  facet normal 0.000836068 0.939522 0.342489
    outer loop
      vertex 10.309 9.92528 151.106
      vertex 14.5 12.5072 144.013
      vertex 10.1564 9.93781 151.072
    endloop
  endfacet
  facet normal -0.001097 0.939888 0.34148
    outer loop
      vertex 10.454 9.90474 151.163
      vertex 14.5 12.5072 144.013
      vertex 10.309 9.92528 151.106
    endloop
  endfacet
  facet normal 7.15606e-05 0.939677 0.342064
    outer loop
      vertex 10.5878 9.8767 151.24
      vertex 14.5 12.5072 144.013
      vertex 10.454 9.90474 151.163
    endloop
  endfacet
  facet normal -0.000451589 0.939767 0.341814
    outer loop
      vertex 10.7071 9.84184 151.336
      vertex 14.5 12.5072 144.013
      vertex 10.5878 9.8767 151.24
    endloop
  endfacet
  facet normal 0.00026585 0.939648 0.342142
    outer loop
      vertex 10.809 9.80103 151.448
      vertex 14.5 12.5072 144.013
      vertex 10.7071 9.84184 151.336
    endloop
  endfacet
  facet normal 0.00171416 0.939415 0.342777
    outer loop
      vertex 10.891 9.75527 151.573
      vertex 14.5 12.5072 144.013
      vertex 10.809 9.80103 151.448
    endloop
  endfacet
  facet normal -0.00216935 0.94001 0.341139
    outer loop
      vertex 10.9511 9.70569 151.71
      vertex 14.5 12.5072 144.013
      vertex 10.891 9.75527 151.573
    endloop
  endfacet
  facet normal 0.00129817 0.939498 0.342552
    outer loop
      vertex 10.9877 9.6535 151.853
      vertex 14.5 12.5072 144.013
      vertex 10.9511 9.70569 151.71
    endloop
  endfacet
  facet normal -8.2661e-05 0.939698 0.342006
    outer loop
      vertex 14.5 12.5072 144.013
      vertex 10.9877 9.6535 151.853
      vertex 11 9.6 152
    endloop
  endfacet
  facet normal 0 0.9397 0.342
    outer loop
      vertex 9.01231 9.6535 151.853
      vertex -9 9.6 152
      vertex 9 9.6 152
    endloop
  endfacet
  facet normal 0 0.9397 0.342
    outer loop
      vertex 9.01231 9.6535 151.853
      vertex -9.01231 9.6535 151.853
      vertex -9 9.6 152
    endloop
  endfacet
  facet normal 0 0.939392 0.342845
    outer loop
      vertex 9.04894 9.70569 151.71
      vertex -9.01231 9.6535 151.853
      vertex 9.01231 9.6535 151.853
    endloop
  endfacet
  facet normal 0 0.939392 0.342845
    outer loop
      vertex 9.04894 9.70569 151.71
      vertex -9.04894 9.70569 151.71
      vertex -9.01231 9.6535 151.853
    endloop
  endfacet
  facet normal 0 0.940317 0.340299
    outer loop
      vertex 9.10899 9.75527 151.573
      vertex -9.04894 9.70569 151.71
      vertex 9.04894 9.70569 151.71
    endloop
  endfacet
  facet normal 0 0.940317 0.340299
    outer loop
      vertex 9.10899 9.75527 151.573
      vertex -9.10899 9.75527 151.573
      vertex -9.04894 9.70569 151.71
    endloop
  endfacet
  facet normal 0 0.939054 0.343769
    outer loop
      vertex 9.19098 9.80103 151.448
      vertex -9.10899 9.75527 151.573
      vertex 9.10899 9.75527 151.573
    endloop
  endfacet
  facet normal 0 0.939054 0.343769
    outer loop
      vertex 9.19098 9.80103 151.448
      vertex -9.19098 9.80103 151.448
      vertex -9.10899 9.75527 151.573
    endloop
  endfacet
  facet normal 0 0.93957 0.342356
    outer loop
      vertex 9.29289 9.84184 151.336
      vertex -9.19098 9.80103 151.448
      vertex 9.19098 9.80103 151.448
    endloop
  endfacet
  facet normal 0 0.93957 0.342356
    outer loop
      vertex 9.29289 9.84184 151.336
      vertex -9.29289 9.84184 151.336
      vertex -9.19098 9.80103 151.448
    endloop
  endfacet
  facet normal 0 0.939948 0.341319
    outer loop
      vertex 9.41221 9.8767 151.24
      vertex -9.29289 9.84184 151.336
      vertex 9.29289 9.84184 151.336
    endloop
  endfacet
  facet normal 0 0.939948 0.341319
    outer loop
      vertex 9.41221 9.8767 151.24
      vertex -9.41221 9.8767 151.24
      vertex -9.29289 9.84184 151.336
    endloop
  endfacet
  facet normal -0.000157783 0.939725 0.341932
    outer loop
      vertex 14.5 12.5072 144.013
      vertex 9.41221 9.8767 151.24
      vertex 9.54601 9.90474 151.163
    endloop
  endfacet
  facet normal 0 0.939689 0.34203
    outer loop
      vertex 9.41221 9.8767 151.24
      vertex 14.5 12.5072 144.013
      vertex -9.41221 9.8767 151.24
    endloop
  endfacet
  facet normal 0.00184232 0.939277 0.343155
    outer loop
      vertex 14.5 12.5072 144.013
      vertex 9.54601 9.90474 151.163
      vertex 9.69098 9.92528 151.106
    endloop
  endfacet
  facet normal -0 0.939689 0.34203
    outer loop
      vertex -14.5 12.5072 144.013
      vertex -9.41221 9.8767 151.24
      vertex 14.5 12.5072 144.013
    endloop
  endfacet
  facet normal -0.00111514 0.939923 0.341385
    outer loop
      vertex 14.5 12.5072 144.013
      vertex 9.69098 9.92528 151.106
      vertex 9.84356 9.93781 151.072
    endloop
  endfacet
  facet normal 0.000157783 0.939725 0.341932
    outer loop
      vertex -9.41221 9.8767 151.24
      vertex -14.5 12.5072 144.013
      vertex -9.54601 9.90474 151.163
    endloop
  endfacet
  facet normal 0.000998488 0.939475 0.342616
    outer loop
      vertex 14.5 12.5072 144.013
      vertex 9.84356 9.93781 151.072
      vertex 10 9.94202 151.06
    endloop
  endfacet
  facet normal -0.00184232 0.939277 0.343155
    outer loop
      vertex -9.54601 9.90474 151.163
      vertex -14.5 12.5072 144.013
      vertex -9.69098 9.92528 151.106
    endloop
  endfacet
  facet normal -0.000998488 0.939475 0.342616
    outer loop
      vertex -9.84356 9.93781 151.072
      vertex -14.5 12.5072 144.013
      vertex -10 9.94202 151.06
    endloop
  endfacet
  facet normal 0.000905836 0.939866 0.341542
    outer loop
      vertex -10 9.94202 151.06
      vertex -14.5 12.5072 144.013
      vertex -10.1564 9.93781 151.072
    endloop
  endfacet
  facet normal 8.2661e-05 0.939698 0.342006
    outer loop
      vertex -10.9877 9.6535 151.853
      vertex -14.5 12.5072 144.013
      vertex -11 9.6 152
    endloop
  endfacet
  facet normal -0.00129817 0.939498 0.342552
    outer loop
      vertex -10.9511 9.70569 151.71
      vertex -14.5 12.5072 144.013
      vertex -10.9877 9.6535 151.853
    endloop
  endfacet
  facet normal 0.00216935 0.94001 0.341139
    outer loop
      vertex -10.891 9.75527 151.573
      vertex -14.5 12.5072 144.013
      vertex -10.9511 9.70569 151.71
    endloop
  endfacet
  facet normal -0.00171416 0.939415 0.342777
    outer loop
      vertex -10.809 9.80103 151.448
      vertex -14.5 12.5072 144.013
      vertex -10.891 9.75527 151.573
    endloop
  endfacet
  facet normal -0.00026585 0.939648 0.342142
    outer loop
      vertex -10.7071 9.84184 151.336
      vertex -14.5 12.5072 144.013
      vertex -10.809 9.80103 151.448
    endloop
  endfacet
  facet normal 0.000451589 0.939767 0.341814
    outer loop
      vertex -10.5878 9.8767 151.24
      vertex -14.5 12.5072 144.013
      vertex -10.7071 9.84184 151.336
    endloop
  endfacet
  facet normal -7.15606e-05 0.939677 0.342064
    outer loop
      vertex -10.454 9.90474 151.163
      vertex -14.5 12.5072 144.013
      vertex -10.5878 9.8767 151.24
    endloop
  endfacet
  facet normal 0.001097 0.939888 0.34148
    outer loop
      vertex -10.309 9.92528 151.106
      vertex -14.5 12.5072 144.013
      vertex -10.454 9.90474 151.163
    endloop
  endfacet
  facet normal -0.000836068 0.939522 0.342489
    outer loop
      vertex -10.1564 9.93781 151.072
      vertex -14.5 12.5072 144.013
      vertex -10.309 9.92528 151.106
    endloop
  endfacet
  facet normal 1 0 0
    outer loop
      vertex 14.5 6.69283 159.987
      vertex 14.5 9.12428 142.781
      vertex 14.5 12.5072 144.013
    endloop
  endfacet
  facet normal 1 0 0
    outer loop
      vertex 14.5 9.12428 142.781
      vertex 14.5 6.69283 159.987
      vertex 14.5 3.30994 158.756
    endloop
  endfacet
  facet normal -0.884351 -0.466823 -0.000117902
    outer loop
      vertex -14.5 3.30994 158.756
      vertex -11.4159 -2.53078 151.609
      vertex -11.4322 -2.5 152
    endloop
  endfacet
  facet normal -0.884337 -0.466848 -9.14487e-05
    outer loop
      vertex -11.4159 -2.53078 151.609
      vertex -14.5 3.30994 158.756
      vertex -11.3994 -2.56201 151.479
    endloop
  endfacet
  facet normal -0.884247 -0.46702 9.81152e-05
    outer loop
      vertex -11.4159 -2.53078 152.391
      vertex -14.5 3.30994 158.756
      vertex -11.4322 -2.5 152
    endloop
  endfacet
  facet normal -0.884339 -0.466846 -0.000105308
    outer loop
      vertex -11.3676 -2.62236 152.773
      vertex -14.5 3.30994 158.756
      vertex -11.4159 -2.53078 152.391
    endloop
  endfacet
  facet normal -0.884271 -0.466974 5.67617e-05
    outer loop
      vertex -11.2883 -2.77248 153.135
      vertex -14.5 3.30994 158.756
      vertex -11.3676 -2.62236 152.773
    endloop
  endfacet
  facet normal -0.884316 -0.46689 -6.01137e-05
    outer loop
      vertex -11.1801 -2.97746 153.469
      vertex -14.5 3.30994 158.756
      vertex -11.2883 -2.77248 153.135
    endloop
  endfacet
  facet normal -0.88425 -0.467014 0.000129646
    outer loop
      vertex -11.0455 -3.23223 153.768
      vertex -14.5 3.30994 158.756
      vertex -11.1801 -2.97746 153.469
    endloop
  endfacet
  facet normal -0.884301 -0.466917 -3.36549e-05
    outer loop
      vertex -10.888 -3.53054 154.023
      vertex -14.5 3.30994 158.756
      vertex -11.0455 -3.23223 153.768
    endloop
  endfacet
  facet normal -0.884311 -0.466897 7.60746e-06
    outer loop
      vertex -10 -5.21233 159.963
      vertex -10.888 -3.53054 154.023
      vertex -10.7114 -3.86502 154.228
    endloop
  endfacet
  facet normal -0.884269 -0.466978 -1.6643e-05
    outer loop
      vertex -10 -5.21233 159.963
      vertex -10.7114 -3.86502 154.228
      vertex -10.52 -4.22746 154.378
    endloop
  endfacet
  facet normal -0.884309 -0.466902 5.12184e-07
    outer loop
      vertex -10 -5.21233 159.963
      vertex -10.52 -4.22746 154.378
      vertex -10.3186 -4.60891 154.469
    endloop
  endfacet
  facet normal -0.884299 -0.46692 -2.05761e-06
    outer loop
      vertex -10 -5.21233 159.963
      vertex -10.3186 -4.60891 154.469
      vertex -10.1121 -5 154.5
    endloop
  endfacet
  facet normal -0.884321 -0.466879 -0
    outer loop
      vertex -10 -5.21233 159.963
      vertex -10.1121 -5 154.5
      vertex -10 -5.21233 154.483
    endloop
  endfacet
  facet normal -0.884293 -0.466932 -5.08166e-06
    outer loop
      vertex -10.888 -3.53054 154.023
      vertex -10 -5.21233 159.963
      vertex -14.5 3.30994 158.756
    endloop
  endfacet
  facet normal -0.884179 -0.467149 0.000215717
    outer loop
      vertex -10 -5.21233 148.194
      vertex -10.52 -4.22746 149.622
      vertex -10.6529 -3.97587 149.727
    endloop
  endfacet
  facet normal -0.884309 -0.466902 -2.29682e-06
    outer loop
      vertex -10 -5.21233 148.194
      vertex -10.3186 -4.60891 149.531
      vertex -10.52 -4.22746 149.622
    endloop
  endfacet
  facet normal -0.884299 -0.466921 8.69248e-06
    outer loop
      vertex -10 -5.21233 148.194
      vertex -10.1121 -5 149.5
      vertex -10.3186 -4.60891 149.531
    endloop
  endfacet
  facet normal -0.884321 -0.466879 0
    outer loop
      vertex -10.1121 -5 149.5
      vertex -10 -5.21233 148.194
      vertex -10 -5.21233 149.517
    endloop
  endfacet
  facet normal -0.00184019 0.939279 0.34315
    outer loop
      vertex 9.54601 9.29526 152.837
      vertex 14.5 6.69283 159.987
      vertex 9.69098 9.27472 152.894
    endloop
  endfacet
  facet normal 0.000998167 0.939476 0.342612
    outer loop
      vertex -14.5 6.69283 159.987
      vertex -9.84356 9.26219 152.928
      vertex -10 9.25798 152.94
    endloop
  endfacet
  facet normal 0.000161557 0.939727 0.341926
    outer loop
      vertex 9.41221 9.3233 152.76
      vertex 14.5 6.69283 159.987
      vertex 9.54601 9.29526 152.837
    endloop
  endfacet
  facet normal -0.00111618 0.939924 0.341381
    outer loop
      vertex -14.5 6.69283 159.987
      vertex -9.69098 9.27472 152.894
      vertex -9.84356 9.26219 152.928
    endloop
  endfacet
  facet normal 0 0.93969 0.342027
    outer loop
      vertex 14.5 6.69283 159.987
      vertex 9.41221 9.3233 152.76
      vertex -14.5 6.69283 159.987
    endloop
  endfacet
  facet normal 0.00184019 0.939279 0.34315
    outer loop
      vertex -14.5 6.69283 159.987
      vertex -9.54601 9.29526 152.837
      vertex -9.69098 9.27472 152.894
    endloop
  endfacet
  facet normal -0 0.93969 0.342027
    outer loop
      vertex -9.41221 9.3233 152.76
      vertex -14.5 6.69283 159.987
      vertex 9.41221 9.3233 152.76
    endloop
  endfacet
  facet normal -0.000161557 0.939727 0.341926
    outer loop
      vertex -14.5 6.69283 159.987
      vertex -9.41221 9.3233 152.76
      vertex -9.54601 9.29526 152.837
    endloop
  endfacet
  facet normal 0 0.939948 0.341319
    outer loop
      vertex 9.29289 9.35816 152.664
      vertex -9.41221 9.3233 152.76
      vertex 9.41221 9.3233 152.76
    endloop
  endfacet
  facet normal 0 0.939948 0.341319
    outer loop
      vertex 9.29289 9.35816 152.664
      vertex -9.29289 9.35816 152.664
      vertex -9.41221 9.3233 152.76
    endloop
  endfacet
  facet normal 0 0.939597 0.342282
    outer loop
      vertex 9.19098 9.39896 152.552
      vertex -9.29289 9.35816 152.664
      vertex 9.29289 9.35816 152.664
    endloop
  endfacet
  facet normal 0 0.939597 0.342282
    outer loop
      vertex 9.19098 9.39896 152.552
      vertex -9.19098 9.39896 152.552
      vertex -9.29289 9.35816 152.664
    endloop
  endfacet
  facet normal 0 0.93903 0.343835
    outer loop
      vertex 9.10899 9.44473 152.427
      vertex -9.19098 9.39896 152.552
      vertex 9.19098 9.39896 152.552
    endloop
  endfacet
  facet normal 0 0.93903 0.343835
    outer loop
      vertex 9.10899 9.44473 152.427
      vertex -9.10899 9.44473 152.427
      vertex -9.19098 9.39896 152.552
    endloop
  endfacet
  facet normal 0 0.940317 0.340299
    outer loop
      vertex 9.04894 9.49431 152.29
      vertex -9.10899 9.44473 152.427
      vertex 9.10899 9.44473 152.427
    endloop
  endfacet
  facet normal 0 0.940317 0.340299
    outer loop
      vertex 9.04894 9.49431 152.29
      vertex -9.04894 9.49431 152.29
      vertex -9.10899 9.44473 152.427
    endloop
  endfacet
  facet normal 0 0.939392 0.342845
    outer loop
      vertex 9.01231 9.5465 152.147
      vertex -9.04894 9.49431 152.29
      vertex 9.04894 9.49431 152.29
    endloop
  endfacet
  facet normal 0 0.939392 0.342845
    outer loop
      vertex 9.01231 9.5465 152.147
      vertex -9.01231 9.5465 152.147
      vertex -9.04894 9.49431 152.29
    endloop
  endfacet
  facet normal 0 0.9397 0.342
    outer loop
      vertex 9 9.6 152
      vertex -9.01231 9.5465 152.147
      vertex 9.01231 9.5465 152.147
    endloop
  endfacet
  facet normal 0 0.9397 0.342
    outer loop
      vertex -9.01231 9.5465 152.147
      vertex 9 9.6 152
      vertex -9 9.6 152
    endloop
  endfacet
  facet normal -0.000998167 0.939476 0.342612
    outer loop
      vertex 9.84356 9.26219 152.928
      vertex 14.5 6.69283 159.987
      vertex 10 9.25798 152.94
    endloop
  endfacet
  facet normal 0.000905545 0.939867 0.341539
    outer loop
      vertex 14.5 6.69283 159.987
      vertex 10.1564 9.26219 152.928
      vertex 10 9.25798 152.94
    endloop
  endfacet
  facet normal -0.000836851 0.939523 0.342486
    outer loop
      vertex 14.5 6.69283 159.987
      vertex 10.309 9.27472 152.894
      vertex 10.1564 9.26219 152.928
    endloop
  endfacet
  facet normal 0.00109573 0.939889 0.341477
    outer loop
      vertex 14.5 6.69283 159.987
      vertex 10.454 9.29526 152.837
      vertex 10.309 9.27472 152.894
    endloop
  endfacet
  facet normal -7.32722e-05 0.939677 0.342062
    outer loop
      vertex 14.5 6.69283 159.987
      vertex 10.5878 9.3233 152.76
      vertex 10.454 9.29526 152.837
    endloop
  endfacet
  facet normal 0.000449402 0.939768 0.341812
    outer loop
      vertex 14.5 6.69283 159.987
      vertex 10.7071 9.35816 152.664
      vertex 10.5878 9.3233 152.76
    endloop
  endfacet
  facet normal -0.000209787 0.939659 0.342113
    outer loop
      vertex 14.5 6.69283 159.987
      vertex 10.809 9.39896 152.552
      vertex 10.7071 9.35816 152.664
    endloop
  endfacet
  facet normal -0.00178374 0.939406 0.342803
    outer loop
      vertex 14.5 6.69283 159.987
      vertex 10.891 9.44473 152.427
      vertex 10.809 9.39896 152.552
    endloop
  endfacet
  facet normal 0.00216528 0.940011 0.341138
    outer loop
      vertex 14.5 6.69283 159.987
      vertex 10.9511 9.49431 152.29
      vertex 10.891 9.44473 152.427
    endloop
  endfacet
  facet normal -0.00130328 0.939499 0.342551
    outer loop
      vertex 14.5 6.69283 159.987
      vertex 10.9877 9.5465 152.147
      vertex 10.9511 9.49431 152.29
    endloop
  endfacet
  facet normal 7.58978e-05 0.939698 0.342005
    outer loop
      vertex 10.9877 9.5465 152.147
      vertex 14.5 6.69283 159.987
      vertex 11 9.6 152
    endloop
  endfacet
  facet normal 0.00111618 0.939924 0.341381
    outer loop
      vertex 9.69098 9.27472 152.894
      vertex 14.5 6.69283 159.987
      vertex 9.84356 9.26219 152.928
    endloop
  endfacet
  facet normal -0.000905545 0.939867 0.341539
    outer loop
      vertex -10.1564 9.26219 152.928
      vertex -14.5 6.69283 159.987
      vertex -10 9.25798 152.94
    endloop
  endfacet
  facet normal 0.000836851 0.939523 0.342486
    outer loop
      vertex -10.309 9.27472 152.894
      vertex -14.5 6.69283 159.987
      vertex -10.1564 9.26219 152.928
    endloop
  endfacet
  facet normal -0.00109573 0.939889 0.341477
    outer loop
      vertex -10.454 9.29526 152.837
      vertex -14.5 6.69283 159.987
      vertex -10.309 9.27472 152.894
    endloop
  endfacet
  facet normal 7.32722e-05 0.939677 0.342062
    outer loop
      vertex -10.5878 9.3233 152.76
      vertex -14.5 6.69283 159.987
      vertex -10.454 9.29526 152.837
    endloop
  endfacet
  facet normal -0.000449402 0.939768 0.341812
    outer loop
      vertex -10.7071 9.35816 152.664
      vertex -14.5 6.69283 159.987
      vertex -10.5878 9.3233 152.76
    endloop
  endfacet
  facet normal 0.000209787 0.939659 0.342113
    outer loop
      vertex -10.809 9.39896 152.552
      vertex -14.5 6.69283 159.987
      vertex -10.7071 9.35816 152.664
    endloop
  endfacet
  facet normal 0.00178374 0.939406 0.342803
    outer loop
      vertex -10.891 9.44473 152.427
      vertex -14.5 6.69283 159.987
      vertex -10.809 9.39896 152.552
    endloop
  endfacet
  facet normal -0.00216528 0.940011 0.341138
    outer loop
      vertex -10.9511 9.49431 152.29
      vertex -14.5 6.69283 159.987
      vertex -10.891 9.44473 152.427
    endloop
  endfacet
  facet normal 0.00130328 0.939499 0.342551
    outer loop
      vertex -10.9877 9.5465 152.147
      vertex -14.5 6.69283 159.987
      vertex -10.9511 9.49431 152.29
    endloop
  endfacet
  facet normal -7.58978e-05 0.939698 0.342005
    outer loop
      vertex -14.5 6.69283 159.987
      vertex -10.9877 9.5465 152.147
      vertex -11 9.6 152
    endloop
  endfacet
  facet normal 0.93252 -0.339342 -0.123509
    outer loop
      vertex 11.3994 -2.56201 151.479
      vertex 14.5 9.12428 142.781
      vertex 14.5 3.30994 158.756
    endloop
  endfacet
  facet normal 0.932671 -0.339075 -0.123096
    outer loop
      vertex 11.3442 -2.62236 151.227
      vertex 14.5 9.12428 142.781
      vertex 11.3994 -2.56201 151.479
    endloop
  endfacet
  facet normal 0.932504 -0.339365 -0.123562
    outer loop
      vertex 11.2416 -2.77248 150.865
      vertex 14.5 9.12428 142.781
      vertex 11.3442 -2.62236 151.227
    endloop
  endfacet
  facet normal 0.932475 -0.339415 -0.123647
    outer loop
      vertex 11.1227 -2.97746 150.531
      vertex 14.5 9.12428 142.781
      vertex 11.2416 -2.77248 150.865
    endloop
  endfacet
  facet normal 0.932654 -0.338957 -0.123548
    outer loop
      vertex 10 -3.4233 143.279
      vertex 11.1227 -2.97746 150.531
      vertex 10.9905 -3.23223 150.232
    endloop
  endfacet
  facet normal 0.932522 -0.339337 -0.123504
    outer loop
      vertex 11.1227 -2.97746 150.531
      vertex 10 -3.4233 143.279
      vertex 14.5 9.12428 142.781
    endloop
  endfacet
  facet normal 0.932549 -0.339254 -0.123525
    outer loop
      vertex 10.8482 -3.53054 149.977
      vertex 10 -3.4233 143.279
      vertex 10.9905 -3.23223 150.232
    endloop
  endfacet
  facet normal 0.932493 -0.339412 -0.12352
    outer loop
      vertex 10.6993 -3.86502 149.772
      vertex 10 -3.4233 143.279
      vertex 10.8482 -3.53054 149.977
    endloop
  endfacet
  facet normal 0.932233 -0.340542 -0.122367
    outer loop
      vertex 10 -5.21233 148.194
      vertex 10.6993 -3.86502 149.772
      vertex 10.6529 -3.97587 149.727
    endloop
  endfacet
  facet normal 0.932518 -0.339342 -0.123518
    outer loop
      vertex 10.6993 -3.86502 149.772
      vertex 10 -5.21233 148.194
      vertex 10 -3.4233 143.279
    endloop
  endfacet
  facet normal 4.02723e-06 0.939687 0.342036
    outer loop
      vertex -14.5 12.5072 144.013
      vertex -14.5 6.69283 159.987
      vertex -11 9.6 152
    endloop
  endfacet
  facet normal -0.668844 -0.254209 0.698588
    outer loop
      vertex -14.5 3.30994 158.756
      vertex -10 -4.17144 160.342
      vertex -14.5 6.69283 159.987
    endloop
  endfacet
  facet normal -0.66896 -0.25431 0.698441
    outer loop
      vertex -10 -4.17144 160.342
      vertex -14.5 3.30994 158.756
      vertex -10 -5.21233 159.963
    endloop
  endfacet
  facet normal -0.000108159 -0.0396964 -0.999212
    outer loop
      vertex -10 -3.4233 143.279
      vertex -14.5 9.12428 142.781
      vertex -10 0 143.143
    endloop
  endfacet
  facet normal 0.000108159 -0.0396964 -0.999212
    outer loop
      vertex 10 0 143.143
      vertex 14.5 9.12428 142.781
      vertex 10 -3.4233 143.279
    endloop
  endfacet
  facet normal 0 -0.0396432 -0.999214
    outer loop
      vertex -10 0 143.143
      vertex 14.5 9.12428 142.781
      vertex 10 0 143.143
    endloop
  endfacet
  facet normal -0 -0.0396432 -0.999214
    outer loop
      vertex 14.5 9.12428 142.781
      vertex -10 0 143.143
      vertex -14.5 9.12428 142.781
    endloop
  endfacet
  facet normal 0 0.066491 0.997787
    outer loop
      vertex 14.5 6.69283 159.987
      vertex -8.84494 0 160.433
      vertex 8.84494 0 160.433
    endloop
  endfacet
  facet normal 0 0.066491 0.997787
    outer loop
      vertex -8.84494 0 160.433
      vertex 14.5 6.69283 159.987
      vertex -14.5 6.69283 159.987
    endloop
  endfacet
  facet normal 0 0.342196 -0.939629
    outer loop
      vertex -14.5 9.12428 142.781
      vertex 14.5 12.5072 144.013
      vertex 14.5 9.12428 142.781
    endloop
  endfacet
  facet normal 0 0.342196 -0.939629
    outer loop
      vertex 14.5 12.5072 144.013
      vertex -14.5 9.12428 142.781
      vertex -14.5 12.5072 144.013
    endloop
  endfacet
  facet normal -1 0 0
    outer loop
      vertex -14.5 9.12428 142.781
      vertex -14.5 6.69283 159.987
      vertex -14.5 12.5072 144.013
    endloop
  endfacet
  facet normal -1 0 -0
    outer loop
      vertex -14.5 6.69283 159.987
      vertex -14.5 9.12428 142.781
      vertex -14.5 3.30994 158.756
    endloop
  endfacet
  facet normal -0.93252 -0.339342 -0.123509
    outer loop
      vertex -14.5 9.12428 142.781
      vertex -11.3994 -2.56201 151.479
      vertex -14.5 3.30994 158.756
    endloop
  endfacet
  facet normal -0.932671 -0.339075 -0.123096
    outer loop
      vertex -14.5 9.12428 142.781
      vertex -11.3442 -2.62236 151.227
      vertex -11.3994 -2.56201 151.479
    endloop
  endfacet
  facet normal -0.932504 -0.339365 -0.123562
    outer loop
      vertex -14.5 9.12428 142.781
      vertex -11.2416 -2.77248 150.865
      vertex -11.3442 -2.62236 151.227
    endloop
  endfacet
  facet normal -0.932475 -0.339415 -0.123647
    outer loop
      vertex -14.5 9.12428 142.781
      vertex -11.1227 -2.97746 150.531
      vertex -11.2416 -2.77248 150.865
    endloop
  endfacet
  facet normal -0.932522 -0.339337 -0.123504
    outer loop
      vertex -10 -3.4233 143.279
      vertex -11.1227 -2.97746 150.531
      vertex -14.5 9.12428 142.781
    endloop
  endfacet
  facet normal -0.932654 -0.338957 -0.123548
    outer loop
      vertex -11.1227 -2.97746 150.531
      vertex -10 -3.4233 143.279
      vertex -10.9905 -3.23223 150.232
    endloop
  endfacet
  facet normal -0.932549 -0.339254 -0.123525
    outer loop
      vertex -10 -3.4233 143.279
      vertex -10.8482 -3.53054 149.977
      vertex -10.9905 -3.23223 150.232
    endloop
  endfacet
  facet normal -0.932493 -0.339412 -0.12352
    outer loop
      vertex -10 -3.4233 143.279
      vertex -10.6993 -3.86502 149.772
      vertex -10.8482 -3.53054 149.977
    endloop
  endfacet
  facet normal -0.932518 -0.339342 -0.123518
    outer loop
      vertex -10 -5.21233 148.194
      vertex -10.6993 -3.86502 149.772
      vertex -10 -3.4233 143.279
    endloop
  endfacet
  facet normal -0.932233 -0.340542 -0.122367
    outer loop
      vertex -10.6993 -3.86502 149.772
      vertex -10 -5.21233 148.194
      vertex -10.6529 -3.97587 149.727
    endloop
  endfacet
  facet normal -0.0786445 0 0.996903
    outer loop
      vertex -10 0 160.342
      vertex -14.5 6.69283 159.987
      vertex -10 -4.17144 160.342
    endloop
  endfacet
  facet normal -0.0785404 7.04487e-05 0.996911
    outer loop
      vertex -14.5 6.69283 159.987
      vertex -10 0 160.342
      vertex -8.84494 0 160.433
    endloop
  endfacet
  facet normal 0.884247 -0.46702 9.81152e-05
    outer loop
      vertex 14.5 3.30994 158.756
      vertex 11.4159 -2.53078 152.391
      vertex 11.4322 -2.5 152
    endloop
  endfacet
  facet normal 0.884339 -0.466846 -0.000105308
    outer loop
      vertex 14.5 3.30994 158.756
      vertex 11.3676 -2.62236 152.773
      vertex 11.4159 -2.53078 152.391
    endloop
  endfacet
  facet normal 0.884271 -0.466974 5.67617e-05
    outer loop
      vertex 14.5 3.30994 158.756
      vertex 11.2883 -2.77248 153.135
      vertex 11.3676 -2.62236 152.773
    endloop
  endfacet
  facet normal 0.884316 -0.46689 -6.01137e-05
    outer loop
      vertex 14.5 3.30994 158.756
      vertex 11.1801 -2.97746 153.469
      vertex 11.2883 -2.77248 153.135
    endloop
  endfacet
  facet normal 0.88425 -0.467014 0.000129646
    outer loop
      vertex 14.5 3.30994 158.756
      vertex 11.0455 -3.23223 153.768
      vertex 11.1801 -2.97746 153.469
    endloop
  endfacet
  facet normal 0.884301 -0.466917 -3.36549e-05
    outer loop
      vertex 14.5 3.30994 158.756
      vertex 10.888 -3.53054 154.023
      vertex 11.0455 -3.23223 153.768
    endloop
  endfacet
  facet normal 0.884293 -0.466932 -5.08166e-06
    outer loop
      vertex 10 -5.21233 159.963
      vertex 10.888 -3.53054 154.023
      vertex 14.5 3.30994 158.756
    endloop
  endfacet
  facet normal 0.884311 -0.466897 7.60746e-06
    outer loop
      vertex 10.888 -3.53054 154.023
      vertex 10 -5.21233 159.963
      vertex 10.7114 -3.86502 154.228
    endloop
  endfacet
  facet normal 0.884269 -0.466978 -1.6643e-05
    outer loop
      vertex 10.7114 -3.86502 154.228
      vertex 10 -5.21233 159.963
      vertex 10.52 -4.22746 154.378
    endloop
  endfacet
  facet normal 0.884309 -0.466902 5.12184e-07
    outer loop
      vertex 10.52 -4.22746 154.378
      vertex 10 -5.21233 159.963
      vertex 10.3186 -4.60891 154.469
    endloop
  endfacet
  facet normal 0.884299 -0.46692 -2.05761e-06
    outer loop
      vertex 10.3186 -4.60891 154.469
      vertex 10 -5.21233 159.963
      vertex 10.1121 -5 154.5
    endloop
  endfacet
  facet normal 0.884321 -0.466879 0
    outer loop
      vertex 10.1121 -5 154.5
      vertex 10 -5.21233 159.963
      vertex 10 -5.21233 154.483
    endloop
  endfacet
  facet normal 0.884351 -0.466823 -0.000117902
    outer loop
      vertex 11.4159 -2.53078 151.609
      vertex 14.5 3.30994 158.756
      vertex 11.4322 -2.5 152
    endloop
  endfacet
  facet normal 0.884337 -0.466848 -9.14487e-05
    outer loop
      vertex 14.5 3.30994 158.756
      vertex 11.4159 -2.53078 151.609
      vertex 11.3994 -2.56201 151.479
    endloop
  endfacet
  facet normal 0.884179 -0.467149 0.000215717
    outer loop
      vertex 10.52 -4.22746 149.622
      vertex 10 -5.21233 148.194
      vertex 10.6529 -3.97587 149.727
    endloop
  endfacet
  facet normal 0.884309 -0.466902 -2.29682e-06
    outer loop
      vertex 10.3186 -4.60891 149.531
      vertex 10 -5.21233 148.194
      vertex 10.52 -4.22746 149.622
    endloop
  endfacet
  facet normal 0.884299 -0.466921 8.69248e-06
    outer loop
      vertex 10.1121 -5 149.5
      vertex 10 -5.21233 148.194
      vertex 10.3186 -4.60891 149.531
    endloop
  endfacet
  facet normal 0.884321 -0.466879 0
    outer loop
      vertex 10 -5.21233 148.194
      vertex 10.1121 -5 149.5
      vertex 10 -5.21233 149.517
    endloop
  endfacet
  facet normal 0.668844 -0.254209 0.698588
    outer loop
      vertex 10 -4.17144 160.342
      vertex 14.5 3.30994 158.756
      vertex 14.5 6.69283 159.987
    endloop
  endfacet
  facet normal 0.66896 -0.25431 0.698441
    outer loop
      vertex 14.5 3.30994 158.756
      vertex 10 -4.17144 160.342
      vertex 10 -5.21233 159.963
    endloop
  endfacet
  facet normal 0.0785404 7.04487e-05 0.996911
    outer loop
      vertex 14.5 6.69283 159.987
      vertex 8.84494 0 160.433
      vertex 10 0 160.342
    endloop
  endfacet
  facet normal 0.0786445 0 0.996903
    outer loop
      vertex 14.5 6.69283 159.987
      vertex 10 0 160.342
      vertex 10 -4.17144 160.342
    endloop
  endfacet
  facet normal 1.40687e-06 0.984808 0.173645
    outer loop
      vertex 14.5 11.076 117.629
      vertex 11 9.6 126
      vertex 14.5 8.12399 134.371
    endloop
  endfacet
  facet normal -0.928028 -0.366852 -0.0646849
    outer loop
      vertex -14.5 7.5307 117.004
      vertex -11.0147 -2.70214 125.035
      vertex -14.5 4.57868 133.746
    endloop
  endfacet
  facet normal -0.928102 -0.366704 -0.0644639
    outer loop
      vertex -14.5 7.5307 117.004
      vertex -10.9751 -2.77248 124.865
      vertex -11.0147 -2.70214 125.035
    endloop
  endfacet
  facet normal -0.927974 -0.366958 -0.0648545
    outer loop
      vertex -14.5 7.5307 117.004
      vertex -10.8707 -2.97746 124.531
      vertex -10.9751 -2.77248 124.865
    endloop
  endfacet
  facet normal -0.928031 -0.366847 -0.0646722
    outer loop
      vertex -10 -3.91363 117.347
      vertex -10.8707 -2.97746 124.531
      vertex -14.5 7.5307 117.004
    endloop
  endfacet
  facet normal -0.928097 -0.366674 -0.0647027
    outer loop
      vertex -10.8707 -2.97746 124.531
      vertex -10 -3.91363 117.347
      vertex -10.7492 -3.23223 124.232
    endloop
  endfacet
  facet normal -0.928136 -0.366573 -0.064717
    outer loop
      vertex -10.7492 -3.23223 124.232
      vertex -10 -3.91363 117.347
      vertex -10.6136 -3.53054 123.977
    endloop
  endfacet
  facet normal -0.928007 -0.366904 -0.064686
    outer loop
      vertex -10 -4.82194 122.499
      vertex -10.6136 -3.53054 123.977
      vertex -10 -3.91363 117.347
    endloop
  endfacet
  facet normal -0.927581 -0.368208 -0.0633696
    outer loop
      vertex -10.6136 -3.53054 123.977
      vertex -10 -4.82194 122.499
      vertex -10.5638 -3.64412 123.908
    endloop
  endfacet
  facet normal 9.18468e-05 0.984817 0.173595
    outer loop
      vertex -9.69098 9.76515 125.063
      vertex -14.5 11.076 117.629
      vertex -9.84356 9.77151 125.027
    endloop
  endfacet
  facet normal 0.000144839 0.984793 0.173734
    outer loop
      vertex 10.1564 9.77151 125.027
      vertex 14.5 11.076 117.629
      vertex 10 9.77365 125.015
    endloop
  endfacet
  facet normal 6.86822e-05 0.9848 0.17369
    outer loop
      vertex 10.309 9.76515 125.063
      vertex 14.5 11.076 117.629
      vertex 10.1564 9.77151 125.027
    endloop
  endfacet
  facet normal -0.000825595 0.984886 0.173201
    outer loop
      vertex 10.454 9.75472 125.123
      vertex 14.5 11.076 117.629
      vertex 10.309 9.76515 125.063
    endloop
  endfacet
  facet normal 0.000751457 0.984741 0.174027
    outer loop
      vertex 10.5878 9.74048 125.203
      vertex 14.5 11.076 117.629
      vertex 10.454 9.75472 125.123
    endloop
  endfacet
  facet normal -0.000685132 0.984868 0.173307
    outer loop
      vertex 10.7071 9.72279 125.304
      vertex 14.5 11.076 117.629
      vertex 10.5878 9.74048 125.203
    endloop
  endfacet
  facet normal 0.000562676 0.984762 0.173905
    outer loop
      vertex 10.809 9.70207 125.421
      vertex 14.5 11.076 117.629
      vertex 10.7071 9.72279 125.304
    endloop
  endfacet
  facet normal -0.00023846 0.984827 0.173537
    outer loop
      vertex 10.891 9.67883 125.553
      vertex 14.5 11.076 117.629
      vertex 10.809 9.70207 125.421
    endloop
  endfacet
  facet normal -0.000345604 0.984836 0.17349
    outer loop
      vertex 10.9511 9.65366 125.696
      vertex 14.5 11.076 117.629
      vertex 10.891 9.67883 125.553
    endloop
  endfacet
  facet normal 0.000505126 0.984771 0.173853
    outer loop
      vertex 10.9877 9.62716 125.846
      vertex 14.5 11.076 117.629
      vertex 10.9511 9.65366 125.696
    endloop
  endfacet
  facet normal 8.03228e-05 0.984803 0.173677
    outer loop
      vertex 14.5 11.076 117.629
      vertex 10.9877 9.62716 125.846
      vertex 11 9.6 126
    endloop
  endfacet
  facet normal 0 0.984802 0.173683
    outer loop
      vertex 9.01231 9.62716 125.846
      vertex -9 9.6 126
      vertex 9 9.6 126
    endloop
  endfacet
  facet normal 0 0.984802 0.173683
    outer loop
      vertex 9.01231 9.62716 125.846
      vertex -9.01231 9.62716 125.846
      vertex -9 9.6 126
    endloop
  endfacet
  facet normal 0 0.98475 0.173973
    outer loop
      vertex 9.04894 9.65366 125.696
      vertex -9.01231 9.62716 125.846
      vertex 9.01231 9.62716 125.846
    endloop
  endfacet
  facet normal 0 0.98475 0.173973
    outer loop
      vertex 9.04894 9.65366 125.696
      vertex -9.04894 9.65366 125.696
      vertex -9.01231 9.62716 125.846
    endloop
  endfacet
  facet normal 0 0.98486 0.173349
    outer loop
      vertex 9.10899 9.67883 125.553
      vertex -9.04894 9.65366 125.696
      vertex 9.04894 9.65366 125.696
    endloop
  endfacet
  facet normal 0 0.98486 0.173349
    outer loop
      vertex 9.10899 9.67883 125.553
      vertex -9.10899 9.67883 125.553
      vertex -9.04894 9.65366 125.696
    endloop
  endfacet
  facet normal 0 0.984853 0.173394
    outer loop
      vertex 9.19098 9.70207 125.421
      vertex -9.10899 9.67883 125.553
      vertex 9.10899 9.67883 125.553
    endloop
  endfacet
  facet normal 0 0.984853 0.173394
    outer loop
      vertex 9.19098 9.70207 125.421
      vertex -9.19098 9.70207 125.421
      vertex -9.10899 9.67883 125.553
    endloop
  endfacet
  facet normal 0 0.984678 0.174381
    outer loop
      vertex 9.29289 9.72279 125.304
      vertex -9.19098 9.70207 125.421
      vertex 9.19098 9.70207 125.421
    endloop
  endfacet
  facet normal 0 0.984678 0.174381
    outer loop
      vertex 9.29289 9.72279 125.304
      vertex -9.29289 9.72279 125.304
      vertex -9.19098 9.70207 125.421
    endloop
  endfacet
  facet normal 0 0.985006 0.172522
    outer loop
      vertex 9.41221 9.74048 125.203
      vertex -9.29289 9.72279 125.304
      vertex 9.29289 9.72279 125.304
    endloop
  endfacet
  facet normal 0 0.985006 0.172522
    outer loop
      vertex 9.41221 9.74048 125.203
      vertex -9.41221 9.74048 125.203
      vertex -9.29289 9.72279 125.304
    endloop
  endfacet
  facet normal -0.00164414 0.984994 0.172579
    outer loop
      vertex 14.5 11.076 117.629
      vertex 9.41221 9.74048 125.203
      vertex 9.54601 9.75472 125.123
    endloop
  endfacet
  facet normal 0 0.984807 0.173651
    outer loop
      vertex 9.41221 9.74048 125.203
      vertex 14.5 11.076 117.629
      vertex -9.41221 9.74048 125.203
    endloop
  endfacet
  facet normal 0.00139043 0.984652 0.174525
    outer loop
      vertex 14.5 11.076 117.629
      vertex 9.54601 9.75472 125.123
      vertex 9.69098 9.76515 125.063
    endloop
  endfacet
  facet normal -0 0.984807 0.173651
    outer loop
      vertex -14.5 11.076 117.629
      vertex -9.41221 9.74048 125.203
      vertex 14.5 11.076 117.629
    endloop
  endfacet
  facet normal -9.18468e-05 0.984817 0.173595
    outer loop
      vertex 14.5 11.076 117.629
      vertex 9.69098 9.76515 125.063
      vertex 9.84356 9.77151 125.027
    endloop
  endfacet
  facet normal 0.00164414 0.984994 0.172579
    outer loop
      vertex -9.41221 9.74048 125.203
      vertex -14.5 11.076 117.629
      vertex -9.54601 9.75472 125.123
    endloop
  endfacet
  facet normal -0.000159007 0.984824 0.173554
    outer loop
      vertex 14.5 11.076 117.629
      vertex 9.84356 9.77151 125.027
      vertex 10 9.77365 125.015
    endloop
  endfacet
  facet normal -0.00139043 0.984652 0.174525
    outer loop
      vertex -9.54601 9.75472 125.123
      vertex -14.5 11.076 117.629
      vertex -9.69098 9.76515 125.063
    endloop
  endfacet
  facet normal 0.000159007 0.984824 0.173554
    outer loop
      vertex -9.84356 9.77151 125.027
      vertex -14.5 11.076 117.629
      vertex -10 9.77365 125.015
    endloop
  endfacet
  facet normal -0.000144839 0.984793 0.173734
    outer loop
      vertex -10 9.77365 125.015
      vertex -14.5 11.076 117.629
      vertex -10.1564 9.77151 125.027
    endloop
  endfacet
  facet normal -8.03228e-05 0.984803 0.173677
    outer loop
      vertex -10.9877 9.62716 125.846
      vertex -14.5 11.076 117.629
      vertex -11 9.6 126
    endloop
  endfacet
  facet normal -0.000505126 0.984771 0.173853
    outer loop
      vertex -10.9511 9.65366 125.696
      vertex -14.5 11.076 117.629
      vertex -10.9877 9.62716 125.846
    endloop
  endfacet
  facet normal 0.000345604 0.984836 0.17349
    outer loop
      vertex -10.891 9.67883 125.553
      vertex -14.5 11.076 117.629
      vertex -10.9511 9.65366 125.696
    endloop
  endfacet
  facet normal 0.00023846 0.984827 0.173537
    outer loop
      vertex -10.809 9.70207 125.421
      vertex -14.5 11.076 117.629
      vertex -10.891 9.67883 125.553
    endloop
  endfacet
  facet normal -0.000562676 0.984762 0.173905
    outer loop
      vertex -10.7071 9.72279 125.304
      vertex -14.5 11.076 117.629
      vertex -10.809 9.70207 125.421
    endloop
  endfacet
  facet normal 0.000685132 0.984868 0.173307
    outer loop
      vertex -10.5878 9.74048 125.203
      vertex -14.5 11.076 117.629
      vertex -10.7071 9.72279 125.304
    endloop
  endfacet
  facet normal -0.000751457 0.984741 0.174027
    outer loop
      vertex -10.454 9.75472 125.123
      vertex -14.5 11.076 117.629
      vertex -10.5878 9.74048 125.203
    endloop
  endfacet
  facet normal 0.000825595 0.984886 0.173201
    outer loop
      vertex -10.309 9.76515 125.063
      vertex -14.5 11.076 117.629
      vertex -10.454 9.75472 125.123
    endloop
  endfacet
  facet normal -6.86822e-05 0.9848 0.17369
    outer loop
      vertex -10.1564 9.77151 125.027
      vertex -14.5 11.076 117.629
      vertex -10.309 9.76515 125.063
    endloop
  endfacet
  facet normal 1 0 0
    outer loop
      vertex 14.5 8.12399 134.371
      vertex 14.5 7.5307 117.004
      vertex 14.5 11.076 117.629
    endloop
  endfacet
  facet normal 1 0 -0
    outer loop
      vertex 14.5 7.5307 117.004
      vertex 14.5 8.12399 134.371
      vertex 14.5 4.57868 133.746
    endloop
  endfacet
  facet normal -0.00139117 0.984651 0.174527
    outer loop
      vertex 9.54601 9.44528 126.877
      vertex 14.5 8.12399 134.371
      vertex 9.69098 9.43485 126.937
    endloop
  endfacet
  facet normal -0.0001589 0.984824 0.173555
    outer loop
      vertex -14.5 8.12399 134.371
      vertex -9.84356 9.42849 126.973
      vertex -10 9.42635 126.985
    endloop
  endfacet
  facet normal 0.00164284 0.984994 0.172581
    outer loop
      vertex 9.41221 9.45952 126.797
      vertex 14.5 8.12399 134.371
      vertex 9.54601 9.44528 126.877
    endloop
  endfacet
  facet normal -9.14779e-05 0.984817 0.173597
    outer loop
      vertex -14.5 8.12399 134.371
      vertex -9.69098 9.43485 126.937
      vertex -9.84356 9.42849 126.973
    endloop
  endfacet
  facet normal 0 0.984807 0.173652
    outer loop
      vertex 14.5 8.12399 134.371
      vertex 9.41221 9.45952 126.797
      vertex -14.5 8.12399 134.371
    endloop
  endfacet
  facet normal 0.00139117 0.984651 0.174527
    outer loop
      vertex -14.5 8.12399 134.371
      vertex -9.54601 9.44528 126.877
      vertex -9.69098 9.43485 126.937
    endloop
  endfacet
  facet normal -0 0.984807 0.173652
    outer loop
      vertex -9.41221 9.45952 126.797
      vertex -14.5 8.12399 134.371
      vertex 9.41221 9.45952 126.797
    endloop
  endfacet
  facet normal -0.00164284 0.984994 0.172581
    outer loop
      vertex -14.5 8.12399 134.371
      vertex -9.41221 9.45952 126.797
      vertex -9.54601 9.44528 126.877
    endloop
  endfacet
  facet normal 0 0.985006 0.172522
    outer loop
      vertex 9.29289 9.47721 126.696
      vertex -9.41221 9.45952 126.797
      vertex 9.41221 9.45952 126.797
    endloop
  endfacet
  facet normal 0 0.985006 0.172522
    outer loop
      vertex 9.29289 9.47721 126.696
      vertex -9.29289 9.47721 126.696
      vertex -9.41221 9.45952 126.797
    endloop
  endfacet
  facet normal 0 0.984678 0.174381
    outer loop
      vertex 9.19098 9.49793 126.579
      vertex -9.29289 9.47721 126.696
      vertex 9.29289 9.47721 126.696
    endloop
  endfacet
  facet normal 0 0.984678 0.174381
    outer loop
      vertex 9.19098 9.49793 126.579
      vertex -9.19098 9.49793 126.579
      vertex -9.29289 9.47721 126.696
    endloop
  endfacet
  facet normal 0 0.984865 0.173321
    outer loop
      vertex 9.10899 9.52116 126.447
      vertex -9.19098 9.49793 126.579
      vertex 9.19098 9.49793 126.579
    endloop
  endfacet
  facet normal 0 0.984865 0.173321
    outer loop
      vertex 9.10899 9.52116 126.447
      vertex -9.10899 9.52116 126.447
      vertex -9.19098 9.49793 126.579
    endloop
  endfacet
  facet normal 0 0.984849 0.173416
    outer loop
      vertex 9.04894 9.54634 126.304
      vertex -9.10899 9.52116 126.447
      vertex 9.10899 9.52116 126.447
    endloop
  endfacet
  facet normal 0 0.984849 0.173416
    outer loop
      vertex 9.04894 9.54634 126.304
      vertex -9.04894 9.54634 126.304
      vertex -9.10899 9.52116 126.447
    endloop
  endfacet
  facet normal 0 0.984762 0.173909
    outer loop
      vertex 9.01231 9.57283 126.154
      vertex -9.04894 9.54634 126.304
      vertex 9.04894 9.54634 126.304
    endloop
  endfacet
  facet normal 0 0.984762 0.173909
    outer loop
      vertex 9.01231 9.57283 126.154
      vertex -9.01231 9.57283 126.154
      vertex -9.04894 9.54634 126.304
    endloop
  endfacet
  facet normal 0 0.984791 0.173745
    outer loop
      vertex 9 9.6 126
      vertex -9.01231 9.57283 126.154
      vertex 9.01231 9.57283 126.154
    endloop
  endfacet
  facet normal 0 0.984791 0.173745
    outer loop
      vertex -9.01231 9.57283 126.154
      vertex 9 9.6 126
      vertex -9 9.6 126
    endloop
  endfacet
  facet normal 0.0001589 0.984824 0.173555
    outer loop
      vertex 9.84356 9.42849 126.973
      vertex 14.5 8.12399 134.371
      vertex 10 9.42635 126.985
    endloop
  endfacet
  facet normal -0.000144742 0.984792 0.173735
    outer loop
      vertex 14.5 8.12399 134.371
      vertex 10.1564 9.42849 126.973
      vertex 10 9.42635 126.985
    endloop
  endfacet
  facet normal -6.84063e-05 0.9848 0.173691
    outer loop
      vertex 14.5 8.12399 134.371
      vertex 10.309 9.43485 126.937
      vertex 10.1564 9.42849 126.973
    endloop
  endfacet
  facet normal 0.000826039 0.984886 0.173202
    outer loop
      vertex 14.5 8.12399 134.371
      vertex 10.454 9.44528 126.877
      vertex 10.309 9.43485 126.937
    endloop
  endfacet
  facet normal -0.000750863 0.98474 0.174028
    outer loop
      vertex 14.5 8.12399 134.371
      vertex 10.5878 9.45952 126.797
      vertex 10.454 9.44528 126.877
    endloop
  endfacet
  facet normal 0.000685898 0.984867 0.173308
    outer loop
      vertex 14.5 8.12399 134.371
      vertex 10.7071 9.47721 126.696
      vertex 10.5878 9.45952 126.797
    endloop
  endfacet
  facet normal -0.000561736 0.984762 0.173906
    outer loop
      vertex 14.5 8.12399 134.371
      vertex 10.809 9.49793 126.579
      vertex 10.7071 9.47721 126.696
    endloop
  endfacet
  facet normal 0.000307757 0.984833 0.173507
    outer loop
      vertex 14.5 8.12399 134.371
      vertex 10.891 9.52116 126.447
      vertex 10.809 9.49793 126.579
    endloop
  endfacet
  facet normal 0.00026696 0.984829 0.173525
    outer loop
      vertex 14.5 8.12399 134.371
      vertex 10.9511 9.54634 126.304
      vertex 10.891 9.52116 126.447
    endloop
  endfacet
  facet normal -0.000407352 0.984779 0.173813
    outer loop
      vertex 14.5 8.12399 134.371
      vertex 10.9877 9.57283 126.154
      vertex 10.9511 9.54634 126.304
    endloop
  endfacet
  facet normal -0.000206374 0.984793 0.173729
    outer loop
      vertex 10.9877 9.57283 126.154
      vertex 14.5 8.12399 134.371
      vertex 11 9.6 126
    endloop
  endfacet
  facet normal 9.14779e-05 0.984817 0.173597
    outer loop
      vertex 9.69098 9.43485 126.937
      vertex 14.5 8.12399 134.371
      vertex 9.84356 9.42849 126.973
    endloop
  endfacet
  facet normal 0.000144742 0.984792 0.173735
    outer loop
      vertex -10.1564 9.42849 126.973
      vertex -14.5 8.12399 134.371
      vertex -10 9.42635 126.985
    endloop
  endfacet
  facet normal 6.84063e-05 0.9848 0.173691
    outer loop
      vertex -10.309 9.43485 126.937
      vertex -14.5 8.12399 134.371
      vertex -10.1564 9.42849 126.973
    endloop
  endfacet
  facet normal -0.000826039 0.984886 0.173202
    outer loop
      vertex -10.454 9.44528 126.877
      vertex -14.5 8.12399 134.371
      vertex -10.309 9.43485 126.937
    endloop
  endfacet
  facet normal 0.000750863 0.98474 0.174028
    outer loop
      vertex -10.5878 9.45952 126.797
      vertex -14.5 8.12399 134.371
      vertex -10.454 9.44528 126.877
    endloop
  endfacet
  facet normal -0.000685898 0.984867 0.173308
    outer loop
      vertex -10.7071 9.47721 126.696
      vertex -14.5 8.12399 134.371
      vertex -10.5878 9.45952 126.797
    endloop
  endfacet
  facet normal 0.000561736 0.984762 0.173906
    outer loop
      vertex -10.809 9.49793 126.579
      vertex -14.5 8.12399 134.371
      vertex -10.7071 9.47721 126.696
    endloop
  endfacet
  facet normal -0.000307757 0.984833 0.173507
    outer loop
      vertex -10.891 9.52116 126.447
      vertex -14.5 8.12399 134.371
      vertex -10.809 9.49793 126.579
    endloop
  endfacet
  facet normal -0.00026696 0.984829 0.173525
    outer loop
      vertex -10.9511 9.54634 126.304
      vertex -14.5 8.12399 134.371
      vertex -10.891 9.52116 126.447
    endloop
  endfacet
  facet normal 0.000407352 0.984779 0.173813
    outer loop
      vertex -10.9877 9.57283 126.154
      vertex -14.5 8.12399 134.371
      vertex -10.9511 9.54634 126.304
    endloop
  endfacet
  facet normal 0.000206374 0.984793 0.173729
    outer loop
      vertex -14.5 8.12399 134.371
      vertex -10.9877 9.57283 126.154
      vertex -11 9.6 126
    endloop
  endfacet
  facet normal 0.928028 -0.366852 -0.0646849
    outer loop
      vertex 11.0147 -2.70214 125.035
      vertex 14.5 7.5307 117.004
      vertex 14.5 4.57868 133.746
    endloop
  endfacet
  facet normal 0.928102 -0.366704 -0.0644639
    outer loop
      vertex 10.9751 -2.77248 124.865
      vertex 14.5 7.5307 117.004
      vertex 11.0147 -2.70214 125.035
    endloop
  endfacet
  facet normal 0.927974 -0.366958 -0.0648545
    outer loop
      vertex 10.8707 -2.97746 124.531
      vertex 14.5 7.5307 117.004
      vertex 10.9751 -2.77248 124.865
    endloop
  endfacet
  facet normal 0.928097 -0.366674 -0.0647027
    outer loop
      vertex 10 -3.91363 117.347
      vertex 10.8707 -2.97746 124.531
      vertex 10.7492 -3.23223 124.232
    endloop
  endfacet
  facet normal 0.928136 -0.366573 -0.064717
    outer loop
      vertex 10 -3.91363 117.347
      vertex 10.7492 -3.23223 124.232
      vertex 10.6136 -3.53054 123.977
    endloop
  endfacet
  facet normal 0.927581 -0.368208 -0.0633696
    outer loop
      vertex 10 -4.82194 122.499
      vertex 10.6136 -3.53054 123.977
      vertex 10.5638 -3.64412 123.908
    endloop
  endfacet
  facet normal 0.928031 -0.366847 -0.0646722
    outer loop
      vertex 10.8707 -2.97746 124.531
      vertex 10 -3.91363 117.347
      vertex 14.5 7.5307 117.004
    endloop
  endfacet
  facet normal 0.928007 -0.366904 -0.064686
    outer loop
      vertex 10.6136 -3.53054 123.977
      vertex 10 -4.82194 122.499
      vertex 10 -3.91363 117.347
    endloop
  endfacet
  facet normal -0.901946 -0.431848 8.60938e-05
    outer loop
      vertex -14.5 4.57868 133.746
      vertex -11.0968 -2.53078 125.609
      vertex -11.1115 -2.5 126
    endloop
  endfacet
  facet normal -0.902075 -0.43158 -0.000201523
    outer loop
      vertex -14.5 4.57868 133.746
      vertex -11.0529 -2.62236 125.227
      vertex -11.0968 -2.53078 125.609
    endloop
  endfacet
  facet normal -0.902023 -0.431687 -8.99388e-05
    outer loop
      vertex -11.0529 -2.62236 125.227
      vertex -14.5 4.57868 133.746
      vertex -11.0147 -2.70214 125.035
    endloop
  endfacet
  facet normal -0.902014 -0.431707 -7.24429e-05
    outer loop
      vertex -11.0968 -2.53078 126.391
      vertex -14.5 4.57868 133.746
      vertex -11.1115 -2.5 126
    endloop
  endfacet
  facet normal -0.901938 -0.431866 0.00011715
    outer loop
      vertex -11.0529 -2.62236 126.773
      vertex -14.5 4.57868 133.746
      vertex -11.0968 -2.53078 126.391
    endloop
  endfacet
  facet normal -0.902023 -0.431688 -0.000109614
    outer loop
      vertex -10.9811 -2.77248 127.135
      vertex -14.5 4.57868 133.746
      vertex -11.0529 -2.62236 126.773
    endloop
  endfacet
  facet normal -0.901937 -0.431868 0.000137238
    outer loop
      vertex -10.8829 -2.97746 127.469
      vertex -14.5 4.57868 133.746
      vertex -10.9811 -2.77248 127.135
    endloop
  endfacet
  facet normal -0.902014 -0.431707 -0.000101716
    outer loop
      vertex -10.761 -3.23223 127.768
      vertex -14.5 4.57868 133.746
      vertex -10.8829 -2.97746 127.469
    endloop
  endfacet
  facet normal -0.901983 -0.431773 4.02789e-06
    outer loop
      vertex -10.6182 -3.53054 128.023
      vertex -14.5 4.57868 133.746
      vertex -10.761 -3.23223 127.768
    endloop
  endfacet
  facet normal -0.901999 -0.431738 1.10747e-05
    outer loop
      vertex -10 -4.82194 134.268
      vertex -10.6182 -3.53054 128.023
      vertex -10.4581 -3.86502 128.228
    endloop
  endfacet
  facet normal -0.901981 -0.431777 3.59099e-06
    outer loop
      vertex -10 -4.82194 134.268
      vertex -10.4581 -3.86502 128.228
      vertex -10.2846 -4.22746 128.378
    endloop
  endfacet
  facet normal -0.90198 -0.431777 3.5468e-06
    outer loop
      vertex -10 -4.82194 134.268
      vertex -10.2846 -4.22746 128.378
      vertex -10.102 -4.60891 128.469
    endloop
  endfacet
  facet normal -0.901943 -0.431855 -0
    outer loop
      vertex -10 -4.82194 134.268
      vertex -10.102 -4.60891 128.469
      vertex -10 -4.82194 128.486
    endloop
  endfacet
  facet normal -0.901983 -0.431772 2.53787e-06
    outer loop
      vertex -10.6182 -3.53054 128.023
      vertex -10 -4.82194 134.268
      vertex -14.5 4.57868 133.746
    endloop
  endfacet
  facet normal -0.90212 -0.431486 -0.000285724
    outer loop
      vertex -10 -4.82194 122.499
      vertex -10.4581 -3.86502 123.772
      vertex -10.5638 -3.64412 123.908
    endloop
  endfacet
  facet normal -0.901984 -0.43177 -2.31109e-05
    outer loop
      vertex -10 -4.82194 122.499
      vertex -10.2846 -4.22746 123.622
      vertex -10.4581 -3.86502 123.772
    endloop
  endfacet
  facet normal -0.901982 -0.431774 -2.07788e-05
    outer loop
      vertex -10 -4.82194 122.499
      vertex -10.102 -4.60891 123.531
      vertex -10.2846 -4.22746 123.622
    endloop
  endfacet
  facet normal -0.901943 -0.431855 0
    outer loop
      vertex -10.102 -4.60891 123.531
      vertex -10 -4.82194 122.499
      vertex -10 -4.82194 123.514
    endloop
  endfacet
  facet normal -1 0 0
    outer loop
      vertex -14.5 7.5307 117.004
      vertex -14.5 8.12399 134.371
      vertex -14.5 11.076 117.629
    endloop
  endfacet
  facet normal -1 0 0
    outer loop
      vertex -14.5 8.12399 134.371
      vertex -14.5 7.5307 117.004
      vertex -14.5 4.57868 133.746
    endloop
  endfacet
  facet normal 0.000192317 -0.0298822 -0.999553
    outer loop
      vertex -10 -3.91363 117.347
      vertex -14.5 7.5307 117.004
      vertex -10 0 117.23
    endloop
  endfacet
  facet normal -0.000192317 -0.0298822 -0.999553
    outer loop
      vertex 10 0 117.23
      vertex 14.5 7.5307 117.004
      vertex 10 -3.91363 117.347
    endloop
  endfacet
  facet normal 0 -0.029997 -0.99955
    outer loop
      vertex -10 0 117.23
      vertex 14.5 7.5307 117.004
      vertex 10 0 117.23
    endloop
  endfacet
  facet normal -0 -0.029997 -0.99955
    outer loop
      vertex 14.5 7.5307 117.004
      vertex -10 0 117.23
      vertex -14.5 7.5307 117.004
    endloop
  endfacet
  facet normal -0.43042 -0.156707 0.888922
    outer loop
      vertex -14.5 4.57868 133.746
      vertex -10 -3.73108 134.46
      vertex -14.5 8.12399 134.371
    endloop
  endfacet
  facet normal -0.43006 -0.156494 0.889133
    outer loop
      vertex -10 -3.73108 134.46
      vertex -14.5 4.57868 133.746
      vertex -10 -4.82194 134.268
    endloop
  endfacet
  facet normal -1.40687e-06 0.984808 0.173645
    outer loop
      vertex -14.5 11.076 117.629
      vertex -14.5 8.12399 134.371
      vertex -11 9.6 126
    endloop
  endfacet
  facet normal 0 0.173613 -0.984814
    outer loop
      vertex -14.5 7.5307 117.004
      vertex 14.5 11.076 117.629
      vertex 14.5 7.5307 117.004
    endloop
  endfacet
  facet normal 0 0.173613 -0.984814
    outer loop
      vertex 14.5 11.076 117.629
      vertex -14.5 7.5307 117.004
      vertex -14.5 11.076 117.629
    endloop
  endfacet
  facet normal 0 0.0141542 0.9999
    outer loop
      vertex 14.5 8.12399 134.371
      vertex -8.71241 0 134.486
      vertex 8.71241 0 134.486
    endloop
  endfacet
  facet normal 0 0.0141542 0.9999
    outer loop
      vertex -8.71241 0 134.486
      vertex 14.5 8.12399 134.371
      vertex -14.5 8.12399 134.371
    endloop
  endfacet
  facet normal -0.0197739 0 0.999804
    outer loop
      vertex -10 0 134.46
      vertex -14.5 8.12399 134.371
      vertex -10 -3.73108 134.46
    endloop
  endfacet
  facet normal -0.0201886 -0.00022982 0.999796
    outer loop
      vertex -14.5 8.12399 134.371
      vertex -10 0 134.46
      vertex -8.71241 0 134.486
    endloop
  endfacet
  facet normal 0.902014 -0.431707 -7.24429e-05
    outer loop
      vertex 14.5 4.57868 133.746
      vertex 11.0968 -2.53078 126.391
      vertex 11.1115 -2.5 126
    endloop
  endfacet
  facet normal 0.901938 -0.431866 0.00011715
    outer loop
      vertex 14.5 4.57868 133.746
      vertex 11.0529 -2.62236 126.773
      vertex 11.0968 -2.53078 126.391
    endloop
  endfacet
  facet normal 0.902023 -0.431688 -0.000109614
    outer loop
      vertex 14.5 4.57868 133.746
      vertex 10.9811 -2.77248 127.135
      vertex 11.0529 -2.62236 126.773
    endloop
  endfacet
  facet normal 0.901937 -0.431868 0.000137238
    outer loop
      vertex 14.5 4.57868 133.746
      vertex 10.8829 -2.97746 127.469
      vertex 10.9811 -2.77248 127.135
    endloop
  endfacet
  facet normal 0.902014 -0.431707 -0.000101716
    outer loop
      vertex 14.5 4.57868 133.746
      vertex 10.761 -3.23223 127.768
      vertex 10.8829 -2.97746 127.469
    endloop
  endfacet
  facet normal 0.901983 -0.431773 4.02789e-06
    outer loop
      vertex 14.5 4.57868 133.746
      vertex 10.6182 -3.53054 128.023
      vertex 10.761 -3.23223 127.768
    endloop
  endfacet
  facet normal 0.901983 -0.431772 2.53787e-06
    outer loop
      vertex 10 -4.82194 134.268
      vertex 10.6182 -3.53054 128.023
      vertex 14.5 4.57868 133.746
    endloop
  endfacet
  facet normal 0.901999 -0.431738 1.10747e-05
    outer loop
      vertex 10.6182 -3.53054 128.023
      vertex 10 -4.82194 134.268
      vertex 10.4581 -3.86502 128.228
    endloop
  endfacet
  facet normal 0.901981 -0.431777 3.59099e-06
    outer loop
      vertex 10.4581 -3.86502 128.228
      vertex 10 -4.82194 134.268
      vertex 10.2846 -4.22746 128.378
    endloop
  endfacet
  facet normal 0.90198 -0.431777 3.5468e-06
    outer loop
      vertex 10.2846 -4.22746 128.378
      vertex 10 -4.82194 134.268
      vertex 10.102 -4.60891 128.469
    endloop
  endfacet
  facet normal 0.901943 -0.431855 0
    outer loop
      vertex 10.102 -4.60891 128.469
      vertex 10 -4.82194 134.268
      vertex 10 -4.82194 128.486
    endloop
  endfacet
  facet normal 0.901946 -0.431848 8.60938e-05
    outer loop
      vertex 11.0968 -2.53078 125.609
      vertex 14.5 4.57868 133.746
      vertex 11.1115 -2.5 126
    endloop
  endfacet
  facet normal 0.902075 -0.43158 -0.000201523
    outer loop
      vertex 11.0529 -2.62236 125.227
      vertex 14.5 4.57868 133.746
      vertex 11.0968 -2.53078 125.609
    endloop
  endfacet
  facet normal 0.902023 -0.431687 -8.99388e-05
    outer loop
      vertex 14.5 4.57868 133.746
      vertex 11.0529 -2.62236 125.227
      vertex 11.0147 -2.70214 125.035
    endloop
  endfacet
  facet normal 0.90212 -0.431486 -0.000285724
    outer loop
      vertex 10.4581 -3.86502 123.772
      vertex 10 -4.82194 122.499
      vertex 10.5638 -3.64412 123.908
    endloop
  endfacet
  facet normal 0.901984 -0.43177 -2.31109e-05
    outer loop
      vertex 10.2846 -4.22746 123.622
      vertex 10 -4.82194 122.499
      vertex 10.4581 -3.86502 123.772
    endloop
  endfacet
  facet normal 0.901982 -0.431774 -2.07788e-05
    outer loop
      vertex 10.102 -4.60891 123.531
      vertex 10 -4.82194 122.499
      vertex 10.2846 -4.22746 123.622
    endloop
  endfacet
  facet normal 0.901943 -0.431855 0
    outer loop
      vertex 10 -4.82194 122.499
      vertex 10.102 -4.60891 123.531
      vertex 10 -4.82194 123.514
    endloop
  endfacet
  facet normal 0.43042 -0.156707 0.888922
    outer loop
      vertex 10 -3.73108 134.46
      vertex 14.5 4.57868 133.746
      vertex 14.5 8.12399 134.371
    endloop
  endfacet
  facet normal 0.43006 -0.156494 0.889133
    outer loop
      vertex 14.5 4.57868 133.746
      vertex 10 -3.73108 134.46
      vertex 10 -4.82194 134.268
    endloop
  endfacet
  facet normal 0.0201886 -0.00022982 0.999796
    outer loop
      vertex 14.5 8.12399 134.371
      vertex 8.71241 0 134.486
      vertex 10 0 134.46
    endloop
  endfacet
  facet normal 0.0197739 0 0.999804
    outer loop
      vertex 14.5 8.12399 134.371
      vertex 10 0 134.46
      vertex 10 -3.73108 134.46
    endloop
  endfacet
  facet normal -1 0 0
    outer loop
      vertex -14.5 6 91.5
      vertex -14.5 9.6 108.5
      vertex -14.5 9.6 91.5
    endloop
  endfacet
  facet normal -1 -0 0
    outer loop
      vertex -14.5 9.6 108.5
      vertex -14.5 6 91.5
      vertex -14.5 6 108.5
    endloop
  endfacet
  facet normal -0.917557 -0.397604 0
    outer loop
      vertex -14.5 6 91.5
      vertex -10.8167 -2.5 100
      vertex -14.5 6 108.5
    endloop
  endfacet
  facet normal -0.917508 -0.397718 -0.000135101
    outer loop
      vertex -14.5 6 91.5
      vertex -10.8033 -2.53078 99.6089
      vertex -10.8167 -2.5 100
    endloop
  endfacet
  facet normal -0.917544 -0.397634 -2.94303e-05
    outer loop
      vertex -14.5 6 91.5
      vertex -10.7636 -2.62236 99.2275
      vertex -10.8033 -2.53078 99.6089
    endloop
  endfacet
  facet normal -0.917586 -0.397538 9.74115e-05
    outer loop
      vertex -14.5 6 91.5
      vertex -10.6986 -2.77248 98.865
      vertex -10.7636 -2.62236 99.2275
    endloop
  endfacet
  facet normal -0.91757 -0.397575 4.43391e-05
    outer loop
      vertex -14.5 6 91.5
      vertex -10.6098 -2.97746 98.5305
      vertex -10.6986 -2.77248 98.865
    endloop
  endfacet
  facet normal -0.917557 -0.397605 -1.0943e-06
    outer loop
      vertex -14.5 6 91.5
      vertex -10.4994 -3.23223 98.2322
      vertex -10.6098 -2.97746 98.5305
    endloop
  endfacet
  facet normal -0.917556 -0.397607 -4.25535e-06
    outer loop
      vertex -10 -4.38462 91.5
      vertex -10.4994 -3.23223 98.2322
      vertex -14.5 6 91.5
    endloop
  endfacet
  facet normal -0.917515 -0.397702 1.49888e-05
    outer loop
      vertex -10.4994 -3.23223 98.2322
      vertex -10 -4.38462 91.5
      vertex -10.3701 -3.53054 97.9775
    endloop
  endfacet
  facet normal -0.917601 -0.397504 -1.60601e-05
    outer loop
      vertex -10.3701 -3.53054 97.9775
      vertex -10 -4.38462 91.5
      vertex -10.2252 -3.86502 97.7725
    endloop
  endfacet
  facet normal -0.917516 -0.397699 3.20631e-06
    outer loop
      vertex -10.2252 -3.86502 97.7725
      vertex -10 -4.38462 91.5
      vertex -10.0681 -4.22746 97.6224
    endloop
  endfacet
  facet normal -0.917561 -0.397594 0
    outer loop
      vertex -10.0681 -4.22746 97.6224
      vertex -10 -4.38462 91.5
      vertex -10 -4.38462 97.5846
    endloop
  endfacet
  facet normal -0.917508 -0.397718 0.000135133
    outer loop
      vertex -10.8033 -2.53078 100.391
      vertex -14.5 6 108.5
      vertex -10.8167 -2.5 100
    endloop
  endfacet
  facet normal -0.917544 -0.397634 2.93926e-05
    outer loop
      vertex -10.7636 -2.62236 100.773
      vertex -14.5 6 108.5
      vertex -10.8033 -2.53078 100.391
    endloop
  endfacet
  facet normal -0.917586 -0.397538 -9.75113e-05
    outer loop
      vertex -10.6986 -2.77248 101.135
      vertex -14.5 6 108.5
      vertex -10.7636 -2.62236 100.773
    endloop
  endfacet
  facet normal -0.91757 -0.397575 -4.43829e-05
    outer loop
      vertex -10.6098 -2.97746 101.469
      vertex -14.5 6 108.5
      vertex -10.6986 -2.77248 101.135
    endloop
  endfacet
  facet normal -0.917557 -0.397605 1.09273e-06
    outer loop
      vertex -10.4994 -3.23223 101.768
      vertex -14.5 6 108.5
      vertex -10.6098 -2.97746 101.469
    endloop
  endfacet
  facet normal -0.917515 -0.397702 -1.49924e-05
    outer loop
      vertex -10 -4.38462 108.5
      vertex -10.4994 -3.23223 101.768
      vertex -10.3701 -3.53054 102.023
    endloop
  endfacet
  facet normal -0.917601 -0.397504 1.60615e-05
    outer loop
      vertex -10 -4.38462 108.5
      vertex -10.3701 -3.53054 102.023
      vertex -10.2252 -3.86502 102.228
    endloop
  endfacet
  facet normal -0.917516 -0.397699 -3.2065e-06
    outer loop
      vertex -10 -4.38462 108.5
      vertex -10.2252 -3.86502 102.228
      vertex -10.0681 -4.22746 102.378
    endloop
  endfacet
  facet normal -0.917561 -0.397594 -0
    outer loop
      vertex -10 -4.38462 108.5
      vertex -10.0681 -4.22746 102.378
      vertex -10 -4.38462 102.415
    endloop
  endfacet
  facet normal -0.917556 -0.397607 4.25548e-06
    outer loop
      vertex -10.4994 -3.23223 101.768
      vertex -10 -4.38462 108.5
      vertex -14.5 6 108.5
    endloop
  endfacet
  facet normal 0.917557 -0.397604 0
    outer loop
      vertex 14.5 6 108.5
      vertex 10.8167 -2.5 100
      vertex 14.5 6 91.5
    endloop
  endfacet
  facet normal 0.917508 -0.397718 0.000135133
    outer loop
      vertex 14.5 6 108.5
      vertex 10.8033 -2.53078 100.391
      vertex 10.8167 -2.5 100
    endloop
  endfacet
  facet normal 0.917544 -0.397634 2.93926e-05
    outer loop
      vertex 14.5 6 108.5
      vertex 10.7636 -2.62236 100.773
      vertex 10.8033 -2.53078 100.391
    endloop
  endfacet
  facet normal 0.917586 -0.397538 -9.75113e-05
    outer loop
      vertex 14.5 6 108.5
      vertex 10.6986 -2.77248 101.135
      vertex 10.7636 -2.62236 100.773
    endloop
  endfacet
  facet normal 0.91757 -0.397575 -4.43829e-05
    outer loop
      vertex 14.5 6 108.5
      vertex 10.6098 -2.97746 101.469
      vertex 10.6986 -2.77248 101.135
    endloop
  endfacet
  facet normal 0.917557 -0.397605 1.09273e-06
    outer loop
      vertex 14.5 6 108.5
      vertex 10.4994 -3.23223 101.768
      vertex 10.6098 -2.97746 101.469
    endloop
  endfacet
  facet normal 0.917556 -0.397607 4.25548e-06
    outer loop
      vertex 10 -4.38462 108.5
      vertex 10.4994 -3.23223 101.768
      vertex 14.5 6 108.5
    endloop
  endfacet
  facet normal 0.917515 -0.397702 -1.49924e-05
    outer loop
      vertex 10.4994 -3.23223 101.768
      vertex 10 -4.38462 108.5
      vertex 10.3701 -3.53054 102.023
    endloop
  endfacet
  facet normal 0.917601 -0.397504 1.60615e-05
    outer loop
      vertex 10.3701 -3.53054 102.023
      vertex 10 -4.38462 108.5
      vertex 10.2252 -3.86502 102.228
    endloop
  endfacet
  facet normal 0.917516 -0.397699 -3.2065e-06
    outer loop
      vertex 10.2252 -3.86502 102.228
      vertex 10 -4.38462 108.5
      vertex 10.0681 -4.22746 102.378
    endloop
  endfacet
  facet normal 0.917561 -0.397594 0
    outer loop
      vertex 10.0681 -4.22746 102.378
      vertex 10 -4.38462 108.5
      vertex 10 -4.38462 102.415
    endloop
  endfacet
  facet normal 0.917508 -0.397718 -0.000135101
    outer loop
      vertex 10.8033 -2.53078 99.6089
      vertex 14.5 6 91.5
      vertex 10.8167 -2.5 100
    endloop
  endfacet
  facet normal 0.917544 -0.397634 -2.94303e-05
    outer loop
      vertex 10.7636 -2.62236 99.2275
      vertex 14.5 6 91.5
      vertex 10.8033 -2.53078 99.6089
    endloop
  endfacet
  facet normal 0.917586 -0.397538 9.74115e-05
    outer loop
      vertex 10.6986 -2.77248 98.865
      vertex 14.5 6 91.5
      vertex 10.7636 -2.62236 99.2275
    endloop
  endfacet
  facet normal 0.91757 -0.397575 4.43391e-05
    outer loop
      vertex 10.6098 -2.97746 98.5305
      vertex 14.5 6 91.5
      vertex 10.6986 -2.77248 98.865
    endloop
  endfacet
  facet normal 0.917557 -0.397605 -1.0943e-06
    outer loop
      vertex 10.4994 -3.23223 98.2322
      vertex 14.5 6 91.5
      vertex 10.6098 -2.97746 98.5305
    endloop
  endfacet
  facet normal 0.917515 -0.397702 1.49888e-05
    outer loop
      vertex 10 -4.38462 91.5
      vertex 10.4994 -3.23223 98.2322
      vertex 10.3701 -3.53054 97.9775
    endloop
  endfacet
  facet normal 0.917601 -0.397504 -1.60601e-05
    outer loop
      vertex 10 -4.38462 91.5
      vertex 10.3701 -3.53054 97.9775
      vertex 10.2252 -3.86502 97.7725
    endloop
  endfacet
  facet normal 0.917516 -0.397699 3.20631e-06
    outer loop
      vertex 10 -4.38462 91.5
      vertex 10.2252 -3.86502 97.7725
      vertex 10.0681 -4.22746 97.6224
    endloop
  endfacet
  facet normal 0.917561 -0.397594 0
    outer loop
      vertex 10 -4.38462 91.5
      vertex 10.0681 -4.22746 97.6224
      vertex 10 -4.38462 97.5846
    endloop
  endfacet
  facet normal 0.917556 -0.397607 -4.25535e-06
    outer loop
      vertex 10.4994 -3.23223 98.2322
      vertex 10 -4.38462 91.5
      vertex 14.5 6 91.5
    endloop
  endfacet
  facet normal 1 -0 0
    outer loop
      vertex 14.5 6 108.5
      vertex 14.5 9.6 91.5
      vertex 14.5 9.6 108.5
    endloop
  endfacet
  facet normal 1 0 0
    outer loop
      vertex 14.5 9.6 91.5
      vertex 14.5 6 108.5
      vertex 14.5 6 91.5
    endloop
  endfacet
  facet normal 0 0 1
    outer loop
      vertex 14.5 9.6 108.5
      vertex 10 0 108.5
      vertex 14.5 6 108.5
    endloop
  endfacet
  facet normal 0 0 1
    outer loop
      vertex 14.5 9.6 108.5
      vertex -10 0 108.5
      vertex 10 0 108.5
    endloop
  endfacet
  facet normal -0 0 1
    outer loop
      vertex -14.5 9.6 108.5
      vertex -10 0 108.5
      vertex 14.5 9.6 108.5
    endloop
  endfacet
  facet normal -0 0 1
    outer loop
      vertex -14.5 6 108.5
      vertex -10 0 108.5
      vertex -14.5 9.6 108.5
    endloop
  endfacet
  facet normal 0 0 1
    outer loop
      vertex -10 0 108.5
      vertex -14.5 6 108.5
      vertex -10 -4.38462 108.5
    endloop
  endfacet
  facet normal 0 0 1
    outer loop
      vertex 14.5 6 108.5
      vertex 10 0 108.5
      vertex 10 -4.38462 108.5
    endloop
  endfacet
  facet normal 0 1 0
    outer loop
      vertex 9.54601 9.6 100.891
      vertex 14.5 9.6 108.5
      vertex 9.69098 9.6 100.951
    endloop
  endfacet
  facet normal 0 1 0
    outer loop
      vertex -14.5 9.6 108.5
      vertex -9.84356 9.6 100.988
      vertex -10 9.6 101
    endloop
  endfacet
  facet normal 0 1 0
    outer loop
      vertex 9.41221 9.6 100.809
      vertex 14.5 9.6 108.5
      vertex 9.54601 9.6 100.891
    endloop
  endfacet
  facet normal 0 1 0
    outer loop
      vertex -14.5 9.6 108.5
      vertex -9.69098 9.6 100.951
      vertex -9.84356 9.6 100.988
    endloop
  endfacet
  facet normal 0 1 0
    outer loop
      vertex 14.5 9.6 108.5
      vertex 9.41221 9.6 100.809
      vertex -14.5 9.6 108.5
    endloop
  endfacet
  facet normal 0 1 0
    outer loop
      vertex -14.5 9.6 108.5
      vertex -9.54601 9.6 100.891
      vertex -9.69098 9.6 100.951
    endloop
  endfacet
  facet normal 0 1 -0
    outer loop
      vertex -9.41221 9.6 100.809
      vertex -14.5 9.6 108.5
      vertex 9.41221 9.6 100.809
    endloop
  endfacet
  facet normal 0 1 0
    outer loop
      vertex -14.5 9.6 108.5
      vertex -9.41221 9.6 100.809
      vertex -9.54601 9.6 100.891
    endloop
  endfacet
  facet normal 0 1 -0
    outer loop
      vertex 9.29289 9.6 100.707
      vertex -9.41221 9.6 100.809
      vertex 9.41221 9.6 100.809
    endloop
  endfacet
  facet normal 0 1 0
    outer loop
      vertex 9.29289 9.6 100.707
      vertex -9.29289 9.6 100.707
      vertex -9.41221 9.6 100.809
    endloop
  endfacet
  facet normal 0 1 -0
    outer loop
      vertex 9.19098 9.6 100.588
      vertex -9.29289 9.6 100.707
      vertex 9.29289 9.6 100.707
    endloop
  endfacet
  facet normal 0 1 0
    outer loop
      vertex 9.19098 9.6 100.588
      vertex -9.19098 9.6 100.588
      vertex -9.29289 9.6 100.707
    endloop
  endfacet
  facet normal 0 1 -0
    outer loop
      vertex 9.10899 9.6 100.454
      vertex -9.19098 9.6 100.588
      vertex 9.19098 9.6 100.588
    endloop
  endfacet
  facet normal 0 1 0
    outer loop
      vertex 9.10899 9.6 100.454
      vertex -9.10899 9.6 100.454
      vertex -9.19098 9.6 100.588
    endloop
  endfacet
  facet normal 0 1 -0
    outer loop
      vertex 9.04894 9.6 100.309
      vertex -9.10899 9.6 100.454
      vertex 9.10899 9.6 100.454
    endloop
  endfacet
  facet normal 0 1 0
    outer loop
      vertex 9.04894 9.6 100.309
      vertex -9.04894 9.6 100.309
      vertex -9.10899 9.6 100.454
    endloop
  endfacet
  facet normal 0 1 -0
    outer loop
      vertex 9.01231 9.6 100.156
      vertex -9.04894 9.6 100.309
      vertex 9.04894 9.6 100.309
    endloop
  endfacet
  facet normal 0 1 0
    outer loop
      vertex 9.01231 9.6 100.156
      vertex -9.01231 9.6 100.156
      vertex -9.04894 9.6 100.309
    endloop
  endfacet
  facet normal 0 1 -0
    outer loop
      vertex 9 9.6 100
      vertex -9.01231 9.6 100.156
      vertex 9.01231 9.6 100.156
    endloop
  endfacet
  facet normal 0 1 0
    outer loop
      vertex 9 9.6 100
      vertex -9 9.6 100
      vertex -9.01231 9.6 100.156
    endloop
  endfacet
  facet normal 0 1 0
    outer loop
      vertex 9.01231 9.6 99.8436
      vertex -9 9.6 100
      vertex 9 9.6 100
    endloop
  endfacet
  facet normal 0 1 0
    outer loop
      vertex 9.01231 9.6 99.8436
      vertex -9.01231 9.6 99.8436
      vertex -9 9.6 100
    endloop
  endfacet
  facet normal 0 1 0
    outer loop
      vertex 9.04894 9.6 99.691
      vertex -9.01231 9.6 99.8436
      vertex 9.01231 9.6 99.8436
    endloop
  endfacet
  facet normal 0 1 0
    outer loop
      vertex 9.04894 9.6 99.691
      vertex -9.04894 9.6 99.691
      vertex -9.01231 9.6 99.8436
    endloop
  endfacet
  facet normal 0 1 0
    outer loop
      vertex 9.10899 9.6 99.546
      vertex -9.04894 9.6 99.691
      vertex 9.04894 9.6 99.691
    endloop
  endfacet
  facet normal 0 1 0
    outer loop
      vertex 9.10899 9.6 99.546
      vertex -9.10899 9.6 99.546
      vertex -9.04894 9.6 99.691
    endloop
  endfacet
  facet normal 0 1 0
    outer loop
      vertex 9.19098 9.6 99.4122
      vertex -9.10899 9.6 99.546
      vertex 9.10899 9.6 99.546
    endloop
  endfacet
  facet normal 0 1 0
    outer loop
      vertex 9.19098 9.6 99.4122
      vertex -9.19098 9.6 99.4122
      vertex -9.10899 9.6 99.546
    endloop
  endfacet
  facet normal 0 1 0
    outer loop
      vertex 9.29289 9.6 99.2929
      vertex -9.19098 9.6 99.4122
      vertex 9.19098 9.6 99.4122
    endloop
  endfacet
  facet normal 0 1 0
    outer loop
      vertex 9.29289 9.6 99.2929
      vertex -9.29289 9.6 99.2929
      vertex -9.19098 9.6 99.4122
    endloop
  endfacet
  facet normal 0 1 0
    outer loop
      vertex 9.41221 9.6 99.191
      vertex -9.29289 9.6 99.2929
      vertex 9.29289 9.6 99.2929
    endloop
  endfacet
  facet normal 0 1 0
    outer loop
      vertex 9.41221 9.6 99.191
      vertex -9.41221 9.6 99.191
      vertex -9.29289 9.6 99.2929
    endloop
  endfacet
  facet normal 0 1 0
    outer loop
      vertex 14.5 9.6 91.5
      vertex 9.41221 9.6 99.191
      vertex 9.54601 9.6 99.109
    endloop
  endfacet
  facet normal 0 1 0
    outer loop
      vertex 9.41221 9.6 99.191
      vertex 14.5 9.6 91.5
      vertex -9.41221 9.6 99.191
    endloop
  endfacet
  facet normal 0 1 0
    outer loop
      vertex 14.5 9.6 91.5
      vertex 9.54601 9.6 99.109
      vertex 9.69098 9.6 99.0489
    endloop
  endfacet
  facet normal 0 1 0
    outer loop
      vertex -14.5 9.6 91.5
      vertex -9.41221 9.6 99.191
      vertex 14.5 9.6 91.5
    endloop
  endfacet
  facet normal 0 1 0
    outer loop
      vertex 14.5 9.6 91.5
      vertex 9.69098 9.6 99.0489
      vertex 9.84356 9.6 99.0123
    endloop
  endfacet
  facet normal 0 1 0
    outer loop
      vertex -9.41221 9.6 99.191
      vertex -14.5 9.6 91.5
      vertex -9.54601 9.6 99.109
    endloop
  endfacet
  facet normal 0 1 0
    outer loop
      vertex 14.5 9.6 91.5
      vertex 9.84356 9.6 99.0123
      vertex 10 9.6 99
    endloop
  endfacet
  facet normal 0 1 0
    outer loop
      vertex -9.54601 9.6 99.109
      vertex -14.5 9.6 91.5
      vertex -9.69098 9.6 99.0489
    endloop
  endfacet
  facet normal 0 1 0
    outer loop
      vertex 9.84356 9.6 100.988
      vertex 14.5 9.6 108.5
      vertex 10 9.6 101
    endloop
  endfacet
  facet normal 0 1 0
    outer loop
      vertex 14.5 9.6 108.5
      vertex 10.1564 9.6 100.988
      vertex 10 9.6 101
    endloop
  endfacet
  facet normal 0 1 0
    outer loop
      vertex 14.5 9.6 108.5
      vertex 10.309 9.6 100.951
      vertex 10.1564 9.6 100.988
    endloop
  endfacet
  facet normal 0 1 0
    outer loop
      vertex 14.5 9.6 108.5
      vertex 10.454 9.6 100.891
      vertex 10.309 9.6 100.951
    endloop
  endfacet
  facet normal 0 1 0
    outer loop
      vertex 14.5 9.6 108.5
      vertex 10.5878 9.6 100.809
      vertex 10.454 9.6 100.891
    endloop
  endfacet
  facet normal 0 1 0
    outer loop
      vertex 14.5 9.6 108.5
      vertex 10.7071 9.6 100.707
      vertex 10.5878 9.6 100.809
    endloop
  endfacet
  facet normal 0 1 0
    outer loop
      vertex 14.5 9.6 108.5
      vertex 10.809 9.6 100.588
      vertex 10.7071 9.6 100.707
    endloop
  endfacet
  facet normal 0 1 0
    outer loop
      vertex 14.5 9.6 108.5
      vertex 10.891 9.6 100.454
      vertex 10.809 9.6 100.588
    endloop
  endfacet
  facet normal 0 1 0
    outer loop
      vertex 14.5 9.6 108.5
      vertex 10.9511 9.6 100.309
      vertex 10.891 9.6 100.454
    endloop
  endfacet
  facet normal 0 1 0
    outer loop
      vertex 14.5 9.6 108.5
      vertex 10.9877 9.6 100.156
      vertex 10.9511 9.6 100.309
    endloop
  endfacet
  facet normal 0 1 0
    outer loop
      vertex 14.5 9.6 108.5
      vertex 11 9.6 100
      vertex 10.9877 9.6 100.156
    endloop
  endfacet
  facet normal 0 1 -0
    outer loop
      vertex 14.5 9.6 91.5
      vertex 11 9.6 100
      vertex 14.5 9.6 108.5
    endloop
  endfacet
  facet normal 0 1 0
    outer loop
      vertex 11 9.6 100
      vertex 14.5 9.6 91.5
      vertex 10.9877 9.6 99.8436
    endloop
  endfacet
  facet normal 0 1 0
    outer loop
      vertex -9.69098 9.6 99.0489
      vertex -14.5 9.6 91.5
      vertex -9.84356 9.6 99.0123
    endloop
  endfacet
  facet normal 0 1 0
    outer loop
      vertex 10.1564 9.6 99.0123
      vertex 14.5 9.6 91.5
      vertex 10 9.6 99
    endloop
  endfacet
  facet normal 0 1 0
    outer loop
      vertex 10.309 9.6 99.0489
      vertex 14.5 9.6 91.5
      vertex 10.1564 9.6 99.0123
    endloop
  endfacet
  facet normal 0 1 0
    outer loop
      vertex 10.454 9.6 99.109
      vertex 14.5 9.6 91.5
      vertex 10.309 9.6 99.0489
    endloop
  endfacet
  facet normal 0 1 0
    outer loop
      vertex 10.5878 9.6 99.191
      vertex 14.5 9.6 91.5
      vertex 10.454 9.6 99.109
    endloop
  endfacet
  facet normal 0 1 0
    outer loop
      vertex 10.7071 9.6 99.2929
      vertex 14.5 9.6 91.5
      vertex 10.5878 9.6 99.191
    endloop
  endfacet
  facet normal 0 1 0
    outer loop
      vertex 10.809 9.6 99.4122
      vertex 14.5 9.6 91.5
      vertex 10.7071 9.6 99.2929
    endloop
  endfacet
  facet normal 0 1 0
    outer loop
      vertex 10.891 9.6 99.546
      vertex 14.5 9.6 91.5
      vertex 10.809 9.6 99.4122
    endloop
  endfacet
  facet normal 0 1 0
    outer loop
      vertex 10.9511 9.6 99.691
      vertex 14.5 9.6 91.5
      vertex 10.891 9.6 99.546
    endloop
  endfacet
  facet normal 0 1 0
    outer loop
      vertex 10.9877 9.6 99.8436
      vertex 14.5 9.6 91.5
      vertex 10.9511 9.6 99.691
    endloop
  endfacet
  facet normal 0 1 0
    outer loop
      vertex 9.69098 9.6 100.951
      vertex 14.5 9.6 108.5
      vertex 9.84356 9.6 100.988
    endloop
  endfacet
  facet normal 0 1 -0
    outer loop
      vertex -10.1564 9.6 100.988
      vertex -14.5 9.6 108.5
      vertex -10 9.6 101
    endloop
  endfacet
  facet normal 0 1 -0
    outer loop
      vertex -10.309 9.6 100.951
      vertex -14.5 9.6 108.5
      vertex -10.1564 9.6 100.988
    endloop
  endfacet
  facet normal 0 1 -0
    outer loop
      vertex -10.454 9.6 100.891
      vertex -14.5 9.6 108.5
      vertex -10.309 9.6 100.951
    endloop
  endfacet
  facet normal 0 1 -0
    outer loop
      vertex -10.5878 9.6 100.809
      vertex -14.5 9.6 108.5
      vertex -10.454 9.6 100.891
    endloop
  endfacet
  facet normal 0 1 -0
    outer loop
      vertex -10.7071 9.6 100.707
      vertex -14.5 9.6 108.5
      vertex -10.5878 9.6 100.809
    endloop
  endfacet
  facet normal 0 1 -0
    outer loop
      vertex -10.809 9.6 100.588
      vertex -14.5 9.6 108.5
      vertex -10.7071 9.6 100.707
    endloop
  endfacet
  facet normal 0 1 -0
    outer loop
      vertex -10.891 9.6 100.454
      vertex -14.5 9.6 108.5
      vertex -10.809 9.6 100.588
    endloop
  endfacet
  facet normal 0 1 -0
    outer loop
      vertex -10.9511 9.6 100.309
      vertex -14.5 9.6 108.5
      vertex -10.891 9.6 100.454
    endloop
  endfacet
  facet normal 0 1 -0
    outer loop
      vertex -10.9877 9.6 100.156
      vertex -14.5 9.6 108.5
      vertex -10.9511 9.6 100.309
    endloop
  endfacet
  facet normal 0 1 -0
    outer loop
      vertex -11 9.6 100
      vertex -14.5 9.6 108.5
      vertex -10.9877 9.6 100.156
    endloop
  endfacet
  facet normal 0 1 0
    outer loop
      vertex -14.5 9.6 91.5
      vertex -11 9.6 100
      vertex -10.9877 9.6 99.8436
    endloop
  endfacet
  facet normal 0 1 0
    outer loop
      vertex -14.5 9.6 91.5
      vertex -10.9877 9.6 99.8436
      vertex -10.9511 9.6 99.691
    endloop
  endfacet
  facet normal 0 1 0
    outer loop
      vertex -9.84356 9.6 99.0123
      vertex -14.5 9.6 91.5
      vertex -10 9.6 99
    endloop
  endfacet
  facet normal 0 1 0
    outer loop
      vertex -10 9.6 99
      vertex -14.5 9.6 91.5
      vertex -10.1564 9.6 99.0123
    endloop
  endfacet
  facet normal 0 1 0
    outer loop
      vertex -11 9.6 100
      vertex -14.5 9.6 91.5
      vertex -14.5 9.6 108.5
    endloop
  endfacet
  facet normal 0 1 0
    outer loop
      vertex -10.891 9.6 99.546
      vertex -14.5 9.6 91.5
      vertex -10.9511 9.6 99.691
    endloop
  endfacet
  facet normal 0 1 0
    outer loop
      vertex -10.809 9.6 99.4122
      vertex -14.5 9.6 91.5
      vertex -10.891 9.6 99.546
    endloop
  endfacet
  facet normal 0 1 0
    outer loop
      vertex -10.7071 9.6 99.2929
      vertex -14.5 9.6 91.5
      vertex -10.809 9.6 99.4122
    endloop
  endfacet
  facet normal 0 1 0
    outer loop
      vertex -10.5878 9.6 99.191
      vertex -14.5 9.6 91.5
      vertex -10.7071 9.6 99.2929
    endloop
  endfacet
  facet normal 0 1 0
    outer loop
      vertex -10.454 9.6 99.109
      vertex -14.5 9.6 91.5
      vertex -10.5878 9.6 99.191
    endloop
  endfacet
  facet normal 0 1 0
    outer loop
      vertex -10.309 9.6 99.0489
      vertex -14.5 9.6 91.5
      vertex -10.454 9.6 99.109
    endloop
  endfacet
  facet normal 0 1 0
    outer loop
      vertex -10.1564 9.6 99.0123
      vertex -14.5 9.6 91.5
      vertex -10.309 9.6 99.0489
    endloop
  endfacet
  facet normal 0 0 -1
    outer loop
      vertex -10 -4.38462 91.5
      vertex -14.5 6 91.5
      vertex -10 0 91.5
    endloop
  endfacet
  facet normal 0 0 -1
    outer loop
      vertex 10 0 91.5
      vertex 14.5 6 91.5
      vertex 10 -4.38462 91.5
    endloop
  endfacet
  facet normal -0 0 -1
    outer loop
      vertex 14.5 6 91.5
      vertex 10 0 91.5
      vertex 14.5 9.6 91.5
    endloop
  endfacet
  facet normal 0 0 -1
    outer loop
      vertex -10 0 91.5
      vertex 14.5 9.6 91.5
      vertex 10 0 91.5
    endloop
  endfacet
  facet normal 0 0 -1
    outer loop
      vertex -14.5 9.6 91.5
      vertex -10 0 91.5
      vertex -14.5 6 91.5
    endloop
  endfacet
  facet normal 0 0 -1
    outer loop
      vertex -10 0 91.5
      vertex -14.5 9.6 91.5
      vertex 14.5 9.6 91.5
    endloop
  endfacet
  facet normal 0.901946 -0.431848 -8.60694e-05
    outer loop
      vertex 14.5 4.57868 66.2543
      vertex 11.0968 -2.53078 74.3911
      vertex 11.1115 -2.5 74
    endloop
  endfacet
  facet normal 0.902075 -0.43158 0.000201959
    outer loop
      vertex 14.5 4.57868 66.2543
      vertex 11.0529 -2.62236 74.7725
      vertex 11.0968 -2.53078 74.3911
    endloop
  endfacet
  facet normal 0.902023 -0.431688 8.93813e-05
    outer loop
      vertex 11.0529 -2.62236 74.7725
      vertex 14.5 4.57868 66.2543
      vertex 11.0147 -2.70214 74.9651
    endloop
  endfacet
  facet normal 0.902014 -0.431707 7.24261e-05
    outer loop
      vertex 11.0968 -2.53078 73.6089
      vertex 14.5 4.57868 66.2543
      vertex 11.1115 -2.5 74
    endloop
  endfacet
  facet normal 0.901938 -0.431866 -0.000117299
    outer loop
      vertex 11.0529 -2.62236 73.2275
      vertex 14.5 4.57868 66.2543
      vertex 11.0968 -2.53078 73.6089
    endloop
  endfacet
  facet normal 0.902023 -0.431688 0.000109505
    outer loop
      vertex 10.9811 -2.77248 72.865
      vertex 14.5 4.57868 66.2543
      vertex 11.0529 -2.62236 73.2275
    endloop
  endfacet
  facet normal 0.901937 -0.431868 -0.000137108
    outer loop
      vertex 10.8829 -2.97746 72.5305
      vertex 14.5 4.57868 66.2543
      vertex 10.9811 -2.77248 72.865
    endloop
  endfacet
  facet normal 0.902014 -0.431707 0.000101861
    outer loop
      vertex 10.761 -3.23223 72.2322
      vertex 14.5 4.57868 66.2543
      vertex 10.8829 -2.97746 72.5305
    endloop
  endfacet
  facet normal 0.901983 -0.431773 -4.03043e-06
    outer loop
      vertex 10.6182 -3.53054 71.9775
      vertex 14.5 4.57868 66.2543
      vertex 10.761 -3.23223 72.2322
    endloop
  endfacet
  facet normal 0.901999 -0.431738 -1.10738e-05
    outer loop
      vertex 10 -4.82194 65.7321
      vertex 10.6182 -3.53054 71.9775
      vertex 10.4581 -3.86502 71.7725
    endloop
  endfacet
  facet normal 0.901981 -0.431777 -3.5909e-06
    outer loop
      vertex 10 -4.82194 65.7321
      vertex 10.4581 -3.86502 71.7725
      vertex 10.2846 -4.22746 71.6224
    endloop
  endfacet
  facet normal 0.90198 -0.431777 -3.5472e-06
    outer loop
      vertex 10 -4.82194 65.7321
      vertex 10.2846 -4.22746 71.6224
      vertex 10.102 -4.60891 71.5308
    endloop
  endfacet
  facet normal 0.901943 -0.431855 0
    outer loop
      vertex 10 -4.82194 65.7321
      vertex 10.102 -4.60891 71.5308
      vertex 10 -4.82194 71.514
    endloop
  endfacet
  facet normal 0.901983 -0.431772 -2.53771e-06
    outer loop
      vertex 10.6182 -3.53054 71.9775
      vertex 10 -4.82194 65.7321
      vertex 14.5 4.57868 66.2543
    endloop
  endfacet
  facet normal 0.902119 -0.431487 0.000284311
    outer loop
      vertex 10 -4.82194 77.5013
      vertex 10.4581 -3.86502 76.2275
      vertex 10.5638 -3.64412 76.0921
    endloop
  endfacet
  facet normal 0.901984 -0.43177 2.30968e-05
    outer loop
      vertex 10 -4.82194 77.5013
      vertex 10.2846 -4.22746 76.3776
      vertex 10.4581 -3.86502 76.2275
    endloop
  endfacet
  facet normal 0.901982 -0.431774 2.07838e-05
    outer loop
      vertex 10 -4.82194 77.5013
      vertex 10.102 -4.60891 76.4692
      vertex 10.2846 -4.22746 76.3776
    endloop
  endfacet
  facet normal 0.901943 -0.431855 0
    outer loop
      vertex 10.102 -4.60891 76.4692
      vertex 10 -4.82194 77.5013
      vertex 10 -4.82194 76.486
    endloop
  endfacet
  facet normal 0 -0.029997 0.99955
    outer loop
      vertex 14.5 7.5307 82.996
      vertex -10 0 82.77
      vertex 10 0 82.77
    endloop
  endfacet
  facet normal 2.13516e-05 -0.0299842 0.99955
    outer loop
      vertex -10 0 82.77
      vertex -14.5 7.5307 82.996
      vertex -10 -3.91363 82.6526
    endloop
  endfacet
  facet normal 0 -0.029997 0.99955
    outer loop
      vertex -14.5 7.5307 82.996
      vertex -10 0 82.77
      vertex 14.5 7.5307 82.996
    endloop
  endfacet
  facet normal -2.13516e-05 -0.0299842 0.99955
    outer loop
      vertex 14.5 7.5307 82.996
      vertex 10 0 82.77
      vertex 10 -3.91363 82.6526
    endloop
  endfacet
  facet normal 0.0198627 0 -0.999803
    outer loop
      vertex 10 0 65.5397
      vertex 14.5 8.12399 65.6291
      vertex 10 -3.73108 65.5397
    endloop
  endfacet
  facet normal 0.0198006 3.44611e-05 -0.999804
    outer loop
      vertex 14.5 8.12399 65.6291
      vertex 10 0 65.5397
      vertex 8.71241 0 65.5142
    endloop
  endfacet
  facet normal -0.0198627 0 -0.999803
    outer loop
      vertex -10 -3.73108 65.5397
      vertex -14.5 8.12399 65.6291
      vertex -10 0 65.5397
    endloop
  endfacet
  facet normal -0.0198006 3.44611e-05 -0.999804
    outer loop
      vertex -8.71241 0 65.5142
      vertex -10 0 65.5397
      vertex -14.5 8.12399 65.6291
    endloop
  endfacet
  facet normal 0 0.0141419 -0.9999
    outer loop
      vertex -8.71241 0 65.5142
      vertex 14.5 8.12399 65.6291
      vertex 8.71241 0 65.5142
    endloop
  endfacet
  facet normal 0 0.0141419 -0.9999
    outer loop
      vertex 14.5 8.12399 65.6291
      vertex -8.71241 0 65.5142
      vertex -14.5 8.12399 65.6291
    endloop
  endfacet
  facet normal 1 0 0
    outer loop
      vertex 14.5 7.5307 82.996
      vertex 14.5 8.12399 65.6291
      vertex 14.5 11.076 82.3709
    endloop
  endfacet
  facet normal 1 0 0
    outer loop
      vertex 14.5 8.12399 65.6291
      vertex 14.5 7.5307 82.996
      vertex 14.5 4.57868 66.2543
    endloop
  endfacet
  facet normal -0 0.17364 0.984809
    outer loop
      vertex -14.5 11.076 82.3709
      vertex 14.5 7.5307 82.996
      vertex 14.5 11.076 82.3709
    endloop
  endfacet
  facet normal 0 0.17364 0.984809
    outer loop
      vertex 14.5 7.5307 82.996
      vertex -14.5 11.076 82.3709
      vertex -14.5 7.5307 82.996
    endloop
  endfacet
  facet normal 2.52031e-06 0.984808 -0.173647
    outer loop
      vertex 10.9511 9.65366 74.3043
      vertex 14.5 11.076 82.3709
      vertex 14.5 8.12399 65.6291
    endloop
  endfacet
  facet normal -0.902014 -0.431707 7.24261e-05
    outer loop
      vertex -14.5 4.57868 66.2543
      vertex -11.0968 -2.53078 73.6089
      vertex -11.1115 -2.5 74
    endloop
  endfacet
  facet normal -0.901938 -0.431866 -0.000117299
    outer loop
      vertex -14.5 4.57868 66.2543
      vertex -11.0529 -2.62236 73.2275
      vertex -11.0968 -2.53078 73.6089
    endloop
  endfacet
  facet normal -0.902023 -0.431688 0.000109505
    outer loop
      vertex -14.5 4.57868 66.2543
      vertex -10.9811 -2.77248 72.865
      vertex -11.0529 -2.62236 73.2275
    endloop
  endfacet
  facet normal -0.901937 -0.431868 -0.000137108
    outer loop
      vertex -14.5 4.57868 66.2543
      vertex -10.8829 -2.97746 72.5305
      vertex -10.9811 -2.77248 72.865
    endloop
  endfacet
  facet normal -0.902014 -0.431707 0.000101861
    outer loop
      vertex -14.5 4.57868 66.2543
      vertex -10.761 -3.23223 72.2322
      vertex -10.8829 -2.97746 72.5305
    endloop
  endfacet
  facet normal -0.901983 -0.431773 -4.03043e-06
    outer loop
      vertex -14.5 4.57868 66.2543
      vertex -10.6182 -3.53054 71.9775
      vertex -10.761 -3.23223 72.2322
    endloop
  endfacet
  facet normal -0.901983 -0.431772 -2.53771e-06
    outer loop
      vertex -10 -4.82194 65.7321
      vertex -10.6182 -3.53054 71.9775
      vertex -14.5 4.57868 66.2543
    endloop
  endfacet
  facet normal -0.901999 -0.431738 -1.10738e-05
    outer loop
      vertex -10.6182 -3.53054 71.9775
      vertex -10 -4.82194 65.7321
      vertex -10.4581 -3.86502 71.7725
    endloop
  endfacet
  facet normal -0.901981 -0.431777 -3.5909e-06
    outer loop
      vertex -10.4581 -3.86502 71.7725
      vertex -10 -4.82194 65.7321
      vertex -10.2846 -4.22746 71.6224
    endloop
  endfacet
  facet normal -0.90198 -0.431777 -3.5472e-06
    outer loop
      vertex -10.2846 -4.22746 71.6224
      vertex -10 -4.82194 65.7321
      vertex -10.102 -4.60891 71.5308
    endloop
  endfacet
  facet normal -0.901943 -0.431855 0
    outer loop
      vertex -10.102 -4.60891 71.5308
      vertex -10 -4.82194 65.7321
      vertex -10 -4.82194 71.514
    endloop
  endfacet
  facet normal -0.901946 -0.431848 -8.60694e-05
    outer loop
      vertex -11.0968 -2.53078 74.3911
      vertex -14.5 4.57868 66.2543
      vertex -11.1115 -2.5 74
    endloop
  endfacet
  facet normal -0.902075 -0.43158 0.000201959
    outer loop
      vertex -11.0529 -2.62236 74.7725
      vertex -14.5 4.57868 66.2543
      vertex -11.0968 -2.53078 74.3911
    endloop
  endfacet
  facet normal -0.902023 -0.431688 8.93813e-05
    outer loop
      vertex -14.5 4.57868 66.2543
      vertex -11.0529 -2.62236 74.7725
      vertex -11.0147 -2.70214 74.9651
    endloop
  endfacet
  facet normal -0.902119 -0.431487 0.000284311
    outer loop
      vertex -10.4581 -3.86502 76.2275
      vertex -10 -4.82194 77.5013
      vertex -10.5638 -3.64412 76.0921
    endloop
  endfacet
  facet normal -0.901984 -0.43177 2.30968e-05
    outer loop
      vertex -10.2846 -4.22746 76.3776
      vertex -10 -4.82194 77.5013
      vertex -10.4581 -3.86502 76.2275
    endloop
  endfacet
  facet normal -0.901982 -0.431774 2.07838e-05
    outer loop
      vertex -10.102 -4.60891 76.4692
      vertex -10 -4.82194 77.5013
      vertex -10.2846 -4.22746 76.3776
    endloop
  endfacet
  facet normal -0.901943 -0.431855 -0
    outer loop
      vertex -10 -4.82194 77.5013
      vertex -10.102 -4.60891 76.4692
      vertex -10 -4.82194 76.486
    endloop
  endfacet
  facet normal 0.430626 -0.156764 -0.888812
    outer loop
      vertex 10 -3.73108 65.5397
      vertex 14.5 4.57868 66.2543
      vertex 10 -4.82194 65.7321
    endloop
  endfacet
  facet normal 0.430589 -0.156742 -0.888834
    outer loop
      vertex 14.5 4.57868 66.2543
      vertex 10 -3.73108 65.5397
      vertex 14.5 8.12399 65.6291
    endloop
  endfacet
  facet normal 0.928027 -0.366852 0.0646861
    outer loop
      vertex 14.5 7.5307 82.996
      vertex 11.0147 -2.70214 74.9651
      vertex 14.5 4.57868 66.2543
    endloop
  endfacet
  facet normal 0.928092 -0.366722 0.0644921
    outer loop
      vertex 14.5 7.5307 82.996
      vertex 10.9751 -2.77248 75.135
      vertex 11.0147 -2.70214 74.9651
    endloop
  endfacet
  facet normal 0.927995 -0.366916 0.0647899
    outer loop
      vertex 14.5 7.5307 82.996
      vertex 10.8707 -2.97746 75.4695
      vertex 10.9751 -2.77248 75.135
    endloop
  endfacet
  facet normal 0.928029 -0.366849 0.0646799
    outer loop
      vertex 10 -3.91363 82.6526
      vertex 10.8707 -2.97746 75.4695
      vertex 14.5 7.5307 82.996
    endloop
  endfacet
  facet normal 0.92803 -0.366847 0.0646803
    outer loop
      vertex 10.8707 -2.97746 75.4695
      vertex 10 -3.91363 82.6526
      vertex 10.7492 -3.23223 75.7678
    endloop
  endfacet
  facet normal 0.928112 -0.366633 0.0647104
    outer loop
      vertex 10.7492 -3.23223 75.7678
      vertex 10 -3.91363 82.6526
      vertex 10.6136 -3.53054 76.0225
    endloop
  endfacet
  facet normal 0.928021 -0.366867 0.0646884
    outer loop
      vertex 10 -4.82194 77.5013
      vertex 10.6136 -3.53054 76.0225
      vertex 10 -3.91363 82.6526
    endloop
  endfacet
  facet normal 0.927779 -0.367611 0.0639384
    outer loop
      vertex 10.6136 -3.53054 76.0225
      vertex 10 -4.82194 77.5013
      vertex 10.5638 -3.64412 76.0921
    endloop
  endfacet
  facet normal -8.50291e-05 0.984818 -0.173593
    outer loop
      vertex 9.54601 9.75472 74.8775
      vertex 14.5 11.076 82.3709
      vertex 9.69098 9.76515 74.9366
    endloop
  endfacet
  facet normal 4.27715e-05 0.984813 -0.17362
    outer loop
      vertex -14.5 11.076 82.3709
      vertex -9.84356 9.77151 74.9727
      vertex -10 9.77365 74.9848
    endloop
  endfacet
  facet normal 8.73204e-05 0.984798 -0.173703
    outer loop
      vertex 9.41221 9.74048 74.7967
      vertex 14.5 11.076 82.3709
      vertex 9.54601 9.75472 74.8775
    endloop
  endfacet
  facet normal -4.05281e-05 0.984804 -0.173671
    outer loop
      vertex -14.5 11.076 82.3709
      vertex -9.69098 9.76515 74.9366
      vertex -9.84356 9.77151 74.9727
    endloop
  endfacet
  facet normal 0 0.984808 -0.173646
    outer loop
      vertex 14.5 11.076 82.3709
      vertex 9.41221 9.74048 74.7967
      vertex -14.5 11.076 82.3709
    endloop
  endfacet
  facet normal 8.50291e-05 0.984818 -0.173593
    outer loop
      vertex -14.5 11.076 82.3709
      vertex -9.54601 9.75472 74.8775
      vertex -9.69098 9.76515 74.9366
    endloop
  endfacet
  facet normal 0 0.984808 -0.173646
    outer loop
      vertex -9.41221 9.74048 74.7967
      vertex -14.5 11.076 82.3709
      vertex 9.41221 9.74048 74.7967
    endloop
  endfacet
  facet normal -8.73204e-05 0.984798 -0.173703
    outer loop
      vertex -14.5 11.076 82.3709
      vertex -9.41221 9.74048 74.7967
      vertex -9.54601 9.75472 74.8775
    endloop
  endfacet
  facet normal 0 0.9848 -0.17369
    outer loop
      vertex 9.29289 9.72279 74.6964
      vertex -9.41221 9.74048 74.7967
      vertex 9.41221 9.74048 74.7967
    endloop
  endfacet
  facet normal 0 0.9848 -0.17369
    outer loop
      vertex 9.29289 9.72279 74.6964
      vertex -9.29289 9.72279 74.6964
      vertex -9.41221 9.74048 74.7967
    endloop
  endfacet
  facet normal 0 0.984805 -0.173661
    outer loop
      vertex 9.19098 9.70207 74.5789
      vertex -9.29289 9.72279 74.6964
      vertex 9.29289 9.72279 74.6964
    endloop
  endfacet
  facet normal 0 0.984805 -0.173661
    outer loop
      vertex 9.19098 9.70207 74.5789
      vertex -9.19098 9.70207 74.5789
      vertex -9.29289 9.72279 74.6964
    endloop
  endfacet
  facet normal 0 0.984808 -0.173649
    outer loop
      vertex 9.10899 9.67883 74.4471
      vertex -9.19098 9.70207 74.5789
      vertex 9.19098 9.70207 74.5789
    endloop
  endfacet
  facet normal 0 0.984808 -0.173649
    outer loop
      vertex 9.10899 9.67883 74.4471
      vertex -9.10899 9.67883 74.4471
      vertex -9.19098 9.70207 74.5789
    endloop
  endfacet
  facet normal 0 0.984819 -0.173585
    outer loop
      vertex 9.04894 9.65366 74.3043
      vertex -9.10899 9.67883 74.4471
      vertex 9.10899 9.67883 74.4471
    endloop
  endfacet
  facet normal 0 0.984819 -0.173585
    outer loop
      vertex -9.10899 9.67883 74.4471
      vertex 9.04894 9.65366 74.3043
      vertex -9.04894 9.65366 74.3043
    endloop
  endfacet
  facet normal -4.27715e-05 0.984813 -0.17362
    outer loop
      vertex 9.84356 9.77151 74.9727
      vertex 14.5 11.076 82.3709
      vertex 10 9.77365 74.9848
    endloop
  endfacet
  facet normal 3.8931e-05 0.984804 -0.173669
    outer loop
      vertex 14.5 11.076 82.3709
      vertex 10.1564 9.77151 74.9727
      vertex 10 9.77365 74.9848
    endloop
  endfacet
  facet normal -3.02826e-05 0.984811 -0.173629
    outer loop
      vertex 14.5 11.076 82.3709
      vertex 10.309 9.76515 74.9366
      vertex 10.1564 9.77151 74.9727
    endloop
  endfacet
  facet normal 5.08975e-05 0.984803 -0.173674
    outer loop
      vertex 14.5 11.076 82.3709
      vertex 10.454 9.75472 74.8775
      vertex 10.309 9.76515 74.9366
    endloop
  endfacet
  facet normal -3.95603e-05 0.984812 -0.173626
    outer loop
      vertex 14.5 11.076 82.3709
      vertex 10.5878 9.74048 74.7967
      vertex 10.454 9.75472 74.8775
    endloop
  endfacet
  facet normal 2.65518e-05 0.984806 -0.173659
    outer loop
      vertex 14.5 11.076 82.3709
      vertex 10.7071 9.72279 74.6964
      vertex 10.5878 9.74048 74.7967
    endloop
  endfacet
  facet normal 1.08011e-05 0.984807 -0.173652
    outer loop
      vertex 14.5 11.076 82.3709
      vertex 10.809 9.70207 74.5789
      vertex 10.7071 9.72279 74.6964
    endloop
  endfacet
  facet normal 1.84288e-06 0.984808 -0.173648
    outer loop
      vertex 14.5 11.076 82.3709
      vertex 10.891 9.67883 74.4471
      vertex 10.809 9.70207 74.5789
    endloop
  endfacet
  facet normal -7.33258e-05 0.984814 -0.173615
    outer loop
      vertex 10.891 9.67883 74.4471
      vertex 14.5 11.076 82.3709
      vertex 10.9511 9.65366 74.3043
    endloop
  endfacet
  facet normal 4.05281e-05 0.984804 -0.173671
    outer loop
      vertex 9.69098 9.76515 74.9366
      vertex 14.5 11.076 82.3709
      vertex 9.84356 9.77151 74.9727
    endloop
  endfacet
  facet normal -3.8931e-05 0.984804 -0.173669
    outer loop
      vertex -10.1564 9.77151 74.9727
      vertex -14.5 11.076 82.3709
      vertex -10 9.77365 74.9848
    endloop
  endfacet
  facet normal 3.02826e-05 0.984811 -0.173629
    outer loop
      vertex -10.309 9.76515 74.9366
      vertex -14.5 11.076 82.3709
      vertex -10.1564 9.77151 74.9727
    endloop
  endfacet
  facet normal -5.08975e-05 0.984803 -0.173674
    outer loop
      vertex -10.454 9.75472 74.8775
      vertex -14.5 11.076 82.3709
      vertex -10.309 9.76515 74.9366
    endloop
  endfacet
  facet normal 3.95603e-05 0.984812 -0.173626
    outer loop
      vertex -10.5878 9.74048 74.7967
      vertex -14.5 11.076 82.3709
      vertex -10.454 9.75472 74.8775
    endloop
  endfacet
  facet normal -2.65518e-05 0.984806 -0.173659
    outer loop
      vertex -10.7071 9.72279 74.6964
      vertex -14.5 11.076 82.3709
      vertex -10.5878 9.74048 74.7967
    endloop
  endfacet
  facet normal -1.08011e-05 0.984807 -0.173652
    outer loop
      vertex -10.809 9.70207 74.5789
      vertex -14.5 11.076 82.3709
      vertex -10.7071 9.72279 74.6964
    endloop
  endfacet
  facet normal -1.84288e-06 0.984808 -0.173648
    outer loop
      vertex -10.891 9.67883 74.4471
      vertex -14.5 11.076 82.3709
      vertex -10.809 9.70207 74.5789
    endloop
  endfacet
  facet normal 7.33258e-05 0.984814 -0.173615
    outer loop
      vertex -14.5 11.076 82.3709
      vertex -10.891 9.67883 74.4471
      vertex -10.9511 9.65366 74.3043
    endloop
  endfacet
  facet normal -0.430626 -0.156764 -0.888812
    outer loop
      vertex -14.5 4.57868 66.2543
      vertex -10 -3.73108 65.5397
      vertex -10 -4.82194 65.7321
    endloop
  endfacet
  facet normal -0.430589 -0.156742 -0.888834
    outer loop
      vertex -10 -3.73108 65.5397
      vertex -14.5 4.57868 66.2543
      vertex -14.5 8.12399 65.6291
    endloop
  endfacet
  facet normal 4.08982e-05 0.984803 -0.173673
    outer loop
      vertex -9.69098 9.43485 73.0634
      vertex -14.5 8.12399 65.6291
      vertex -9.84356 9.42849 73.0273
    endloop
  endfacet
  facet normal -3.88325e-05 0.984804 -0.17367
    outer loop
      vertex 10.1564 9.42849 73.0273
      vertex 14.5 8.12399 65.6291
      vertex 10 9.42635 73.0152
    endloop
  endfacet
  facet normal 3.05591e-05 0.984811 -0.17363
    outer loop
      vertex 10.309 9.43485 73.0634
      vertex 14.5 8.12399 65.6291
      vertex 10.1564 9.42849 73.0273
    endloop
  endfacet
  facet normal -5.04584e-05 0.984803 -0.173675
    outer loop
      vertex 10.454 9.44528 73.1225
      vertex 14.5 8.12399 65.6291
      vertex 10.309 9.43485 73.0634
    endloop
  endfacet
  facet normal 4.01588e-05 0.984811 -0.173627
    outer loop
      vertex 10.5878 9.45952 73.2033
      vertex 14.5 8.12399 65.6291
      vertex 10.454 9.44528 73.1225
    endloop
  endfacet
  facet normal -2.57897e-05 0.984806 -0.17366
    outer loop
      vertex 10.7071 9.47721 73.3036
      vertex 14.5 8.12399 65.6291
      vertex 10.5878 9.45952 73.2033
    endloop
  endfacet
  facet normal -9.85852e-06 0.984807 -0.173653
    outer loop
      vertex 10.809 9.49793 73.4211
      vertex 14.5 8.12399 65.6291
      vertex 10.7071 9.47721 73.3036
    endloop
  endfacet
  facet normal 6.74955e-05 0.984813 -0.173617
    outer loop
      vertex 10.891 9.52116 73.5529
      vertex 14.5 8.12399 65.6291
      vertex 10.809 9.49793 73.4211
    endloop
  endfacet
  facet normal -5.37103e-06 0.984808 -0.173649
    outer loop
      vertex 10.9511 9.54634 73.6957
      vertex 14.5 8.12399 65.6291
      vertex 10.891 9.52116 73.5529
    endloop
  endfacet
  facet normal -5.61955e-05 0.984804 -0.173671
    outer loop
      vertex 10.9877 9.57283 73.8459
      vertex 14.5 8.12399 65.6291
      vertex 10.9511 9.54634 73.6957
    endloop
  endfacet
  facet normal 2.42066e-05 0.98481 -0.173638
    outer loop
      vertex 11 9.6 74
      vertex 14.5 8.12399 65.6291
      vertex 10.9877 9.57283 73.8459
    endloop
  endfacet
  facet normal 0.000224541 0.984824 -0.173556
    outer loop
      vertex 10.9877 9.62716 74.1541
      vertex 14.5 8.12399 65.6291
      vertex 11 9.6 74
    endloop
  endfacet
  facet normal -0.000623054 0.984764 -0.173895
    outer loop
      vertex 14.5 8.12399 65.6291
      vertex 10.9877 9.62716 74.1541
      vertex 10.9511 9.65366 74.3043
    endloop
  endfacet
  facet normal 0 0.98479 -0.173748
    outer loop
      vertex 9.01231 9.62716 74.1541
      vertex -9.04894 9.65366 74.3043
      vertex 9.04894 9.65366 74.3043
    endloop
  endfacet
  facet normal 0 0.98479 -0.173748
    outer loop
      vertex 9.01231 9.62716 74.1541
      vertex -9.01231 9.62716 74.1541
      vertex -9.04894 9.65366 74.3043
    endloop
  endfacet
  facet normal 0 0.984821 -0.173574
    outer loop
      vertex 9 9.6 74
      vertex -9.01231 9.62716 74.1541
      vertex 9.01231 9.62716 74.1541
    endloop
  endfacet
  facet normal 0 0.984821 -0.173574
    outer loop
      vertex 9 9.6 74
      vertex -9 9.6 74
      vertex -9.01231 9.62716 74.1541
    endloop
  endfacet
  facet normal 0 0.98481 -0.173636
    outer loop
      vertex 9.01231 9.57283 73.8459
      vertex -9 9.6 74
      vertex 9 9.6 74
    endloop
  endfacet
  facet normal 0 0.98481 -0.173636
    outer loop
      vertex 9.01231 9.57283 73.8459
      vertex -9.01231 9.57283 73.8459
      vertex -9 9.6 74
    endloop
  endfacet
  facet normal 0 0.984801 -0.173684
    outer loop
      vertex 9.04894 9.54634 73.6957
      vertex -9.01231 9.57283 73.8459
      vertex 9.01231 9.57283 73.8459
    endloop
  endfacet
  facet normal 0 0.984801 -0.173684
    outer loop
      vertex 9.04894 9.54634 73.6957
      vertex -9.04894 9.54634 73.6957
      vertex -9.01231 9.57283 73.8459
    endloop
  endfacet
  facet normal 0 0.984807 -0.173652
    outer loop
      vertex 9.10899 9.52116 73.5529
      vertex -9.04894 9.54634 73.6957
      vertex 9.04894 9.54634 73.6957
    endloop
  endfacet
  facet normal 0 0.984807 -0.173652
    outer loop
      vertex 9.10899 9.52116 73.5529
      vertex -9.10899 9.52116 73.5529
      vertex -9.04894 9.54634 73.6957
    endloop
  endfacet
  facet normal 0 0.98482 -0.173576
    outer loop
      vertex 9.19098 9.49793 73.4211
      vertex -9.10899 9.52116 73.5529
      vertex 9.10899 9.52116 73.5529
    endloop
  endfacet
  facet normal 0 0.98482 -0.173576
    outer loop
      vertex 9.19098 9.49793 73.4211
      vertex -9.19098 9.49793 73.4211
      vertex -9.10899 9.52116 73.5529
    endloop
  endfacet
  facet normal 0 0.984805 -0.173661
    outer loop
      vertex 9.29289 9.47721 73.3036
      vertex -9.19098 9.49793 73.4211
      vertex 9.19098 9.49793 73.4211
    endloop
  endfacet
  facet normal 0 0.984805 -0.173661
    outer loop
      vertex 9.29289 9.47721 73.3036
      vertex -9.29289 9.47721 73.3036
      vertex -9.19098 9.49793 73.4211
    endloop
  endfacet
  facet normal 0 0.9848 -0.17369
    outer loop
      vertex 9.41221 9.45952 73.2033
      vertex -9.29289 9.47721 73.3036
      vertex 9.29289 9.47721 73.3036
    endloop
  endfacet
  facet normal 0 0.9848 -0.17369
    outer loop
      vertex 9.41221 9.45952 73.2033
      vertex -9.41221 9.45952 73.2033
      vertex -9.29289 9.47721 73.3036
    endloop
  endfacet
  facet normal -8.86414e-05 0.984798 -0.173705
    outer loop
      vertex 14.5 8.12399 65.6291
      vertex 9.41221 9.45952 73.2033
      vertex 9.54601 9.44528 73.1225
    endloop
  endfacet
  facet normal 0 0.984808 -0.173647
    outer loop
      vertex 9.41221 9.45952 73.2033
      vertex 14.5 8.12399 65.6291
      vertex -9.41221 9.45952 73.2033
    endloop
  endfacet
  facet normal 8.42956e-05 0.984817 -0.173594
    outer loop
      vertex 14.5 8.12399 65.6291
      vertex 9.54601 9.44528 73.1225
      vertex 9.69098 9.43485 73.0634
    endloop
  endfacet
  facet normal 0 0.984808 -0.173647
    outer loop
      vertex -14.5 8.12399 65.6291
      vertex -9.41221 9.45952 73.2033
      vertex 14.5 8.12399 65.6291
    endloop
  endfacet
  facet normal -4.08982e-05 0.984803 -0.173673
    outer loop
      vertex 14.5 8.12399 65.6291
      vertex 9.69098 9.43485 73.0634
      vertex 9.84356 9.42849 73.0273
    endloop
  endfacet
  facet normal 8.86414e-05 0.984798 -0.173705
    outer loop
      vertex -9.41221 9.45952 73.2033
      vertex -14.5 8.12399 65.6291
      vertex -9.54601 9.44528 73.1225
    endloop
  endfacet
  facet normal 4.26633e-05 0.984812 -0.173622
    outer loop
      vertex 14.5 8.12399 65.6291
      vertex 9.84356 9.42849 73.0273
      vertex 10 9.42635 73.0152
    endloop
  endfacet
  facet normal -8.42956e-05 0.984817 -0.173594
    outer loop
      vertex -9.54601 9.44528 73.1225
      vertex -14.5 8.12399 65.6291
      vertex -9.69098 9.43485 73.0634
    endloop
  endfacet
  facet normal -4.26633e-05 0.984812 -0.173622
    outer loop
      vertex -9.84356 9.42849 73.0273
      vertex -14.5 8.12399 65.6291
      vertex -10 9.42635 73.0152
    endloop
  endfacet
  facet normal 3.88325e-05 0.984804 -0.17367
    outer loop
      vertex -10 9.42635 73.0152
      vertex -14.5 8.12399 65.6291
      vertex -10.1564 9.42849 73.0273
    endloop
  endfacet
  facet normal 0.000623054 0.984764 -0.173895
    outer loop
      vertex -10.9877 9.62716 74.1541
      vertex -14.5 8.12399 65.6291
      vertex -10.9511 9.65366 74.3043
    endloop
  endfacet
  facet normal -0.000224541 0.984824 -0.173556
    outer loop
      vertex -11 9.6 74
      vertex -14.5 8.12399 65.6291
      vertex -10.9877 9.62716 74.1541
    endloop
  endfacet
  facet normal -2.42066e-05 0.98481 -0.173638
    outer loop
      vertex -10.9877 9.57283 73.8459
      vertex -14.5 8.12399 65.6291
      vertex -11 9.6 74
    endloop
  endfacet
  facet normal 5.61955e-05 0.984804 -0.173671
    outer loop
      vertex -10.9511 9.54634 73.6957
      vertex -14.5 8.12399 65.6291
      vertex -10.9877 9.57283 73.8459
    endloop
  endfacet
  facet normal 5.37103e-06 0.984808 -0.173649
    outer loop
      vertex -10.891 9.52116 73.5529
      vertex -14.5 8.12399 65.6291
      vertex -10.9511 9.54634 73.6957
    endloop
  endfacet
  facet normal -6.74955e-05 0.984813 -0.173617
    outer loop
      vertex -10.809 9.49793 73.4211
      vertex -14.5 8.12399 65.6291
      vertex -10.891 9.52116 73.5529
    endloop
  endfacet
  facet normal 9.85852e-06 0.984807 -0.173653
    outer loop
      vertex -10.7071 9.47721 73.3036
      vertex -14.5 8.12399 65.6291
      vertex -10.809 9.49793 73.4211
    endloop
  endfacet
  facet normal 2.57897e-05 0.984806 -0.17366
    outer loop
      vertex -10.5878 9.45952 73.2033
      vertex -14.5 8.12399 65.6291
      vertex -10.7071 9.47721 73.3036
    endloop
  endfacet
  facet normal -4.01588e-05 0.984811 -0.173627
    outer loop
      vertex -10.454 9.44528 73.1225
      vertex -14.5 8.12399 65.6291
      vertex -10.5878 9.45952 73.2033
    endloop
  endfacet
  facet normal 5.04584e-05 0.984803 -0.173675
    outer loop
      vertex -10.309 9.43485 73.0634
      vertex -14.5 8.12399 65.6291
      vertex -10.454 9.44528 73.1225
    endloop
  endfacet
  facet normal -3.05591e-05 0.984811 -0.17363
    outer loop
      vertex -10.1564 9.42849 73.0273
      vertex -14.5 8.12399 65.6291
      vertex -10.309 9.43485 73.0634
    endloop
  endfacet
  facet normal -2.52031e-06 0.984808 -0.173647
    outer loop
      vertex -10.9511 9.65366 74.3043
      vertex -14.5 8.12399 65.6291
      vertex -14.5 11.076 82.3709
    endloop
  endfacet
  facet normal -0.928027 -0.366852 0.0646861
    outer loop
      vertex -11.0147 -2.70214 74.9651
      vertex -14.5 7.5307 82.996
      vertex -14.5 4.57868 66.2543
    endloop
  endfacet
  facet normal -0.928092 -0.366722 0.0644921
    outer loop
      vertex -10.9751 -2.77248 75.135
      vertex -14.5 7.5307 82.996
      vertex -11.0147 -2.70214 74.9651
    endloop
  endfacet
  facet normal -0.927995 -0.366916 0.0647899
    outer loop
      vertex -10.8707 -2.97746 75.4695
      vertex -14.5 7.5307 82.996
      vertex -10.9751 -2.77248 75.135
    endloop
  endfacet
  facet normal -0.92803 -0.366847 0.0646803
    outer loop
      vertex -10 -3.91363 82.6526
      vertex -10.8707 -2.97746 75.4695
      vertex -10.7492 -3.23223 75.7678
    endloop
  endfacet
  facet normal -0.928112 -0.366633 0.0647104
    outer loop
      vertex -10 -3.91363 82.6526
      vertex -10.7492 -3.23223 75.7678
      vertex -10.6136 -3.53054 76.0225
    endloop
  endfacet
  facet normal -0.927779 -0.367611 0.0639384
    outer loop
      vertex -10 -4.82194 77.5013
      vertex -10.6136 -3.53054 76.0225
      vertex -10.5638 -3.64412 76.0921
    endloop
  endfacet
  facet normal -0.928029 -0.366849 0.0646799
    outer loop
      vertex -10.8707 -2.97746 75.4695
      vertex -10 -3.91363 82.6526
      vertex -14.5 7.5307 82.996
    endloop
  endfacet
  facet normal -0.928021 -0.366867 0.0646884
    outer loop
      vertex -10.6136 -3.53054 76.0225
      vertex -10 -4.82194 77.5013
      vertex -10 -3.91363 82.6526
    endloop
  endfacet
  facet normal -1 0 0
    outer loop
      vertex -14.5 8.12399 65.6291
      vertex -14.5 7.5307 82.996
      vertex -14.5 11.076 82.3709
    endloop
  endfacet
  facet normal -1 0 -0
    outer loop
      vertex -14.5 7.5307 82.996
      vertex -14.5 8.12399 65.6291
      vertex -14.5 4.57868 66.2543
    endloop
  endfacet
  facet normal 0.932521 -0.339337 0.123508
    outer loop
      vertex 14.5 9.12428 57.2187
      vertex 11.3994 -2.56201 48.5212
      vertex 14.5 3.30994 41.2439
    endloop
  endfacet
  facet normal 0.93257 -0.339251 0.123375
    outer loop
      vertex 14.5 9.12428 57.2187
      vertex 11.3442 -2.62236 48.7725
      vertex 11.3994 -2.56201 48.5212
    endloop
  endfacet
  facet normal 0.932549 -0.339289 0.123436
    outer loop
      vertex 14.5 9.12428 57.2187
      vertex 11.2416 -2.77248 49.135
      vertex 11.3442 -2.62236 48.7725
    endloop
  endfacet
  facet normal 0.932518 -0.33934 0.123523
    outer loop
      vertex 14.5 9.12428 57.2187
      vertex 11.1227 -2.97746 49.4695
      vertex 11.2416 -2.77248 49.135
    endloop
  endfacet
  facet normal 0.932522 -0.339333 0.123511
    outer loop
      vertex 10 -3.4233 56.7211
      vertex 11.1227 -2.97746 49.4695
      vertex 14.5 9.12428 57.2187
    endloop
  endfacet
  facet normal 0.932543 -0.339274 0.123518
    outer loop
      vertex 11.1227 -2.97746 49.4695
      vertex 10 -3.4233 56.7211
      vertex 10.9905 -3.23223 49.7678
    endloop
  endfacet
  facet normal 0.932509 -0.339371 0.123511
    outer loop
      vertex 10 -3.4233 56.7211
      vertex 10.8482 -3.53054 50.0225
      vertex 10.9905 -3.23223 49.7678
    endloop
  endfacet
  facet normal 0.932492 -0.339418 0.123509
    outer loop
      vertex 10 -3.4233 56.7211
      vertex 10.6993 -3.86502 50.2275
      vertex 10.8482 -3.53054 50.0225
    endloop
  endfacet
  facet normal 0.932524 -0.339331 0.123507
    outer loop
      vertex 10 -5.21233 51.8058
      vertex 10.6993 -3.86502 50.2275
      vertex 10 -3.4233 56.7211
    endloop
  endfacet
  facet normal 0.932568 -0.339143 0.123687
    outer loop
      vertex 10.6993 -3.86502 50.2275
      vertex 10 -5.21233 51.8058
      vertex 10.6529 -3.97587 50.2734
    endloop
  endfacet
  facet normal -0.668927 -0.254261 -0.69849
    outer loop
      vertex -14.5 3.30994 41.2439
      vertex -10 -4.17144 39.6577
      vertex -10 -5.21233 40.0366
    endloop
  endfacet
  facet normal -0.668907 -0.254244 -0.698515
    outer loop
      vertex -10 -4.17144 39.6577
      vertex -14.5 3.30994 41.2439
      vertex -14.5 6.69283 40.0126
    endloop
  endfacet
  facet normal 0.884351 -0.466823 0.000117869
    outer loop
      vertex 14.5 3.30994 41.2439
      vertex 11.4159 -2.53078 48.3911
      vertex 11.4322 -2.5 48
    endloop
  endfacet
  facet normal 0.884337 -0.466849 9.13503e-05
    outer loop
      vertex 11.4159 -2.53078 48.3911
      vertex 14.5 3.30994 41.2439
      vertex 11.3994 -2.56201 48.5212
    endloop
  endfacet
  facet normal 0.884247 -0.46702 -9.80921e-05
    outer loop
      vertex 11.4159 -2.53078 47.6089
      vertex 14.5 3.30994 41.2439
      vertex 11.4322 -2.5 48
    endloop
  endfacet
  facet normal 0.884339 -0.466846 0.000105439
    outer loop
      vertex 11.3676 -2.62236 47.2275
      vertex 14.5 3.30994 41.2439
      vertex 11.4159 -2.53078 47.6089
    endloop
  endfacet
  facet normal 0.884271 -0.466974 -5.67048e-05
    outer loop
      vertex 11.2883 -2.77248 46.865
      vertex 14.5 3.30994 41.2439
      vertex 11.3676 -2.62236 47.2275
    endloop
  endfacet
  facet normal 0.884316 -0.46689 6.0056e-05
    outer loop
      vertex 11.1801 -2.97746 46.5305
      vertex 14.5 3.30994 41.2439
      vertex 11.2883 -2.77248 46.865
    endloop
  endfacet
  facet normal 0.88425 -0.467014 -0.000129827
    outer loop
      vertex 11.0455 -3.23223 46.2322
      vertex 14.5 3.30994 41.2439
      vertex 11.1801 -2.97746 46.5305
    endloop
  endfacet
  facet normal 0.884301 -0.466917 3.36748e-05
    outer loop
      vertex 10.888 -3.53054 45.9775
      vertex 14.5 3.30994 41.2439
      vertex 11.0455 -3.23223 46.2322
    endloop
  endfacet
  facet normal 0.884311 -0.466897 -7.60606e-06
    outer loop
      vertex 10 -5.21233 40.0366
      vertex 10.888 -3.53054 45.9775
      vertex 10.7114 -3.86502 45.7725
    endloop
  endfacet
  facet normal 0.884269 -0.466978 1.66413e-05
    outer loop
      vertex 10 -5.21233 40.0366
      vertex 10.7114 -3.86502 45.7725
      vertex 10.52 -4.22746 45.6224
    endloop
  endfacet
  facet normal 0.884309 -0.466902 -5.12256e-07
    outer loop
      vertex 10 -5.21233 40.0366
      vertex 10.52 -4.22746 45.6224
      vertex 10.3186 -4.60891 45.5308
    endloop
  endfacet
  facet normal 0.884299 -0.46692 2.05742e-06
    outer loop
      vertex 10 -5.21233 40.0366
      vertex 10.3186 -4.60891 45.5308
      vertex 10.1121 -5 45.5
    endloop
  endfacet
  facet normal 0.884321 -0.466879 0
    outer loop
      vertex 10 -5.21233 40.0366
      vertex 10.1121 -5 45.5
      vertex 10 -5.21233 45.5167
    endloop
  endfacet
  facet normal 0.884293 -0.466932 5.08091e-06
    outer loop
      vertex 10.888 -3.53054 45.9775
      vertex 10 -5.21233 40.0366
      vertex 14.5 3.30994 41.2439
    endloop
  endfacet
  facet normal 0.884179 -0.467148 -0.000215012
    outer loop
      vertex 10 -5.21233 51.8058
      vertex 10.52 -4.22746 50.3776
      vertex 10.6529 -3.97587 50.2734
    endloop
  endfacet
  facet normal 0.884309 -0.466902 2.29942e-06
    outer loop
      vertex 10 -5.21233 51.8058
      vertex 10.3186 -4.60891 50.4692
      vertex 10.52 -4.22746 50.3776
    endloop
  endfacet
  facet normal 0.884299 -0.466921 -8.6931e-06
    outer loop
      vertex 10 -5.21233 51.8058
      vertex 10.1121 -5 50.5
      vertex 10.3186 -4.60891 50.4692
    endloop
  endfacet
  facet normal 0.884321 -0.466879 0
    outer loop
      vertex 10.1121 -5 50.5
      vertex 10 -5.21233 51.8058
      vertex 10 -5.21233 50.4833
    endloop
  endfacet
  facet normal -6.87108e-05 0.939708 -0.341978
    outer loop
      vertex -9.69098 9.27472 47.1063
      vertex -14.5 6.69283 40.0126
      vertex -9.84356 9.26219 47.0719
    endloop
  endfacet
  facet normal 6.91256e-05 0.939707 -0.341981
    outer loop
      vertex 10.1564 9.26219 47.0719
      vertex 14.5 6.69283 40.0126
      vertex 10 9.25798 47.0603
    endloop
  endfacet
  facet normal -5.13595e-05 0.939683 -0.342046
    outer loop
      vertex 10.309 9.27472 47.1063
      vertex 14.5 6.69283 40.0126
      vertex 10.1564 9.26219 47.0719
    endloop
  endfacet
  facet normal -6.3887e-05 0.939681 -0.342053
    outer loop
      vertex 10.454 9.29526 47.1627
      vertex 14.5 6.69283 40.0126
      vertex 10.309 9.27472 47.1063
    endloop
  endfacet
  facet normal 0.000117442 0.939714 -0.341962
    outer loop
      vertex 10.5878 9.3233 47.2398
      vertex 14.5 6.69283 40.0126
      vertex 10.454 9.29526 47.1627
    endloop
  endfacet
  facet normal -0.000155177 0.939666 -0.342093
    outer loop
      vertex 10.7071 9.35816 47.3355
      vertex 14.5 6.69283 40.0126
      vertex 10.5878 9.3233 47.2398
    endloop
  endfacet
  facet normal 0.00016238 0.939719 -0.341947
    outer loop
      vertex 10.809 9.39897 47.4477
      vertex 14.5 6.69283 40.0126
      vertex 10.7071 9.35816 47.3355
    endloop
  endfacet
  facet normal -5.98468e-05 0.939684 -0.342045
    outer loop
      vertex 14.5 6.69283 40.0126
      vertex 10.809 9.39897 47.4477
      vertex 10.891 9.44473 47.5734
    endloop
  endfacet
  facet normal 0 0.939671 -0.342079
    outer loop
      vertex 9.19098 9.39897 47.4477
      vertex -9.10899 9.44473 47.5734
      vertex 9.10899 9.44473 47.5734
    endloop
  endfacet
  facet normal 0 0.939671 -0.342079
    outer loop
      vertex 9.19098 9.39897 47.4477
      vertex -9.19098 9.39897 47.4477
      vertex -9.10899 9.44473 47.5734
    endloop
  endfacet
  facet normal 0 0.939767 -0.341817
    outer loop
      vertex 9.29289 9.35816 47.3355
      vertex -9.19098 9.39897 47.4477
      vertex 9.19098 9.39897 47.4477
    endloop
  endfacet
  facet normal 0 0.939767 -0.341817
    outer loop
      vertex 9.29289 9.35816 47.3355
      vertex -9.29289 9.35816 47.3355
      vertex -9.19098 9.39897 47.4477
    endloop
  endfacet
  facet normal 0 0.939604 -0.342263
    outer loop
      vertex 9.41221 9.3233 47.2398
      vertex -9.29289 9.35816 47.3355
      vertex 9.29289 9.35816 47.3355
    endloop
  endfacet
  facet normal 0 0.939604 -0.342263
    outer loop
      vertex 9.41221 9.3233 47.2398
      vertex -9.41221 9.3233 47.2398
      vertex -9.29289 9.35816 47.3355
    endloop
  endfacet
  facet normal -0.000259214 0.939635 -0.342179
    outer loop
      vertex 14.5 6.69283 40.0126
      vertex 9.41221 9.3233 47.2398
      vertex 9.54601 9.29526 47.1627
    endloop
  endfacet
  facet normal 0 0.939693 -0.342018
    outer loop
      vertex 9.41221 9.3233 47.2398
      vertex 14.5 6.69283 40.0126
      vertex -9.41221 9.3233 47.2398
    endloop
  endfacet
  facet normal 0.00010674 0.939716 -0.341956
    outer loop
      vertex 14.5 6.69283 40.0126
      vertex 9.54601 9.29526 47.1627
      vertex 9.69098 9.27472 47.1063
    endloop
  endfacet
  facet normal 0 0.939693 -0.342018
    outer loop
      vertex -14.5 6.69283 40.0126
      vertex -9.41221 9.3233 47.2398
      vertex 14.5 6.69283 40.0126
    endloop
  endfacet
  facet normal 6.87108e-05 0.939708 -0.341978
    outer loop
      vertex 14.5 6.69283 40.0126
      vertex 9.69098 9.27472 47.1063
      vertex 9.84356 9.26219 47.0719
    endloop
  endfacet
  facet normal 0.000259214 0.939635 -0.342179
    outer loop
      vertex -9.41221 9.3233 47.2398
      vertex -14.5 6.69283 40.0126
      vertex -9.54601 9.29526 47.1627
    endloop
  endfacet
  facet normal -7.59754e-05 0.939677 -0.342063
    outer loop
      vertex 14.5 6.69283 40.0126
      vertex 9.84356 9.26219 47.0719
      vertex 10 9.25798 47.0603
    endloop
  endfacet
  facet normal -0.00010674 0.939716 -0.341956
    outer loop
      vertex -9.54601 9.29526 47.1627
      vertex -14.5 6.69283 40.0126
      vertex -9.69098 9.27472 47.1063
    endloop
  endfacet
  facet normal 7.59754e-05 0.939677 -0.342063
    outer loop
      vertex -9.84356 9.26219 47.0719
      vertex -14.5 6.69283 40.0126
      vertex -10 9.25798 47.0603
    endloop
  endfacet
  facet normal -6.91256e-05 0.939707 -0.341981
    outer loop
      vertex -10 9.25798 47.0603
      vertex -14.5 6.69283 40.0126
      vertex -10.1564 9.26219 47.0719
    endloop
  endfacet
  facet normal 5.98468e-05 0.939684 -0.342045
    outer loop
      vertex -10.809 9.39897 47.4477
      vertex -14.5 6.69283 40.0126
      vertex -10.891 9.44473 47.5734
    endloop
  endfacet
  facet normal -0.00016238 0.939719 -0.341947
    outer loop
      vertex -10.7071 9.35816 47.3355
      vertex -14.5 6.69283 40.0126
      vertex -10.809 9.39897 47.4477
    endloop
  endfacet
  facet normal 0.000155177 0.939666 -0.342093
    outer loop
      vertex -10.5878 9.3233 47.2398
      vertex -14.5 6.69283 40.0126
      vertex -10.7071 9.35816 47.3355
    endloop
  endfacet
  facet normal -0.000117442 0.939714 -0.341962
    outer loop
      vertex -10.454 9.29526 47.1627
      vertex -14.5 6.69283 40.0126
      vertex -10.5878 9.3233 47.2398
    endloop
  endfacet
  facet normal 6.3887e-05 0.939681 -0.342053
    outer loop
      vertex -10.309 9.27472 47.1063
      vertex -14.5 6.69283 40.0126
      vertex -10.454 9.29526 47.1627
    endloop
  endfacet
  facet normal 5.13595e-05 0.939683 -0.342046
    outer loop
      vertex -10.1564 9.26219 47.0719
      vertex -14.5 6.69283 40.0126
      vertex -10.309 9.27472 47.1063
    endloop
  endfacet
  facet normal 0.668927 -0.254261 -0.69849
    outer loop
      vertex 10 -4.17144 39.6577
      vertex 14.5 3.30994 41.2439
      vertex 10 -5.21233 40.0366
    endloop
  endfacet
  facet normal 0.668907 -0.254244 -0.698515
    outer loop
      vertex 14.5 3.30994 41.2439
      vertex 10 -4.17144 39.6577
      vertex 14.5 6.69283 40.0126
    endloop
  endfacet
  facet normal 1 0 0
    outer loop
      vertex 14.5 9.12428 57.2187
      vertex 14.5 6.69283 40.0126
      vertex 14.5 12.5072 55.9874
    endloop
  endfacet
  facet normal 1 0 -0
    outer loop
      vertex 14.5 6.69283 40.0126
      vertex 14.5 9.12428 57.2187
      vertex 14.5 3.30994 41.2439
    endloop
  endfacet
  facet normal -0 0.342025 0.939691
    outer loop
      vertex -14.5 12.5072 55.9874
      vertex 14.5 9.12428 57.2187
      vertex 14.5 12.5072 55.9874
    endloop
  endfacet
  facet normal 0 0.342025 0.939691
    outer loop
      vertex 14.5 9.12428 57.2187
      vertex -14.5 12.5072 55.9874
      vertex -14.5 9.12428 57.2187
    endloop
  endfacet
  facet normal -0.0786225 0 -0.996904
    outer loop
      vertex -10 -4.17144 39.6577
      vertex -14.5 6.69283 40.0126
      vertex -10 0 39.6577
    endloop
  endfacet
  facet normal -0.0786262 -2.47671e-06 -0.996904
    outer loop
      vertex -8.84494 0 39.5666
      vertex -10 0 39.6577
      vertex -14.5 6.69283 40.0126
    endloop
  endfacet
  facet normal -1 0 0
    outer loop
      vertex -14.5 6.69283 40.0126
      vertex -14.5 9.12428 57.2187
      vertex -14.5 12.5072 55.9874
    endloop
  endfacet
  facet normal -1 0 0
    outer loop
      vertex -14.5 9.12428 57.2187
      vertex -14.5 6.69283 40.0126
      vertex -14.5 3.30994 41.2439
    endloop
  endfacet
  facet normal 0 -0.0396213 0.999215
    outer loop
      vertex 14.5 9.12428 57.2187
      vertex -10 0 56.8569
      vertex 10 0 56.8569
    endloop
  endfacet
  facet normal -3.42015e-05 -0.0396381 0.999214
    outer loop
      vertex -10 0 56.8569
      vertex -14.5 9.12428 57.2187
      vertex -10 -3.4233 56.7211
    endloop
  endfacet
  facet normal 0 -0.0396213 0.999215
    outer loop
      vertex -14.5 9.12428 57.2187
      vertex -10 0 56.8569
      vertex 14.5 9.12428 57.2187
    endloop
  endfacet
  facet normal 3.42015e-05 -0.0396381 0.999214
    outer loop
      vertex 14.5 9.12428 57.2187
      vertex 10 0 56.8569
      vertex 10 -3.4233 56.7211
    endloop
  endfacet
  facet normal -7.00836e-07 0.939692 -0.342021
    outer loop
      vertex 14.5 6.69283 40.0126
      vertex 10.9534 9.4977 47.7189
      vertex 14.5 12.5072 55.9874
    endloop
  endfacet
  facet normal 0.914889 0 -0.403706
    outer loop
      vertex 10.9511 9.49431 47.7096
      vertex 10.891 9.44473 47.5734
      vertex 10.891 9.44474 47.5734
    endloop
  endfacet
  facet normal -5.53152e-05 0.939684 -0.342043
    outer loop
      vertex 10.9511 9.49431 47.7096
      vertex 14.5 6.69283 40.0126
      vertex 10.891 9.44473 47.5734
    endloop
  endfacet
  facet normal -0.000723868 0.939585 -0.342315
    outer loop
      vertex 10.9534 9.4977 47.7189
      vertex 14.5 6.69283 40.0126
      vertex 10.9511 9.49431 47.7096
    endloop
  endfacet
  facet normal 0.000723868 0.939585 -0.342315
    outer loop
      vertex -14.5 6.69283 40.0126
      vertex -10.9534 9.4977 47.7189
      vertex -10.9511 9.49431 47.7096
    endloop
  endfacet
  facet normal -0.914889 0 -0.403706
    outer loop
      vertex -10.891 9.44473 47.5734
      vertex -10.9511 9.49431 47.7096
      vertex -10.891 9.44474 47.5734
    endloop
  endfacet
  facet normal 7.00836e-07 0.939692 -0.342021
    outer loop
      vertex -10.9534 9.4977 47.7189
      vertex -14.5 6.69283 40.0126
      vertex -14.5 12.5072 55.9874
    endloop
  endfacet
  facet normal 5.53152e-05 0.939684 -0.342043
    outer loop
      vertex -14.5 6.69283 40.0126
      vertex -10.9511 9.49431 47.7096
      vertex -10.891 9.44473 47.5734
    endloop
  endfacet
  facet normal 0 0.066491 -0.997787
    outer loop
      vertex -8.84494 0 39.5666
      vertex 14.5 6.69283 40.0126
      vertex 8.84494 0 39.5666
    endloop
  endfacet
  facet normal 0 0.066491 -0.997787
    outer loop
      vertex 14.5 6.69283 40.0126
      vertex -8.84494 0 39.5666
      vertex -14.5 6.69283 40.0126
    endloop
  endfacet
  facet normal -0.884247 -0.46702 -9.80921e-05
    outer loop
      vertex -14.5 3.30994 41.2439
      vertex -11.4159 -2.53078 47.6089
      vertex -11.4322 -2.5 48
    endloop
  endfacet
  facet normal -0.884339 -0.466846 0.000105439
    outer loop
      vertex -14.5 3.30994 41.2439
      vertex -11.3676 -2.62236 47.2275
      vertex -11.4159 -2.53078 47.6089
    endloop
  endfacet
  facet normal -0.884271 -0.466974 -5.67048e-05
    outer loop
      vertex -14.5 3.30994 41.2439
      vertex -11.2883 -2.77248 46.865
      vertex -11.3676 -2.62236 47.2275
    endloop
  endfacet
  facet normal -0.884316 -0.46689 6.0056e-05
    outer loop
      vertex -14.5 3.30994 41.2439
      vertex -11.1801 -2.97746 46.5305
      vertex -11.2883 -2.77248 46.865
    endloop
  endfacet
  facet normal -0.88425 -0.467014 -0.000129827
    outer loop
      vertex -14.5 3.30994 41.2439
      vertex -11.0455 -3.23223 46.2322
      vertex -11.1801 -2.97746 46.5305
    endloop
  endfacet
  facet normal -0.884301 -0.466917 3.36748e-05
    outer loop
      vertex -14.5 3.30994 41.2439
      vertex -10.888 -3.53054 45.9775
      vertex -11.0455 -3.23223 46.2322
    endloop
  endfacet
  facet normal -0.884293 -0.466932 5.08091e-06
    outer loop
      vertex -10 -5.21233 40.0366
      vertex -10.888 -3.53054 45.9775
      vertex -14.5 3.30994 41.2439
    endloop
  endfacet
  facet normal -0.884311 -0.466897 -7.60606e-06
    outer loop
      vertex -10.888 -3.53054 45.9775
      vertex -10 -5.21233 40.0366
      vertex -10.7114 -3.86502 45.7725
    endloop
  endfacet
  facet normal -0.884269 -0.466978 1.66413e-05
    outer loop
      vertex -10.7114 -3.86502 45.7725
      vertex -10 -5.21233 40.0366
      vertex -10.52 -4.22746 45.6224
    endloop
  endfacet
  facet normal -0.884309 -0.466902 -5.12256e-07
    outer loop
      vertex -10.52 -4.22746 45.6224
      vertex -10 -5.21233 40.0366
      vertex -10.3186 -4.60891 45.5308
    endloop
  endfacet
  facet normal -0.884299 -0.46692 2.05742e-06
    outer loop
      vertex -10.3186 -4.60891 45.5308
      vertex -10 -5.21233 40.0366
      vertex -10.1121 -5 45.5
    endloop
  endfacet
  facet normal -0.884321 -0.466879 0
    outer loop
      vertex -10.1121 -5 45.5
      vertex -10 -5.21233 40.0366
      vertex -10 -5.21233 45.5167
    endloop
  endfacet
  facet normal -0.884351 -0.466823 0.000117869
    outer loop
      vertex -11.4159 -2.53078 48.3911
      vertex -14.5 3.30994 41.2439
      vertex -11.4322 -2.5 48
    endloop
  endfacet
  facet normal -0.884337 -0.466849 9.13503e-05
    outer loop
      vertex -14.5 3.30994 41.2439
      vertex -11.4159 -2.53078 48.3911
      vertex -11.3994 -2.56201 48.5212
    endloop
  endfacet
  facet normal -0.884179 -0.467148 -0.000215012
    outer loop
      vertex -10.52 -4.22746 50.3776
      vertex -10 -5.21233 51.8058
      vertex -10.6529 -3.97587 50.2734
    endloop
  endfacet
  facet normal -0.884309 -0.466902 2.29942e-06
    outer loop
      vertex -10.3186 -4.60891 50.4692
      vertex -10 -5.21233 51.8058
      vertex -10.52 -4.22746 50.3776
    endloop
  endfacet
  facet normal -0.884299 -0.466921 -8.6931e-06
    outer loop
      vertex -10.1121 -5 50.5
      vertex -10 -5.21233 51.8058
      vertex -10.3186 -4.60891 50.4692
    endloop
  endfacet
  facet normal -0.884321 -0.466879 -0
    outer loop
      vertex -10 -5.21233 51.8058
      vertex -10.1121 -5 50.5
      vertex -10 -5.21233 50.4833
    endloop
  endfacet
  facet normal -0.932521 -0.339337 0.123508
    outer loop
      vertex -11.3994 -2.56201 48.5212
      vertex -14.5 9.12428 57.2187
      vertex -14.5 3.30994 41.2439
    endloop
  endfacet
  facet normal -0.93257 -0.339251 0.123375
    outer loop
      vertex -11.3442 -2.62236 48.7725
      vertex -14.5 9.12428 57.2187
      vertex -11.3994 -2.56201 48.5212
    endloop
  endfacet
  facet normal -0.932549 -0.339289 0.123436
    outer loop
      vertex -11.2416 -2.77248 49.135
      vertex -14.5 9.12428 57.2187
      vertex -11.3442 -2.62236 48.7725
    endloop
  endfacet
  facet normal -0.932518 -0.33934 0.123523
    outer loop
      vertex -11.1227 -2.97746 49.4695
      vertex -14.5 9.12428 57.2187
      vertex -11.2416 -2.77248 49.135
    endloop
  endfacet
  facet normal -0.932543 -0.339274 0.123518
    outer loop
      vertex -10 -3.4233 56.7211
      vertex -11.1227 -2.97746 49.4695
      vertex -10.9905 -3.23223 49.7678
    endloop
  endfacet
  facet normal -0.932522 -0.339333 0.123511
    outer loop
      vertex -11.1227 -2.97746 49.4695
      vertex -10 -3.4233 56.7211
      vertex -14.5 9.12428 57.2187
    endloop
  endfacet
  facet normal -0.932509 -0.339371 0.123511
    outer loop
      vertex -10.8482 -3.53054 50.0225
      vertex -10 -3.4233 56.7211
      vertex -10.9905 -3.23223 49.7678
    endloop
  endfacet
  facet normal -0.932492 -0.339418 0.123509
    outer loop
      vertex -10.6993 -3.86502 50.2275
      vertex -10 -3.4233 56.7211
      vertex -10.8482 -3.53054 50.0225
    endloop
  endfacet
  facet normal -0.932568 -0.339143 0.123687
    outer loop
      vertex -10 -5.21233 51.8058
      vertex -10.6993 -3.86502 50.2275
      vertex -10.6529 -3.97587 50.2734
    endloop
  endfacet
  facet normal -0.932524 -0.339331 0.123507
    outer loop
      vertex -10.6993 -3.86502 50.2275
      vertex -10 -5.21233 51.8058
      vertex -10 -3.4233 56.7211
    endloop
  endfacet
  facet normal -0.00010464 0.939714 -0.34196
    outer loop
      vertex 9.54601 9.90474 48.8373
      vertex 14.5 12.5072 55.9874
      vertex 9.69098 9.92528 48.8937
    endloop
  endfacet
  facet normal -7.62867e-05 0.939676 -0.342066
    outer loop
      vertex -14.5 12.5072 55.9874
      vertex -9.84356 9.93781 48.9281
      vertex -10 9.94202 48.9397
    endloop
  endfacet
  facet normal 0.000262995 0.939632 -0.342185
    outer loop
      vertex 9.41221 9.8767 48.7602
      vertex 14.5 12.5072 55.9874
      vertex 9.54601 9.90474 48.8373
    endloop
  endfacet
  facet normal 6.7653e-05 0.939706 -0.341982
    outer loop
      vertex -14.5 12.5072 55.9874
      vertex -9.69098 9.92528 48.8937
      vertex -9.84356 9.93781 48.9281
    endloop
  endfacet
  facet normal 0 0.939692 -0.342022
    outer loop
      vertex 14.5 12.5072 55.9874
      vertex 9.41221 9.8767 48.7602
      vertex -14.5 12.5072 55.9874
    endloop
  endfacet
  facet normal 0.00010464 0.939714 -0.34196
    outer loop
      vertex -14.5 12.5072 55.9874
      vertex -9.54601 9.90474 48.8373
      vertex -9.69098 9.92528 48.8937
    endloop
  endfacet
  facet normal 0 0.939692 -0.342022
    outer loop
      vertex -9.41221 9.8767 48.7602
      vertex -14.5 12.5072 55.9874
      vertex 9.41221 9.8767 48.7602
    endloop
  endfacet
  facet normal -0.000262995 0.939632 -0.342185
    outer loop
      vertex -14.5 12.5072 55.9874
      vertex -9.41221 9.8767 48.7602
      vertex -9.54601 9.90474 48.8373
    endloop
  endfacet
  facet normal 0 0.939604 -0.342263
    outer loop
      vertex 9.29289 9.84184 48.6645
      vertex -9.41221 9.8767 48.7602
      vertex 9.41221 9.8767 48.7602
    endloop
  endfacet
  facet normal 0 0.939604 -0.342263
    outer loop
      vertex 9.29289 9.84184 48.6645
      vertex -9.29289 9.84184 48.6645
      vertex -9.41221 9.8767 48.7602
    endloop
  endfacet
  facet normal 0 0.939767 -0.341817
    outer loop
      vertex 9.19098 9.80103 48.5523
      vertex -9.29289 9.84184 48.6645
      vertex 9.29289 9.84184 48.6645
    endloop
  endfacet
  facet normal 0 0.939767 -0.341817
    outer loop
      vertex 9.19098 9.80103 48.5523
      vertex -9.19098 9.80103 48.5523
      vertex -9.29289 9.84184 48.6645
    endloop
  endfacet
  facet normal 0 0.939671 -0.342079
    outer loop
      vertex 9.10899 9.75527 48.4266
      vertex -9.19098 9.80103 48.5523
      vertex 9.19098 9.80103 48.5523
    endloop
  endfacet
  facet normal 0 0.939671 -0.342079
    outer loop
      vertex 9.10899 9.75527 48.4266
      vertex -9.10899 9.75527 48.4266
      vertex -9.19098 9.80103 48.5523
    endloop
  endfacet
  facet normal 0 0.939677 -0.342064
    outer loop
      vertex 9.04894 9.70569 48.2904
      vertex -9.10899 9.75527 48.4266
      vertex 9.10899 9.75527 48.4266
    endloop
  endfacet
  facet normal 0 0.939677 -0.342064
    outer loop
      vertex 9.04894 9.70569 48.2904
      vertex -9.04894 9.70569 48.2904
      vertex -9.10899 9.75527 48.4266
    endloop
  endfacet
  facet normal 0 0.9397 -0.342001
    outer loop
      vertex 9.01231 9.6535 48.147
      vertex -9.04894 9.70569 48.2904
      vertex 9.04894 9.70569 48.2904
    endloop
  endfacet
  facet normal 0 0.9397 -0.342001
    outer loop
      vertex 9.01231 9.6535 48.147
      vertex -9.01231 9.6535 48.147
      vertex -9.04894 9.70569 48.2904
    endloop
  endfacet
  facet normal 0 0.9397 -0.342
    outer loop
      vertex 9 9.6 48
      vertex -9.01231 9.6535 48.147
      vertex 9.01231 9.6535 48.147
    endloop
  endfacet
  facet normal 0 0.9397 -0.342
    outer loop
      vertex 9 9.6 48
      vertex -9 9.6 48
      vertex -9.01231 9.6535 48.147
    endloop
  endfacet
  facet normal 0 0.9397 -0.342
    outer loop
      vertex 9.01231 9.5465 47.853
      vertex -9 9.6 48
      vertex 9 9.6 48
    endloop
  endfacet
  facet normal 0 0.9397 -0.342
    outer loop
      vertex 9.01231 9.5465 47.853
      vertex -9.01231 9.5465 47.853
      vertex -9 9.6 48
    endloop
  endfacet
  facet normal 0 0.9397 -0.342001
    outer loop
      vertex 9.04894 9.49431 47.7096
      vertex -9.01231 9.5465 47.853
      vertex 9.01231 9.5465 47.853
    endloop
  endfacet
  facet normal 0 0.9397 -0.342001
    outer loop
      vertex 9.04894 9.49431 47.7096
      vertex -9.04894 9.49431 47.7096
      vertex -9.01231 9.5465 47.853
    endloop
  endfacet
  facet normal 0 0.939677 -0.342064
    outer loop
      vertex 9.10899 9.44473 47.5734
      vertex -9.04894 9.49431 47.7096
      vertex 9.04894 9.49431 47.7096
    endloop
  endfacet
  facet normal 0 0.939677 -0.342064
    outer loop
      vertex -9.04894 9.49431 47.7096
      vertex 9.10899 9.44473 47.5734
      vertex -9.10899 9.44473 47.5734
    endloop
  endfacet
  facet normal 7.62867e-05 0.939676 -0.342066
    outer loop
      vertex 9.84356 9.93781 48.9281
      vertex 14.5 12.5072 55.9874
      vertex 10 9.94202 48.9397
    endloop
  endfacet
  facet normal -6.94088e-05 0.939706 -0.341984
    outer loop
      vertex 14.5 12.5072 55.9874
      vertex 10.1564 9.93781 48.9281
      vertex 10 9.94202 48.9397
    endloop
  endfacet
  facet normal 5.05688e-05 0.939682 -0.342049
    outer loop
      vertex 14.5 12.5072 55.9874
      vertex 10.309 9.92528 48.8937
      vertex 10.1564 9.93781 48.9281
    endloop
  endfacet
  facet normal 6.263e-05 0.93968 -0.342056
    outer loop
      vertex 14.5 12.5072 55.9874
      vertex 10.454 9.90474 48.8373
      vertex 10.309 9.92528 48.8937
    endloop
  endfacet
  facet normal -0.000119155 0.939713 -0.341965
    outer loop
      vertex 14.5 12.5072 55.9874
      vertex 10.5878 9.8767 48.7602
      vertex 10.454 9.90474 48.8373
    endloop
  endfacet
  facet normal 0.000152995 0.939665 -0.342095
    outer loop
      vertex 14.5 12.5072 55.9874
      vertex 10.7071 9.84184 48.6645
      vertex 10.5878 9.8767 48.7602
    endloop
  endfacet
  facet normal -0.000165079 0.939718 -0.341949
    outer loop
      vertex 14.5 12.5072 55.9874
      vertex 10.809 9.80103 48.5523
      vertex 10.7071 9.84184 48.6645
    endloop
  endfacet
  facet normal 5.65462e-05 0.939683 -0.342047
    outer loop
      vertex 14.5 12.5072 55.9874
      vertex 10.891 9.75527 48.4266
      vertex 10.809 9.80103 48.5523
    endloop
  endfacet
  facet normal 5.12562e-05 0.939684 -0.342044
    outer loop
      vertex 14.5 12.5072 55.9874
      vertex 10.9511 9.70569 48.2904
      vertex 10.891 9.75527 48.4266
    endloop
  endfacet
  facet normal -3.57802e-05 0.939697 -0.342009
    outer loop
      vertex 14.5 12.5072 55.9874
      vertex 10.9877 9.6535 48.147
      vertex 10.9511 9.70569 48.2904
    endloop
  endfacet
  facet normal -4.98416e-05 0.939699 -0.342003
    outer loop
      vertex 14.5 12.5072 55.9874
      vertex 11 9.6 48
      vertex 10.9877 9.6535 48.147
    endloop
  endfacet
  facet normal -7.33693e-05 0.939702 -0.341994
    outer loop
      vertex 14.5 12.5072 55.9874
      vertex 10.9877 9.5465 47.853
      vertex 11 9.6 48
    endloop
  endfacet
  facet normal -0.000348261 0.93974 -0.341889
    outer loop
      vertex 10.9877 9.5465 47.853
      vertex 14.5 12.5072 55.9874
      vertex 10.9534 9.4977 47.7189
    endloop
  endfacet
  facet normal -6.7653e-05 0.939706 -0.341982
    outer loop
      vertex 9.69098 9.92528 48.8937
      vertex 14.5 12.5072 55.9874
      vertex 9.84356 9.93781 48.9281
    endloop
  endfacet
  facet normal 6.94088e-05 0.939706 -0.341984
    outer loop
      vertex -10.1564 9.93781 48.9281
      vertex -14.5 12.5072 55.9874
      vertex -10 9.94202 48.9397
    endloop
  endfacet
  facet normal -5.05688e-05 0.939682 -0.342049
    outer loop
      vertex -10.309 9.92528 48.8937
      vertex -14.5 12.5072 55.9874
      vertex -10.1564 9.93781 48.9281
    endloop
  endfacet
  facet normal -6.263e-05 0.93968 -0.342056
    outer loop
      vertex -10.454 9.90474 48.8373
      vertex -14.5 12.5072 55.9874
      vertex -10.309 9.92528 48.8937
    endloop
  endfacet
  facet normal 0.000119155 0.939713 -0.341965
    outer loop
      vertex -10.5878 9.8767 48.7602
      vertex -14.5 12.5072 55.9874
      vertex -10.454 9.90474 48.8373
    endloop
  endfacet
  facet normal -0.000152995 0.939665 -0.342095
    outer loop
      vertex -10.7071 9.84184 48.6645
      vertex -14.5 12.5072 55.9874
      vertex -10.5878 9.8767 48.7602
    endloop
  endfacet
  facet normal 0.000165079 0.939718 -0.341949
    outer loop
      vertex -10.809 9.80103 48.5523
      vertex -14.5 12.5072 55.9874
      vertex -10.7071 9.84184 48.6645
    endloop
  endfacet
  facet normal -5.65462e-05 0.939683 -0.342047
    outer loop
      vertex -10.891 9.75527 48.4266
      vertex -14.5 12.5072 55.9874
      vertex -10.809 9.80103 48.5523
    endloop
  endfacet
  facet normal -5.12562e-05 0.939684 -0.342044
    outer loop
      vertex -10.9511 9.70569 48.2904
      vertex -14.5 12.5072 55.9874
      vertex -10.891 9.75527 48.4266
    endloop
  endfacet
  facet normal 3.57802e-05 0.939697 -0.342009
    outer loop
      vertex -10.9877 9.6535 48.147
      vertex -14.5 12.5072 55.9874
      vertex -10.9511 9.70569 48.2904
    endloop
  endfacet
  facet normal 4.98416e-05 0.939699 -0.342003
    outer loop
      vertex -11 9.6 48
      vertex -14.5 12.5072 55.9874
      vertex -10.9877 9.6535 48.147
    endloop
  endfacet
  facet normal 7.33693e-05 0.939702 -0.341994
    outer loop
      vertex -10.9877 9.5465 47.853
      vertex -14.5 12.5072 55.9874
      vertex -11 9.6 48
    endloop
  endfacet
  facet normal 0.000348261 0.93974 -0.341889
    outer loop
      vertex -14.5 12.5072 55.9874
      vertex -10.9877 9.5465 47.853
      vertex -10.9534 9.4977 47.7189
    endloop
  endfacet
  facet normal 0.0786225 0 -0.996904
    outer loop
      vertex 10 0 39.6577
      vertex 14.5 6.69283 40.0126
      vertex 10 -4.17144 39.6577
    endloop
  endfacet
  facet normal 0.0786262 -2.47671e-06 -0.996904
    outer loop
      vertex 14.5 6.69283 40.0126
      vertex 10 0 39.6577
      vertex 8.84494 0 39.5666
    endloop
  endfacet
  facet normal 0.932324 -0.313175 0.180812
    outer loop
      vertex 14.5 10.7323 31.1612
      vertex 11.7416 -2.53435 22.4059
      vertex 14.5 2.23231 16.4388
    endloop
  endfacet
  facet normal 0.932293 -0.313222 0.180893
    outer loop
      vertex 14.5 10.7323 31.1612
      vertex 11.6409 -2.62236 22.7725
      vertex 11.7416 -2.53435 22.4059
    endloop
  endfacet
  facet normal 0.932344 -0.313147 0.180757
    outer loop
      vertex 14.5 10.7323 31.1612
      vertex 11.5202 -2.77248 23.135
      vertex 11.6409 -2.62236 22.7725
    endloop
  endfacet
  facet normal 0.932325 -0.313174 0.180809
    outer loop
      vertex 10 -2.92852 30.7035
      vertex 11.5202 -2.77248 23.135
      vertex 14.5 10.7323 31.1612
    endloop
  endfacet
  facet normal 0.932359 -0.313068 0.180818
    outer loop
      vertex 10 -2.92852 30.7035
      vertex 11.3865 -2.97746 23.4695
      vertex 11.5202 -2.77248 23.135
    endloop
  endfacet
  facet normal 0.932357 -0.313075 0.180818
    outer loop
      vertex 10 -2.92852 30.7035
      vertex 11.2431 -3.23223 23.7678
      vertex 11.3865 -2.97746 23.4695
    endloop
  endfacet
  facet normal 0.932235 -0.313442 0.180812
    outer loop
      vertex 10 -2.92852 30.7035
      vertex 11.0934 -3.53054 24.0225
      vertex 11.2431 -3.23223 23.7678
    endloop
  endfacet
  facet normal 0.932333 -0.313153 0.180802
    outer loop
      vertex 10 -2.92852 30.7035
      vertex 10.9413 -3.86502 24.2275
      vertex 11.0934 -3.53054 24.0225
    endloop
  endfacet
  facet normal 0.932331 -0.31316 0.180803
    outer loop
      vertex 10 -5.54391 26.1735
      vertex 10.9413 -3.86502 24.2275
      vertex 10 -2.92852 30.7035
    endloop
  endfacet
  facet normal 0.932321 -0.313228 0.180739
    outer loop
      vertex 10.9413 -3.86502 24.2275
      vertex 10 -5.54391 26.1735
      vertex 10.8639 -4.05097 24.3045
    endloop
  endfacet
  facet normal -0.782222 -0.3115 -0.539533
    outer loop
      vertex -10 -4.58462 13.8504
      vertex -14.5 2.23231 16.4388
      vertex -14.5 5.35 14.6388
    endloop
  endfacet
  facet normal -0.782213 -0.311486 -0.539554
    outer loop
      vertex -14.5 2.23231 16.4388
      vertex -10 -4.58462 13.8504
      vertex -10 -5.54391 14.4042
    endloop
  endfacet
  facet normal 0.865511 -0.500889 -2.88113e-05
    outer loop
      vertex 14.5 2.23231 16.4388
      vertex 11.7437 -2.53078 22.3911
      vertex 11.7615 -2.5 22
    endloop
  endfacet
  facet normal 0.867069 -0.498179 0.0028612
    outer loop
      vertex 11.7437 -2.53078 22.3911
      vertex 14.5 2.23231 16.4388
      vertex 11.7416 -2.53435 22.4059
    endloop
  endfacet
  facet normal 0.865538 -0.500843 2.3934e-05
    outer loop
      vertex 11.7437 -2.53078 21.6089
      vertex 14.5 2.23231 16.4388
      vertex 11.7615 -2.5 22
    endloop
  endfacet
  facet normal 0.865523 -0.500869 -8.24509e-06
    outer loop
      vertex 11.6907 -2.62236 21.2275
      vertex 14.5 2.23231 16.4388
      vertex 11.7437 -2.53078 21.6089
    endloop
  endfacet
  facet normal 0.865506 -0.500899 -4.84334e-05
    outer loop
      vertex 11.6038 -2.77248 20.865
      vertex 14.5 2.23231 16.4388
      vertex 11.6907 -2.62236 21.2275
    endloop
  endfacet
  facet normal 0.865537 -0.500845 3.18474e-05
    outer loop
      vertex 11.4852 -2.97746 20.5305
      vertex 14.5 2.23231 16.4388
      vertex 11.6038 -2.77248 20.865
    endloop
  endfacet
  facet normal 0.865485 -0.500935 -0.000120157
    outer loop
      vertex 11.3377 -3.23223 20.2322
      vertex 14.5 2.23231 16.4388
      vertex 11.4852 -2.97746 20.5305
    endloop
  endfacet
  facet normal 0.865538 -0.500843 5.69756e-05
    outer loop
      vertex 11.1651 -3.53054 19.9775
      vertex 14.5 2.23231 16.4388
      vertex 11.3377 -3.23223 20.2322
    endloop
  endfacet
  facet normal 0.865501 -0.500908 -8.43203e-05
    outer loop
      vertex 10.9715 -3.86502 19.7725
      vertex 14.5 2.23231 16.4388
      vertex 11.1651 -3.53054 19.9775
    endloop
  endfacet
  facet normal 0.865569 -0.50079 -2.41357e-05
    outer loop
      vertex 10 -5.54391 14.4042
      vertex 10.9715 -3.86502 19.7725
      vertex 10.7618 -4.22746 19.6224
    endloop
  endfacet
  facet normal 0.865566 -0.500795 -2.22629e-05
    outer loop
      vertex 10 -5.54391 14.4042
      vertex 10.7618 -4.22746 19.6224
      vertex 10.5411 -4.60891 19.5308
    endloop
  endfacet
  facet normal 0.865542 -0.500836 -1.23947e-05
    outer loop
      vertex 10 -5.54391 14.4042
      vertex 10.5411 -4.60891 19.5308
      vertex 10.3148 -5 19.5
    endloop
  endfacet
  facet normal 0.865446 -0.501002 1.12363e-05
    outer loop
      vertex 10 -5.54391 14.4042
      vertex 10.3148 -5 19.5
      vertex 10.0884 -5.39109 19.5308
    endloop
  endfacet
  facet normal 0.86561 -0.500719 0
    outer loop
      vertex 10 -5.54391 14.4042
      vertex 10.0884 -5.39109 19.5308
      vertex 10 -5.54391 19.5675
    endloop
  endfacet
  facet normal 0.865523 -0.500869 9.19668e-06
    outer loop
      vertex 10.9715 -3.86502 19.7725
      vertex 10 -5.54391 14.4042
      vertex 14.5 2.23231 16.4388
    endloop
  endfacet
  facet normal 0.865622 -0.500699 0.000158974
    outer loop
      vertex 10 -5.54391 26.1735
      vertex 10.7618 -4.22746 24.3776
      vertex 10.8639 -4.05097 24.3045
    endloop
  endfacet
  facet normal 0.865571 -0.500786 7.37514e-05
    outer loop
      vertex 10 -5.54391 26.1735
      vertex 10.5411 -4.60891 24.4692
      vertex 10.7618 -4.22746 24.3776
    endloop
  endfacet
  facet normal 0.865543 -0.500834 3.84077e-05
    outer loop
      vertex 10 -5.54391 26.1735
      vertex 10.3148 -5 24.5
      vertex 10.5411 -4.60891 24.4692
    endloop
  endfacet
  facet normal 0.865447 -0.501 -3.3641e-05
    outer loop
      vertex 10 -5.54391 26.1735
      vertex 10.0884 -5.39109 24.4692
      vertex 10.3148 -5 24.5
    endloop
  endfacet
  facet normal 0.86561 -0.500719 0
    outer loop
      vertex 10.0884 -5.39109 24.4692
      vertex 10 -5.54391 26.1735
      vertex 10 -5.54391 24.4325
    endloop
  endfacet
  facet normal 0.000332894 0.86592 -0.500182
    outer loop
      vertex -9.69098 9.12447 21.1764
      vertex -14.5 5.35 14.6388
      vertex -9.84356 9.10616 21.1446
    endloop
  endfacet
  facet normal -0.000212049 0.865962 -0.50011
    outer loop
      vertex 10.1564 9.10616 21.1446
      vertex 14.5 5.35 14.6388
      vertex 10 9.1 21.134
    endloop
  endfacet
  facet normal 0.00024866 0.866095 -0.499879
    outer loop
      vertex 10.309 9.12447 21.1764
      vertex 14.5 5.35 14.6388
      vertex 10.1564 9.10616 21.1446
    endloop
  endfacet
  facet normal -3.83937e-05 0.866016 -0.500017
    outer loop
      vertex 10.454 9.1545 21.2284
      vertex 14.5 5.35 14.6388
      vertex 10.309 9.12447 21.1764
    endloop
  endfacet
  facet normal 8.73915e-06 0.866028 -0.499995
    outer loop
      vertex 10.5878 9.19549 21.2994
      vertex 14.5 5.35 14.6388
      vertex 10.454 9.1545 21.2284
    endloop
  endfacet
  facet normal -0.000191451 0.865977 -0.500083
    outer loop
      vertex 10.7071 9.24645 21.3876
      vertex 14.5 5.35 14.6388
      vertex 10.5878 9.19549 21.2994
    endloop
  endfacet
  facet normal 0.000208138 0.866074 -0.499915
    outer loop
      vertex 10.809 9.30611 21.491
      vertex 14.5 5.35 14.6388
      vertex 10.7071 9.24645 21.3876
    endloop
  endfacet
  facet normal -0.000197934 0.86598 -0.500079
    outer loop
      vertex 10.891 9.373 21.6068
      vertex 14.5 5.35 14.6388
      vertex 10.809 9.30611 21.491
    endloop
  endfacet
  facet normal 0.000177251 0.866064 -0.499933
    outer loop
      vertex 10.9511 9.44549 21.7324
      vertex 14.5 5.35 14.6388
      vertex 10.891 9.373 21.6068
    endloop
  endfacet
  facet normal -0.00018607 0.865985 -0.50007
    outer loop
      vertex 14.5 5.35 14.6388
      vertex 10.9511 9.44549 21.7324
      vertex 10.9877 9.52178 21.8645
    endloop
  endfacet
  facet normal 0 0.865963 -0.500108
    outer loop
      vertex 9.04894 9.44549 21.7324
      vertex -9.01231 9.52178 21.8645
      vertex 9.01231 9.52178 21.8645
    endloop
  endfacet
  facet normal 0 0.865963 -0.500108
    outer loop
      vertex 9.04894 9.44549 21.7324
      vertex -9.04894 9.44549 21.7324
      vertex -9.01231 9.52178 21.8645
    endloop
  endfacet
  facet normal 0 0.866101 -0.49987
    outer loop
      vertex 9.10899 9.373 21.6068
      vertex -9.04894 9.44549 21.7324
      vertex 9.04894 9.44549 21.7324
    endloop
  endfacet
  facet normal 0 0.866101 -0.49987
    outer loop
      vertex 9.10899 9.373 21.6068
      vertex -9.10899 9.373 21.6068
      vertex -9.04894 9.44549 21.7324
    endloop
  endfacet
  facet normal 0 0.865919 -0.500184
    outer loop
      vertex 9.19098 9.30611 21.491
      vertex -9.10899 9.373 21.6068
      vertex 9.10899 9.373 21.6068
    endloop
  endfacet
  facet normal 0 0.865919 -0.500184
    outer loop
      vertex 9.19098 9.30611 21.491
      vertex -9.19098 9.30611 21.491
      vertex -9.10899 9.373 21.6068
    endloop
  endfacet
  facet normal 0 0.866163 -0.499761
    outer loop
      vertex 9.29289 9.24645 21.3876
      vertex -9.19098 9.30611 21.491
      vertex 9.19098 9.30611 21.491
    endloop
  endfacet
  facet normal 0 0.866163 -0.499761
    outer loop
      vertex 9.29289 9.24645 21.3876
      vertex -9.29289 9.24645 21.3876
      vertex -9.19098 9.30611 21.491
    endloop
  endfacet
  facet normal 0 0.865865 -0.500278
    outer loop
      vertex 9.41221 9.19549 21.2994
      vertex -9.29289 9.24645 21.3876
      vertex 9.29289 9.24645 21.3876
    endloop
  endfacet
  facet normal 0 0.865865 -0.500278
    outer loop
      vertex 9.41221 9.19549 21.2994
      vertex -9.41221 9.19549 21.2994
      vertex -9.29289 9.24645 21.3876
    endloop
  endfacet
  facet normal -1.92763e-05 0.86602 -0.50001
    outer loop
      vertex 14.5 5.35 14.6388
      vertex 9.41221 9.19549 21.2994
      vertex 9.54601 9.1545 21.2284
    endloop
  endfacet
  facet normal 0 0.866026 -0.499999
    outer loop
      vertex 9.41221 9.19549 21.2994
      vertex 14.5 5.35 14.6388
      vertex -9.41221 9.19549 21.2994
    endloop
  endfacet
  facet normal 6.41609e-05 0.866047 -0.499963
    outer loop
      vertex 14.5 5.35 14.6388
      vertex 9.54601 9.1545 21.2284
      vertex 9.69098 9.12447 21.1764
    endloop
  endfacet
  facet normal 0 0.866026 -0.499999
    outer loop
      vertex -14.5 5.35 14.6388
      vertex -9.41221 9.19549 21.2994
      vertex 14.5 5.35 14.6388
    endloop
  endfacet
  facet normal -0.000332894 0.86592 -0.500182
    outer loop
      vertex 14.5 5.35 14.6388
      vertex 9.69098 9.12447 21.1764
      vertex 9.84356 9.10616 21.1446
    endloop
  endfacet
  facet normal 1.92763e-05 0.86602 -0.50001
    outer loop
      vertex -9.41221 9.19549 21.2994
      vertex -14.5 5.35 14.6388
      vertex -9.54601 9.1545 21.2284
    endloop
  endfacet
  facet normal 0.000232917 0.866096 -0.499878
    outer loop
      vertex 14.5 5.35 14.6388
      vertex 9.84356 9.10616 21.1446
      vertex 10 9.1 21.134
    endloop
  endfacet
  facet normal -6.41609e-05 0.866047 -0.499963
    outer loop
      vertex -9.54601 9.1545 21.2284
      vertex -14.5 5.35 14.6388
      vertex -9.69098 9.12447 21.1764
    endloop
  endfacet
  facet normal -0.000232917 0.866096 -0.499878
    outer loop
      vertex -9.84356 9.10616 21.1446
      vertex -14.5 5.35 14.6388
      vertex -10 9.1 21.134
    endloop
  endfacet
  facet normal 0.000212049 0.865962 -0.50011
    outer loop
      vertex -10 9.1 21.134
      vertex -14.5 5.35 14.6388
      vertex -10.1564 9.10616 21.1446
    endloop
  endfacet
  facet normal 0.00018607 0.865985 -0.50007
    outer loop
      vertex -10.9511 9.44549 21.7324
      vertex -14.5 5.35 14.6388
      vertex -10.9877 9.52178 21.8645
    endloop
  endfacet
  facet normal -0.000177251 0.866064 -0.499933
    outer loop
      vertex -10.891 9.373 21.6068
      vertex -14.5 5.35 14.6388
      vertex -10.9511 9.44549 21.7324
    endloop
  endfacet
  facet normal 0.000197934 0.86598 -0.500079
    outer loop
      vertex -10.809 9.30611 21.491
      vertex -14.5 5.35 14.6388
      vertex -10.891 9.373 21.6068
    endloop
  endfacet
  facet normal -0.000208138 0.866074 -0.499915
    outer loop
      vertex -10.7071 9.24645 21.3876
      vertex -14.5 5.35 14.6388
      vertex -10.809 9.30611 21.491
    endloop
  endfacet
  facet normal 0.000191451 0.865977 -0.500083
    outer loop
      vertex -10.5878 9.19549 21.2994
      vertex -14.5 5.35 14.6388
      vertex -10.7071 9.24645 21.3876
    endloop
  endfacet
  facet normal -8.73915e-06 0.866028 -0.499995
    outer loop
      vertex -10.454 9.1545 21.2284
      vertex -14.5 5.35 14.6388
      vertex -10.5878 9.19549 21.2994
    endloop
  endfacet
  facet normal 3.83937e-05 0.866016 -0.500017
    outer loop
      vertex -10.309 9.12447 21.1764
      vertex -14.5 5.35 14.6388
      vertex -10.454 9.1545 21.2284
    endloop
  endfacet
  facet normal -0.00024866 0.866095 -0.499879
    outer loop
      vertex -10.1564 9.10616 21.1446
      vertex -14.5 5.35 14.6388
      vertex -10.309 9.12447 21.1764
    endloop
  endfacet
  facet normal 0.782222 -0.3115 -0.539533
    outer loop
      vertex 14.5 2.23231 16.4388
      vertex 10 -4.58462 13.8504
      vertex 14.5 5.35 14.6388
    endloop
  endfacet
  facet normal 0.782213 -0.311486 -0.539554
    outer loop
      vertex 10 -4.58462 13.8504
      vertex 14.5 2.23231 16.4388
      vertex 10 -5.54391 14.4042
    endloop
  endfacet
  facet normal 1 0 0
    outer loop
      vertex 14.5 10.7323 31.1612
      vertex 14.5 5.35 14.6388
      vertex 14.5 13.85 29.3612
    endloop
  endfacet
  facet normal 1 0 -0
    outer loop
      vertex 14.5 5.35 14.6388
      vertex 14.5 10.7323 31.1612
      vertex 14.5 2.23231 16.4388
    endloop
  endfacet
  facet normal -0 0.499999 0.866026
    outer loop
      vertex -14.5 13.85 29.3612
      vertex 14.5 10.7323 31.1612
      vertex 14.5 13.85 29.3612
    endloop
  endfacet
  facet normal 0 0.499999 0.866026
    outer loop
      vertex 14.5 10.7323 31.1612
      vertex -14.5 13.85 29.3612
      vertex -14.5 10.7323 31.1612
    endloop
  endfacet
  facet normal -0.172571 0 -0.984997
    outer loop
      vertex -10 -4.58462 13.8504
      vertex -14.5 5.35 14.6388
      vertex -10 0 13.8504
    endloop
  endfacet
  facet normal -0.172609 -3.24346e-05 -0.98499
    outer loop
      vertex -9.02362 0 13.6793
      vertex -10 0 13.8504
      vertex -14.5 5.35 14.6388
    endloop
  endfacet
  facet normal -1 0 0
    outer loop
      vertex -14.5 5.35 14.6388
      vertex -14.5 10.7323 31.1612
      vertex -14.5 13.85 29.3612
    endloop
  endfacet
  facet normal -1 0 0
    outer loop
      vertex -14.5 10.7323 31.1612
      vertex -14.5 5.35 14.6388
      vertex -14.5 2.23231 16.4388
    endloop
  endfacet
  facet normal 0 -0.0334875 0.999439
    outer loop
      vertex 14.5 10.7323 31.1612
      vertex -10 0 30.8016
      vertex 10 0 30.8016
    endloop
  endfacet
  facet normal 1.95031e-05 -0.0334794 0.999439
    outer loop
      vertex -10 0 30.8016
      vertex -14.5 10.7323 31.1612
      vertex -10 -2.92852 30.7035
    endloop
  endfacet
  facet normal 0 -0.0334875 0.999439
    outer loop
      vertex -14.5 10.7323 31.1612
      vertex -10 0 30.8016
      vertex 14.5 10.7323 31.1612
    endloop
  endfacet
  facet normal -1.95031e-05 -0.0334794 0.999439
    outer loop
      vertex 14.5 10.7323 31.1612
      vertex 10 0 30.8016
      vertex 10 -2.92852 30.7035
    endloop
  endfacet
  facet normal 2.74451e-06 0.866025 -0.500001
    outer loop
      vertex 14.5 5.35 14.6388
      vertex 10.9877 9.52178 21.8645
      vertex 14.5 13.85 29.3612
    endloop
  endfacet
  facet normal -2.74451e-06 0.866025 -0.500001
    outer loop
      vertex -10.9877 9.52178 21.8645
      vertex -14.5 5.35 14.6388
      vertex -14.5 13.85 29.3612
    endloop
  endfacet
  facet normal -0.865538 -0.500843 2.3934e-05
    outer loop
      vertex -14.5 2.23231 16.4388
      vertex -11.7437 -2.53078 21.6089
      vertex -11.7615 -2.5 22
    endloop
  endfacet
  facet normal -0.865523 -0.500869 -8.24509e-06
    outer loop
      vertex -14.5 2.23231 16.4388
      vertex -11.6907 -2.62236 21.2275
      vertex -11.7437 -2.53078 21.6089
    endloop
  endfacet
  facet normal -0.865506 -0.500899 -4.84334e-05
    outer loop
      vertex -14.5 2.23231 16.4388
      vertex -11.6038 -2.77248 20.865
      vertex -11.6907 -2.62236 21.2275
    endloop
  endfacet
  facet normal -0.865537 -0.500845 3.18474e-05
    outer loop
      vertex -14.5 2.23231 16.4388
      vertex -11.4852 -2.97746 20.5305
      vertex -11.6038 -2.77248 20.865
    endloop
  endfacet
  facet normal -0.865485 -0.500935 -0.000120157
    outer loop
      vertex -14.5 2.23231 16.4388
      vertex -11.3377 -3.23223 20.2322
      vertex -11.4852 -2.97746 20.5305
    endloop
  endfacet
  facet normal -0.865538 -0.500843 5.69756e-05
    outer loop
      vertex -14.5 2.23231 16.4388
      vertex -11.1651 -3.53054 19.9775
      vertex -11.3377 -3.23223 20.2322
    endloop
  endfacet
  facet normal -0.865501 -0.500908 -8.43203e-05
    outer loop
      vertex -14.5 2.23231 16.4388
      vertex -10.9715 -3.86502 19.7725
      vertex -11.1651 -3.53054 19.9775
    endloop
  endfacet
  facet normal -0.865523 -0.500869 9.19668e-06
    outer loop
      vertex -10 -5.54391 14.4042
      vertex -10.9715 -3.86502 19.7725
      vertex -14.5 2.23231 16.4388
    endloop
  endfacet
  facet normal -0.865569 -0.50079 -2.41357e-05
    outer loop
      vertex -10.9715 -3.86502 19.7725
      vertex -10 -5.54391 14.4042
      vertex -10.7618 -4.22746 19.6224
    endloop
  endfacet
  facet normal -0.865566 -0.500795 -2.22629e-05
    outer loop
      vertex -10.7618 -4.22746 19.6224
      vertex -10 -5.54391 14.4042
      vertex -10.5411 -4.60891 19.5308
    endloop
  endfacet
  facet normal -0.865542 -0.500836 -1.23947e-05
    outer loop
      vertex -10.5411 -4.60891 19.5308
      vertex -10 -5.54391 14.4042
      vertex -10.3148 -5 19.5
    endloop
  endfacet
  facet normal -0.865446 -0.501002 1.12363e-05
    outer loop
      vertex -10.3148 -5 19.5
      vertex -10 -5.54391 14.4042
      vertex -10.0884 -5.39109 19.5308
    endloop
  endfacet
  facet normal -0.86561 -0.500719 0
    outer loop
      vertex -10.0884 -5.39109 19.5308
      vertex -10 -5.54391 14.4042
      vertex -10 -5.54391 19.5675
    endloop
  endfacet
  facet normal -0.865511 -0.500889 -2.88113e-05
    outer loop
      vertex -11.7437 -2.53078 22.3911
      vertex -14.5 2.23231 16.4388
      vertex -11.7615 -2.5 22
    endloop
  endfacet
  facet normal -0.867069 -0.498179 0.0028612
    outer loop
      vertex -14.5 2.23231 16.4388
      vertex -11.7437 -2.53078 22.3911
      vertex -11.7416 -2.53435 22.4059
    endloop
  endfacet
  facet normal -0.865622 -0.500699 0.000158974
    outer loop
      vertex -10.7618 -4.22746 24.3776
      vertex -10 -5.54391 26.1735
      vertex -10.8639 -4.05097 24.3045
    endloop
  endfacet
  facet normal -0.865571 -0.500786 7.37514e-05
    outer loop
      vertex -10.5411 -4.60891 24.4692
      vertex -10 -5.54391 26.1735
      vertex -10.7618 -4.22746 24.3776
    endloop
  endfacet
  facet normal -0.865543 -0.500834 3.84077e-05
    outer loop
      vertex -10.3148 -5 24.5
      vertex -10 -5.54391 26.1735
      vertex -10.5411 -4.60891 24.4692
    endloop
  endfacet
  facet normal -0.865447 -0.501 -3.3641e-05
    outer loop
      vertex -10.0884 -5.39109 24.4692
      vertex -10 -5.54391 26.1735
      vertex -10.3148 -5 24.5
    endloop
  endfacet
  facet normal -0.86561 -0.500719 -0
    outer loop
      vertex -10 -5.54391 26.1735
      vertex -10.0884 -5.39109 24.4692
      vertex -10 -5.54391 24.4325
    endloop
  endfacet
  facet normal -0.932324 -0.313175 0.180812
    outer loop
      vertex -11.7416 -2.53435 22.4059
      vertex -14.5 10.7323 31.1612
      vertex -14.5 2.23231 16.4388
    endloop
  endfacet
  facet normal -0.932293 -0.313222 0.180893
    outer loop
      vertex -11.6409 -2.62236 22.7725
      vertex -14.5 10.7323 31.1612
      vertex -11.7416 -2.53435 22.4059
    endloop
  endfacet
  facet normal -0.932344 -0.313147 0.180757
    outer loop
      vertex -11.5202 -2.77248 23.135
      vertex -14.5 10.7323 31.1612
      vertex -11.6409 -2.62236 22.7725
    endloop
  endfacet
  facet normal -0.932325 -0.313174 0.180809
    outer loop
      vertex -11.5202 -2.77248 23.135
      vertex -10 -2.92852 30.7035
      vertex -14.5 10.7323 31.1612
    endloop
  endfacet
  facet normal -0.932359 -0.313068 0.180818
    outer loop
      vertex -11.3865 -2.97746 23.4695
      vertex -10 -2.92852 30.7035
      vertex -11.5202 -2.77248 23.135
    endloop
  endfacet
  facet normal -0.932357 -0.313075 0.180818
    outer loop
      vertex -11.2431 -3.23223 23.7678
      vertex -10 -2.92852 30.7035
      vertex -11.3865 -2.97746 23.4695
    endloop
  endfacet
  facet normal -0.932235 -0.313442 0.180812
    outer loop
      vertex -11.0934 -3.53054 24.0225
      vertex -10 -2.92852 30.7035
      vertex -11.2431 -3.23223 23.7678
    endloop
  endfacet
  facet normal -0.932333 -0.313153 0.180802
    outer loop
      vertex -10.9413 -3.86502 24.2275
      vertex -10 -2.92852 30.7035
      vertex -11.0934 -3.53054 24.0225
    endloop
  endfacet
  facet normal -0.932321 -0.313228 0.180739
    outer loop
      vertex -10 -5.54391 26.1735
      vertex -10.9413 -3.86502 24.2275
      vertex -10.8639 -4.05097 24.3045
    endloop
  endfacet
  facet normal -0.932331 -0.31316 0.180803
    outer loop
      vertex -10.9413 -3.86502 24.2275
      vertex -10 -5.54391 26.1735
      vertex -10 -2.92852 30.7035
    endloop
  endfacet
  facet normal 0.000181215 0.865967 -0.500101
    outer loop
      vertex 9.54601 10.0455 22.7716
      vertex 14.5 13.85 29.3612
      vertex 9.69098 10.0755 22.8236
    endloop
  endfacet
  facet normal 0.000465313 0.866165 -0.499758
    outer loop
      vertex -14.5 13.85 29.3612
      vertex -9.84356 10.0938 22.8554
      vertex -10 10.1 22.866
    endloop
  endfacet
  facet normal -8.84104e-05 0.866055 -0.499949
    outer loop
      vertex 9.41221 10.0045 22.7006
      vertex 14.5 13.85 29.3612
      vertex 9.54601 10.0455 22.7716
    endloop
  endfacet
  facet normal -0.000400889 0.865897 -0.500223
    outer loop
      vertex -14.5 13.85 29.3612
      vertex -9.69098 10.0755 22.8236
      vertex -9.84356 10.0938 22.8554
    endloop
  endfacet
  facet normal 0 0.866025 -0.5
    outer loop
      vertex 14.5 13.85 29.3612
      vertex 9.41221 10.0045 22.7006
      vertex -14.5 13.85 29.3612
    endloop
  endfacet
  facet normal -0.000181215 0.865967 -0.500101
    outer loop
      vertex -14.5 13.85 29.3612
      vertex -9.54601 10.0455 22.7716
      vertex -9.69098 10.0755 22.8236
    endloop
  endfacet
  facet normal 0 0.866025 -0.5
    outer loop
      vertex -9.41221 10.0045 22.7006
      vertex -14.5 13.85 29.3612
      vertex 9.41221 10.0045 22.7006
    endloop
  endfacet
  facet normal 8.84104e-05 0.866055 -0.499949
    outer loop
      vertex -14.5 13.85 29.3612
      vertex -9.41221 10.0045 22.7006
      vertex -9.54601 10.0455 22.7716
    endloop
  endfacet
  facet normal 0 0.865908 -0.500204
    outer loop
      vertex 9.29289 9.95355 22.6124
      vertex -9.41221 10.0045 22.7006
      vertex 9.41221 10.0045 22.7006
    endloop
  endfacet
  facet normal 0 0.865908 -0.500204
    outer loop
      vertex 9.29289 9.95355 22.6124
      vertex -9.29289 9.95355 22.6124
      vertex -9.41221 10.0045 22.7006
    endloop
  endfacet
  facet normal 0 0.866163 -0.499761
    outer loop
      vertex 9.19098 9.89389 22.509
      vertex -9.29289 9.95355 22.6124
      vertex 9.29289 9.95355 22.6124
    endloop
  endfacet
  facet normal 0 0.866163 -0.499761
    outer loop
      vertex 9.19098 9.89389 22.509
      vertex -9.19098 9.89389 22.509
      vertex -9.29289 9.95355 22.6124
    endloop
  endfacet
  facet normal 0 0.865887 -0.50024
    outer loop
      vertex 9.10899 9.82699 22.3932
      vertex -9.19098 9.89389 22.509
      vertex 9.19098 9.89389 22.509
    endloop
  endfacet
  facet normal 0 0.865887 -0.50024
    outer loop
      vertex 9.10899 9.82699 22.3932
      vertex -9.10899 9.82699 22.3932
      vertex -9.19098 9.89389 22.509
    endloop
  endfacet
  facet normal 0 0.86613 -0.499818
    outer loop
      vertex 9.04894 9.75451 22.2676
      vertex -9.10899 9.82699 22.3932
      vertex 9.10899 9.82699 22.3932
    endloop
  endfacet
  facet normal 0 0.86613 -0.499818
    outer loop
      vertex 9.04894 9.75451 22.2676
      vertex -9.04894 9.75451 22.2676
      vertex -9.10899 9.82699 22.3932
    endloop
  endfacet
  facet normal 0 0.865963 -0.500108
    outer loop
      vertex 9.01231 9.67822 22.1355
      vertex -9.04894 9.75451 22.2676
      vertex 9.04894 9.75451 22.2676
    endloop
  endfacet
  facet normal 0 0.865963 -0.500108
    outer loop
      vertex 9.01231 9.67822 22.1355
      vertex -9.01231 9.67822 22.1355
      vertex -9.04894 9.75451 22.2676
    endloop
  endfacet
  facet normal 0 0.866056 -0.499947
    outer loop
      vertex 9 9.6 22
      vertex -9.01231 9.67822 22.1355
      vertex 9.01231 9.67822 22.1355
    endloop
  endfacet
  facet normal 0 0.866056 -0.499947
    outer loop
      vertex 9 9.6 22
      vertex -9 9.6 22
      vertex -9.01231 9.67822 22.1355
    endloop
  endfacet
  facet normal 0 0.866056 -0.499947
    outer loop
      vertex 9.01231 9.52178 21.8645
      vertex -9 9.6 22
      vertex 9 9.6 22
    endloop
  endfacet
  facet normal 0 0.866056 -0.499947
    outer loop
      vertex -9 9.6 22
      vertex 9.01231 9.52178 21.8645
      vertex -9.01231 9.52178 21.8645
    endloop
  endfacet
  facet normal -0.000465313 0.866165 -0.499758
    outer loop
      vertex 9.84356 10.0938 22.8554
      vertex 14.5 13.85 29.3612
      vertex 10 10.1 22.866
    endloop
  endfacet
  facet normal 0.000423558 0.865899 -0.500219
    outer loop
      vertex 14.5 13.85 29.3612
      vertex 10.1564 10.0938 22.8554
      vertex 10 10.1 22.866
    endloop
  endfacet
  facet normal -0.000299462 0.866108 -0.499857
    outer loop
      vertex 14.5 13.85 29.3612
      vertex 10.309 10.0755 22.8236
      vertex 10.1564 10.0938 22.8554
    endloop
  endfacet
  facet normal -0.000108453 0.866055 -0.499949
    outer loop
      vertex 14.5 13.85 29.3612
      vertex 10.454 10.0455 22.7716
      vertex 10.309 10.0755 22.8236
    endloop
  endfacet
  facet normal 4.00798e-05 0.866015 -0.500018
    outer loop
      vertex 14.5 13.85 29.3612
      vertex 10.5878 10.0045 22.7006
      vertex 10.454 10.0455 22.7716
    endloop
  endfacet
  facet normal 0.000140172 0.86599 -0.500062
    outer loop
      vertex 14.5 13.85 29.3612
      vertex 10.7071 9.95355 22.6124
      vertex 10.5878 10.0045 22.7006
    endloop
  endfacet
  facet normal -0.000208138 0.866074 -0.499915
    outer loop
      vertex 14.5 13.85 29.3612
      vertex 10.809 9.89389 22.509
      vertex 10.7071 9.95355 22.6124
    endloop
  endfacet
  facet normal 0.00025791 0.865966 -0.500103
    outer loop
      vertex 14.5 13.85 29.3612
      vertex 10.891 9.82699 22.3932
      vertex 10.809 9.89389 22.509
    endloop
  endfacet
  facet normal -0.000247703 0.866079 -0.499907
    outer loop
      vertex 14.5 13.85 29.3612
      vertex 10.9511 9.75451 22.2676
      vertex 10.891 9.82699 22.3932
    endloop
  endfacet
  facet normal 0.00018607 0.865985 -0.50007
    outer loop
      vertex 14.5 13.85 29.3612
      vertex 10.9877 9.67822 22.1355
      vertex 10.9511 9.75451 22.2676
    endloop
  endfacet
  facet normal -0.00012564 0.866051 -0.499956
    outer loop
      vertex 14.5 13.85 29.3612
      vertex 11 9.6 22
      vertex 10.9877 9.67822 22.1355
    endloop
  endfacet
  facet normal -0.000184937 0.866063 -0.499935
    outer loop
      vertex 11 9.6 22
      vertex 14.5 13.85 29.3612
      vertex 10.9877 9.52178 21.8645
    endloop
  endfacet
  facet normal 0.000400889 0.865897 -0.500223
    outer loop
      vertex 9.69098 10.0755 22.8236
      vertex 14.5 13.85 29.3612
      vertex 9.84356 10.0938 22.8554
    endloop
  endfacet
  facet normal -0.000423558 0.865899 -0.500219
    outer loop
      vertex -10.1564 10.0938 22.8554
      vertex -14.5 13.85 29.3612
      vertex -10 10.1 22.866
    endloop
  endfacet
  facet normal 0.000299462 0.866108 -0.499857
    outer loop
      vertex -10.309 10.0755 22.8236
      vertex -14.5 13.85 29.3612
      vertex -10.1564 10.0938 22.8554
    endloop
  endfacet
  facet normal 0.000108453 0.866055 -0.499949
    outer loop
      vertex -10.454 10.0455 22.7716
      vertex -14.5 13.85 29.3612
      vertex -10.309 10.0755 22.8236
    endloop
  endfacet
  facet normal -4.00798e-05 0.866015 -0.500018
    outer loop
      vertex -10.5878 10.0045 22.7006
      vertex -14.5 13.85 29.3612
      vertex -10.454 10.0455 22.7716
    endloop
  endfacet
  facet normal -0.000140172 0.86599 -0.500062
    outer loop
      vertex -10.7071 9.95355 22.6124
      vertex -14.5 13.85 29.3612
      vertex -10.5878 10.0045 22.7006
    endloop
  endfacet
  facet normal 0.000208138 0.866074 -0.499915
    outer loop
      vertex -10.809 9.89389 22.509
      vertex -14.5 13.85 29.3612
      vertex -10.7071 9.95355 22.6124
    endloop
  endfacet
  facet normal -0.00025791 0.865966 -0.500103
    outer loop
      vertex -10.891 9.82699 22.3932
      vertex -14.5 13.85 29.3612
      vertex -10.809 9.89389 22.509
    endloop
  endfacet
  facet normal 0.000247703 0.866079 -0.499907
    outer loop
      vertex -10.9511 9.75451 22.2676
      vertex -14.5 13.85 29.3612
      vertex -10.891 9.82699 22.3932
    endloop
  endfacet
  facet normal -0.00018607 0.865985 -0.50007
    outer loop
      vertex -10.9877 9.67822 22.1355
      vertex -14.5 13.85 29.3612
      vertex -10.9511 9.75451 22.2676
    endloop
  endfacet
  facet normal 0.00012564 0.866051 -0.499956
    outer loop
      vertex -11 9.6 22
      vertex -14.5 13.85 29.3612
      vertex -10.9877 9.67822 22.1355
    endloop
  endfacet
  facet normal 0.000184937 0.866063 -0.499935
    outer loop
      vertex -14.5 13.85 29.3612
      vertex -11 9.6 22
      vertex -10.9877 9.52178 21.8645
    endloop
  endfacet
  facet normal 0 0.176529 -0.984295
    outer loop
      vertex -9.02362 0 13.6793
      vertex 14.5 5.35 14.6388
      vertex 9.02362 0 13.6793
    endloop
  endfacet
  facet normal 0 0.176529 -0.984295
    outer loop
      vertex 14.5 5.35 14.6388
      vertex -9.02362 0 13.6793
      vertex -14.5 5.35 14.6388
    endloop
  endfacet
  facet normal 0.172571 0 -0.984997
    outer loop
      vertex 10 0 13.8504
      vertex 14.5 5.35 14.6388
      vertex 10 -4.58462 13.8504
    endloop
  endfacet
  facet normal 0.172609 -3.24346e-05 -0.98499
    outer loop
      vertex 14.5 5.35 14.6388
      vertex 10 0 13.8504
      vertex 9.02362 0 13.6793
    endloop
  endfacet
  facet normal 1 0 0
    outer loop
      vertex 10 0 194
      vertex 10 -4.58462 186.15
      vertex 10 0 186.15
    endloop
  endfacet
  facet normal 1 -0 0
    outer loop
      vertex 10 -10 194
      vertex 10 -4.58462 186.15
      vertex 10 0 194
    endloop
  endfacet
  facet normal 1 0 0
    outer loop
      vertex 10 -5.54391 185.596
      vertex 10 -5.77254 180.378
      vertex 10 -5.54391 180.433
    endloop
  endfacet
  facet normal 1 0 0
    outer loop
      vertex 10 -5.54391 185.596
      vertex 10 -6.13498 180.228
      vertex 10 -5.77254 180.378
    endloop
  endfacet
  facet normal 1 0 0
    outer loop
      vertex 10 -5.54391 185.596
      vertex 10 -6.46946 180.023
      vertex 10 -6.13498 180.228
    endloop
  endfacet
  facet normal 1 0 0
    outer loop
      vertex 10 -5.54391 185.596
      vertex 10 -6.76777 179.768
      vertex 10 -6.46946 180.023
    endloop
  endfacet
  facet normal 1 0 0
    outer loop
      vertex 10 -5.54391 185.596
      vertex 10 -7.02254 179.469
      vertex 10 -6.76777 179.768
    endloop
  endfacet
  facet normal 1 0 0
    outer loop
      vertex 10 -5.54391 185.596
      vertex 10 -7.22752 179.135
      vertex 10 -7.02254 179.469
    endloop
  endfacet
  facet normal 1 0 0
    outer loop
      vertex 10 -10 194
      vertex 10 -7.22752 179.135
      vertex 10 -5.54391 185.596
    endloop
  endfacet
  facet normal 1 0 0
    outer loop
      vertex 10 -7.46922 152.391
      vertex 10 -10 194
      vertex 10 -7.5 152
    endloop
  endfacet
  facet normal 1 0 0
    outer loop
      vertex 10 -7.5 152
      vertex 10 -10 194
      vertex 10 -7.5 126
    endloop
  endfacet
  facet normal 1 0 0
    outer loop
      vertex 10 -7.5 126
      vertex 10 -10 194
      vertex 10 -7.5 100
    endloop
  endfacet
  facet normal 1 0 0
    outer loop
      vertex 10 -10 6
      vertex 10 -7.5 100
      vertex 10 -10 194
    endloop
  endfacet
  facet normal 1 0 0
    outer loop
      vertex 10 -7.5 100
      vertex 10 -10 6
      vertex 10 -7.5 74
    endloop
  endfacet
  facet normal 1 0 0
    outer loop
      vertex 10 -7.5 74
      vertex 10 -10 6
      vertex 10 -7.5 48
    endloop
  endfacet
  facet normal 1 0 0
    outer loop
      vertex 10 -7.46922 178.391
      vertex 10 -10 194
      vertex 10 -7.5 178
    endloop
  endfacet
  facet normal 1 0 0
    outer loop
      vertex 10 -7.37764 178.773
      vertex 10 -10 194
      vertex 10 -7.46922 178.391
    endloop
  endfacet
  facet normal 1 0 0
    outer loop
      vertex 10 -7.22752 179.135
      vertex 10 -10 194
      vertex 10 -7.37764 178.773
    endloop
  endfacet
  facet normal 1 0 0
    outer loop
      vertex 10 -4.58462 186.15
      vertex 10 -10 194
      vertex 10 -5.54391 185.596
    endloop
  endfacet
  facet normal 1 0 0
    outer loop
      vertex 10 -5.54391 19.5675
      vertex 10 -5.77254 19.6224
      vertex 10 -5.54391 14.4042
    endloop
  endfacet
  facet normal 1 0 0
    outer loop
      vertex 10 -5.54391 175.567
      vertex 10 -5.77254 175.622
      vertex 10 -5.54391 173.827
    endloop
  endfacet
  facet normal 1 0 0
    outer loop
      vertex 10 -5.21233 45.5167
      vertex 10 -5.39109 45.5308
      vertex 10 -5.21233 40.0366
    endloop
  endfacet
  facet normal 1 0 0
    outer loop
      vertex 10 -5.21233 149.517
      vertex 10 -5.39109 149.531
      vertex 10 -5.21233 148.194
    endloop
  endfacet
  facet normal 1 0 0
    outer loop
      vertex 10 -4.82194 71.514
      vertex 10 -5 71.5
      vertex 10 -4.82194 65.7321
    endloop
  endfacet
  facet normal 1 0 0
    outer loop
      vertex 10 -4.82194 123.514
      vertex 10 -5 123.5
      vertex 10 -4.82194 122.499
    endloop
  endfacet
  facet normal 1 0 0
    outer loop
      vertex 10 -4.38462 97.5846
      vertex 10 -4.60891 97.5308
      vertex 10 -4.38462 91.5
    endloop
  endfacet
  facet normal 1 0 0
    outer loop
      vertex 10 0 91.5
      vertex 10 -3.91363 82.6526
      vertex 10 0 82.77
    endloop
  endfacet
  facet normal 1 -0 0
    outer loop
      vertex 10 -4.38462 91.5
      vertex 10 -3.91363 82.6526
      vertex 10 0 91.5
    endloop
  endfacet
  facet normal 1 0 0
    outer loop
      vertex 10 -7.02254 75.4695
      vertex 10 -3.91363 82.6526
      vertex 10 -4.38462 91.5
    endloop
  endfacet
  facet normal 1 -0 0
    outer loop
      vertex 10 -5 97.5
      vertex 10 -4.38462 91.5
      vertex 10 -4.60891 97.5308
    endloop
  endfacet
  facet normal 1 0 0
    outer loop
      vertex 10 -5.39109 97.5308
      vertex 10 -4.38462 91.5
      vertex 10 -5 97.5
    endloop
  endfacet
  facet normal 1 0 0
    outer loop
      vertex 10 -5.77254 97.6224
      vertex 10 -4.38462 91.5
      vertex 10 -5.39109 97.5308
    endloop
  endfacet
  facet normal 1 0 0
    outer loop
      vertex 10 -4.82194 77.5013
      vertex 10 -5 76.5
      vertex 10 -4.82194 76.486
    endloop
  endfacet
  facet normal 1 0 0
    outer loop
      vertex 10 -6.13498 97.7725
      vertex 10 -4.38462 91.5
      vertex 10 -5.77254 97.6224
    endloop
  endfacet
  facet normal 1 0 0
    outer loop
      vertex 10 -4.82194 77.5013
      vertex 10 -5.39109 76.4692
      vertex 10 -5 76.5
    endloop
  endfacet
  facet normal 1 0 0
    outer loop
      vertex 10 -6.46946 97.9775
      vertex 10 -4.38462 91.5
      vertex 10 -6.13498 97.7725
    endloop
  endfacet
  facet normal 1 0 0
    outer loop
      vertex 10 -4.82194 77.5013
      vertex 10 -5.77254 76.3776
      vertex 10 -5.39109 76.4692
    endloop
  endfacet
  facet normal 1 0 0
    outer loop
      vertex 10 -6.76777 98.2322
      vertex 10 -4.38462 91.5
      vertex 10 -6.46946 97.9775
    endloop
  endfacet
  facet normal 1 0 0
    outer loop
      vertex 10 -4.82194 77.5013
      vertex 10 -6.13498 76.2275
      vertex 10 -5.77254 76.3776
    endloop
  endfacet
  facet normal 1 0 0
    outer loop
      vertex 10 -3.91363 82.6526
      vertex 10 -6.46946 76.0225
      vertex 10 -4.82194 77.5013
    endloop
  endfacet
  facet normal 1 0 0
    outer loop
      vertex 10 -4.82194 77.5013
      vertex 10 -6.46946 76.0225
      vertex 10 -6.13498 76.2275
    endloop
  endfacet
  facet normal 1 0 0
    outer loop
      vertex 10 -7.02254 98.5305
      vertex 10 -4.38462 91.5
      vertex 10 -6.76777 98.2322
    endloop
  endfacet
  facet normal 1 0 0
    outer loop
      vertex 10 -3.91363 82.6526
      vertex 10 -6.76777 75.7678
      vertex 10 -6.46946 76.0225
    endloop
  endfacet
  facet normal 1 0 0
    outer loop
      vertex 10 -7.22752 98.865
      vertex 10 -4.38462 91.5
      vertex 10 -7.02254 98.5305
    endloop
  endfacet
  facet normal 1 0 0
    outer loop
      vertex 10 -3.91363 82.6526
      vertex 10 -7.02254 75.4695
      vertex 10 -6.76777 75.7678
    endloop
  endfacet
  facet normal 1 0 0
    outer loop
      vertex 10 -7.22752 75.135
      vertex 10 -4.38462 91.5
      vertex 10 -7.22752 98.865
    endloop
  endfacet
  facet normal 1 0 0
    outer loop
      vertex 10 -4.38462 91.5
      vertex 10 -7.22752 75.135
      vertex 10 -7.02254 75.4695
    endloop
  endfacet
  facet normal 1 0 0
    outer loop
      vertex 10 -7.37764 99.2275
      vertex 10 -7.22752 75.135
      vertex 10 -7.22752 98.865
    endloop
  endfacet
  facet normal 1 0 0
    outer loop
      vertex 10 -7.37764 99.2275
      vertex 10 -7.37764 74.7725
      vertex 10 -7.22752 75.135
    endloop
  endfacet
  facet normal 1 0 0
    outer loop
      vertex 10 -7.46922 99.6089
      vertex 10 -7.37764 74.7725
      vertex 10 -7.37764 99.2275
    endloop
  endfacet
  facet normal 1 0 0
    outer loop
      vertex 10 -7.46922 99.6089
      vertex 10 -7.46922 74.3911
      vertex 10 -7.37764 74.7725
    endloop
  endfacet
  facet normal 1 0 0
    outer loop
      vertex 10 -7.5 100
      vertex 10 -7.46922 74.3911
      vertex 10 -7.46922 99.6089
    endloop
  endfacet
  facet normal 1 0 0
    outer loop
      vertex 10 -7.46922 74.3911
      vertex 10 -7.5 100
      vertex 10 -7.5 74
    endloop
  endfacet
  facet normal 1 0 0
    outer loop
      vertex 10 -3.91363 117.347
      vertex 10 0 108.5
      vertex 10 0 117.23
    endloop
  endfacet
  facet normal 1 0 0
    outer loop
      vertex 10 -3.91363 117.347
      vertex 10 -4.38462 108.5
      vertex 10 0 108.5
    endloop
  endfacet
  facet normal 1 0 0
    outer loop
      vertex 10 -4.38462 108.5
      vertex 10 -4.60891 102.469
      vertex 10 -4.38462 102.415
    endloop
  endfacet
  facet normal 1 0 0
    outer loop
      vertex 10 -6.46946 123.977
      vertex 10 -3.91363 117.347
      vertex 10 -4.82194 122.499
    endloop
  endfacet
  facet normal 1 0 0
    outer loop
      vertex 10 -6.76777 124.232
      vertex 10 -3.91363 117.347
      vertex 10 -6.46946 123.977
    endloop
  endfacet
  facet normal 1 0 0
    outer loop
      vertex 10 -5.39109 123.531
      vertex 10 -4.82194 122.499
      vertex 10 -5 123.5
    endloop
  endfacet
  facet normal 1 0 0
    outer loop
      vertex 10 -4.38462 108.5
      vertex 10 -5 102.5
      vertex 10 -4.60891 102.469
    endloop
  endfacet
  facet normal 1 0 0
    outer loop
      vertex 10 -5.77254 123.622
      vertex 10 -4.82194 122.499
      vertex 10 -5.39109 123.531
    endloop
  endfacet
  facet normal 1 0 0
    outer loop
      vertex 10 -4.38462 108.5
      vertex 10 -5.39109 102.469
      vertex 10 -5 102.5
    endloop
  endfacet
  facet normal 1 0 0
    outer loop
      vertex 10 -6.13498 123.772
      vertex 10 -4.82194 122.499
      vertex 10 -5.77254 123.622
    endloop
  endfacet
  facet normal 1 0 0
    outer loop
      vertex 10 -4.38462 108.5
      vertex 10 -5.77254 102.378
      vertex 10 -5.39109 102.469
    endloop
  endfacet
  facet normal 1 0 0
    outer loop
      vertex 10 -6.46946 123.977
      vertex 10 -4.82194 122.499
      vertex 10 -6.13498 123.772
    endloop
  endfacet
  facet normal 1 0 0
    outer loop
      vertex 10 -4.38462 108.5
      vertex 10 -6.13498 102.228
      vertex 10 -5.77254 102.378
    endloop
  endfacet
  facet normal 1 0 0
    outer loop
      vertex 10 -7.02254 124.531
      vertex 10 -3.91363 117.347
      vertex 10 -6.76777 124.232
    endloop
  endfacet
  facet normal 1 0 0
    outer loop
      vertex 10 -4.38462 108.5
      vertex 10 -6.46946 102.023
      vertex 10 -6.13498 102.228
    endloop
  endfacet
  facet normal 1 0 0
    outer loop
      vertex 10 -3.91363 117.347
      vertex 10 -7.02254 124.531
      vertex 10 -4.38462 108.5
    endloop
  endfacet
  facet normal 1 0 0
    outer loop
      vertex 10 -4.38462 108.5
      vertex 10 -6.76777 101.768
      vertex 10 -6.46946 102.023
    endloop
  endfacet
  facet normal 1 0 0
    outer loop
      vertex 10 -7.22752 124.865
      vertex 10 -4.38462 108.5
      vertex 10 -7.02254 124.531
    endloop
  endfacet
  facet normal 1 0 0
    outer loop
      vertex 10 -4.38462 108.5
      vertex 10 -7.02254 101.469
      vertex 10 -6.76777 101.768
    endloop
  endfacet
  facet normal 1 0 0
    outer loop
      vertex 10 -7.22752 101.135
      vertex 10 -4.38462 108.5
      vertex 10 -7.22752 124.865
    endloop
  endfacet
  facet normal 1 0 0
    outer loop
      vertex 10 -4.38462 108.5
      vertex 10 -7.22752 101.135
      vertex 10 -7.02254 101.469
    endloop
  endfacet
  facet normal 1 0 0
    outer loop
      vertex 10 -7.37764 125.227
      vertex 10 -7.22752 101.135
      vertex 10 -7.22752 124.865
    endloop
  endfacet
  facet normal 1 0 0
    outer loop
      vertex 10 -7.37764 125.227
      vertex 10 -7.37764 100.773
      vertex 10 -7.22752 101.135
    endloop
  endfacet
  facet normal 1 0 0
    outer loop
      vertex 10 -7.46922 125.609
      vertex 10 -7.37764 100.773
      vertex 10 -7.37764 125.227
    endloop
  endfacet
  facet normal 1 0 0
    outer loop
      vertex 10 -7.46922 125.609
      vertex 10 -7.46922 100.391
      vertex 10 -7.37764 100.773
    endloop
  endfacet
  facet normal 1 0 0
    outer loop
      vertex 10 -7.5 126
      vertex 10 -7.46922 100.391
      vertex 10 -7.46922 125.609
    endloop
  endfacet
  facet normal 1 0 0
    outer loop
      vertex 10 -7.46922 100.391
      vertex 10 -7.5 126
      vertex 10 -7.5 100
    endloop
  endfacet
  facet normal 1 0 0
    outer loop
      vertex 10 0 65.5397
      vertex 10 -3.4233 56.7211
      vertex 10 0 56.8569
    endloop
  endfacet
  facet normal 1 -0 0
    outer loop
      vertex 10 -3.73108 65.5397
      vertex 10 -3.4233 56.7211
      vertex 10 0 65.5397
    endloop
  endfacet
  facet normal 1 0 0
    outer loop
      vertex 10 -4.82194 65.7321
      vertex 10 -3.4233 56.7211
      vertex 10 -3.73108 65.5397
    endloop
  endfacet
  facet normal 1 0 0
    outer loop
      vertex 10 -6.76777 49.7678
      vertex 10 -3.4233 56.7211
      vertex 10 -4.82194 65.7321
    endloop
  endfacet
  facet normal 1 0 0
    outer loop
      vertex 10 -5.39109 71.5308
      vertex 10 -4.82194 65.7321
      vertex 10 -5 71.5
    endloop
  endfacet
  facet normal 1 0 0
    outer loop
      vertex 10 -5.77254 71.6224
      vertex 10 -4.82194 65.7321
      vertex 10 -5.39109 71.5308
    endloop
  endfacet
  facet normal 1 0 0
    outer loop
      vertex 10 -6.13498 71.7725
      vertex 10 -4.82194 65.7321
      vertex 10 -5.77254 71.6224
    endloop
  endfacet
  facet normal 1 0 0
    outer loop
      vertex 10 -5.21233 51.8058
      vertex 10 -5.39109 50.4692
      vertex 10 -5.21233 50.4833
    endloop
  endfacet
  facet normal 1 0 0
    outer loop
      vertex 10 -6.46946 71.9775
      vertex 10 -4.82194 65.7321
      vertex 10 -6.13498 71.7725
    endloop
  endfacet
  facet normal 1 0 0
    outer loop
      vertex 10 -5.21233 51.8058
      vertex 10 -5.77254 50.3776
      vertex 10 -5.39109 50.4692
    endloop
  endfacet
  facet normal 1 0 0
    outer loop
      vertex 10 -6.76777 72.2322
      vertex 10 -4.82194 65.7321
      vertex 10 -6.46946 71.9775
    endloop
  endfacet
  facet normal 1 0 0
    outer loop
      vertex 10 -5.21233 51.8058
      vertex 10 -6.13498 50.2275
      vertex 10 -5.77254 50.3776
    endloop
  endfacet
  facet normal 1 0 0
    outer loop
      vertex 10 -7.02254 72.5305
      vertex 10 -4.82194 65.7321
      vertex 10 -6.76777 72.2322
    endloop
  endfacet
  facet normal 1 0 0
    outer loop
      vertex 10 -5.21233 51.8058
      vertex 10 -6.46946 50.0225
      vertex 10 -6.13498 50.2275
    endloop
  endfacet
  facet normal 1 0 0
    outer loop
      vertex 10 -3.4233 56.7211
      vertex 10 -6.76777 49.7678
      vertex 10 -5.21233 51.8058
    endloop
  endfacet
  facet normal 1 0 0
    outer loop
      vertex 10 -5.21233 51.8058
      vertex 10 -6.76777 49.7678
      vertex 10 -6.46946 50.0225
    endloop
  endfacet
  facet normal 1 0 0
    outer loop
      vertex 10 -7.22752 72.865
      vertex 10 -4.82194 65.7321
      vertex 10 -7.02254 72.5305
    endloop
  endfacet
  facet normal 1 0 0
    outer loop
      vertex 10 -4.82194 65.7321
      vertex 10 -7.02254 49.4695
      vertex 10 -6.76777 49.7678
    endloop
  endfacet
  facet normal 1 0 0
    outer loop
      vertex 10 -7.22752 49.135
      vertex 10 -4.82194 65.7321
      vertex 10 -7.22752 72.865
    endloop
  endfacet
  facet normal 1 0 0
    outer loop
      vertex 10 -4.82194 65.7321
      vertex 10 -7.22752 49.135
      vertex 10 -7.02254 49.4695
    endloop
  endfacet
  facet normal 1 0 0
    outer loop
      vertex 10 -7.37764 73.2275
      vertex 10 -7.22752 49.135
      vertex 10 -7.22752 72.865
    endloop
  endfacet
  facet normal 1 0 0
    outer loop
      vertex 10 -7.37764 73.2275
      vertex 10 -7.37764 48.7725
      vertex 10 -7.22752 49.135
    endloop
  endfacet
  facet normal 1 0 0
    outer loop
      vertex 10 -7.46922 73.6089
      vertex 10 -7.37764 48.7725
      vertex 10 -7.37764 73.2275
    endloop
  endfacet
  facet normal 1 0 0
    outer loop
      vertex 10 -7.46922 73.6089
      vertex 10 -7.46922 48.3911
      vertex 10 -7.37764 48.7725
    endloop
  endfacet
  facet normal 1 0 0
    outer loop
      vertex 10 -7.5 74
      vertex 10 -7.46922 48.3911
      vertex 10 -7.46922 73.6089
    endloop
  endfacet
  facet normal 1 0 0
    outer loop
      vertex 10 -7.46922 48.3911
      vertex 10 -7.5 74
      vertex 10 -7.5 48
    endloop
  endfacet
  facet normal 1 0 0
    outer loop
      vertex 10 -3.4233 143.279
      vertex 10 0 134.46
      vertex 10 0 143.143
    endloop
  endfacet
  facet normal 1 0 0
    outer loop
      vertex 10 -3.4233 143.279
      vertex 10 -3.73108 134.46
      vertex 10 0 134.46
    endloop
  endfacet
  facet normal 1 0 0
    outer loop
      vertex 10 -3.4233 143.279
      vertex 10 -4.82194 134.268
      vertex 10 -3.73108 134.46
    endloop
  endfacet
  facet normal 1 0 0
    outer loop
      vertex 10 -4.82194 134.268
      vertex 10 -5 128.5
      vertex 10 -4.82194 128.486
    endloop
  endfacet
  facet normal 1 0 0
    outer loop
      vertex 10 -6.76777 150.232
      vertex 10 -3.4233 143.279
      vertex 10 -5.21233 148.194
    endloop
  endfacet
  facet normal 1 0 0
    outer loop
      vertex 10 -3.4233 143.279
      vertex 10 -6.76777 150.232
      vertex 10 -4.82194 134.268
    endloop
  endfacet
  facet normal 1 0 0
    outer loop
      vertex 10 -5.77254 149.622
      vertex 10 -5.21233 148.194
      vertex 10 -5.39109 149.531
    endloop
  endfacet
  facet normal 1 0 0
    outer loop
      vertex 10 -4.82194 134.268
      vertex 10 -5.39109 128.469
      vertex 10 -5 128.5
    endloop
  endfacet
  facet normal 1 0 0
    outer loop
      vertex 10 -6.13498 149.772
      vertex 10 -5.21233 148.194
      vertex 10 -5.77254 149.622
    endloop
  endfacet
  facet normal 1 0 0
    outer loop
      vertex 10 -4.82194 134.268
      vertex 10 -5.77254 128.378
      vertex 10 -5.39109 128.469
    endloop
  endfacet
  facet normal 1 0 0
    outer loop
      vertex 10 -6.46946 149.977
      vertex 10 -5.21233 148.194
      vertex 10 -6.13498 149.772
    endloop
  endfacet
  facet normal 1 0 0
    outer loop
      vertex 10 -4.82194 134.268
      vertex 10 -6.13498 128.228
      vertex 10 -5.77254 128.378
    endloop
  endfacet
  facet normal 1 0 0
    outer loop
      vertex 10 -6.76777 150.232
      vertex 10 -5.21233 148.194
      vertex 10 -6.46946 149.977
    endloop
  endfacet
  facet normal 1 0 0
    outer loop
      vertex 10 -4.82194 134.268
      vertex 10 -6.46946 128.023
      vertex 10 -6.13498 128.228
    endloop
  endfacet
  facet normal 1 0 0
    outer loop
      vertex 10 -7.02254 150.531
      vertex 10 -4.82194 134.268
      vertex 10 -6.76777 150.232
    endloop
  endfacet
  facet normal 1 0 0
    outer loop
      vertex 10 -4.82194 134.268
      vertex 10 -6.76777 127.768
      vertex 10 -6.46946 128.023
    endloop
  endfacet
  facet normal 1 0 0
    outer loop
      vertex 10 -7.22752 150.865
      vertex 10 -4.82194 134.268
      vertex 10 -7.02254 150.531
    endloop
  endfacet
  facet normal 1 0 0
    outer loop
      vertex 10 -4.82194 134.268
      vertex 10 -7.02254 127.469
      vertex 10 -6.76777 127.768
    endloop
  endfacet
  facet normal 1 0 0
    outer loop
      vertex 10 -7.22752 127.135
      vertex 10 -4.82194 134.268
      vertex 10 -7.22752 150.865
    endloop
  endfacet
  facet normal 1 0 0
    outer loop
      vertex 10 -4.82194 134.268
      vertex 10 -7.22752 127.135
      vertex 10 -7.02254 127.469
    endloop
  endfacet
  facet normal 1 0 0
    outer loop
      vertex 10 -7.37764 151.227
      vertex 10 -7.22752 127.135
      vertex 10 -7.22752 150.865
    endloop
  endfacet
  facet normal 1 0 0
    outer loop
      vertex 10 -7.37764 151.227
      vertex 10 -7.37764 126.773
      vertex 10 -7.22752 127.135
    endloop
  endfacet
  facet normal 1 0 0
    outer loop
      vertex 10 -7.46922 151.609
      vertex 10 -7.37764 126.773
      vertex 10 -7.37764 151.227
    endloop
  endfacet
  facet normal 1 0 0
    outer loop
      vertex 10 -7.46922 151.609
      vertex 10 -7.46922 126.391
      vertex 10 -7.37764 126.773
    endloop
  endfacet
  facet normal 1 0 0
    outer loop
      vertex 10 -7.5 152
      vertex 10 -7.46922 126.391
      vertex 10 -7.46922 151.609
    endloop
  endfacet
  facet normal 1 0 0
    outer loop
      vertex 10 -7.46922 126.391
      vertex 10 -7.5 152
      vertex 10 -7.5 126
    endloop
  endfacet
  facet normal 1 0 0
    outer loop
      vertex 10 0 39.6577
      vertex 10 -2.92852 30.7035
      vertex 10 0 30.8016
    endloop
  endfacet
  facet normal 1 -0 0
    outer loop
      vertex 10 -4.17144 39.6577
      vertex 10 -2.92852 30.7035
      vertex 10 0 39.6577
    endloop
  endfacet
  facet normal 1 0 0
    outer loop
      vertex 10 -5.21233 40.0366
      vertex 10 -2.92852 30.7035
      vertex 10 -4.17144 39.6577
    endloop
  endfacet
  facet normal 1 0 0
    outer loop
      vertex 10 -5.21233 40.0366
      vertex 10 -5.54391 26.1735
      vertex 10 -2.92852 30.7035
    endloop
  endfacet
  facet normal 1 0 0
    outer loop
      vertex 10 -5.77254 45.6224
      vertex 10 -5.21233 40.0366
      vertex 10 -5.39109 45.5308
    endloop
  endfacet
  facet normal 1 0 0
    outer loop
      vertex 10 -6.13498 45.7725
      vertex 10 -5.21233 40.0366
      vertex 10 -5.77254 45.6224
    endloop
  endfacet
  facet normal 1 0 0
    outer loop
      vertex 10 -6.46946 45.9775
      vertex 10 -5.21233 40.0366
      vertex 10 -6.13498 45.7725
    endloop
  endfacet
  facet normal 1 0 0
    outer loop
      vertex 10 -5.54391 26.1735
      vertex 10 -5.77254 24.3776
      vertex 10 -5.54391 24.4325
    endloop
  endfacet
  facet normal 1 0 0
    outer loop
      vertex 10 -6.76777 46.2322
      vertex 10 -5.21233 40.0366
      vertex 10 -6.46946 45.9775
    endloop
  endfacet
  facet normal 1 0 0
    outer loop
      vertex 10 -5.54391 26.1735
      vertex 10 -6.13498 24.2275
      vertex 10 -5.77254 24.3776
    endloop
  endfacet
  facet normal 1 0 0
    outer loop
      vertex 10 -7.02254 46.5305
      vertex 10 -5.21233 40.0366
      vertex 10 -6.76777 46.2322
    endloop
  endfacet
  facet normal 1 0 0
    outer loop
      vertex 10 -5.54391 26.1735
      vertex 10 -6.46946 24.0225
      vertex 10 -6.13498 24.2275
    endloop
  endfacet
  facet normal 1 0 0
    outer loop
      vertex 10 -7.22752 46.865
      vertex 10 -5.21233 40.0366
      vertex 10 -7.02254 46.5305
    endloop
  endfacet
  facet normal 1 0 0
    outer loop
      vertex 10 -5.54391 26.1735
      vertex 10 -6.76777 23.7678
      vertex 10 -6.46946 24.0225
    endloop
  endfacet
  facet normal 1 0 0
    outer loop
      vertex 10 -5.21233 40.0366
      vertex 10 -7.02254 23.4695
      vertex 10 -5.54391 26.1735
    endloop
  endfacet
  facet normal 1 0 0
    outer loop
      vertex 10 -5.54391 26.1735
      vertex 10 -7.02254 23.4695
      vertex 10 -6.76777 23.7678
    endloop
  endfacet
  facet normal 1 0 0
    outer loop
      vertex 10 -7.22752 23.135
      vertex 10 -5.21233 40.0366
      vertex 10 -7.22752 46.865
    endloop
  endfacet
  facet normal 1 0 0
    outer loop
      vertex 10 -5.21233 40.0366
      vertex 10 -7.22752 23.135
      vertex 10 -7.02254 23.4695
    endloop
  endfacet
  facet normal 1 0 0
    outer loop
      vertex 10 -7.37764 47.2275
      vertex 10 -7.22752 23.135
      vertex 10 -7.22752 46.865
    endloop
  endfacet
  facet normal 1 0 0
    outer loop
      vertex 10 -7.37764 47.2275
      vertex 10 -7.37764 22.7725
      vertex 10 -7.22752 23.135
    endloop
  endfacet
  facet normal 1 0 0
    outer loop
      vertex 10 -7.46922 47.6089
      vertex 10 -7.37764 22.7725
      vertex 10 -7.37764 47.2275
    endloop
  endfacet
  facet normal 1 0 0
    outer loop
      vertex 10 -7.46922 47.6089
      vertex 10 -7.46922 22.3911
      vertex 10 -7.37764 22.7725
    endloop
  endfacet
  facet normal 1 0 0
    outer loop
      vertex 10 -7.5 48
      vertex 10 -7.46922 22.3911
      vertex 10 -7.46922 47.6089
    endloop
  endfacet
  facet normal 1 0 0
    outer loop
      vertex 10 -7.46922 22.3911
      vertex 10 -7.5 48
      vertex 10 -7.5 22
    endloop
  endfacet
  facet normal 1 0 0
    outer loop
      vertex 10 -2.92852 169.297
      vertex 10 0 160.342
      vertex 10 0 169.198
    endloop
  endfacet
  facet normal 1 0 0
    outer loop
      vertex 10 -2.92852 169.297
      vertex 10 -4.17144 160.342
      vertex 10 0 160.342
    endloop
  endfacet
  facet normal 1 0 0
    outer loop
      vertex 10 -2.92852 169.297
      vertex 10 -5.21233 159.963
      vertex 10 -4.17144 160.342
    endloop
  endfacet
  facet normal 1 0 0
    outer loop
      vertex 10 -5.21233 159.963
      vertex 10 -5.39109 154.469
      vertex 10 -5.21233 154.483
    endloop
  endfacet
  facet normal 1 0 0
    outer loop
      vertex 10 -5.54391 173.827
      vertex 10 -5.21233 159.963
      vertex 10 -2.92852 169.297
    endloop
  endfacet
  facet normal 1 0 0
    outer loop
      vertex 10 -7.02254 176.531
      vertex 10 -5.21233 159.963
      vertex 10 -5.54391 173.827
    endloop
  endfacet
  facet normal 1 0 0
    outer loop
      vertex 10 -6.13498 175.772
      vertex 10 -5.54391 173.827
      vertex 10 -5.77254 175.622
    endloop
  endfacet
  facet normal 1 0 0
    outer loop
      vertex 10 -5.21233 159.963
      vertex 10 -5.77254 154.378
      vertex 10 -5.39109 154.469
    endloop
  endfacet
  facet normal 1 0 0
    outer loop
      vertex 10 -6.46946 175.977
      vertex 10 -5.54391 173.827
      vertex 10 -6.13498 175.772
    endloop
  endfacet
  facet normal 1 0 0
    outer loop
      vertex 10 -5.21233 159.963
      vertex 10 -6.13498 154.228
      vertex 10 -5.77254 154.378
    endloop
  endfacet
  facet normal 1 0 0
    outer loop
      vertex 10 -6.76777 176.232
      vertex 10 -5.54391 173.827
      vertex 10 -6.46946 175.977
    endloop
  endfacet
  facet normal 1 0 0
    outer loop
      vertex 10 -5.21233 159.963
      vertex 10 -6.46946 154.023
      vertex 10 -6.13498 154.228
    endloop
  endfacet
  facet normal 1 0 0
    outer loop
      vertex 10 -7.02254 176.531
      vertex 10 -5.54391 173.827
      vertex 10 -6.76777 176.232
    endloop
  endfacet
  facet normal 1 0 0
    outer loop
      vertex 10 -5.21233 159.963
      vertex 10 -6.76777 153.768
      vertex 10 -6.46946 154.023
    endloop
  endfacet
  facet normal 1 0 0
    outer loop
      vertex 10 -7.22752 176.865
      vertex 10 -5.21233 159.963
      vertex 10 -7.02254 176.531
    endloop
  endfacet
  facet normal 1 0 0
    outer loop
      vertex 10 -5.21233 159.963
      vertex 10 -7.02254 153.469
      vertex 10 -6.76777 153.768
    endloop
  endfacet
  facet normal 1 0 0
    outer loop
      vertex 10 -7.22752 153.135
      vertex 10 -5.21233 159.963
      vertex 10 -7.22752 176.865
    endloop
  endfacet
  facet normal 1 0 0
    outer loop
      vertex 10 -5.21233 159.963
      vertex 10 -7.22752 153.135
      vertex 10 -7.02254 153.469
    endloop
  endfacet
  facet normal 1 0 0
    outer loop
      vertex 10 -7.37764 177.227
      vertex 10 -7.22752 153.135
      vertex 10 -7.22752 176.865
    endloop
  endfacet
  facet normal 1 0 0
    outer loop
      vertex 10 -7.37764 177.227
      vertex 10 -7.37764 152.773
      vertex 10 -7.22752 153.135
    endloop
  endfacet
  facet normal 1 0 0
    outer loop
      vertex 10 -7.46922 177.609
      vertex 10 -7.37764 152.773
      vertex 10 -7.37764 177.227
    endloop
  endfacet
  facet normal 1 0 0
    outer loop
      vertex 10 -7.46922 177.609
      vertex 10 -7.46922 152.391
      vertex 10 -7.37764 152.773
    endloop
  endfacet
  facet normal 1 0 0
    outer loop
      vertex 10 -10 194
      vertex 10 -7.46922 177.609
      vertex 10 -7.5 178
    endloop
  endfacet
  facet normal 1 0 0
    outer loop
      vertex 10 -7.46922 177.609
      vertex 10 -10 194
      vertex 10 -7.46922 152.391
    endloop
  endfacet
  facet normal 1 -0 0
    outer loop
      vertex 10 -4.58462 13.8504
      vertex 10 0 6
      vertex 10 0 13.8504
    endloop
  endfacet
  facet normal 1 0 0
    outer loop
      vertex 10 -10 6
      vertex 10 -4.58462 13.8504
      vertex 10 -5.54391 14.4042
    endloop
  endfacet
  facet normal 1 0 0
    outer loop
      vertex 10 -6.13498 19.7725
      vertex 10 -5.54391 14.4042
      vertex 10 -5.77254 19.6224
    endloop
  endfacet
  facet normal 1 0 0
    outer loop
      vertex 10 -6.46946 19.9775
      vertex 10 -5.54391 14.4042
      vertex 10 -6.13498 19.7725
    endloop
  endfacet
  facet normal 1 0 0
    outer loop
      vertex 10 -6.76777 20.2322
      vertex 10 -5.54391 14.4042
      vertex 10 -6.46946 19.9775
    endloop
  endfacet
  facet normal 1 0 0
    outer loop
      vertex 10 -7.02254 20.5305
      vertex 10 -5.54391 14.4042
      vertex 10 -6.76777 20.2322
    endloop
  endfacet
  facet normal 1 0 0
    outer loop
      vertex 10 -7.22752 20.865
      vertex 10 -5.54391 14.4042
      vertex 10 -7.02254 20.5305
    endloop
  endfacet
  facet normal 1 0 0
    outer loop
      vertex 10 -10 6
      vertex 10 -7.22752 20.865
      vertex 10 -7.37764 21.2275
    endloop
  endfacet
  facet normal 1 0 0
    outer loop
      vertex 10 -4.58462 13.8504
      vertex 10 -10 6
      vertex 10 0 6
    endloop
  endfacet
  facet normal 1 0 0
    outer loop
      vertex 10 -7.22752 20.865
      vertex 10 -10 6
      vertex 10 -5.54391 14.4042
    endloop
  endfacet
  facet normal 1 0 0
    outer loop
      vertex 10 -7.46922 21.6089
      vertex 10 -10 6
      vertex 10 -7.37764 21.2275
    endloop
  endfacet
  facet normal 1 0 0
    outer loop
      vertex 10 -7.5 22
      vertex 10 -10 6
      vertex 10 -7.46922 21.6089
    endloop
  endfacet
  facet normal 1 0 0
    outer loop
      vertex 10 -7.5 48
      vertex 10 -10 6
      vertex 10 -7.5 22
    endloop
  endfacet
  facet normal -0 0 1
    outer loop
      vertex -10 0 194
      vertex 10 -10 194
      vertex 10 0 194
    endloop
  endfacet
  facet normal 0 0 1
    outer loop
      vertex 10 -10 194
      vertex -10 0 194
      vertex -10 -10 194
    endloop
  endfacet
  facet normal -1 0 0
    outer loop
      vertex -10 0 6
      vertex -10 -4.58462 13.8504
      vertex -10 0 13.8504
    endloop
  endfacet
  facet normal -1 0 0
    outer loop
      vertex -10 -10 6
      vertex -10 -4.58462 13.8504
      vertex -10 0 6
    endloop
  endfacet
  facet normal -1 0 0
    outer loop
      vertex -10 -5.54391 14.4042
      vertex -10 -5.77254 19.6224
      vertex -10 -5.54391 19.5675
    endloop
  endfacet
  facet normal -1 0 0
    outer loop
      vertex -10 -5.54391 14.4042
      vertex -10 -6.13498 19.7725
      vertex -10 -5.77254 19.6224
    endloop
  endfacet
  facet normal -1 0 0
    outer loop
      vertex -10 -5.54391 14.4042
      vertex -10 -6.46946 19.9775
      vertex -10 -6.13498 19.7725
    endloop
  endfacet
  facet normal -1 0 0
    outer loop
      vertex -10 -5.54391 14.4042
      vertex -10 -6.76777 20.2322
      vertex -10 -6.46946 19.9775
    endloop
  endfacet
  facet normal -1 0 0
    outer loop
      vertex -10 -5.54391 14.4042
      vertex -10 -7.02254 20.5305
      vertex -10 -6.76777 20.2322
    endloop
  endfacet
  facet normal -1 0 0
    outer loop
      vertex -10 -5.54391 14.4042
      vertex -10 -7.22752 20.865
      vertex -10 -7.02254 20.5305
    endloop
  endfacet
  facet normal -1 0 0
    outer loop
      vertex -10 -10 6
      vertex -10 -7.22752 20.865
      vertex -10 -5.54391 14.4042
    endloop
  endfacet
  facet normal -1 -0 0
    outer loop
      vertex -10 -7.46922 47.6089
      vertex -10 -10 6
      vertex -10 -7.5 48
    endloop
  endfacet
  facet normal -1 -0 0
    outer loop
      vertex -10 -7.5 48
      vertex -10 -10 6
      vertex -10 -7.5 74
    endloop
  endfacet
  facet normal -1 -0 0
    outer loop
      vertex -10 -7.5 74
      vertex -10 -10 6
      vertex -10 -7.5 100
    endloop
  endfacet
  facet normal -1 0 0
    outer loop
      vertex -10 -10 194
      vertex -10 -7.5 100
      vertex -10 -10 6
    endloop
  endfacet
  facet normal -1 0 0
    outer loop
      vertex -10 -7.5 100
      vertex -10 -10 194
      vertex -10 -7.5 126
    endloop
  endfacet
  facet normal -1 0 0
    outer loop
      vertex -10 -7.5 126
      vertex -10 -10 194
      vertex -10 -7.5 152
    endloop
  endfacet
  facet normal -1 -0 0
    outer loop
      vertex -10 -7.46922 21.6089
      vertex -10 -10 6
      vertex -10 -7.5 22
    endloop
  endfacet
  facet normal -1 -0 0
    outer loop
      vertex -10 -7.37764 21.2275
      vertex -10 -10 6
      vertex -10 -7.46922 21.6089
    endloop
  endfacet
  facet normal -1 -0 0
    outer loop
      vertex -10 -7.22752 20.865
      vertex -10 -10 6
      vertex -10 -7.37764 21.2275
    endloop
  endfacet
  facet normal -1 -0 0
    outer loop
      vertex -10 -4.58462 13.8504
      vertex -10 -10 6
      vertex -10 -5.54391 14.4042
    endloop
  endfacet
  facet normal -1 -0 0
    outer loop
      vertex -10 -5.54391 180.433
      vertex -10 -5.77254 180.378
      vertex -10 -5.54391 185.596
    endloop
  endfacet
  facet normal -1 -0 0
    outer loop
      vertex -10 -5.54391 24.4325
      vertex -10 -5.77254 24.3776
      vertex -10 -5.54391 26.1735
    endloop
  endfacet
  facet normal -1 -0 0
    outer loop
      vertex -10 -5.21233 154.483
      vertex -10 -5.39109 154.469
      vertex -10 -5.21233 159.963
    endloop
  endfacet
  facet normal -1 -0 0
    outer loop
      vertex -10 -5.21233 50.4833
      vertex -10 -5.39109 50.4692
      vertex -10 -5.21233 51.8058
    endloop
  endfacet
  facet normal -1 0 0
    outer loop
      vertex -10 -4.82194 128.486
      vertex -10 -5 128.5
      vertex -10 -4.82194 134.268
    endloop
  endfacet
  facet normal -1 0 0
    outer loop
      vertex -10 -4.82194 76.486
      vertex -10 -5 76.5
      vertex -10 -4.82194 77.5013
    endloop
  endfacet
  facet normal -1 0 0
    outer loop
      vertex -10 -4.38462 102.415
      vertex -10 -4.60891 102.469
      vertex -10 -4.38462 108.5
    endloop
  endfacet
  facet normal -1 0 0
    outer loop
      vertex -10 0 108.5
      vertex -10 -3.91363 117.347
      vertex -10 0 117.23
    endloop
  endfacet
  facet normal -1 0 0
    outer loop
      vertex -10 -4.38462 108.5
      vertex -10 -3.91363 117.347
      vertex -10 0 108.5
    endloop
  endfacet
  facet normal -1 0 0
    outer loop
      vertex -10 -7.02254 124.531
      vertex -10 -3.91363 117.347
      vertex -10 -4.38462 108.5
    endloop
  endfacet
  facet normal -1 0 0
    outer loop
      vertex -10 -5 102.5
      vertex -10 -4.38462 108.5
      vertex -10 -4.60891 102.469
    endloop
  endfacet
  facet normal -1 0 0
    outer loop
      vertex -10 -5.39109 102.469
      vertex -10 -4.38462 108.5
      vertex -10 -5 102.5
    endloop
  endfacet
  facet normal -1 0 0
    outer loop
      vertex -10 -5.77254 102.378
      vertex -10 -4.38462 108.5
      vertex -10 -5.39109 102.469
    endloop
  endfacet
  facet normal -1 0 0
    outer loop
      vertex -10 -4.82194 122.499
      vertex -10 -5 123.5
      vertex -10 -4.82194 123.514
    endloop
  endfacet
  facet normal -1 0 0
    outer loop
      vertex -10 -6.13498 102.228
      vertex -10 -4.38462 108.5
      vertex -10 -5.77254 102.378
    endloop
  endfacet
  facet normal -1 0 0
    outer loop
      vertex -10 -4.82194 122.499
      vertex -10 -5.39109 123.531
      vertex -10 -5 123.5
    endloop
  endfacet
  facet normal -1 0 0
    outer loop
      vertex -10 -6.46946 102.023
      vertex -10 -4.38462 108.5
      vertex -10 -6.13498 102.228
    endloop
  endfacet
  facet normal -1 0 0
    outer loop
      vertex -10 -4.82194 122.499
      vertex -10 -5.77254 123.622
      vertex -10 -5.39109 123.531
    endloop
  endfacet
  facet normal -1 0 0
    outer loop
      vertex -10 -6.76777 101.768
      vertex -10 -4.38462 108.5
      vertex -10 -6.46946 102.023
    endloop
  endfacet
  facet normal -1 0 0
    outer loop
      vertex -10 -4.82194 122.499
      vertex -10 -6.13498 123.772
      vertex -10 -5.77254 123.622
    endloop
  endfacet
  facet normal -1 0 0
    outer loop
      vertex -10 -3.91363 117.347
      vertex -10 -6.46946 123.977
      vertex -10 -4.82194 122.499
    endloop
  endfacet
  facet normal -1 0 0
    outer loop
      vertex -10 -4.82194 122.499
      vertex -10 -6.46946 123.977
      vertex -10 -6.13498 123.772
    endloop
  endfacet
  facet normal -1 0 0
    outer loop
      vertex -10 -7.02254 101.469
      vertex -10 -4.38462 108.5
      vertex -10 -6.76777 101.768
    endloop
  endfacet
  facet normal -1 0 0
    outer loop
      vertex -10 -3.91363 117.347
      vertex -10 -6.76777 124.232
      vertex -10 -6.46946 123.977
    endloop
  endfacet
  facet normal -1 0 0
    outer loop
      vertex -10 -7.22752 101.135
      vertex -10 -4.38462 108.5
      vertex -10 -7.02254 101.469
    endloop
  endfacet
  facet normal -1 0 0
    outer loop
      vertex -10 -3.91363 117.347
      vertex -10 -7.02254 124.531
      vertex -10 -6.76777 124.232
    endloop
  endfacet
  facet normal -1 0 0
    outer loop
      vertex -10 -7.22752 124.865
      vertex -10 -4.38462 108.5
      vertex -10 -7.22752 101.135
    endloop
  endfacet
  facet normal -1 0 0
    outer loop
      vertex -10 -4.38462 108.5
      vertex -10 -7.22752 124.865
      vertex -10 -7.02254 124.531
    endloop
  endfacet
  facet normal -1 0 0
    outer loop
      vertex -10 -7.37764 100.773
      vertex -10 -7.22752 124.865
      vertex -10 -7.22752 101.135
    endloop
  endfacet
  facet normal -1 0 0
    outer loop
      vertex -10 -7.37764 100.773
      vertex -10 -7.37764 125.227
      vertex -10 -7.22752 124.865
    endloop
  endfacet
  facet normal -1 0 0
    outer loop
      vertex -10 -7.46922 100.391
      vertex -10 -7.37764 125.227
      vertex -10 -7.37764 100.773
    endloop
  endfacet
  facet normal -1 0 0
    outer loop
      vertex -10 -7.46922 100.391
      vertex -10 -7.46922 125.609
      vertex -10 -7.37764 125.227
    endloop
  endfacet
  facet normal -1 0 0
    outer loop
      vertex -10 -7.5 100
      vertex -10 -7.46922 125.609
      vertex -10 -7.46922 100.391
    endloop
  endfacet
  facet normal -1 -0 0
    outer loop
      vertex -10 -7.46922 125.609
      vertex -10 -7.5 100
      vertex -10 -7.5 126
    endloop
  endfacet
  facet normal -1 0 0
    outer loop
      vertex -10 -3.91363 82.6526
      vertex -10 0 91.5
      vertex -10 0 82.77
    endloop
  endfacet
  facet normal -1 0 0
    outer loop
      vertex -10 -3.91363 82.6526
      vertex -10 -4.38462 91.5
      vertex -10 0 91.5
    endloop
  endfacet
  facet normal -1 0 0
    outer loop
      vertex -10 -4.38462 91.5
      vertex -10 -4.60891 97.5308
      vertex -10 -4.38462 97.5846
    endloop
  endfacet
  facet normal -1 0 0
    outer loop
      vertex -10 -6.46946 76.0225
      vertex -10 -3.91363 82.6526
      vertex -10 -4.82194 77.5013
    endloop
  endfacet
  facet normal -1 0 0
    outer loop
      vertex -10 -6.76777 75.7678
      vertex -10 -3.91363 82.6526
      vertex -10 -6.46946 76.0225
    endloop
  endfacet
  facet normal -1 0 0
    outer loop
      vertex -10 -5.39109 76.4692
      vertex -10 -4.82194 77.5013
      vertex -10 -5 76.5
    endloop
  endfacet
  facet normal -1 0 0
    outer loop
      vertex -10 -4.38462 91.5
      vertex -10 -5 97.5
      vertex -10 -4.60891 97.5308
    endloop
  endfacet
  facet normal -1 0 0
    outer loop
      vertex -10 -5.77254 76.3776
      vertex -10 -4.82194 77.5013
      vertex -10 -5.39109 76.4692
    endloop
  endfacet
  facet normal -1 0 0
    outer loop
      vertex -10 -4.38462 91.5
      vertex -10 -5.39109 97.5308
      vertex -10 -5 97.5
    endloop
  endfacet
  facet normal -1 0 0
    outer loop
      vertex -10 -6.13498 76.2275
      vertex -10 -4.82194 77.5013
      vertex -10 -5.77254 76.3776
    endloop
  endfacet
  facet normal -1 0 0
    outer loop
      vertex -10 -4.38462 91.5
      vertex -10 -5.77254 97.6224
      vertex -10 -5.39109 97.5308
    endloop
  endfacet
  facet normal -1 0 0
    outer loop
      vertex -10 -6.46946 76.0225
      vertex -10 -4.82194 77.5013
      vertex -10 -6.13498 76.2275
    endloop
  endfacet
  facet normal -1 0 0
    outer loop
      vertex -10 -4.38462 91.5
      vertex -10 -6.13498 97.7725
      vertex -10 -5.77254 97.6224
    endloop
  endfacet
  facet normal -1 0 0
    outer loop
      vertex -10 -7.02254 75.4695
      vertex -10 -3.91363 82.6526
      vertex -10 -6.76777 75.7678
    endloop
  endfacet
  facet normal -1 0 0
    outer loop
      vertex -10 -4.38462 91.5
      vertex -10 -6.46946 97.9775
      vertex -10 -6.13498 97.7725
    endloop
  endfacet
  facet normal -1 -0 0
    outer loop
      vertex -10 -3.91363 82.6526
      vertex -10 -7.02254 75.4695
      vertex -10 -4.38462 91.5
    endloop
  endfacet
  facet normal -1 0 0
    outer loop
      vertex -10 -4.38462 91.5
      vertex -10 -6.76777 98.2322
      vertex -10 -6.46946 97.9775
    endloop
  endfacet
  facet normal -1 0 0
    outer loop
      vertex -10 -7.22752 75.135
      vertex -10 -4.38462 91.5
      vertex -10 -7.02254 75.4695
    endloop
  endfacet
  facet normal -1 0 0
    outer loop
      vertex -10 -4.38462 91.5
      vertex -10 -7.02254 98.5305
      vertex -10 -6.76777 98.2322
    endloop
  endfacet
  facet normal -1 0 0
    outer loop
      vertex -10 -7.22752 98.865
      vertex -10 -4.38462 91.5
      vertex -10 -7.22752 75.135
    endloop
  endfacet
  facet normal -1 0 0
    outer loop
      vertex -10 -4.38462 91.5
      vertex -10 -7.22752 98.865
      vertex -10 -7.02254 98.5305
    endloop
  endfacet
  facet normal -1 0 0
    outer loop
      vertex -10 -7.37764 74.7725
      vertex -10 -7.22752 98.865
      vertex -10 -7.22752 75.135
    endloop
  endfacet
  facet normal -1 0 0
    outer loop
      vertex -10 -7.37764 74.7725
      vertex -10 -7.37764 99.2275
      vertex -10 -7.22752 98.865
    endloop
  endfacet
  facet normal -1 0 0
    outer loop
      vertex -10 -7.46922 74.3911
      vertex -10 -7.37764 99.2275
      vertex -10 -7.37764 74.7725
    endloop
  endfacet
  facet normal -1 0 0
    outer loop
      vertex -10 -7.46922 74.3911
      vertex -10 -7.46922 99.6089
      vertex -10 -7.37764 99.2275
    endloop
  endfacet
  facet normal -1 0 0
    outer loop
      vertex -10 -7.5 74
      vertex -10 -7.46922 99.6089
      vertex -10 -7.46922 74.3911
    endloop
  endfacet
  facet normal -1 -0 0
    outer loop
      vertex -10 -7.46922 99.6089
      vertex -10 -7.5 74
      vertex -10 -7.5 100
    endloop
  endfacet
  facet normal -1 0 0
    outer loop
      vertex -10 0 134.46
      vertex -10 -3.4233 143.279
      vertex -10 0 143.143
    endloop
  endfacet
  facet normal -1 0 0
    outer loop
      vertex -10 -3.73108 134.46
      vertex -10 -3.4233 143.279
      vertex -10 0 134.46
    endloop
  endfacet
  facet normal -1 0 0
    outer loop
      vertex -10 -4.82194 134.268
      vertex -10 -3.4233 143.279
      vertex -10 -3.73108 134.46
    endloop
  endfacet
  facet normal -1 0 0
    outer loop
      vertex -10 -6.76777 150.232
      vertex -10 -3.4233 143.279
      vertex -10 -4.82194 134.268
    endloop
  endfacet
  facet normal -1 0 0
    outer loop
      vertex -10 -5.39109 128.469
      vertex -10 -4.82194 134.268
      vertex -10 -5 128.5
    endloop
  endfacet
  facet normal -1 0 0
    outer loop
      vertex -10 -5.77254 128.378
      vertex -10 -4.82194 134.268
      vertex -10 -5.39109 128.469
    endloop
  endfacet
  facet normal -1 0 0
    outer loop
      vertex -10 -6.13498 128.228
      vertex -10 -4.82194 134.268
      vertex -10 -5.77254 128.378
    endloop
  endfacet
  facet normal -1 0 0
    outer loop
      vertex -10 -5.21233 148.194
      vertex -10 -5.39109 149.531
      vertex -10 -5.21233 149.517
    endloop
  endfacet
  facet normal -1 0 0
    outer loop
      vertex -10 -6.46946 128.023
      vertex -10 -4.82194 134.268
      vertex -10 -6.13498 128.228
    endloop
  endfacet
  facet normal -1 0 0
    outer loop
      vertex -10 -5.21233 148.194
      vertex -10 -5.77254 149.622
      vertex -10 -5.39109 149.531
    endloop
  endfacet
  facet normal -1 0 0
    outer loop
      vertex -10 -6.76777 127.768
      vertex -10 -4.82194 134.268
      vertex -10 -6.46946 128.023
    endloop
  endfacet
  facet normal -1 0 0
    outer loop
      vertex -10 -5.21233 148.194
      vertex -10 -6.13498 149.772
      vertex -10 -5.77254 149.622
    endloop
  endfacet
  facet normal -1 0 0
    outer loop
      vertex -10 -7.02254 127.469
      vertex -10 -4.82194 134.268
      vertex -10 -6.76777 127.768
    endloop
  endfacet
  facet normal -1 0 0
    outer loop
      vertex -10 -5.21233 148.194
      vertex -10 -6.46946 149.977
      vertex -10 -6.13498 149.772
    endloop
  endfacet
  facet normal -1 0 0
    outer loop
      vertex -10 -3.4233 143.279
      vertex -10 -6.76777 150.232
      vertex -10 -5.21233 148.194
    endloop
  endfacet
  facet normal -1 0 0
    outer loop
      vertex -10 -5.21233 148.194
      vertex -10 -6.76777 150.232
      vertex -10 -6.46946 149.977
    endloop
  endfacet
  facet normal -1 0 0
    outer loop
      vertex -10 -7.22752 127.135
      vertex -10 -4.82194 134.268
      vertex -10 -7.02254 127.469
    endloop
  endfacet
  facet normal -1 0 0
    outer loop
      vertex -10 -4.82194 134.268
      vertex -10 -7.02254 150.531
      vertex -10 -6.76777 150.232
    endloop
  endfacet
  facet normal -1 0 0
    outer loop
      vertex -10 -7.22752 150.865
      vertex -10 -4.82194 134.268
      vertex -10 -7.22752 127.135
    endloop
  endfacet
  facet normal -1 0 0
    outer loop
      vertex -10 -4.82194 134.268
      vertex -10 -7.22752 150.865
      vertex -10 -7.02254 150.531
    endloop
  endfacet
  facet normal -1 0 0
    outer loop
      vertex -10 -7.37764 126.773
      vertex -10 -7.22752 150.865
      vertex -10 -7.22752 127.135
    endloop
  endfacet
  facet normal -1 0 0
    outer loop
      vertex -10 -7.37764 126.773
      vertex -10 -7.37764 151.227
      vertex -10 -7.22752 150.865
    endloop
  endfacet
  facet normal -1 0 0
    outer loop
      vertex -10 -7.46922 126.391
      vertex -10 -7.37764 151.227
      vertex -10 -7.37764 126.773
    endloop
  endfacet
  facet normal -1 0 0
    outer loop
      vertex -10 -7.46922 126.391
      vertex -10 -7.46922 151.609
      vertex -10 -7.37764 151.227
    endloop
  endfacet
  facet normal -1 0 0
    outer loop
      vertex -10 -7.5 126
      vertex -10 -7.46922 151.609
      vertex -10 -7.46922 126.391
    endloop
  endfacet
  facet normal -1 -0 0
    outer loop
      vertex -10 -7.46922 151.609
      vertex -10 -7.5 126
      vertex -10 -7.5 152
    endloop
  endfacet
  facet normal -1 0 0
    outer loop
      vertex -10 -3.4233 56.7211
      vertex -10 0 65.5397
      vertex -10 0 56.8569
    endloop
  endfacet
  facet normal -1 0 0
    outer loop
      vertex -10 -3.4233 56.7211
      vertex -10 -3.73108 65.5397
      vertex -10 0 65.5397
    endloop
  endfacet
  facet normal -1 0 0
    outer loop
      vertex -10 -3.4233 56.7211
      vertex -10 -4.82194 65.7321
      vertex -10 -3.73108 65.5397
    endloop
  endfacet
  facet normal -1 0 0
    outer loop
      vertex -10 -4.82194 65.7321
      vertex -10 -5 71.5
      vertex -10 -4.82194 71.514
    endloop
  endfacet
  facet normal -1 0 0
    outer loop
      vertex -10 -6.76777 49.7678
      vertex -10 -3.4233 56.7211
      vertex -10 -5.21233 51.8058
    endloop
  endfacet
  facet normal -1 -0 0
    outer loop
      vertex -10 -3.4233 56.7211
      vertex -10 -6.76777 49.7678
      vertex -10 -4.82194 65.7321
    endloop
  endfacet
  facet normal -1 0 0
    outer loop
      vertex -10 -5.77254 50.3776
      vertex -10 -5.21233 51.8058
      vertex -10 -5.39109 50.4692
    endloop
  endfacet
  facet normal -1 0 0
    outer loop
      vertex -10 -4.82194 65.7321
      vertex -10 -5.39109 71.5308
      vertex -10 -5 71.5
    endloop
  endfacet
  facet normal -1 0 0
    outer loop
      vertex -10 -6.13498 50.2275
      vertex -10 -5.21233 51.8058
      vertex -10 -5.77254 50.3776
    endloop
  endfacet
  facet normal -1 0 0
    outer loop
      vertex -10 -4.82194 65.7321
      vertex -10 -5.77254 71.6224
      vertex -10 -5.39109 71.5308
    endloop
  endfacet
  facet normal -1 0 0
    outer loop
      vertex -10 -6.46946 50.0225
      vertex -10 -5.21233 51.8058
      vertex -10 -6.13498 50.2275
    endloop
  endfacet
  facet normal -1 0 0
    outer loop
      vertex -10 -4.82194 65.7321
      vertex -10 -6.13498 71.7725
      vertex -10 -5.77254 71.6224
    endloop
  endfacet
  facet normal -1 0 0
    outer loop
      vertex -10 -6.76777 49.7678
      vertex -10 -5.21233 51.8058
      vertex -10 -6.46946 50.0225
    endloop
  endfacet
  facet normal -1 0 0
    outer loop
      vertex -10 -4.82194 65.7321
      vertex -10 -6.46946 71.9775
      vertex -10 -6.13498 71.7725
    endloop
  endfacet
  facet normal -1 0 0
    outer loop
      vertex -10 -7.02254 49.4695
      vertex -10 -4.82194 65.7321
      vertex -10 -6.76777 49.7678
    endloop
  endfacet
  facet normal -1 0 0
    outer loop
      vertex -10 -4.82194 65.7321
      vertex -10 -6.76777 72.2322
      vertex -10 -6.46946 71.9775
    endloop
  endfacet
  facet normal -1 0 0
    outer loop
      vertex -10 -7.22752 49.135
      vertex -10 -4.82194 65.7321
      vertex -10 -7.02254 49.4695
    endloop
  endfacet
  facet normal -1 0 0
    outer loop
      vertex -10 -4.82194 65.7321
      vertex -10 -7.02254 72.5305
      vertex -10 -6.76777 72.2322
    endloop
  endfacet
  facet normal -1 0 0
    outer loop
      vertex -10 -7.22752 72.865
      vertex -10 -4.82194 65.7321
      vertex -10 -7.22752 49.135
    endloop
  endfacet
  facet normal -1 0 0
    outer loop
      vertex -10 -4.82194 65.7321
      vertex -10 -7.22752 72.865
      vertex -10 -7.02254 72.5305
    endloop
  endfacet
  facet normal -1 0 0
    outer loop
      vertex -10 -7.37764 48.7725
      vertex -10 -7.22752 72.865
      vertex -10 -7.22752 49.135
    endloop
  endfacet
  facet normal -1 0 0
    outer loop
      vertex -10 -7.37764 48.7725
      vertex -10 -7.37764 73.2275
      vertex -10 -7.22752 72.865
    endloop
  endfacet
  facet normal -1 0 0
    outer loop
      vertex -10 -7.46922 48.3911
      vertex -10 -7.37764 73.2275
      vertex -10 -7.37764 48.7725
    endloop
  endfacet
  facet normal -1 0 0
    outer loop
      vertex -10 -7.46922 48.3911
      vertex -10 -7.46922 73.6089
      vertex -10 -7.37764 73.2275
    endloop
  endfacet
  facet normal -1 0 0
    outer loop
      vertex -10 -7.5 48
      vertex -10 -7.46922 73.6089
      vertex -10 -7.46922 48.3911
    endloop
  endfacet
  facet normal -1 -0 0
    outer loop
      vertex -10 -7.46922 73.6089
      vertex -10 -7.5 48
      vertex -10 -7.5 74
    endloop
  endfacet
  facet normal -1 0 0
    outer loop
      vertex -10 0 160.342
      vertex -10 -2.92852 169.297
      vertex -10 0 169.198
    endloop
  endfacet
  facet normal -1 0 0
    outer loop
      vertex -10 -4.17144 160.342
      vertex -10 -2.92852 169.297
      vertex -10 0 160.342
    endloop
  endfacet
  facet normal -1 0 0
    outer loop
      vertex -10 -5.21233 159.963
      vertex -10 -2.92852 169.297
      vertex -10 -4.17144 160.342
    endloop
  endfacet
  facet normal -1 0 0
    outer loop
      vertex -10 -5.21233 159.963
      vertex -10 -5.54391 173.827
      vertex -10 -2.92852 169.297
    endloop
  endfacet
  facet normal -1 0 0
    outer loop
      vertex -10 -5.77254 154.378
      vertex -10 -5.21233 159.963
      vertex -10 -5.39109 154.469
    endloop
  endfacet
  facet normal -1 0 0
    outer loop
      vertex -10 -6.13498 154.228
      vertex -10 -5.21233 159.963
      vertex -10 -5.77254 154.378
    endloop
  endfacet
  facet normal -1 0 0
    outer loop
      vertex -10 -6.46946 154.023
      vertex -10 -5.21233 159.963
      vertex -10 -6.13498 154.228
    endloop
  endfacet
  facet normal -1 0 0
    outer loop
      vertex -10 -5.54391 173.827
      vertex -10 -5.77254 175.622
      vertex -10 -5.54391 175.567
    endloop
  endfacet
  facet normal -1 0 0
    outer loop
      vertex -10 -6.76777 153.768
      vertex -10 -5.21233 159.963
      vertex -10 -6.46946 154.023
    endloop
  endfacet
  facet normal -1 0 0
    outer loop
      vertex -10 -5.54391 173.827
      vertex -10 -6.13498 175.772
      vertex -10 -5.77254 175.622
    endloop
  endfacet
  facet normal -1 0 0
    outer loop
      vertex -10 -7.02254 153.469
      vertex -10 -5.21233 159.963
      vertex -10 -6.76777 153.768
    endloop
  endfacet
  facet normal -1 0 0
    outer loop
      vertex -10 -5.54391 173.827
      vertex -10 -6.46946 175.977
      vertex -10 -6.13498 175.772
    endloop
  endfacet
  facet normal -1 0 0
    outer loop
      vertex -10 -7.22752 153.135
      vertex -10 -5.21233 159.963
      vertex -10 -7.02254 153.469
    endloop
  endfacet
  facet normal -1 0 0
    outer loop
      vertex -10 -5.54391 173.827
      vertex -10 -6.76777 176.232
      vertex -10 -6.46946 175.977
    endloop
  endfacet
  facet normal -1 0 0
    outer loop
      vertex -10 -5.21233 159.963
      vertex -10 -7.02254 176.531
      vertex -10 -5.54391 173.827
    endloop
  endfacet
  facet normal -1 0 0
    outer loop
      vertex -10 -5.54391 173.827
      vertex -10 -7.02254 176.531
      vertex -10 -6.76777 176.232
    endloop
  endfacet
  facet normal -1 0 0
    outer loop
      vertex -10 -7.22752 176.865
      vertex -10 -5.21233 159.963
      vertex -10 -7.22752 153.135
    endloop
  endfacet
  facet normal -1 0 0
    outer loop
      vertex -10 -5.21233 159.963
      vertex -10 -7.22752 176.865
      vertex -10 -7.02254 176.531
    endloop
  endfacet
  facet normal -1 0 0
    outer loop
      vertex -10 -7.37764 152.773
      vertex -10 -7.22752 176.865
      vertex -10 -7.22752 153.135
    endloop
  endfacet
  facet normal -1 0 0
    outer loop
      vertex -10 -7.37764 152.773
      vertex -10 -7.37764 177.227
      vertex -10 -7.22752 176.865
    endloop
  endfacet
  facet normal -1 0 0
    outer loop
      vertex -10 -7.46922 152.391
      vertex -10 -7.37764 177.227
      vertex -10 -7.37764 152.773
    endloop
  endfacet
  facet normal -1 0 0
    outer loop
      vertex -10 -7.46922 152.391
      vertex -10 -7.46922 177.609
      vertex -10 -7.37764 177.227
    endloop
  endfacet
  facet normal -1 0 0
    outer loop
      vertex -10 -7.5 152
      vertex -10 -7.46922 177.609
      vertex -10 -7.46922 152.391
    endloop
  endfacet
  facet normal -1 -0 0
    outer loop
      vertex -10 -7.46922 177.609
      vertex -10 -7.5 152
      vertex -10 -7.5 178
    endloop
  endfacet
  facet normal -1 0 0
    outer loop
      vertex -10 -2.92852 30.7035
      vertex -10 0 39.6577
      vertex -10 0 30.8016
    endloop
  endfacet
  facet normal -1 0 0
    outer loop
      vertex -10 -2.92852 30.7035
      vertex -10 -4.17144 39.6577
      vertex -10 0 39.6577
    endloop
  endfacet
  facet normal -1 0 0
    outer loop
      vertex -10 -2.92852 30.7035
      vertex -10 -5.21233 40.0366
      vertex -10 -4.17144 39.6577
    endloop
  endfacet
  facet normal -1 0 0
    outer loop
      vertex -10 -5.21233 40.0366
      vertex -10 -5.39109 45.5308
      vertex -10 -5.21233 45.5167
    endloop
  endfacet
  facet normal -1 0 0
    outer loop
      vertex -10 -5.54391 26.1735
      vertex -10 -5.21233 40.0366
      vertex -10 -2.92852 30.7035
    endloop
  endfacet
  facet normal -1 0 0
    outer loop
      vertex -10 -7.02254 23.4695
      vertex -10 -5.21233 40.0366
      vertex -10 -5.54391 26.1735
    endloop
  endfacet
  facet normal -1 0 0
    outer loop
      vertex -10 -6.13498 24.2275
      vertex -10 -5.54391 26.1735
      vertex -10 -5.77254 24.3776
    endloop
  endfacet
  facet normal -1 0 0
    outer loop
      vertex -10 -5.21233 40.0366
      vertex -10 -5.77254 45.6224
      vertex -10 -5.39109 45.5308
    endloop
  endfacet
  facet normal -1 0 0
    outer loop
      vertex -10 -6.46946 24.0225
      vertex -10 -5.54391 26.1735
      vertex -10 -6.13498 24.2275
    endloop
  endfacet
  facet normal -1 0 0
    outer loop
      vertex -10 -5.21233 40.0366
      vertex -10 -6.13498 45.7725
      vertex -10 -5.77254 45.6224
    endloop
  endfacet
  facet normal -1 0 0
    outer loop
      vertex -10 -6.76777 23.7678
      vertex -10 -5.54391 26.1735
      vertex -10 -6.46946 24.0225
    endloop
  endfacet
  facet normal -1 0 0
    outer loop
      vertex -10 -5.21233 40.0366
      vertex -10 -6.46946 45.9775
      vertex -10 -6.13498 45.7725
    endloop
  endfacet
  facet normal -1 0 0
    outer loop
      vertex -10 -7.02254 23.4695
      vertex -10 -5.54391 26.1735
      vertex -10 -6.76777 23.7678
    endloop
  endfacet
  facet normal -1 0 0
    outer loop
      vertex -10 -5.21233 40.0366
      vertex -10 -6.76777 46.2322
      vertex -10 -6.46946 45.9775
    endloop
  endfacet
  facet normal -1 0 0
    outer loop
      vertex -10 -7.22752 23.135
      vertex -10 -5.21233 40.0366
      vertex -10 -7.02254 23.4695
    endloop
  endfacet
  facet normal -1 0 0
    outer loop
      vertex -10 -5.21233 40.0366
      vertex -10 -7.02254 46.5305
      vertex -10 -6.76777 46.2322
    endloop
  endfacet
  facet normal -1 0 0
    outer loop
      vertex -10 -7.22752 46.865
      vertex -10 -5.21233 40.0366
      vertex -10 -7.22752 23.135
    endloop
  endfacet
  facet normal -1 0 0
    outer loop
      vertex -10 -5.21233 40.0366
      vertex -10 -7.22752 46.865
      vertex -10 -7.02254 46.5305
    endloop
  endfacet
  facet normal -1 0 0
    outer loop
      vertex -10 -7.37764 22.7725
      vertex -10 -7.22752 46.865
      vertex -10 -7.22752 23.135
    endloop
  endfacet
  facet normal -1 0 0
    outer loop
      vertex -10 -7.37764 22.7725
      vertex -10 -7.37764 47.2275
      vertex -10 -7.22752 46.865
    endloop
  endfacet
  facet normal -1 0 0
    outer loop
      vertex -10 -7.46922 22.3911
      vertex -10 -7.37764 47.2275
      vertex -10 -7.37764 22.7725
    endloop
  endfacet
  facet normal -1 0 0
    outer loop
      vertex -10 -7.46922 22.3911
      vertex -10 -7.46922 47.6089
      vertex -10 -7.37764 47.2275
    endloop
  endfacet
  facet normal -1 0 0
    outer loop
      vertex -10 -10 6
      vertex -10 -7.46922 22.3911
      vertex -10 -7.5 22
    endloop
  endfacet
  facet normal -1 -0 0
    outer loop
      vertex -10 -7.46922 22.3911
      vertex -10 -10 6
      vertex -10 -7.46922 47.6089
    endloop
  endfacet
  facet normal -1 0 0
    outer loop
      vertex -10 -4.58462 186.15
      vertex -10 0 194
      vertex -10 0 186.15
    endloop
  endfacet
  facet normal -1 0 0
    outer loop
      vertex -10 -10 194
      vertex -10 -4.58462 186.15
      vertex -10 -5.54391 185.596
    endloop
  endfacet
  facet normal -1 0 0
    outer loop
      vertex -10 -6.13498 180.228
      vertex -10 -5.54391 185.596
      vertex -10 -5.77254 180.378
    endloop
  endfacet
  facet normal -1 0 0
    outer loop
      vertex -10 -6.46946 180.023
      vertex -10 -5.54391 185.596
      vertex -10 -6.13498 180.228
    endloop
  endfacet
  facet normal -1 0 0
    outer loop
      vertex -10 -6.76777 179.768
      vertex -10 -5.54391 185.596
      vertex -10 -6.46946 180.023
    endloop
  endfacet
  facet normal -1 0 0
    outer loop
      vertex -10 -7.02254 179.469
      vertex -10 -5.54391 185.596
      vertex -10 -6.76777 179.768
    endloop
  endfacet
  facet normal -1 0 0
    outer loop
      vertex -10 -7.22752 179.135
      vertex -10 -5.54391 185.596
      vertex -10 -7.02254 179.469
    endloop
  endfacet
  facet normal -1 0 0
    outer loop
      vertex -10 -10 194
      vertex -10 -7.22752 179.135
      vertex -10 -7.37764 178.773
    endloop
  endfacet
  facet normal -1 0 0
    outer loop
      vertex -10 -4.58462 186.15
      vertex -10 -10 194
      vertex -10 0 194
    endloop
  endfacet
  facet normal -1 0 0
    outer loop
      vertex -10 -7.22752 179.135
      vertex -10 -10 194
      vertex -10 -5.54391 185.596
    endloop
  endfacet
  facet normal -1 0 0
    outer loop
      vertex -10 -7.46922 178.391
      vertex -10 -10 194
      vertex -10 -7.37764 178.773
    endloop
  endfacet
  facet normal -1 0 0
    outer loop
      vertex -10 -7.5 178
      vertex -10 -10 194
      vertex -10 -7.46922 178.391
    endloop
  endfacet
  facet normal -1 0 0
    outer loop
      vertex -10 -7.5 152
      vertex -10 -10 194
      vertex -10 -7.5 178
    endloop
  endfacet
  facet normal 0 1 0
    outer loop
      vertex 10 0 194
      vertex 9.02362 0 186.321
      vertex -10 0 194
    endloop
  endfacet
  facet normal -0 1 0
    outer loop
      vertex 9.02362 0 186.321
      vertex 10 0 194
      vertex 10 0 186.15
    endloop
  endfacet
  facet normal 0 1 -0
    outer loop
      vertex -9.02362 0 186.321
      vertex -10 0 194
      vertex 9.02362 0 186.321
    endloop
  endfacet
  facet normal 0 1 0
    outer loop
      vertex -10 0 194
      vertex -9.02362 0 186.321
      vertex -10 0 186.15
    endloop
  endfacet
  facet normal 0 1 0
    outer loop
      vertex 9 0 6
      vertex 9.02362 0 13.6793
      vertex 10 0 6
    endloop
  endfacet
  facet normal 0 1 -0
    outer loop
      vertex 10 0 6
      vertex 9.02362 0 13.6793
      vertex 10 0 13.8504
    endloop
  endfacet
  facet normal 0 1 0
    outer loop
      vertex 7 0 6
      vertex 9.02362 0 13.6793
      vertex 9 0 6
    endloop
  endfacet
  facet normal 0 1 0
    outer loop
      vertex 4.5 0 6
      vertex 9.02362 0 13.6793
      vertex 7 0 6
    endloop
  endfacet
  facet normal 0 1 0
    outer loop
      vertex 9.02362 0 13.6793
      vertex 4.5 0 6
      vertex -9.02362 0 13.6793
    endloop
  endfacet
  facet normal 0 1 -0
    outer loop
      vertex -4.5 0 6
      vertex -9.02362 0 13.6793
      vertex 4.5 0 6
    endloop
  endfacet
  facet normal 0 1 -0
    outer loop
      vertex -7 0 6
      vertex -9.02362 0 13.6793
      vertex -4.5 0 6
    endloop
  endfacet
  facet normal 0 1 -0
    outer loop
      vertex -9 0 6
      vertex -9.02362 0 13.6793
      vertex -7 0 6
    endloop
  endfacet
  facet normal 0 1 0
    outer loop
      vertex -10 0 6
      vertex -9.02362 0 13.6793
      vertex -9 0 6
    endloop
  endfacet
  facet normal 0 1 0
    outer loop
      vertex -9.02362 0 13.6793
      vertex -10 0 6
      vertex -10 0 13.8504
    endloop
  endfacet
  facet normal 0 1 0
    outer loop
      vertex 8.84494 0 39.5666
      vertex 10 0 30.8016
      vertex -8.84494 0 39.5666
    endloop
  endfacet
  facet normal 0 1 -0
    outer loop
      vertex 10 0 30.8016
      vertex 8.84494 0 39.5666
      vertex 10 0 39.6577
    endloop
  endfacet
  facet normal 0 1 0
    outer loop
      vertex -10 0 30.8016
      vertex -8.84494 0 39.5666
      vertex 10 0 30.8016
    endloop
  endfacet
  facet normal 0 1 0
    outer loop
      vertex -8.84494 0 39.5666
      vertex -10 0 30.8016
      vertex -10 0 39.6577
    endloop
  endfacet
  facet normal 0 1 0
    outer loop
      vertex 8.71241 0 65.5142
      vertex 10 0 56.8569
      vertex -8.71241 0 65.5142
    endloop
  endfacet
  facet normal 0 1 -0
    outer loop
      vertex 10 0 56.8569
      vertex 8.71241 0 65.5142
      vertex 10 0 65.5397
    endloop
  endfacet
  facet normal 0 1 0
    outer loop
      vertex -10 0 56.8569
      vertex -8.71241 0 65.5142
      vertex 10 0 56.8569
    endloop
  endfacet
  facet normal 0 1 0
    outer loop
      vertex -8.71241 0 65.5142
      vertex -10 0 56.8569
      vertex -10 0 65.5397
    endloop
  endfacet
  facet normal 0 1 0
    outer loop
      vertex 10 0 169.198
      vertex 8.84494 0 160.433
      vertex -10 0 169.198
    endloop
  endfacet
  facet normal -0 1 0
    outer loop
      vertex 8.84494 0 160.433
      vertex 10 0 169.198
      vertex 10 0 160.342
    endloop
  endfacet
  facet normal 0 1 -0
    outer loop
      vertex -8.84494 0 160.433
      vertex -10 0 169.198
      vertex 8.84494 0 160.433
    endloop
  endfacet
  facet normal 0 1 0
    outer loop
      vertex -10 0 169.198
      vertex -8.84494 0 160.433
      vertex -10 0 160.342
    endloop
  endfacet
  facet normal 0 1 0
    outer loop
      vertex 10 0 143.143
      vertex 8.71241 0 134.486
      vertex -10 0 143.143
    endloop
  endfacet
  facet normal -0 1 0
    outer loop
      vertex 8.71241 0 134.486
      vertex 10 0 143.143
      vertex 10 0 134.46
    endloop
  endfacet
  facet normal 0 1 -0
    outer loop
      vertex -8.71241 0 134.486
      vertex -10 0 143.143
      vertex 8.71241 0 134.486
    endloop
  endfacet
  facet normal 0 1 0
    outer loop
      vertex -10 0 143.143
      vertex -8.71241 0 134.486
      vertex -10 0 134.46
    endloop
  endfacet
  facet normal 0 1 -0
    outer loop
      vertex 10 0 108.5
      vertex -10 0 117.23
      vertex 10 0 117.23
    endloop
  endfacet
  facet normal 0 1 0
    outer loop
      vertex -10 0 117.23
      vertex 10 0 108.5
      vertex -10 0 108.5
    endloop
  endfacet
  facet normal 0 1 -0
    outer loop
      vertex 10 0 82.77
      vertex -10 0 91.5
      vertex 10 0 91.5
    endloop
  endfacet
  facet normal 0 1 0
    outer loop
      vertex -10 0 91.5
      vertex 10 0 82.77
      vertex -10 0 82.77
    endloop
  endfacet
  facet normal 0 -1 0
    outer loop
      vertex -10 -10 6
      vertex 10 -10 194
      vertex -10 -10 194
    endloop
  endfacet
  facet normal 0 -1 -0
    outer loop
      vertex 10 -10 194
      vertex -10 -10 6
      vertex 10 -10 6
    endloop
  endfacet
  facet normal -0.229666 0.486635 -0.842876
    outer loop
      vertex -9.84356 9.10616 178.855
      vertex -9.69098 -0.921422 173.024
      vertex -9.84356 -0.939738 173.055
    endloop
  endfacet
  facet normal -0.229647 0.486637 -0.84288
    outer loop
      vertex -9.69098 -0.921422 173.024
      vertex -9.84356 9.10616 178.855
      vertex -9.69098 9.12447 178.824
    endloop
  endfacet
  facet normal -0.972629 -0.116182 0.201232
    outer loop
      vertex -9.04894 -0.291386 171.932
      vertex -9.01231 9.67822 177.865
      vertex -9.04894 9.75451 177.732
    endloop
  endfacet
  facet normal -0.972629 -0.116181 0.201232
    outer loop
      vertex -9.01231 9.67822 177.865
      vertex -9.04894 -0.291386 171.932
      vertex -9.01231 -0.367677 172.065
    endloop
  endfacet
  facet normal -0.996902 -0.039327 0.0681163
    outer loop
      vertex -9.01231 -0.367677 172.065
      vertex -9 9.6 178
      vertex -9.01231 9.67822 177.865
    endloop
  endfacet
  facet normal -0.996902 -0.0393274 0.068117
    outer loop
      vertex -9 9.6 178
      vertex -9.01231 -0.367677 172.065
      vertex -9 -0.445894 172.2
    endloop
  endfacet
  facet normal -0.923429 -0.191884 0.332353
    outer loop
      vertex -9.10899 -0.218899 171.807
      vertex -9.04894 9.75451 177.732
      vertex -9.10899 9.82699 177.607
    endloop
  endfacet
  facet normal -0.923433 -0.19188 0.332346
    outer loop
      vertex -9.04894 9.75451 177.732
      vertex -9.10899 -0.218899 171.807
      vertex -9.04894 -0.291386 171.932
    endloop
  endfacet
  facet normal -0.852829 0.261096 -0.452231
    outer loop
      vertex -9.10899 -0.672889 172.593
      vertex -9.19098 9.30611 178.509
      vertex -9.10899 9.373 178.393
    endloop
  endfacet
  facet normal -0.852836 0.26109 -0.452221
    outer loop
      vertex -9.19098 9.30611 178.509
      vertex -9.10899 -0.672889 172.593
      vertex -9.19098 -0.739787 172.709
    endloop
  endfacet
  facet normal -0.0803092 0.498385 -0.863228
    outer loop
      vertex -10 9.1 178.866
      vertex -9.84356 -0.939738 173.055
      vertex -10 -0.945894 173.066
    endloop
  endfacet
  facet normal -0.0803218 0.498384 -0.863227
    outer loop
      vertex -9.84356 -0.939738 173.055
      vertex -10 9.1 178.866
      vertex -9.84356 9.10616 178.855
    endloop
  endfacet
  facet normal -0.852837 -0.261088 0.452218
    outer loop
      vertex -9.19098 -0.152002 171.691
      vertex -9.10899 9.82699 177.607
      vertex -9.19098 9.89389 177.491
    endloop
  endfacet
  facet normal -0.852835 -0.261091 0.452222
    outer loop
      vertex -9.10899 9.82699 177.607
      vertex -9.19098 -0.152002 171.691
      vertex -9.10899 -0.218899 171.807
    endloop
  endfacet
  facet normal -0.972629 0.116182 -0.201232
    outer loop
      vertex -9.01231 -0.524111 172.335
      vertex -9.04894 9.44549 178.268
      vertex -9.01231 9.52178 178.135
    endloop
  endfacet
  facet normal -0.972629 0.116181 -0.201232
    outer loop
      vertex -9.04894 9.44549 178.268
      vertex -9.01231 -0.524111 172.335
      vertex -9.04894 -0.600402 172.468
    endloop
  endfacet
  facet normal 0.972672 0.116092 -0.201076
    outer loop
      vertex -10.9511 9.44549 178.268
      vertex -10.9877 -0.524111 172.335
      vertex -10.9877 9.52178 178.135
    endloop
  endfacet
  facet normal 0.972672 0.116091 -0.201076
    outer loop
      vertex -10.9877 -0.524111 172.335
      vertex -10.9511 9.44549 178.268
      vertex -10.9511 -0.600402 172.468
    endloop
  endfacet
  facet normal -0.522464 0.426331 -0.738426
    outer loop
      vertex -9.54601 9.1545 178.772
      vertex -9.41221 -0.850402 172.901
      vertex -9.54601 -0.891397 172.972
    endloop
  endfacet
  facet normal -0.522453 0.426334 -0.738432
    outer loop
      vertex -9.41221 -0.850402 172.901
      vertex -9.54601 9.1545 178.772
      vertex -9.41221 9.19549 178.701
    endloop
  endfacet
  facet normal 0.0804689 -0.498379 0.863217
    outer loop
      vertex -10.1564 10.0938 177.145
      vertex -10 0.0541058 171.334
      vertex -10 10.1 177.134
    endloop
  endfacet
  facet normal 0.0803296 -0.498386 0.863226
    outer loop
      vertex -10 0.0541058 171.334
      vertex -10.1564 10.0938 177.145
      vertex -10.1564 0.0479498 171.345
    endloop
  endfacet
  facet normal -0.651815 0.379189 -0.656775
    outer loop
      vertex -9.41221 9.19549 178.701
      vertex -9.29289 -0.799447 172.812
      vertex -9.41221 -0.850402 172.901
    endloop
  endfacet
  facet normal -0.651824 0.379185 -0.656768
    outer loop
      vertex -9.29289 -0.799447 172.812
      vertex -9.41221 9.19549 178.701
      vertex -9.29289 9.24645 178.612
    endloop
  endfacet
  facet normal -0.923434 0.191879 -0.332343
    outer loop
      vertex -9.04894 -0.600402 172.468
      vertex -9.10899 9.373 178.393
      vertex -9.04894 9.44549 178.268
    endloop
  endfacet
  facet normal -0.923433 0.19188 -0.332346
    outer loop
      vertex -9.10899 9.373 178.393
      vertex -9.04894 -0.600402 172.468
      vertex -9.10899 -0.672889 172.593
    endloop
  endfacet
  facet normal 0.996907 0.0392952 -0.0680613
    outer loop
      vertex -10.9877 9.52178 178.135
      vertex -11 -0.445894 172.2
      vertex -11 9.6 178
    endloop
  endfacet
  facet normal 0.996907 0.0392956 -0.068062
    outer loop
      vertex -11 -0.445894 172.2
      vertex -10.9877 9.52178 178.135
      vertex -10.9877 -0.524111 172.335
    endloop
  endfacet
  facet normal -0.382669 0.461943 -0.800108
    outer loop
      vertex -9.69098 9.12447 178.824
      vertex -9.54601 -0.891397 172.972
      vertex -9.69098 -0.921422 173.024
    endloop
  endfacet
  facet normal -0.382682 0.46194 -0.800104
    outer loop
      vertex -9.54601 -0.891397 172.972
      vertex -9.69098 9.12447 178.824
      vertex -9.54601 9.1545 178.772
    endloop
  endfacet
  facet normal 0.651868 -0.379166 0.656735
    outer loop
      vertex -10.7071 9.95355 177.388
      vertex -10.5878 -0.0413861 171.499
      vertex -10.5878 10.0045 177.299
    endloop
  endfacet
  facet normal 0.651877 -0.379162 0.656728
    outer loop
      vertex -10.5878 -0.0413861 171.499
      vertex -10.7071 9.95355 177.388
      vertex -10.7071 -0.0923409 171.588
    endloop
  endfacet
  facet normal 0.382533 -0.461972 0.800156
    outer loop
      vertex -10.454 10.0455 177.228
      vertex -10.309 0.0296341 171.376
      vertex -10.309 10.0755 177.176
    endloop
  endfacet
  facet normal 0.382601 -0.461957 0.800133
    outer loop
      vertex -10.309 0.0296341 171.376
      vertex -10.454 10.0455 177.228
      vertex -10.454 -0.000390954 171.428
    endloop
  endfacet
  facet normal 0.522464 0.426331 -0.738426
    outer loop
      vertex -10.5878 -0.850402 172.901
      vertex -10.454 9.1545 178.772
      vertex -10.454 -0.891397 172.972
    endloop
  endfacet
  facet normal 0.522453 0.426334 -0.738432
    outer loop
      vertex -10.454 9.1545 178.772
      vertex -10.5878 -0.850402 172.901
      vertex -10.5878 9.19549 178.701
    endloop
  endfacet
  facet normal -0.382601 -0.461958 0.800132
    outer loop
      vertex -9.69098 0.0296341 171.376
      vertex -9.54601 10.0455 177.228
      vertex -9.69098 10.0755 177.176
    endloop
  endfacet
  facet normal -0.382669 -0.461943 0.800108
    outer loop
      vertex -9.54601 10.0455 177.228
      vertex -9.69098 0.0296341 171.376
      vertex -9.54601 -0.000390954 171.428
    endloop
  endfacet
  facet normal 0.382601 0.461957 -0.800133
    outer loop
      vertex -10.454 -0.891397 172.972
      vertex -10.309 9.12447 178.824
      vertex -10.309 -0.921422 173.024
    endloop
  endfacet
  facet normal 0.382615 0.461954 -0.800128
    outer loop
      vertex -10.309 9.12447 178.824
      vertex -10.454 -0.891397 172.972
      vertex -10.454 9.1545 178.772
    endloop
  endfacet
  facet normal 0.759655 0.325163 -0.5632
    outer loop
      vertex -10.7071 9.24645 178.612
      vertex -10.809 -0.739787 172.709
      vertex -10.809 9.30611 178.509
    endloop
  endfacet
  facet normal 0.759655 0.325163 -0.5632
    outer loop
      vertex -10.809 -0.739787 172.709
      vertex -10.7071 9.24645 178.612
      vertex -10.7071 -0.799447 172.812
    endloop
  endfacet
  facet normal 0.522476 -0.426327 0.73842
    outer loop
      vertex -10.5878 10.0045 177.299
      vertex -10.454 -0.000390954 171.428
      vertex -10.454 10.0455 177.228
    endloop
  endfacet
  facet normal 0.522464 -0.426331 0.738426
    outer loop
      vertex -10.454 -0.000390954 171.428
      vertex -10.5878 10.0045 177.299
      vertex -10.5878 -0.0413861 171.499
    endloop
  endfacet
  facet normal 0.651878 0.379162 -0.656728
    outer loop
      vertex -10.7071 -0.799447 172.812
      vertex -10.5878 9.19549 178.701
      vertex -10.5878 -0.850402 172.901
    endloop
  endfacet
  facet normal 0.651887 0.379158 -0.656721
    outer loop
      vertex -10.5878 9.19549 178.701
      vertex -10.7071 -0.799447 172.812
      vertex -10.7071 9.24645 178.612
    endloop
  endfacet
  facet normal 0.923321 0.192015 -0.332579
    outer loop
      vertex -10.891 9.373 178.393
      vertex -10.9511 -0.600402 172.468
      vertex -10.9511 9.44549 178.268
    endloop
  endfacet
  facet normal 0.923319 0.192017 -0.332582
    outer loop
      vertex -10.9511 -0.600402 172.468
      vertex -10.891 9.373 178.393
      vertex -10.891 -0.672889 172.593
    endloop
  endfacet
  facet normal -0.996902 0.039327 -0.0681163
    outer loop
      vertex -9 -0.445894 172.2
      vertex -9.01231 9.52178 178.135
      vertex -9 9.6 178
    endloop
  endfacet
  facet normal -0.996902 0.0393274 -0.068117
    outer loop
      vertex -9.01231 9.52178 178.135
      vertex -9 -0.445894 172.2
      vertex -9.01231 -0.524111 172.335
    endloop
  endfacet
  facet normal -0.522476 -0.426327 0.73842
    outer loop
      vertex -9.54601 -0.000390954 171.428
      vertex -9.41221 10.0045 177.299
      vertex -9.54601 10.0455 177.228
    endloop
  endfacet
  facet normal -0.522464 -0.426331 0.738426
    outer loop
      vertex -9.41221 10.0045 177.299
      vertex -9.54601 -0.000390954 171.428
      vertex -9.41221 -0.0413861 171.499
    endloop
  endfacet
  facet normal -0.759623 -0.325182 0.563231
    outer loop
      vertex -9.29289 -0.0923409 171.588
      vertex -9.19098 9.89389 177.491
      vertex -9.29289 9.95355 177.388
    endloop
  endfacet
  facet normal -0.759625 -0.325181 0.56323
    outer loop
      vertex -9.19098 9.89389 177.491
      vertex -9.29289 -0.0923409 171.588
      vertex -9.19098 -0.152002 171.691
    endloop
  endfacet
  facet normal -0.651806 -0.379193 0.656781
    outer loop
      vertex -9.41221 -0.0413861 171.499
      vertex -9.29289 9.95355 177.388
      vertex -9.41221 10.0045 177.299
    endloop
  endfacet
  facet normal -0.651814 -0.379189 0.656775
    outer loop
      vertex -9.29289 9.95355 177.388
      vertex -9.41221 -0.0413861 171.499
      vertex -9.29289 -0.0923409 171.588
    endloop
  endfacet
  facet normal -0.759623 0.325182 -0.563231
    outer loop
      vertex -9.19098 -0.739787 172.709
      vertex -9.29289 9.24645 178.612
      vertex -9.19098 9.30611 178.509
    endloop
  endfacet
  facet normal -0.759623 0.325182 -0.563231
    outer loop
      vertex -9.29289 9.24645 178.612
      vertex -9.19098 -0.739787 172.709
      vertex -9.29289 -0.799447 172.812
    endloop
  endfacet
  facet normal 0.759655 -0.325163 0.563199
    outer loop
      vertex -10.809 9.89389 177.491
      vertex -10.7071 -0.0923409 171.588
      vertex -10.7071 9.95355 177.388
    endloop
  endfacet
  facet normal 0.759656 -0.325163 0.563198
    outer loop
      vertex -10.7071 -0.0923409 171.588
      vertex -10.809 9.89389 177.491
      vertex -10.809 -0.152002 171.691
    endloop
  endfacet
  facet normal 0.229637 0.486638 -0.842882
    outer loop
      vertex -10.309 -0.921422 173.024
      vertex -10.1564 9.10616 178.855
      vertex -10.1564 -0.939738 173.055
    endloop
  endfacet
  facet normal 0.229619 0.48664 -0.842886
    outer loop
      vertex -10.1564 9.10616 178.855
      vertex -10.309 -0.921422 173.024
      vertex -10.309 9.12447 178.824
    endloop
  endfacet
  facet normal 0.8528 0.261119 -0.452271
    outer loop
      vertex -10.809 9.30611 178.509
      vertex -10.891 -0.672889 172.593
      vertex -10.891 9.373 178.393
    endloop
  endfacet
  facet normal 0.852807 0.261113 -0.452261
    outer loop
      vertex -10.891 -0.672889 172.593
      vertex -10.809 9.30611 178.509
      vertex -10.809 -0.739787 172.709
    endloop
  endfacet
  facet normal 0.229589 -0.486645 0.842891
    outer loop
      vertex -10.309 10.0755 177.176
      vertex -10.1564 0.0479498 171.345
      vertex -10.1564 10.0938 177.145
    endloop
  endfacet
  facet normal 0.229636 -0.486639 0.842882
    outer loop
      vertex -10.1564 0.0479498 171.345
      vertex -10.309 10.0755 177.176
      vertex -10.309 0.0296341 171.376
    endloop
  endfacet
  facet normal 0.923316 -0.192021 0.332589
    outer loop
      vertex -10.9511 9.75451 177.732
      vertex -10.891 -0.218899 171.807
      vertex -10.891 9.82699 177.607
    endloop
  endfacet
  facet normal 0.923319 -0.192016 0.332582
    outer loop
      vertex -10.891 -0.218899 171.807
      vertex -10.9511 9.75451 177.732
      vertex -10.9511 -0.291386 171.932
    endloop
  endfacet
  facet normal 0.852809 -0.261112 0.452258
    outer loop
      vertex -10.891 9.82699 177.607
      vertex -10.809 -0.152002 171.691
      vertex -10.809 9.89389 177.491
    endloop
  endfacet
  facet normal 0.852806 -0.261114 0.452262
    outer loop
      vertex -10.809 -0.152002 171.691
      vertex -10.891 9.82699 177.607
      vertex -10.891 -0.218899 171.807
    endloop
  endfacet
  facet normal -0.229617 -0.486642 0.842885
    outer loop
      vertex -9.84356 0.0479498 171.345
      vertex -9.69098 10.0755 177.176
      vertex -9.84356 10.0938 177.145
    endloop
  endfacet
  facet normal -0.229665 -0.486636 0.842876
    outer loop
      vertex -9.69098 10.0755 177.176
      vertex -9.84356 0.0479498 171.345
      vertex -9.69098 0.0296341 171.376
    endloop
  endfacet
  facet normal -0.0804484 -0.498379 0.863218
    outer loop
      vertex -10 0.0541058 171.334
      vertex -9.84356 10.0938 177.145
      vertex -10 10.1 177.134
    endloop
  endfacet
  facet normal -0.0803092 -0.498387 0.863227
    outer loop
      vertex -9.84356 10.0938 177.145
      vertex -10 0.0541058 171.334
      vertex -9.84356 0.0479498 171.345
    endloop
  endfacet
  facet normal 0.996996 -0.0387258 0.0670751
    outer loop
      vertex -10.9886 9.67237 177.875
      vertex -10.9877 -0.367677 172.065
      vertex -10.9877 9.67822 177.865
    endloop
  endfacet
  facet normal 0.9969 -0.039342 0.0681398
    outer loop
      vertex -11 9.6 178
      vertex -10.9877 -0.367677 172.065
      vertex -10.9886 9.67237 177.875
    endloop
  endfacet
  facet normal 0.996907 -0.0392956 0.068062
    outer loop
      vertex -10.9877 -0.367677 172.065
      vertex -11 9.6 178
      vertex -11 -0.445894 172.2
    endloop
  endfacet
  facet normal 0.972672 -0.116092 0.201076
    outer loop
      vertex -10.9877 9.67822 177.865
      vertex -10.9511 -0.291386 171.932
      vertex -10.9511 9.75451 177.732
    endloop
  endfacet
  facet normal 0.972672 -0.116091 0.201076
    outer loop
      vertex -10.9511 -0.291386 171.932
      vertex -10.9877 9.67822 177.865
      vertex -10.9877 -0.367677 172.065
    endloop
  endfacet
  facet normal 0.00107969 0.866019 0.500011
    outer loop
      vertex -10 0.0541058 171.334
      vertex -10 -0.945894 173.066
      vertex -9.84356 -0.939738 173.055
    endloop
  endfacet
  facet normal -0.00232997 0.865931 0.500158
    outer loop
      vertex -9.84356 0.0479498 171.345
      vertex -9.84356 -0.939738 173.055
      vertex -9.69098 -0.921422 173.024
    endloop
  endfacet
  facet normal -0.00107996 0.866019 0.500011
    outer loop
      vertex -10 -0.945894 173.066
      vertex -10 0.0541058 171.334
      vertex -10.1564 -0.939738 173.055
    endloop
  endfacet
  facet normal -9.52828e-05 0.86612 0.499836
    outer loop
      vertex -9.69098 0.0296341 171.376
      vertex -9.69098 -0.921422 173.024
      vertex -9.54601 -0.891397 172.972
    endloop
  endfacet
  facet normal 0.00109375 0.865933 0.500159
    outer loop
      vertex -10.1564 0.0479498 171.345
      vertex -10.1564 -0.939738 173.055
      vertex -10 0.0541058 171.334
    endloop
  endfacet
  facet normal -0.000146114 0.866128 0.499822
    outer loop
      vertex -9.54601 -0.000390954 171.428
      vertex -9.54601 -0.891397 172.972
      vertex -9.41221 -0.850402 172.901
    endloop
  endfacet
  facet normal 0.00232967 0.865931 0.500158
    outer loop
      vertex -10.1564 -0.939738 173.055
      vertex -10.1564 0.0479498 171.345
      vertex -10.309 -0.921422 173.024
    endloop
  endfacet
  facet normal 0.00291758 0.866137 0.499799
    outer loop
      vertex -9.41221 -0.0413861 171.499
      vertex -9.41221 -0.850402 172.901
      vertex -9.29289 -0.799447 172.812
    endloop
  endfacet
  facet normal -0.0024161 0.866118 0.499834
    outer loop
      vertex -10.309 0.0296341 171.376
      vertex -10.309 -0.921422 173.024
      vertex -10.1564 0.0479498 171.345
    endloop
  endfacet
  facet normal -0.00133219 0.865893 0.500227
    outer loop
      vertex -9.29289 -0.0923409 171.588
      vertex -9.29289 -0.799447 172.812
      vertex -9.19098 -0.739787 172.709
    endloop
  endfacet
  facet normal 9.52631e-05 0.86612 0.499836
    outer loop
      vertex -10.309 -0.921422 173.024
      vertex -10.309 0.0296341 171.376
      vertex -10.454 -0.891397 172.972
    endloop
  endfacet
  facet normal 0.000839346 0.866009 0.500027
    outer loop
      vertex -9.19098 -0.152002 171.691
      vertex -9.19098 -0.739787 172.709
      vertex -9.10899 -0.672889 172.593
    endloop
  endfacet
  facet normal -0.000102014 0.866128 0.499822
    outer loop
      vertex -10.454 -0.000390954 171.428
      vertex -10.454 -0.891397 172.972
      vertex -10.309 0.0296341 171.376
    endloop
  endfacet
  facet normal -0.00414682 0.865926 0.500155
    outer loop
      vertex -9.10899 -0.218899 171.807
      vertex -9.10899 -0.672889 172.593
      vertex -9.04894 -0.600402 172.468
    endloop
  endfacet
  facet normal 0.000146114 0.866128 0.499822
    outer loop
      vertex -10.454 -0.891397 172.972
      vertex -10.454 -0.000390954 171.428
      vertex -10.5878 -0.850402 172.901
    endloop
  endfacet
  facet normal 0.00838297 0.866396 0.499288
    outer loop
      vertex -9.10899 -0.218899 171.807
      vertex -9.04894 -0.600402 172.468
      vertex -9.01231 -0.524111 172.335
    endloop
  endfacet
  facet normal -0.000161908 0.86614 0.499801
    outer loop
      vertex -10.5878 -0.0413861 171.499
      vertex -10.5878 -0.850402 172.901
      vertex -10.454 -0.000390954 171.428
    endloop
  endfacet
  facet normal -0.0042031 0.865421 0.501029
    outer loop
      vertex -9.10899 -0.218899 171.807
      vertex -9.01231 -0.524111 172.335
      vertex -9 -0.445894 172.2
    endloop
  endfacet
  facet normal -0.00291807 0.866137 0.499799
    outer loop
      vertex -10.5878 -0.850402 172.901
      vertex -10.5878 -0.0413861 171.499
      vertex -10.7071 -0.799447 172.812
    endloop
  endfacet
  facet normal -0.02705 0.863873 0.502982
    outer loop
      vertex -9.04894 -0.291386 171.932
      vertex -9 -0.445894 172.2
      vertex -9.01231 -0.367677 172.065
    endloop
  endfacet
  facet normal -0.00109347 0.865933 0.500159
    outer loop
      vertex -9.84356 -0.939738 173.055
      vertex -9.84356 0.0479498 171.345
      vertex -10 0.0541058 171.334
    endloop
  endfacet
  facet normal 0.00982294 0.867069 0.498091
    outer loop
      vertex -9.10899 -0.218899 171.807
      vertex -9 -0.445894 172.2
      vertex -9.04894 -0.291386 171.932
    endloop
  endfacet
  facet normal 0.00334303 0.865889 0.500225
    outer loop
      vertex -10.7071 -0.0923409 171.588
      vertex -10.7071 -0.799447 172.812
      vertex -10.5878 -0.0413861 171.499
    endloop
  endfacet
  facet normal -0.00109912 0.865933 0.500159
    outer loop
      vertex -9.10899 -0.672889 172.593
      vertex -9.10899 -0.218899 171.807
      vertex -9.19098 -0.152002 171.691
    endloop
  endfacet
  facet normal 0.00133232 0.865893 0.500227
    outer loop
      vertex -10.7071 -0.799447 172.812
      vertex -10.7071 -0.0923409 171.588
      vertex -10.809 -0.739787 172.709
    endloop
  endfacet
  facet normal 0.00161228 0.866009 0.500026
    outer loop
      vertex -9.19098 -0.739787 172.709
      vertex -9.19098 -0.152002 171.691
      vertex -9.29289 -0.0923409 171.588
    endloop
  endfacet
  facet normal -0.00161244 0.866009 0.500026
    outer loop
      vertex -10.809 -0.152002 171.691
      vertex -10.809 -0.739787 172.709
      vertex -10.7071 -0.0923409 171.588
    endloop
  endfacet
  facet normal -0.00334247 0.865889 0.500225
    outer loop
      vertex -9.29289 -0.799447 172.812
      vertex -9.29289 -0.0923409 171.588
      vertex -9.41221 -0.0413861 171.499
    endloop
  endfacet
  facet normal 0.00241641 0.866118 0.499834
    outer loop
      vertex -9.69098 -0.921422 173.024
      vertex -9.69098 0.0296341 171.376
      vertex -9.84356 0.0479498 171.345
    endloop
  endfacet
  facet normal 0.000161908 0.86614 0.499801
    outer loop
      vertex -9.41221 -0.850402 172.901
      vertex -9.41221 -0.0413861 171.499
      vertex -9.54601 -0.000390954 171.428
    endloop
  endfacet
  facet normal 0.000102035 0.866128 0.499822
    outer loop
      vertex -9.54601 -0.891397 172.972
      vertex -9.54601 -0.000390954 171.428
      vertex -9.69098 0.0296341 171.376
    endloop
  endfacet
  facet normal 0.00109898 0.865933 0.500159
    outer loop
      vertex -10.891 -0.218899 171.807
      vertex -10.891 -0.672889 172.593
      vertex -10.809 -0.152002 171.691
    endloop
  endfacet
  facet normal -0.00980484 0.867067 0.498095
    outer loop
      vertex -11 -0.445894 172.2
      vertex -10.891 -0.218899 171.807
      vertex -10.9511 -0.291386 171.932
    endloop
  endfacet
  facet normal 0.0270723 0.863873 0.502982
    outer loop
      vertex -11 -0.445894 172.2
      vertex -10.9511 -0.291386 171.932
      vertex -10.9877 -0.367677 172.065
    endloop
  endfacet
  facet normal 0.00420366 0.86542 0.501029
    outer loop
      vertex -10.9877 -0.524111 172.335
      vertex -10.891 -0.218899 171.807
      vertex -11 -0.445894 172.2
    endloop
  endfacet
  facet normal 0.00414337 0.865926 0.500155
    outer loop
      vertex -10.891 -0.672889 172.593
      vertex -10.891 -0.218899 171.807
      vertex -10.9511 -0.600402 172.468
    endloop
  endfacet
  facet normal -0.0083864 0.866396 0.499287
    outer loop
      vertex -10.9511 -0.600402 172.468
      vertex -10.891 -0.218899 171.807
      vertex -10.9877 -0.524111 172.335
    endloop
  endfacet
  facet normal -0.000839244 0.866009 0.500027
    outer loop
      vertex -10.809 -0.739787 172.709
      vertex -10.809 -0.152002 171.691
      vertex -10.891 -0.672889 172.593
    endloop
  endfacet
  facet normal 0.0803296 0.498384 -0.863227
    outer loop
      vertex -10.1564 -0.939738 173.055
      vertex -10 9.1 178.866
      vertex -10 -0.945894 173.066
    endloop
  endfacet
  facet normal 0.0803422 0.498384 -0.863226
    outer loop
      vertex -10 9.1 178.866
      vertex -10.1564 -0.939738 173.055
      vertex -10.1564 9.10616 178.855
    endloop
  endfacet
  facet normal -0.382601 0.461957 -0.800133
    outer loop
      vertex 10.309 9.12447 178.824
      vertex 10.454 -0.891397 172.972
      vertex 10.309 -0.921422 173.024
    endloop
  endfacet
  facet normal -0.382615 0.461954 -0.800128
    outer loop
      vertex 10.454 -0.891397 172.972
      vertex 10.309 9.12447 178.824
      vertex 10.454 9.1545 178.772
    endloop
  endfacet
  facet normal -0.972672 -0.116092 0.201076
    outer loop
      vertex 10.9511 -0.291386 171.932
      vertex 10.9877 9.67822 177.865
      vertex 10.9511 9.75451 177.732
    endloop
  endfacet
  facet normal -0.972672 -0.116091 0.201076
    outer loop
      vertex 10.9877 9.67822 177.865
      vertex 10.9511 -0.291386 171.932
      vertex 10.9877 -0.367677 172.065
    endloop
  endfacet
  facet normal -0.996996 -0.0387258 0.0670751
    outer loop
      vertex 10.9877 -0.367677 172.065
      vertex 10.9886 9.67237 177.875
      vertex 10.9877 9.67822 177.865
    endloop
  endfacet
  facet normal -0.9969 -0.039342 0.0681398
    outer loop
      vertex 10.9877 -0.367677 172.065
      vertex 11 9.6 178
      vertex 10.9886 9.67237 177.875
    endloop
  endfacet
  facet normal -0.996907 -0.0392956 0.068062
    outer loop
      vertex 11 9.6 178
      vertex 10.9877 -0.367677 172.065
      vertex 11 -0.445894 172.2
    endloop
  endfacet
  facet normal -0.923316 -0.192021 0.332589
    outer loop
      vertex 10.891 -0.218899 171.807
      vertex 10.9511 9.75451 177.732
      vertex 10.891 9.82699 177.607
    endloop
  endfacet
  facet normal -0.923319 -0.192016 0.332582
    outer loop
      vertex 10.9511 9.75451 177.732
      vertex 10.891 -0.218899 171.807
      vertex 10.9511 -0.291386 171.932
    endloop
  endfacet
  facet normal 0.522464 0.426331 -0.738426
    outer loop
      vertex 9.41221 -0.850402 172.901
      vertex 9.54601 9.1545 178.772
      vertex 9.54601 -0.891397 172.972
    endloop
  endfacet
  facet normal 0.522453 0.426334 -0.738432
    outer loop
      vertex 9.54601 9.1545 178.772
      vertex 9.41221 -0.850402 172.901
      vertex 9.41221 9.19549 178.701
    endloop
  endfacet
  facet normal 0.651815 0.379189 -0.656775
    outer loop
      vertex 9.29289 -0.799447 172.812
      vertex 9.41221 9.19549 178.701
      vertex 9.41221 -0.850402 172.901
    endloop
  endfacet
  facet normal 0.651824 0.379185 -0.656768
    outer loop
      vertex 9.41221 9.19549 178.701
      vertex 9.29289 -0.799447 172.812
      vertex 9.29289 9.24645 178.612
    endloop
  endfacet
  facet normal -0.229589 -0.486645 0.842891
    outer loop
      vertex 10.1564 0.0479498 171.345
      vertex 10.309 10.0755 177.176
      vertex 10.1564 10.0938 177.145
    endloop
  endfacet
  facet normal -0.229636 -0.486639 0.842882
    outer loop
      vertex 10.309 10.0755 177.176
      vertex 10.1564 0.0479498 171.345
      vertex 10.309 0.0296341 171.376
    endloop
  endfacet
  facet normal -0.923321 0.192015 -0.332579
    outer loop
      vertex 10.9511 -0.600402 172.468
      vertex 10.891 9.373 178.393
      vertex 10.9511 9.44549 178.268
    endloop
  endfacet
  facet normal -0.923319 0.192017 -0.332582
    outer loop
      vertex 10.891 9.373 178.393
      vertex 10.9511 -0.600402 172.468
      vertex 10.891 -0.672889 172.593
    endloop
  endfacet
  facet normal -0.382533 -0.461972 0.800156
    outer loop
      vertex 10.309 0.0296341 171.376
      vertex 10.454 10.0455 177.228
      vertex 10.309 10.0755 177.176
    endloop
  endfacet
  facet normal -0.382601 -0.461957 0.800133
    outer loop
      vertex 10.454 10.0455 177.228
      vertex 10.309 0.0296341 171.376
      vertex 10.454 -0.000390954 171.428
    endloop
  endfacet
  facet normal -0.8528 0.261119 -0.452271
    outer loop
      vertex 10.891 -0.672889 172.593
      vertex 10.809 9.30611 178.509
      vertex 10.891 9.373 178.393
    endloop
  endfacet
  facet normal -0.852807 0.261113 -0.452261
    outer loop
      vertex 10.809 9.30611 178.509
      vertex 10.891 -0.672889 172.593
      vertex 10.809 -0.739787 172.709
    endloop
  endfacet
  facet normal -0.852809 -0.261112 0.452258
    outer loop
      vertex 10.809 -0.152002 171.691
      vertex 10.891 9.82699 177.607
      vertex 10.809 9.89389 177.491
    endloop
  endfacet
  facet normal -0.852806 -0.261114 0.452262
    outer loop
      vertex 10.891 9.82699 177.607
      vertex 10.809 -0.152002 171.691
      vertex 10.891 -0.218899 171.807
    endloop
  endfacet
  facet normal 0.972629 -0.116182 0.201232
    outer loop
      vertex 9.01231 9.67822 177.865
      vertex 9.04894 -0.291386 171.932
      vertex 9.04894 9.75451 177.732
    endloop
  endfacet
  facet normal 0.972629 -0.116181 0.201232
    outer loop
      vertex 9.04894 -0.291386 171.932
      vertex 9.01231 9.67822 177.865
      vertex 9.01231 -0.367677 172.065
    endloop
  endfacet
  facet normal -0.996907 0.0392952 -0.0680613
    outer loop
      vertex 11 -0.445894 172.2
      vertex 10.9877 9.52178 178.135
      vertex 11 9.6 178
    endloop
  endfacet
  facet normal -0.996907 0.0392956 -0.068062
    outer loop
      vertex 10.9877 9.52178 178.135
      vertex 11 -0.445894 172.2
      vertex 10.9877 -0.524111 172.335
    endloop
  endfacet
  facet normal -0.651878 0.379162 -0.656728
    outer loop
      vertex 10.5878 9.19549 178.701
      vertex 10.7071 -0.799447 172.812
      vertex 10.5878 -0.850402 172.901
    endloop
  endfacet
  facet normal -0.651887 0.379158 -0.656721
    outer loop
      vertex 10.7071 -0.799447 172.812
      vertex 10.5878 9.19549 178.701
      vertex 10.7071 9.24645 178.612
    endloop
  endfacet
  facet normal -0.0804689 -0.498379 0.863217
    outer loop
      vertex 10 0.0541058 171.334
      vertex 10.1564 10.0938 177.145
      vertex 10 10.1 177.134
    endloop
  endfacet
  facet normal -0.0803296 -0.498386 0.863226
    outer loop
      vertex 10.1564 10.0938 177.145
      vertex 10 0.0541058 171.334
      vertex 10.1564 0.0479498 171.345
    endloop
  endfacet
  facet normal 0.923434 0.191879 -0.332343
    outer loop
      vertex 9.10899 9.373 178.393
      vertex 9.04894 -0.600402 172.468
      vertex 9.04894 9.44549 178.268
    endloop
  endfacet
  facet normal 0.923433 0.19188 -0.332346
    outer loop
      vertex 9.04894 -0.600402 172.468
      vertex 9.10899 9.373 178.393
      vertex 9.10899 -0.672889 172.593
    endloop
  endfacet
  facet normal 0.759623 0.325182 -0.563231
    outer loop
      vertex 9.29289 9.24645 178.612
      vertex 9.19098 -0.739787 172.709
      vertex 9.19098 9.30611 178.509
    endloop
  endfacet
  facet normal 0.759623 0.325182 -0.563231
    outer loop
      vertex 9.19098 -0.739787 172.709
      vertex 9.29289 9.24645 178.612
      vertex 9.29289 -0.799447 172.812
    endloop
  endfacet
  facet normal 0.759623 -0.325182 0.563231
    outer loop
      vertex 9.19098 9.89389 177.491
      vertex 9.29289 -0.0923409 171.588
      vertex 9.29289 9.95355 177.388
    endloop
  endfacet
  facet normal 0.759625 -0.325181 0.56323
    outer loop
      vertex 9.29289 -0.0923409 171.588
      vertex 9.19098 9.89389 177.491
      vertex 9.19098 -0.152002 171.691
    endloop
  endfacet
  facet normal 0.996902 0.039327 -0.0681163
    outer loop
      vertex 9.01231 9.52178 178.135
      vertex 9 -0.445894 172.2
      vertex 9 9.6 178
    endloop
  endfacet
  facet normal 0.996902 0.0393274 -0.068117
    outer loop
      vertex 9 -0.445894 172.2
      vertex 9.01231 9.52178 178.135
      vertex 9.01231 -0.524111 172.335
    endloop
  endfacet
  facet normal -0.229637 0.486638 -0.842882
    outer loop
      vertex 10.1564 9.10616 178.855
      vertex 10.309 -0.921422 173.024
      vertex 10.1564 -0.939738 173.055
    endloop
  endfacet
  facet normal -0.229619 0.48664 -0.842886
    outer loop
      vertex 10.309 -0.921422 173.024
      vertex 10.1564 9.10616 178.855
      vertex 10.309 9.12447 178.824
    endloop
  endfacet
  facet normal -0.651868 -0.379166 0.656735
    outer loop
      vertex 10.5878 -0.0413861 171.499
      vertex 10.7071 9.95355 177.388
      vertex 10.5878 10.0045 177.299
    endloop
  endfacet
  facet normal -0.651877 -0.379162 0.656728
    outer loop
      vertex 10.7071 9.95355 177.388
      vertex 10.5878 -0.0413861 171.499
      vertex 10.7071 -0.0923409 171.588
    endloop
  endfacet
  facet normal -0.759655 0.325163 -0.5632
    outer loop
      vertex 10.809 -0.739787 172.709
      vertex 10.7071 9.24645 178.612
      vertex 10.809 9.30611 178.509
    endloop
  endfacet
  facet normal -0.759655 0.325163 -0.5632
    outer loop
      vertex 10.7071 9.24645 178.612
      vertex 10.809 -0.739787 172.709
      vertex 10.7071 -0.799447 172.812
    endloop
  endfacet
  facet normal 0.0803092 0.498385 -0.863228
    outer loop
      vertex 9.84356 -0.939738 173.055
      vertex 10 9.1 178.866
      vertex 10 -0.945894 173.066
    endloop
  endfacet
  facet normal 0.0803218 0.498384 -0.863227
    outer loop
      vertex 10 9.1 178.866
      vertex 9.84356 -0.939738 173.055
      vertex 9.84356 9.10616 178.855
    endloop
  endfacet
  facet normal 0.651806 -0.379193 0.656781
    outer loop
      vertex 9.29289 9.95355 177.388
      vertex 9.41221 -0.0413861 171.499
      vertex 9.41221 10.0045 177.299
    endloop
  endfacet
  facet normal 0.651814 -0.379189 0.656775
    outer loop
      vertex 9.41221 -0.0413861 171.499
      vertex 9.29289 9.95355 177.388
      vertex 9.29289 -0.0923409 171.588
    endloop
  endfacet
  facet normal -0.522476 -0.426327 0.73842
    outer loop
      vertex 10.454 -0.000390954 171.428
      vertex 10.5878 10.0045 177.299
      vertex 10.454 10.0455 177.228
    endloop
  endfacet
  facet normal -0.522464 -0.426331 0.738426
    outer loop
      vertex 10.5878 10.0045 177.299
      vertex 10.454 -0.000390954 171.428
      vertex 10.5878 -0.0413861 171.499
    endloop
  endfacet
  facet normal -0.972672 0.116092 -0.201076
    outer loop
      vertex 10.9877 -0.524111 172.335
      vertex 10.9511 9.44549 178.268
      vertex 10.9877 9.52178 178.135
    endloop
  endfacet
  facet normal -0.972672 0.116091 -0.201076
    outer loop
      vertex 10.9511 9.44549 178.268
      vertex 10.9877 -0.524111 172.335
      vertex 10.9511 -0.600402 172.468
    endloop
  endfacet
  facet normal 0.382601 -0.461958 0.800132
    outer loop
      vertex 9.54601 10.0455 177.228
      vertex 9.69098 0.0296341 171.376
      vertex 9.69098 10.0755 177.176
    endloop
  endfacet
  facet normal 0.382669 -0.461943 0.800108
    outer loop
      vertex 9.69098 0.0296341 171.376
      vertex 9.54601 10.0455 177.228
      vertex 9.54601 -0.000390954 171.428
    endloop
  endfacet
  facet normal 0.229617 -0.486642 0.842885
    outer loop
      vertex 9.69098 10.0755 177.176
      vertex 9.84356 0.0479498 171.345
      vertex 9.84356 10.0938 177.145
    endloop
  endfacet
  facet normal 0.229665 -0.486636 0.842876
    outer loop
      vertex 9.84356 0.0479498 171.345
      vertex 9.69098 10.0755 177.176
      vertex 9.69098 0.0296341 171.376
    endloop
  endfacet
  facet normal -0.522464 0.426331 -0.738426
    outer loop
      vertex 10.454 9.1545 178.772
      vertex 10.5878 -0.850402 172.901
      vertex 10.454 -0.891397 172.972
    endloop
  endfacet
  facet normal -0.522453 0.426334 -0.738432
    outer loop
      vertex 10.5878 -0.850402 172.901
      vertex 10.454 9.1545 178.772
      vertex 10.5878 9.19549 178.701
    endloop
  endfacet
  facet normal 0.972629 0.116182 -0.201232
    outer loop
      vertex 9.04894 9.44549 178.268
      vertex 9.01231 -0.524111 172.335
      vertex 9.01231 9.52178 178.135
    endloop
  endfacet
  facet normal 0.972629 0.116181 -0.201232
    outer loop
      vertex 9.01231 -0.524111 172.335
      vertex 9.04894 9.44549 178.268
      vertex 9.04894 -0.600402 172.468
    endloop
  endfacet
  facet normal -0.0803296 0.498384 -0.863227
    outer loop
      vertex 10 9.1 178.866
      vertex 10.1564 -0.939738 173.055
      vertex 10 -0.945894 173.066
    endloop
  endfacet
  facet normal -0.0803422 0.498384 -0.863226
    outer loop
      vertex 10.1564 -0.939738 173.055
      vertex 10 9.1 178.866
      vertex 10.1564 9.10616 178.855
    endloop
  endfacet
  facet normal 0.0804484 -0.498379 0.863218
    outer loop
      vertex 9.84356 10.0938 177.145
      vertex 10 0.0541058 171.334
      vertex 10 10.1 177.134
    endloop
  endfacet
  facet normal 0.0803092 -0.498387 0.863227
    outer loop
      vertex 10 0.0541058 171.334
      vertex 9.84356 10.0938 177.145
      vertex 9.84356 0.0479498 171.345
    endloop
  endfacet
  facet normal 0.229666 0.486635 -0.842876
    outer loop
      vertex 9.69098 -0.921422 173.024
      vertex 9.84356 9.10616 178.855
      vertex 9.84356 -0.939738 173.055
    endloop
  endfacet
  facet normal 0.229647 0.486637 -0.84288
    outer loop
      vertex 9.84356 9.10616 178.855
      vertex 9.69098 -0.921422 173.024
      vertex 9.69098 9.12447 178.824
    endloop
  endfacet
  facet normal -0.759655 -0.325163 0.563199
    outer loop
      vertex 10.7071 -0.0923409 171.588
      vertex 10.809 9.89389 177.491
      vertex 10.7071 9.95355 177.388
    endloop
  endfacet
  facet normal -0.759656 -0.325163 0.563198
    outer loop
      vertex 10.809 9.89389 177.491
      vertex 10.7071 -0.0923409 171.588
      vertex 10.809 -0.152002 171.691
    endloop
  endfacet
  facet normal 0.852829 0.261096 -0.452231
    outer loop
      vertex 9.19098 9.30611 178.509
      vertex 9.10899 -0.672889 172.593
      vertex 9.10899 9.373 178.393
    endloop
  endfacet
  facet normal 0.852836 0.26109 -0.452221
    outer loop
      vertex 9.10899 -0.672889 172.593
      vertex 9.19098 9.30611 178.509
      vertex 9.19098 -0.739787 172.709
    endloop
  endfacet
  facet normal 0.923429 -0.191884 0.332353
    outer loop
      vertex 9.04894 9.75451 177.732
      vertex 9.10899 -0.218899 171.807
      vertex 9.10899 9.82699 177.607
    endloop
  endfacet
  facet normal 0.923433 -0.19188 0.332346
    outer loop
      vertex 9.10899 -0.218899 171.807
      vertex 9.04894 9.75451 177.732
      vertex 9.04894 -0.291386 171.932
    endloop
  endfacet
  facet normal 0.382669 0.461943 -0.800108
    outer loop
      vertex 9.54601 -0.891397 172.972
      vertex 9.69098 9.12447 178.824
      vertex 9.69098 -0.921422 173.024
    endloop
  endfacet
  facet normal 0.382682 0.46194 -0.800104
    outer loop
      vertex 9.69098 9.12447 178.824
      vertex 9.54601 -0.891397 172.972
      vertex 9.54601 9.1545 178.772
    endloop
  endfacet
  facet normal 0.996902 -0.039327 0.0681163
    outer loop
      vertex 9 9.6 178
      vertex 9.01231 -0.367677 172.065
      vertex 9.01231 9.67822 177.865
    endloop
  endfacet
  facet normal 0.996902 -0.0393274 0.068117
    outer loop
      vertex 9.01231 -0.367677 172.065
      vertex 9 9.6 178
      vertex 9 -0.445894 172.2
    endloop
  endfacet
  facet normal 0.00107996 0.866019 0.500011
    outer loop
      vertex 10 0.0541058 171.334
      vertex 10 -0.945894 173.066
      vertex 10.1564 -0.939738 173.055
    endloop
  endfacet
  facet normal -0.00232967 0.865931 0.500158
    outer loop
      vertex 10.1564 0.0479498 171.345
      vertex 10.1564 -0.939738 173.055
      vertex 10.309 -0.921422 173.024
    endloop
  endfacet
  facet normal -0.00107969 0.866019 0.500011
    outer loop
      vertex 10 -0.945894 173.066
      vertex 10 0.0541058 171.334
      vertex 9.84356 -0.939738 173.055
    endloop
  endfacet
  facet normal -9.52631e-05 0.86612 0.499836
    outer loop
      vertex 10.309 0.0296341 171.376
      vertex 10.309 -0.921422 173.024
      vertex 10.454 -0.891397 172.972
    endloop
  endfacet
  facet normal 0.00109347 0.865933 0.500159
    outer loop
      vertex 9.84356 0.0479498 171.345
      vertex 9.84356 -0.939738 173.055
      vertex 10 0.0541058 171.334
    endloop
  endfacet
  facet normal -0.000146114 0.866128 0.499822
    outer loop
      vertex 10.454 -0.000390954 171.428
      vertex 10.454 -0.891397 172.972
      vertex 10.5878 -0.850402 172.901
    endloop
  endfacet
  facet normal 0.00232997 0.865931 0.500158
    outer loop
      vertex 9.84356 -0.939738 173.055
      vertex 9.84356 0.0479498 171.345
      vertex 9.69098 -0.921422 173.024
    endloop
  endfacet
  facet normal 0.00291807 0.866137 0.499799
    outer loop
      vertex 10.5878 -0.0413861 171.499
      vertex 10.5878 -0.850402 172.901
      vertex 10.7071 -0.799447 172.812
    endloop
  endfacet
  facet normal -0.00241641 0.866118 0.499834
    outer loop
      vertex 9.69098 0.0296341 171.376
      vertex 9.69098 -0.921422 173.024
      vertex 9.84356 0.0479498 171.345
    endloop
  endfacet
  facet normal -0.00133232 0.865893 0.500227
    outer loop
      vertex 10.7071 -0.0923409 171.588
      vertex 10.7071 -0.799447 172.812
      vertex 10.809 -0.739787 172.709
    endloop
  endfacet
  facet normal 9.52828e-05 0.86612 0.499836
    outer loop
      vertex 9.69098 -0.921422 173.024
      vertex 9.69098 0.0296341 171.376
      vertex 9.54601 -0.891397 172.972
    endloop
  endfacet
  facet normal 0.000839244 0.866009 0.500027
    outer loop
      vertex 10.809 -0.152002 171.691
      vertex 10.809 -0.739787 172.709
      vertex 10.891 -0.672889 172.593
    endloop
  endfacet
  facet normal -0.000102035 0.866128 0.499822
    outer loop
      vertex 9.54601 -0.000390954 171.428
      vertex 9.54601 -0.891397 172.972
      vertex 9.69098 0.0296341 171.376
    endloop
  endfacet
  facet normal -0.00414337 0.865926 0.500155
    outer loop
      vertex 10.891 -0.218899 171.807
      vertex 10.891 -0.672889 172.593
      vertex 10.9511 -0.600402 172.468
    endloop
  endfacet
  facet normal 0.000146114 0.866128 0.499822
    outer loop
      vertex 9.54601 -0.891397 172.972
      vertex 9.54601 -0.000390954 171.428
      vertex 9.41221 -0.850402 172.901
    endloop
  endfacet
  facet normal 0.0083864 0.866396 0.499287
    outer loop
      vertex 10.891 -0.218899 171.807
      vertex 10.9511 -0.600402 172.468
      vertex 10.9877 -0.524111 172.335
    endloop
  endfacet
  facet normal -0.000161908 0.86614 0.499801
    outer loop
      vertex 9.41221 -0.0413861 171.499
      vertex 9.41221 -0.850402 172.901
      vertex 9.54601 -0.000390954 171.428
    endloop
  endfacet
  facet normal -0.00420366 0.86542 0.501029
    outer loop
      vertex 10.891 -0.218899 171.807
      vertex 10.9877 -0.524111 172.335
      vertex 11 -0.445894 172.2
    endloop
  endfacet
  facet normal -0.00291758 0.866137 0.499799
    outer loop
      vertex 9.41221 -0.850402 172.901
      vertex 9.41221 -0.0413861 171.499
      vertex 9.29289 -0.799447 172.812
    endloop
  endfacet
  facet normal -0.0270723 0.863873 0.502982
    outer loop
      vertex 10.9511 -0.291386 171.932
      vertex 11 -0.445894 172.2
      vertex 10.9877 -0.367677 172.065
    endloop
  endfacet
  facet normal -0.00109375 0.865933 0.500159
    outer loop
      vertex 10.1564 -0.939738 173.055
      vertex 10.1564 0.0479498 171.345
      vertex 10 0.0541058 171.334
    endloop
  endfacet
  facet normal 0.00980484 0.867067 0.498095
    outer loop
      vertex 10.891 -0.218899 171.807
      vertex 11 -0.445894 172.2
      vertex 10.9511 -0.291386 171.932
    endloop
  endfacet
  facet normal 0.00334247 0.865889 0.500225
    outer loop
      vertex 9.29289 -0.0923409 171.588
      vertex 9.29289 -0.799447 172.812
      vertex 9.41221 -0.0413861 171.499
    endloop
  endfacet
  facet normal -0.00109898 0.865933 0.500159
    outer loop
      vertex 10.891 -0.672889 172.593
      vertex 10.891 -0.218899 171.807
      vertex 10.809 -0.152002 171.691
    endloop
  endfacet
  facet normal 0.00133219 0.865893 0.500227
    outer loop
      vertex 9.29289 -0.799447 172.812
      vertex 9.29289 -0.0923409 171.588
      vertex 9.19098 -0.739787 172.709
    endloop
  endfacet
  facet normal 0.00161244 0.866009 0.500026
    outer loop
      vertex 10.809 -0.739787 172.709
      vertex 10.809 -0.152002 171.691
      vertex 10.7071 -0.0923409 171.588
    endloop
  endfacet
  facet normal -0.00161228 0.866009 0.500026
    outer loop
      vertex 9.19098 -0.152002 171.691
      vertex 9.19098 -0.739787 172.709
      vertex 9.29289 -0.0923409 171.588
    endloop
  endfacet
  facet normal -0.00334303 0.865889 0.500225
    outer loop
      vertex 10.7071 -0.799447 172.812
      vertex 10.7071 -0.0923409 171.588
      vertex 10.5878 -0.0413861 171.499
    endloop
  endfacet
  facet normal 0.0024161 0.866118 0.499834
    outer loop
      vertex 10.309 -0.921422 173.024
      vertex 10.309 0.0296341 171.376
      vertex 10.1564 0.0479498 171.345
    endloop
  endfacet
  facet normal 0.000161908 0.86614 0.499801
    outer loop
      vertex 10.5878 -0.850402 172.901
      vertex 10.5878 -0.0413861 171.499
      vertex 10.454 -0.000390954 171.428
    endloop
  endfacet
  facet normal 0.000102014 0.866128 0.499822
    outer loop
      vertex 10.454 -0.891397 172.972
      vertex 10.454 -0.000390954 171.428
      vertex 10.309 0.0296341 171.376
    endloop
  endfacet
  facet normal 0.00109912 0.865933 0.500159
    outer loop
      vertex 9.10899 -0.218899 171.807
      vertex 9.10899 -0.672889 172.593
      vertex 9.19098 -0.152002 171.691
    endloop
  endfacet
  facet normal -0.00982294 0.867069 0.498091
    outer loop
      vertex 9 -0.445894 172.2
      vertex 9.10899 -0.218899 171.807
      vertex 9.04894 -0.291386 171.932
    endloop
  endfacet
  facet normal 0.02705 0.863873 0.502982
    outer loop
      vertex 9 -0.445894 172.2
      vertex 9.04894 -0.291386 171.932
      vertex 9.01231 -0.367677 172.065
    endloop
  endfacet
  facet normal 0.0042031 0.865421 0.501029
    outer loop
      vertex 9.01231 -0.524111 172.335
      vertex 9.10899 -0.218899 171.807
      vertex 9 -0.445894 172.2
    endloop
  endfacet
  facet normal 0.00414682 0.865926 0.500155
    outer loop
      vertex 9.10899 -0.672889 172.593
      vertex 9.10899 -0.218899 171.807
      vertex 9.04894 -0.600402 172.468
    endloop
  endfacet
  facet normal -0.00838297 0.866396 0.499288
    outer loop
      vertex 9.04894 -0.600402 172.468
      vertex 9.10899 -0.218899 171.807
      vertex 9.01231 -0.524111 172.335
    endloop
  endfacet
  facet normal -0.000839346 0.866009 0.500027
    outer loop
      vertex 9.19098 -0.739787 172.709
      vertex 9.19098 -0.152002 171.691
      vertex 9.10899 -0.672889 172.593
    endloop
  endfacet
  facet normal 0.852837 -0.261088 0.452218
    outer loop
      vertex 9.10899 9.82699 177.607
      vertex 9.19098 -0.152002 171.691
      vertex 9.19098 9.89389 177.491
    endloop
  endfacet
  facet normal 0.852835 -0.261091 0.452222
    outer loop
      vertex 9.19098 -0.152002 171.691
      vertex 9.10899 9.82699 177.607
      vertex 9.10899 -0.218899 171.807
    endloop
  endfacet
  facet normal 0.522476 -0.426327 0.73842
    outer loop
      vertex 9.41221 10.0045 177.299
      vertex 9.54601 -0.000390954 171.428
      vertex 9.54601 10.0455 177.228
    endloop
  endfacet
  facet normal 0.522464 -0.426331 0.738426
    outer loop
      vertex 9.54601 -0.000390954 171.428
      vertex 9.41221 10.0045 177.299
      vertex 9.41221 -0.0413861 171.499
    endloop
  endfacet
  facet normal -0.236717 0.332268 -0.912997
    outer loop
      vertex -9.84356 9.26219 152.928
      vertex -9.69098 -1.62571 148.926
      vertex -9.84356 -1.63824 148.961
    endloop
  endfacet
  facet normal -0.231056 0.332807 -0.91425
    outer loop
      vertex -9.69098 -1.62571 148.926
      vertex -9.84356 9.26219 152.928
      vertex -9.69098 9.27472 152.894
    endloop
  endfacet
  facet normal -0.972248 -0.0800261 0.219838
    outer loop
      vertex -9.04894 -1.19474 147.742
      vertex -9.01231 9.6535 151.853
      vertex -9.04894 9.70569 151.71
    endloop
  endfacet
  facet normal -0.972574 -0.0795441 0.218569
    outer loop
      vertex -9.01231 9.6535 151.853
      vertex -9.04894 -1.19474 147.742
      vertex -9.01231 -1.24693 147.886
    endloop
  endfacet
  facet normal -0.996918 -0.0268287 0.0737192
    outer loop
      vertex -9.01231 -1.24693 147.886
      vertex -9 9.6 152
      vertex -9.01231 9.6535 151.853
    endloop
  endfacet
  facet normal -0.996918 -0.0268287 0.0737192
    outer loop
      vertex -9 9.6 152
      vertex -9.01231 -1.24693 147.886
      vertex -9 -1.30043 148.033
    endloop
  endfacet
  facet normal -0.924549 -0.130319 0.358087
    outer loop
      vertex -9.10899 -1.14516 147.606
      vertex -9.04894 9.70569 151.71
      vertex -9.10899 9.75527 151.573
    endloop
  endfacet
  facet normal -0.923676 -0.13107 0.360061
    outer loop
      vertex -9.04894 9.70569 151.71
      vertex -9.10899 -1.14516 147.606
      vertex -9.04894 -1.19474 147.742
    endloop
  endfacet
  facet normal -0.851451 0.17939 -0.492799
    outer loop
      vertex -9.10899 -1.45571 148.459
      vertex -9.19098 9.39896 152.552
      vertex -9.10899 9.44473 152.427
    endloop
  endfacet
  facet normal -0.853086 0.178439 -0.490311
    outer loop
      vertex -9.19098 9.39896 152.552
      vertex -9.10899 -1.45571 148.459
      vertex -9.19098 -1.50147 148.585
    endloop
  endfacet
  facet normal -0.0750659 0.341098 -0.937026
    outer loop
      vertex -10 9.25798 152.94
      vertex -9.84356 -1.63824 148.961
      vertex -10 -1.64245 148.972
    endloop
  endfacet
  facet normal -0.0810178 0.340863 -0.936615
    outer loop
      vertex -9.84356 -1.63824 148.961
      vertex -10 9.25798 152.94
      vertex -9.84356 9.26219 152.928
    endloop
  endfacet
  facet normal -0.851445 -0.179393 0.492808
    outer loop
      vertex -9.19098 -1.0994 147.48
      vertex -9.10899 9.75527 151.573
      vertex -9.19098 9.80103 151.448
    endloop
  endfacet
  facet normal -0.853086 -0.178439 0.490311
    outer loop
      vertex -9.10899 9.75527 151.573
      vertex -9.19098 -1.0994 147.48
      vertex -9.10899 -1.14516 147.606
    endloop
  endfacet
  facet normal -0.972248 0.0800082 -0.219845
    outer loop
      vertex -9.01231 -1.35394 148.18
      vertex -9.04894 9.49431 152.29
      vertex -9.01231 9.5465 152.147
    endloop
  endfacet
  facet normal -0.972247 0.08001 -0.21985
    outer loop
      vertex -9.04894 9.49431 152.29
      vertex -9.01231 -1.35394 148.18
      vertex -9.04894 -1.40612 148.323
    endloop
  endfacet
  facet normal 0.972292 0.0799463 -0.219675
    outer loop
      vertex -10.9511 9.49431 152.29
      vertex -10.9877 -1.35394 148.18
      vertex -10.9877 9.5465 152.147
    endloop
  endfacet
  facet normal 0.972291 0.079948 -0.219679
    outer loop
      vertex -10.9877 -1.35394 148.18
      vertex -10.9511 9.49431 152.29
      vertex -10.9511 -1.40612 148.323
    endloop
  endfacet
  facet normal -0.5223 0.291633 -0.801344
    outer loop
      vertex -9.54601 9.29526 152.837
      vertex -9.41221 -1.57713 148.793
      vertex -9.54601 -1.60518 148.87
    endloop
  endfacet
  facet normal -0.522285 0.291637 -0.801353
    outer loop
      vertex -9.41221 -1.57713 148.793
      vertex -9.54601 9.29526 152.837
      vertex -9.41221 9.3233 152.76
    endloop
  endfacet
  facet normal 0.0810383 -0.340862 0.936614
    outer loop
      vertex -10.1564 9.93781 151.072
      vertex -10 -0.958414 147.093
      vertex -10 9.94202 151.06
    endloop
  endfacet
  facet normal 0.0750871 -0.341098 0.937024
    outer loop
      vertex -10 -0.958414 147.093
      vertex -10.1564 9.93781 151.072
      vertex -10.1564 -0.962625 147.104
    endloop
  endfacet
  facet normal -0.650261 0.259811 -0.713904
    outer loop
      vertex -9.41221 9.3233 152.76
      vertex -9.29289 -1.54228 148.697
      vertex -9.41221 -1.57713 148.793
    endloop
  endfacet
  facet normal -0.650274 0.259807 -0.713894
    outer loop
      vertex -9.29289 -1.54228 148.697
      vertex -9.41221 9.3233 152.76
      vertex -9.29289 9.35816 152.664
    endloop
  endfacet
  facet normal -0.924549 0.130319 -0.358087
    outer loop
      vertex -9.04894 -1.40612 148.323
      vertex -9.10899 9.44473 152.427
      vertex -9.04894 9.49431 152.29
    endloop
  endfacet
  facet normal -0.923679 0.131067 -0.360054
    outer loop
      vertex -9.10899 9.44473 152.427
      vertex -9.04894 -1.40612 148.323
      vertex -9.10899 -1.45571 148.459
    endloop
  endfacet
  facet normal 0.996923 0.026807 -0.0736597
    outer loop
      vertex -10.9877 9.5465 152.147
      vertex -11 -1.30043 148.033
      vertex -11 9.6 152
    endloop
  endfacet
  facet normal 0.996923 0.0268064 -0.0736581
    outer loop
      vertex -11 -1.30043 148.033
      vertex -10.9877 9.5465 152.147
      vertex -10.9877 -1.35394 148.18
    endloop
  endfacet
  facet normal -0.380482 0.316336 -0.869002
    outer loop
      vertex -9.69098 9.27472 152.894
      vertex -9.54601 -1.60518 148.87
      vertex -9.69098 -1.62571 148.926
    endloop
  endfacet
  facet normal -0.38561 0.315538 -0.86703
    outer loop
      vertex -9.54601 -1.60518 148.87
      vertex -9.69098 9.27472 152.894
      vertex -9.54601 9.29526 152.837
    endloop
  endfacet
  facet normal 0.650337 -0.259847 0.713822
    outer loop
      vertex -10.7071 9.84184 151.336
      vertex -10.5878 -1.02373 147.272
      vertex -10.5878 9.8767 151.24
    endloop
  endfacet
  facet normal 0.650337 -0.259847 0.713822
    outer loop
      vertex -10.5878 -1.02373 147.272
      vertex -10.7071 9.84184 151.336
      vertex -10.7071 -1.05859 147.368
    endloop
  endfacet
  facet normal 0.385542 -0.315548 0.867056
    outer loop
      vertex -10.454 9.90474 151.163
      vertex -10.309 -0.975153 147.139
      vertex -10.309 9.92528 151.106
    endloop
  endfacet
  facet normal 0.380432 -0.316343 0.869022
    outer loop
      vertex -10.309 -0.975153 147.139
      vertex -10.454 9.90474 151.163
      vertex -10.454 -0.995692 147.195
    endloop
  endfacet
  facet normal 0.5223 0.291633 -0.801344
    outer loop
      vertex -10.5878 -1.57713 148.793
      vertex -10.454 9.29526 152.837
      vertex -10.454 -1.60518 148.87
    endloop
  endfacet
  facet normal 0.522285 0.291637 -0.801353
    outer loop
      vertex -10.454 9.29526 152.837
      vertex -10.5878 -1.57713 148.793
      vertex -10.5878 9.3233 152.76
    endloop
  endfacet
  facet normal -0.38561 -0.315539 0.86703
    outer loop
      vertex -9.69098 -0.975153 147.139
      vertex -9.54601 9.90474 151.163
      vertex -9.69098 9.92528 151.106
    endloop
  endfacet
  facet normal -0.380499 -0.316334 0.868996
    outer loop
      vertex -9.54601 9.90474 151.163
      vertex -9.69098 -0.975153 147.139
      vertex -9.54601 -0.995692 147.195
    endloop
  endfacet
  facet normal 0.380415 0.316346 -0.869028
    outer loop
      vertex -10.454 -1.60518 148.87
      vertex -10.309 9.27472 152.894
      vertex -10.309 -1.62571 148.926
    endloop
  endfacet
  facet normal 0.385542 0.315548 -0.867056
    outer loop
      vertex -10.309 9.27472 152.894
      vertex -10.454 -1.60518 148.87
      vertex -10.454 9.29526 152.837
    endloop
  endfacet
  facet normal 0.760111 0.222221 -0.610614
    outer loop
      vertex -10.7071 9.35816 152.664
      vertex -10.809 -1.50147 148.585
      vertex -10.809 9.39896 152.552
    endloop
  endfacet
  facet normal 0.76012 0.222217 -0.610603
    outer loop
      vertex -10.809 -1.50147 148.585
      vertex -10.7071 9.35816 152.664
      vertex -10.7071 -1.54228 148.697
    endloop
  endfacet
  facet normal 0.522285 -0.291702 0.801329
    outer loop
      vertex -10.5878 9.8767 151.24
      vertex -10.454 -0.995692 147.195
      vertex -10.454 9.90474 151.163
    endloop
  endfacet
  facet normal 0.522281 -0.291702 0.801331
    outer loop
      vertex -10.454 -0.995692 147.195
      vertex -10.5878 9.8767 151.24
      vertex -10.5878 -1.02373 147.272
    endloop
  endfacet
  facet normal 0.650324 0.259793 -0.713853
    outer loop
      vertex -10.7071 -1.54228 148.697
      vertex -10.5878 9.3233 152.76
      vertex -10.5878 -1.57713 148.793
    endloop
  endfacet
  facet normal 0.650337 0.259789 -0.713843
    outer loop
      vertex -10.5878 9.3233 152.76
      vertex -10.7071 -1.54228 148.697
      vertex -10.7071 9.35816 152.664
    endloop
  endfacet
  facet normal 0.924437 0.130412 -0.358342
    outer loop
      vertex -10.891 9.44473 152.427
      vertex -10.9511 -1.40612 148.323
      vertex -10.9511 9.49431 152.29
    endloop
  endfacet
  facet normal 0.923566 0.131161 -0.360309
    outer loop
      vertex -10.9511 -1.40612 148.323
      vertex -10.891 9.44473 152.427
      vertex -10.891 -1.45571 148.459
    endloop
  endfacet
  facet normal -0.996918 0.0268287 -0.0737192
    outer loop
      vertex -9 -1.30043 148.033
      vertex -9.01231 9.5465 152.147
      vertex -9 9.6 152
    endloop
  endfacet
  facet normal -0.996918 0.0268281 -0.0737176
    outer loop
      vertex -9.01231 9.5465 152.147
      vertex -9 -1.30043 148.033
      vertex -9.01231 -1.35394 148.18
    endloop
  endfacet
  facet normal -0.522285 -0.291702 0.801329
    outer loop
      vertex -9.54601 -0.995692 147.195
      vertex -9.41221 9.8767 151.24
      vertex -9.54601 9.90474 151.163
    endloop
  endfacet
  facet normal -0.522281 -0.291702 0.801331
    outer loop
      vertex -9.41221 9.8767 151.24
      vertex -9.54601 -0.995692 147.195
      vertex -9.41221 -1.02373 147.272
    endloop
  endfacet
  facet normal -0.760089 -0.222279 0.61062
    outer loop
      vertex -9.29289 -1.05859 147.368
      vertex -9.19098 9.80103 151.448
      vertex -9.29289 9.84184 151.336
    endloop
  endfacet
  facet normal -0.760089 -0.222279 0.61062
    outer loop
      vertex -9.19098 9.80103 151.448
      vertex -9.29289 -1.05859 147.368
      vertex -9.19098 -1.0994 147.48
    endloop
  endfacet
  facet normal -0.650274 -0.259866 0.713872
    outer loop
      vertex -9.41221 -1.02373 147.272
      vertex -9.29289 9.84184 151.336
      vertex -9.41221 9.8767 151.24
    endloop
  endfacet
  facet normal -0.650274 -0.259866 0.713872
    outer loop
      vertex -9.29289 9.84184 151.336
      vertex -9.41221 -1.02373 147.272
      vertex -9.29289 -1.05859 147.368
    endloop
  endfacet
  facet normal -0.76008 0.222234 -0.610648
    outer loop
      vertex -9.19098 -1.50147 148.585
      vertex -9.29289 9.35816 152.664
      vertex -9.19098 9.39896 152.552
    endloop
  endfacet
  facet normal -0.760089 0.22223 -0.610638
    outer loop
      vertex -9.29289 9.35816 152.664
      vertex -9.19098 -1.50147 148.585
      vertex -9.29289 -1.54228 148.697
    endloop
  endfacet
  facet normal 0.76012 -0.222267 0.610585
    outer loop
      vertex -10.809 9.80103 151.448
      vertex -10.7071 -1.05859 147.368
      vertex -10.7071 9.84184 151.336
    endloop
  endfacet
  facet normal 0.76012 -0.222267 0.610585
    outer loop
      vertex -10.7071 -1.05859 147.368
      vertex -10.809 9.80103 151.448
      vertex -10.809 -1.0994 147.48
    endloop
  endfacet
  facet normal 0.236687 0.33227 -0.913004
    outer loop
      vertex -10.309 -1.62571 148.926
      vertex -10.1564 9.26219 152.928
      vertex -10.1564 -1.63824 148.961
    endloop
  endfacet
  facet normal 0.231028 0.33281 -0.914256
    outer loop
      vertex -10.1564 9.26219 152.928
      vertex -10.309 -1.62571 148.926
      vertex -10.309 9.27472 152.894
    endloop
  endfacet
  facet normal 0.851423 0.179405 -0.492842
    outer loop
      vertex -10.809 9.39896 152.552
      vertex -10.891 -1.45571 148.459
      vertex -10.891 9.44473 152.427
    endloop
  endfacet
  facet normal 0.853057 0.178455 -0.490354
    outer loop
      vertex -10.891 -1.45571 148.459
      vertex -10.809 9.39896 152.552
      vertex -10.809 -1.50147 148.585
    endloop
  endfacet
  facet normal 0.231028 -0.332809 0.914256
    outer loop
      vertex -10.309 9.92528 151.106
      vertex -10.1564 -0.962625 147.104
      vertex -10.1564 9.93781 151.072
    endloop
  endfacet
  facet normal 0.236683 -0.33227 0.913005
    outer loop
      vertex -10.1564 -0.962625 147.104
      vertex -10.309 9.92528 151.106
      vertex -10.309 -0.975153 147.139
    endloop
  endfacet
  facet normal 0.924437 -0.130412 0.358342
    outer loop
      vertex -10.9511 9.70569 151.71
      vertex -10.891 -1.14516 147.606
      vertex -10.891 9.75527 151.573
    endloop
  endfacet
  facet normal 0.923563 -0.131163 0.360317
    outer loop
      vertex -10.891 -1.14516 147.606
      vertex -10.9511 9.70569 151.71
      vertex -10.9511 -1.19474 147.742
    endloop
  endfacet
  facet normal 0.851417 -0.179409 0.492851
    outer loop
      vertex -10.891 9.75527 151.573
      vertex -10.809 -1.0994 147.48
      vertex -10.809 9.80103 151.448
    endloop
  endfacet
  facet normal 0.853057 -0.178455 0.490354
    outer loop
      vertex -10.809 -1.0994 147.48
      vertex -10.891 9.75527 151.573
      vertex -10.891 -1.14516 147.606
    endloop
  endfacet
  facet normal -0.231056 -0.332807 0.91425
    outer loop
      vertex -9.84356 -0.962625 147.104
      vertex -9.69098 9.92528 151.106
      vertex -9.84356 9.93781 151.072
    endloop
  endfacet
  facet normal -0.236712 -0.332268 0.912998
    outer loop
      vertex -9.69098 9.92528 151.106
      vertex -9.84356 -0.962625 147.104
      vertex -9.69098 -0.975153 147.139
    endloop
  endfacet
  facet normal -0.0810178 -0.340863 0.936616
    outer loop
      vertex -10 -0.958414 147.093
      vertex -9.84356 9.93781 151.072
      vertex -10 9.94202 151.06
    endloop
  endfacet
  facet normal -0.075068 -0.341098 0.937026
    outer loop
      vertex -9.84356 9.93781 151.072
      vertex -10 -0.958414 147.093
      vertex -9.84356 -0.962625 147.104
    endloop
  endfacet
  facet normal 0.996923 -0.026807 0.0736597
    outer loop
      vertex -11 9.6 152
      vertex -10.9877 -1.24693 147.886
      vertex -10.9877 9.6535 151.853
    endloop
  endfacet
  facet normal 0.996923 -0.026807 0.0736597
    outer loop
      vertex -10.9877 -1.24693 147.886
      vertex -11 9.6 152
      vertex -11 -1.30043 148.033
    endloop
  endfacet
  facet normal 0.972292 -0.0799641 0.219668
    outer loop
      vertex -10.9877 9.6535 151.853
      vertex -10.9511 -1.19474 147.742
      vertex -10.9511 9.70569 151.71
    endloop
  endfacet
  facet normal 0.972617 -0.0794824 0.2184
    outer loop
      vertex -10.9511 -1.19474 147.742
      vertex -10.9877 9.6535 151.853
      vertex -10.9877 -1.24693 147.886
    endloop
  endfacet
  facet normal -0.00124929 0.939737 0.341896
    outer loop
      vertex -9.84356 -0.962625 147.104
      vertex -10 -1.64245 148.972
      vertex -9.84356 -1.63824 148.961
    endloop
  endfacet
  facet normal 0.00125473 0.939737 0.341896
    outer loop
      vertex -9.84356 -0.962625 147.104
      vertex -9.84356 -1.63824 148.961
      vertex -9.69098 -1.62571 148.926
    endloop
  endfacet
  facet normal 0.00124055 0.93967 0.34208
    outer loop
      vertex -10 -0.958414 147.093
      vertex -10 -1.64245 148.972
      vertex -9.84356 -0.962625 147.104
    endloop
  endfacet
  facet normal -0.000928266 0.939668 0.342086
    outer loop
      vertex -9.69098 -0.975153 147.139
      vertex -9.69098 -1.62571 148.926
      vertex -9.54601 -1.60518 148.87
    endloop
  endfacet
  facet normal 0.00123486 0.93967 0.34208
    outer loop
      vertex -10 -1.64245 148.972
      vertex -10 -0.958414 147.093
      vertex -10.1564 -1.63824 148.961
    endloop
  endfacet
  facet normal -0.00022296 0.939722 0.34194
    outer loop
      vertex -9.54601 -0.995692 147.195
      vertex -9.54601 -1.60518 148.87
      vertex -9.41221 -1.57713 148.793
    endloop
  endfacet
  facet normal -0.00125562 0.939737 0.341896
    outer loop
      vertex -10.1564 -0.962625 147.104
      vertex -10.1564 -1.63824 148.961
      vertex -10 -0.958414 147.093
    endloop
  endfacet
  facet normal 0.000619029 0.939732 0.341912
    outer loop
      vertex -9.41221 -1.02373 147.272
      vertex -9.41221 -1.57713 148.793
      vertex -9.29289 -1.54228 148.697
    endloop
  endfacet
  facet normal -0.00125457 0.939737 0.341896
    outer loop
      vertex -10.1564 -1.63824 148.961
      vertex -10.1564 -0.962625 147.104
      vertex -10.309 -1.62571 148.926
    endloop
  endfacet
  facet normal -0.000454192 0.939703 0.341991
    outer loop
      vertex -9.41221 -1.02373 147.272
      vertex -9.29289 -1.54228 148.697
      vertex -9.19098 -1.50147 148.585
    endloop
  endfacet
  facet normal 0.00131617 0.939668 0.342086
    outer loop
      vertex -10.309 -0.975153 147.139
      vertex -10.309 -1.62571 148.926
      vertex -10.1564 -0.962625 147.104
    endloop
  endfacet
  facet normal 0.00077912 0.93977 0.341807
    outer loop
      vertex -9.41221 -1.02373 147.272
      vertex -9.19098 -1.50147 148.585
      vertex -9.10899 -1.45571 148.459
    endloop
  endfacet
  facet normal 0.000928074 0.939668 0.342086
    outer loop
      vertex -10.309 -1.62571 148.926
      vertex -10.309 -0.975153 147.139
      vertex -10.454 -1.60518 148.87
    endloop
  endfacet
  facet normal -0.000952427 0.939627 0.342198
    outer loop
      vertex -9.41221 -1.02373 147.272
      vertex -9.10899 -1.45571 148.459
      vertex -9.04894 -1.40612 148.323
    endloop
  endfacet
  facet normal -0.00105046 0.939721 0.34194
    outer loop
      vertex -10.454 -0.995692 147.195
      vertex -10.454 -1.60518 148.87
      vertex -10.309 -0.975153 147.139
    endloop
  endfacet
  facet normal -0.00165595 0.939548 0.342412
    outer loop
      vertex -9.41221 -1.02373 147.272
      vertex -9.04894 -1.40612 148.323
      vertex -9.01231 -1.35394 148.18
    endloop
  endfacet
  facet normal 0.00022296 0.939722 0.34194
    outer loop
      vertex -10.454 -1.60518 148.87
      vertex -10.454 -0.995692 147.195
      vertex -10.5878 -1.57713 148.793
    endloop
  endfacet
  facet normal -0.000620664 0.939696 0.34201
    outer loop
      vertex -9.41221 -1.02373 147.272
      vertex -9.01231 -1.35394 148.18
      vertex -9 -1.30043 148.033
    endloop
  endfacet
  facet normal -0.00015699 0.939732 0.341912
    outer loop
      vertex -10.5878 -1.02373 147.272
      vertex -10.5878 -1.57713 148.793
      vertex -10.454 -0.995692 147.195
    endloop
  endfacet
  facet normal -0.000708058 0.939681 0.342052
    outer loop
      vertex -9.41221 -1.02373 147.272
      vertex -9 -1.30043 148.033
      vertex -9.01231 -1.24693 147.886
    endloop
  endfacet
  facet normal -0.000619133 0.939732 0.341912
    outer loop
      vertex -10.5878 -1.57713 148.793
      vertex -10.5878 -1.02373 147.272
      vertex -10.7071 -1.54228 148.697
    endloop
  endfacet
  facet normal 0.00257607 0.940364 0.340161
    outer loop
      vertex -9.41221 -1.02373 147.272
      vertex -9.01231 -1.24693 147.886
      vertex -9.04894 -1.19474 147.742
    endloop
  endfacet
  facet normal -0.00131634 0.939668 0.342086
    outer loop
      vertex -9.69098 -1.62571 148.926
      vertex -9.69098 -0.975153 147.139
      vertex -9.84356 -0.962625 147.104
    endloop
  endfacet
  facet normal -0.00200605 0.939228 0.343289
    outer loop
      vertex -9.41221 -1.02373 147.272
      vertex -9.04894 -1.19474 147.742
      vertex -9.10899 -1.14516 147.606
    endloop
  endfacet
  facet normal -0.000779067 0.93977 0.341807
    outer loop
      vertex -10.809 -1.50147 148.585
      vertex -10.5878 -1.02373 147.272
      vertex -10.891 -1.45571 148.459
    endloop
  endfacet
  facet normal 0.0043572 0.94083 0.33885
    outer loop
      vertex -9.29289 -1.05859 147.368
      vertex -9.10899 -1.14516 147.606
      vertex -9.19098 -1.0994 147.48
    endloop
  endfacet
  facet normal -0.00122769 0.939456 0.342666
    outer loop
      vertex -9.41221 -1.02373 147.272
      vertex -9.10899 -1.14516 147.606
      vertex -9.29289 -1.05859 147.368
    endloop
  endfacet
  facet normal 0.00015699 0.939732 0.341912
    outer loop
      vertex -9.41221 -1.57713 148.793
      vertex -9.41221 -1.02373 147.272
      vertex -9.54601 -0.995692 147.195
    endloop
  endfacet
  facet normal -0.00436004 0.940831 0.338848
    outer loop
      vertex -10.891 -1.14516 147.606
      vertex -10.7071 -1.05859 147.368
      vertex -10.809 -1.0994 147.48
    endloop
  endfacet
  facet normal 0.00105068 0.939721 0.34194
    outer loop
      vertex -9.54601 -1.60518 148.87
      vertex -9.54601 -0.995692 147.195
      vertex -9.69098 -0.975153 147.139
    endloop
  endfacet
  facet normal 0.00122823 0.939456 0.342666
    outer loop
      vertex -10.891 -1.14516 147.606
      vertex -10.5878 -1.02373 147.272
      vertex -10.7071 -1.05859 147.368
    endloop
  endfacet
  facet normal 0.000951948 0.939627 0.342198
    outer loop
      vertex -10.891 -1.45571 148.459
      vertex -10.5878 -1.02373 147.272
      vertex -10.9511 -1.40612 148.323
    endloop
  endfacet
  facet normal 0.00200789 0.939227 0.343291
    outer loop
      vertex -10.9511 -1.19474 147.742
      vertex -10.5878 -1.02373 147.272
      vertex -10.891 -1.14516 147.606
    endloop
  endfacet
  facet normal 0.000707974 0.939681 0.342052
    outer loop
      vertex -11 -1.30043 148.033
      vertex -10.5878 -1.02373 147.272
      vertex -10.9877 -1.24693 147.886
    endloop
  endfacet
  facet normal -0.00257472 0.940363 0.340162
    outer loop
      vertex -10.9877 -1.24693 147.886
      vertex -10.5878 -1.02373 147.272
      vertex -10.9511 -1.19474 147.742
    endloop
  endfacet
  facet normal 0.000620744 0.939696 0.34201
    outer loop
      vertex -10.9877 -1.35394 148.18
      vertex -10.5878 -1.02373 147.272
      vertex -11 -1.30043 148.033
    endloop
  endfacet
  facet normal 0.00165645 0.939548 0.342413
    outer loop
      vertex -10.9511 -1.40612 148.323
      vertex -10.5878 -1.02373 147.272
      vertex -10.9877 -1.35394 148.18
    endloop
  endfacet
  facet normal 0.000454239 0.939703 0.341991
    outer loop
      vertex -10.7071 -1.54228 148.697
      vertex -10.5878 -1.02373 147.272
      vertex -10.809 -1.50147 148.585
    endloop
  endfacet
  facet normal 0.075085 0.341098 -0.937024
    outer loop
      vertex -10.1564 -1.63824 148.961
      vertex -10 9.25798 152.94
      vertex -10 -1.64245 148.972
    endloop
  endfacet
  facet normal 0.0810383 0.340862 -0.936614
    outer loop
      vertex -10 9.25798 152.94
      vertex -10.1564 -1.63824 148.961
      vertex -10.1564 9.26219 152.928
    endloop
  endfacet
  facet normal -0.380415 0.316346 -0.869028
    outer loop
      vertex 10.309 9.27472 152.894
      vertex 10.454 -1.60518 148.87
      vertex 10.309 -1.62571 148.926
    endloop
  endfacet
  facet normal -0.385542 0.315548 -0.867056
    outer loop
      vertex 10.454 -1.60518 148.87
      vertex 10.309 9.27472 152.894
      vertex 10.454 9.29526 152.837
    endloop
  endfacet
  facet normal -0.972292 -0.0799641 0.219668
    outer loop
      vertex 10.9511 -1.19474 147.742
      vertex 10.9877 9.6535 151.853
      vertex 10.9511 9.70569 151.71
    endloop
  endfacet
  facet normal -0.972617 -0.0794824 0.2184
    outer loop
      vertex 10.9877 9.6535 151.853
      vertex 10.9511 -1.19474 147.742
      vertex 10.9877 -1.24693 147.886
    endloop
  endfacet
  facet normal -0.996923 -0.026807 0.0736597
    outer loop
      vertex 10.9877 -1.24693 147.886
      vertex 11 9.6 152
      vertex 10.9877 9.6535 151.853
    endloop
  endfacet
  facet normal -0.996923 -0.026807 0.0736597
    outer loop
      vertex 11 9.6 152
      vertex 10.9877 -1.24693 147.886
      vertex 11 -1.30043 148.033
    endloop
  endfacet
  facet normal -0.924437 -0.130412 0.358342
    outer loop
      vertex 10.891 -1.14516 147.606
      vertex 10.9511 9.70569 151.71
      vertex 10.891 9.75527 151.573
    endloop
  endfacet
  facet normal -0.923563 -0.131163 0.360317
    outer loop
      vertex 10.9511 9.70569 151.71
      vertex 10.891 -1.14516 147.606
      vertex 10.9511 -1.19474 147.742
    endloop
  endfacet
  facet normal 0.5223 0.291633 -0.801344
    outer loop
      vertex 9.41221 -1.57713 148.793
      vertex 9.54601 9.29526 152.837
      vertex 9.54601 -1.60518 148.87
    endloop
  endfacet
  facet normal 0.522285 0.291637 -0.801353
    outer loop
      vertex 9.54601 9.29526 152.837
      vertex 9.41221 -1.57713 148.793
      vertex 9.41221 9.3233 152.76
    endloop
  endfacet
  facet normal 0.650261 0.259811 -0.713904
    outer loop
      vertex 9.29289 -1.54228 148.697
      vertex 9.41221 9.3233 152.76
      vertex 9.41221 -1.57713 148.793
    endloop
  endfacet
  facet normal 0.650274 0.259807 -0.713894
    outer loop
      vertex 9.41221 9.3233 152.76
      vertex 9.29289 -1.54228 148.697
      vertex 9.29289 9.35816 152.664
    endloop
  endfacet
  facet normal -0.231028 -0.332809 0.914256
    outer loop
      vertex 10.1564 -0.962625 147.104
      vertex 10.309 9.92528 151.106
      vertex 10.1564 9.93781 151.072
    endloop
  endfacet
  facet normal -0.236683 -0.33227 0.913005
    outer loop
      vertex 10.309 9.92528 151.106
      vertex 10.1564 -0.962625 147.104
      vertex 10.309 -0.975153 147.139
    endloop
  endfacet
  facet normal -0.924437 0.130412 -0.358342
    outer loop
      vertex 10.9511 -1.40612 148.323
      vertex 10.891 9.44473 152.427
      vertex 10.9511 9.49431 152.29
    endloop
  endfacet
  facet normal -0.923566 0.131161 -0.360309
    outer loop
      vertex 10.891 9.44473 152.427
      vertex 10.9511 -1.40612 148.323
      vertex 10.891 -1.45571 148.459
    endloop
  endfacet
  facet normal -0.385542 -0.315548 0.867056
    outer loop
      vertex 10.309 -0.975153 147.139
      vertex 10.454 9.90474 151.163
      vertex 10.309 9.92528 151.106
    endloop
  endfacet
  facet normal -0.380432 -0.316343 0.869022
    outer loop
      vertex 10.454 9.90474 151.163
      vertex 10.309 -0.975153 147.139
      vertex 10.454 -0.995692 147.195
    endloop
  endfacet
  facet normal -0.851423 0.179405 -0.492842
    outer loop
      vertex 10.891 -1.45571 148.459
      vertex 10.809 9.39896 152.552
      vertex 10.891 9.44473 152.427
    endloop
  endfacet
  facet normal -0.853057 0.178455 -0.490354
    outer loop
      vertex 10.809 9.39896 152.552
      vertex 10.891 -1.45571 148.459
      vertex 10.809 -1.50147 148.585
    endloop
  endfacet
  facet normal -0.851417 -0.179409 0.492851
    outer loop
      vertex 10.809 -1.0994 147.48
      vertex 10.891 9.75527 151.573
      vertex 10.809 9.80103 151.448
    endloop
  endfacet
  facet normal -0.853057 -0.178455 0.490354
    outer loop
      vertex 10.891 9.75527 151.573
      vertex 10.809 -1.0994 147.48
      vertex 10.891 -1.14516 147.606
    endloop
  endfacet
  facet normal 0.972248 -0.0800261 0.219838
    outer loop
      vertex 9.01231 9.6535 151.853
      vertex 9.04894 -1.19474 147.742
      vertex 9.04894 9.70569 151.71
    endloop
  endfacet
  facet normal 0.972574 -0.0795441 0.218569
    outer loop
      vertex 9.04894 -1.19474 147.742
      vertex 9.01231 9.6535 151.853
      vertex 9.01231 -1.24693 147.886
    endloop
  endfacet
  facet normal -0.996923 0.026807 -0.0736597
    outer loop
      vertex 11 -1.30043 148.033
      vertex 10.9877 9.5465 152.147
      vertex 11 9.6 152
    endloop
  endfacet
  facet normal -0.996923 0.0268064 -0.0736581
    outer loop
      vertex 10.9877 9.5465 152.147
      vertex 11 -1.30043 148.033
      vertex 10.9877 -1.35394 148.18
    endloop
  endfacet
  facet normal -0.650324 0.259793 -0.713853
    outer loop
      vertex 10.5878 9.3233 152.76
      vertex 10.7071 -1.54228 148.697
      vertex 10.5878 -1.57713 148.793
    endloop
  endfacet
  facet normal -0.650337 0.259789 -0.713843
    outer loop
      vertex 10.7071 -1.54228 148.697
      vertex 10.5878 9.3233 152.76
      vertex 10.7071 9.35816 152.664
    endloop
  endfacet
  facet normal -0.0810383 -0.340862 0.936614
    outer loop
      vertex 10 -0.958414 147.093
      vertex 10.1564 9.93781 151.072
      vertex 10 9.94202 151.06
    endloop
  endfacet
  facet normal -0.0750871 -0.341098 0.937024
    outer loop
      vertex 10.1564 9.93781 151.072
      vertex 10 -0.958414 147.093
      vertex 10.1564 -0.962625 147.104
    endloop
  endfacet
  facet normal 0.924549 0.130319 -0.358087
    outer loop
      vertex 9.10899 9.44473 152.427
      vertex 9.04894 -1.40612 148.323
      vertex 9.04894 9.49431 152.29
    endloop
  endfacet
  facet normal 0.923679 0.131067 -0.360054
    outer loop
      vertex 9.04894 -1.40612 148.323
      vertex 9.10899 9.44473 152.427
      vertex 9.10899 -1.45571 148.459
    endloop
  endfacet
  facet normal 0.76008 0.222234 -0.610648
    outer loop
      vertex 9.29289 9.35816 152.664
      vertex 9.19098 -1.50147 148.585
      vertex 9.19098 9.39896 152.552
    endloop
  endfacet
  facet normal 0.760089 0.22223 -0.610638
    outer loop
      vertex 9.19098 -1.50147 148.585
      vertex 9.29289 9.35816 152.664
      vertex 9.29289 -1.54228 148.697
    endloop
  endfacet
  facet normal 0.760089 -0.222279 0.61062
    outer loop
      vertex 9.19098 9.80103 151.448
      vertex 9.29289 -1.05859 147.368
      vertex 9.29289 9.84184 151.336
    endloop
  endfacet
  facet normal 0.760089 -0.222279 0.61062
    outer loop
      vertex 9.29289 -1.05859 147.368
      vertex 9.19098 9.80103 151.448
      vertex 9.19098 -1.0994 147.48
    endloop
  endfacet
  facet normal 0.996918 0.0268287 -0.0737192
    outer loop
      vertex 9.01231 9.5465 152.147
      vertex 9 -1.30043 148.033
      vertex 9 9.6 152
    endloop
  endfacet
  facet normal 0.996918 0.0268281 -0.0737176
    outer loop
      vertex 9 -1.30043 148.033
      vertex 9.01231 9.5465 152.147
      vertex 9.01231 -1.35394 148.18
    endloop
  endfacet
  facet normal -0.236687 0.33227 -0.913004
    outer loop
      vertex 10.1564 9.26219 152.928
      vertex 10.309 -1.62571 148.926
      vertex 10.1564 -1.63824 148.961
    endloop
  endfacet
  facet normal -0.231028 0.33281 -0.914256
    outer loop
      vertex 10.309 -1.62571 148.926
      vertex 10.1564 9.26219 152.928
      vertex 10.309 9.27472 152.894
    endloop
  endfacet
  facet normal -0.650337 -0.259847 0.713822
    outer loop
      vertex 10.5878 -1.02373 147.272
      vertex 10.7071 9.84184 151.336
      vertex 10.5878 9.8767 151.24
    endloop
  endfacet
  facet normal -0.650337 -0.259847 0.713822
    outer loop
      vertex 10.7071 9.84184 151.336
      vertex 10.5878 -1.02373 147.272
      vertex 10.7071 -1.05859 147.368
    endloop
  endfacet
  facet normal -0.760111 0.222221 -0.610614
    outer loop
      vertex 10.809 -1.50147 148.585
      vertex 10.7071 9.35816 152.664
      vertex 10.809 9.39896 152.552
    endloop
  endfacet
  facet normal -0.76012 0.222217 -0.610603
    outer loop
      vertex 10.7071 9.35816 152.664
      vertex 10.809 -1.50147 148.585
      vertex 10.7071 -1.54228 148.697
    endloop
  endfacet
  facet normal 0.0750659 0.341098 -0.937026
    outer loop
      vertex 9.84356 -1.63824 148.961
      vertex 10 9.25798 152.94
      vertex 10 -1.64245 148.972
    endloop
  endfacet
  facet normal 0.0810178 0.340863 -0.936615
    outer loop
      vertex 10 9.25798 152.94
      vertex 9.84356 -1.63824 148.961
      vertex 9.84356 9.26219 152.928
    endloop
  endfacet
  facet normal 0.650274 -0.259866 0.713872
    outer loop
      vertex 9.29289 9.84184 151.336
      vertex 9.41221 -1.02373 147.272
      vertex 9.41221 9.8767 151.24
    endloop
  endfacet
  facet normal 0.650274 -0.259866 0.713872
    outer loop
      vertex 9.41221 -1.02373 147.272
      vertex 9.29289 9.84184 151.336
      vertex 9.29289 -1.05859 147.368
    endloop
  endfacet
  facet normal -0.522285 -0.291702 0.801329
    outer loop
      vertex 10.454 -0.995692 147.195
      vertex 10.5878 9.8767 151.24
      vertex 10.454 9.90474 151.163
    endloop
  endfacet
  facet normal -0.522281 -0.291702 0.801331
    outer loop
      vertex 10.5878 9.8767 151.24
      vertex 10.454 -0.995692 147.195
      vertex 10.5878 -1.02373 147.272
    endloop
  endfacet
  facet normal -0.972292 0.0799463 -0.219675
    outer loop
      vertex 10.9877 -1.35394 148.18
      vertex 10.9511 9.49431 152.29
      vertex 10.9877 9.5465 152.147
    endloop
  endfacet
  facet normal -0.972291 0.079948 -0.219679
    outer loop
      vertex 10.9511 9.49431 152.29
      vertex 10.9877 -1.35394 148.18
      vertex 10.9511 -1.40612 148.323
    endloop
  endfacet
  facet normal 0.38561 -0.315539 0.86703
    outer loop
      vertex 9.54601 9.90474 151.163
      vertex 9.69098 -0.975153 147.139
      vertex 9.69098 9.92528 151.106
    endloop
  endfacet
  facet normal 0.380499 -0.316334 0.868996
    outer loop
      vertex 9.69098 -0.975153 147.139
      vertex 9.54601 9.90474 151.163
      vertex 9.54601 -0.995692 147.195
    endloop
  endfacet
  facet normal 0.231056 -0.332807 0.91425
    outer loop
      vertex 9.69098 9.92528 151.106
      vertex 9.84356 -0.962625 147.104
      vertex 9.84356 9.93781 151.072
    endloop
  endfacet
  facet normal 0.236712 -0.332268 0.912998
    outer loop
      vertex 9.84356 -0.962625 147.104
      vertex 9.69098 9.92528 151.106
      vertex 9.69098 -0.975153 147.139
    endloop
  endfacet
  facet normal -0.5223 0.291633 -0.801344
    outer loop
      vertex 10.454 9.29526 152.837
      vertex 10.5878 -1.57713 148.793
      vertex 10.454 -1.60518 148.87
    endloop
  endfacet
  facet normal -0.522285 0.291637 -0.801353
    outer loop
      vertex 10.5878 -1.57713 148.793
      vertex 10.454 9.29526 152.837
      vertex 10.5878 9.3233 152.76
    endloop
  endfacet
  facet normal 0.972248 0.0800082 -0.219845
    outer loop
      vertex 9.04894 9.49431 152.29
      vertex 9.01231 -1.35394 148.18
      vertex 9.01231 9.5465 152.147
    endloop
  endfacet
  facet normal 0.972247 0.08001 -0.21985
    outer loop
      vertex 9.01231 -1.35394 148.18
      vertex 9.04894 9.49431 152.29
      vertex 9.04894 -1.40612 148.323
    endloop
  endfacet
  facet normal -0.075085 0.341098 -0.937024
    outer loop
      vertex 10 9.25798 152.94
      vertex 10.1564 -1.63824 148.961
      vertex 10 -1.64245 148.972
    endloop
  endfacet
  facet normal -0.0810383 0.340862 -0.936614
    outer loop
      vertex 10.1564 -1.63824 148.961
      vertex 10 9.25798 152.94
      vertex 10.1564 9.26219 152.928
    endloop
  endfacet
  facet normal 0.0810178 -0.340863 0.936616
    outer loop
      vertex 9.84356 9.93781 151.072
      vertex 10 -0.958414 147.093
      vertex 10 9.94202 151.06
    endloop
  endfacet
  facet normal 0.075068 -0.341098 0.937026
    outer loop
      vertex 10 -0.958414 147.093
      vertex 9.84356 9.93781 151.072
      vertex 9.84356 -0.962625 147.104
    endloop
  endfacet
  facet normal 0.236717 0.332268 -0.912997
    outer loop
      vertex 9.69098 -1.62571 148.926
      vertex 9.84356 9.26219 152.928
      vertex 9.84356 -1.63824 148.961
    endloop
  endfacet
  facet normal 0.231056 0.332807 -0.91425
    outer loop
      vertex 9.84356 9.26219 152.928
      vertex 9.69098 -1.62571 148.926
      vertex 9.69098 9.27472 152.894
    endloop
  endfacet
  facet normal -0.76012 -0.222267 0.610585
    outer loop
      vertex 10.7071 -1.05859 147.368
      vertex 10.809 9.80103 151.448
      vertex 10.7071 9.84184 151.336
    endloop
  endfacet
  facet normal -0.76012 -0.222267 0.610585
    outer loop
      vertex 10.809 9.80103 151.448
      vertex 10.7071 -1.05859 147.368
      vertex 10.809 -1.0994 147.48
    endloop
  endfacet
  facet normal 0.851451 0.17939 -0.492799
    outer loop
      vertex 9.19098 9.39896 152.552
      vertex 9.10899 -1.45571 148.459
      vertex 9.10899 9.44473 152.427
    endloop
  endfacet
  facet normal 0.853086 0.178439 -0.490311
    outer loop
      vertex 9.10899 -1.45571 148.459
      vertex 9.19098 9.39896 152.552
      vertex 9.19098 -1.50147 148.585
    endloop
  endfacet
  facet normal 0.924549 -0.130319 0.358087
    outer loop
      vertex 9.04894 9.70569 151.71
      vertex 9.10899 -1.14516 147.606
      vertex 9.10899 9.75527 151.573
    endloop
  endfacet
  facet normal 0.923676 -0.13107 0.360061
    outer loop
      vertex 9.10899 -1.14516 147.606
      vertex 9.04894 9.70569 151.71
      vertex 9.04894 -1.19474 147.742
    endloop
  endfacet
  facet normal 0.380482 0.316336 -0.869002
    outer loop
      vertex 9.54601 -1.60518 148.87
      vertex 9.69098 9.27472 152.894
      vertex 9.69098 -1.62571 148.926
    endloop
  endfacet
  facet normal 0.38561 0.315538 -0.86703
    outer loop
      vertex 9.69098 9.27472 152.894
      vertex 9.54601 -1.60518 148.87
      vertex 9.54601 9.29526 152.837
    endloop
  endfacet
  facet normal 0.996918 -0.0268287 0.0737192
    outer loop
      vertex 9 9.6 152
      vertex 9.01231 -1.24693 147.886
      vertex 9.01231 9.6535 151.853
    endloop
  endfacet
  facet normal 0.996918 -0.0268287 0.0737192
    outer loop
      vertex 9.01231 -1.24693 147.886
      vertex 9 9.6 152
      vertex 9 -1.30043 148.033
    endloop
  endfacet
  facet normal -0.00124961 0.939737 0.341896
    outer loop
      vertex 10.1564 -0.962625 147.104
      vertex 10 -1.64245 148.972
      vertex 10.1564 -1.63824 148.961
    endloop
  endfacet
  facet normal 0.00125457 0.939737 0.341896
    outer loop
      vertex 10.1564 -0.962625 147.104
      vertex 10.1564 -1.63824 148.961
      vertex 10.309 -1.62571 148.926
    endloop
  endfacet
  facet normal 0.00124087 0.93967 0.34208
    outer loop
      vertex 10 -0.958414 147.093
      vertex 10 -1.64245 148.972
      vertex 10.1564 -0.962625 147.104
    endloop
  endfacet
  facet normal -0.000928074 0.939668 0.342086
    outer loop
      vertex 10.309 -0.975153 147.139
      vertex 10.309 -1.62571 148.926
      vertex 10.454 -1.60518 148.87
    endloop
  endfacet
  facet normal 0.00123454 0.93967 0.34208
    outer loop
      vertex 10 -1.64245 148.972
      vertex 10 -0.958414 147.093
      vertex 9.84356 -1.63824 148.961
    endloop
  endfacet
  facet normal -0.00022296 0.939722 0.34194
    outer loop
      vertex 10.454 -0.995692 147.195
      vertex 10.454 -1.60518 148.87
      vertex 10.5878 -1.57713 148.793
    endloop
  endfacet
  facet normal -0.0012553 0.939737 0.341896
    outer loop
      vertex 9.84356 -0.962625 147.104
      vertex 9.84356 -1.63824 148.961
      vertex 10 -0.958414 147.093
    endloop
  endfacet
  facet normal 0.000619133 0.939732 0.341912
    outer loop
      vertex 10.5878 -1.02373 147.272
      vertex 10.5878 -1.57713 148.793
      vertex 10.7071 -1.54228 148.697
    endloop
  endfacet
  facet normal -0.00125473 0.939737 0.341896
    outer loop
      vertex 9.84356 -1.63824 148.961
      vertex 9.84356 -0.962625 147.104
      vertex 9.69098 -1.62571 148.926
    endloop
  endfacet
  facet normal -0.000454239 0.939703 0.341991
    outer loop
      vertex 10.5878 -1.02373 147.272
      vertex 10.7071 -1.54228 148.697
      vertex 10.809 -1.50147 148.585
    endloop
  endfacet
  facet normal 0.00131634 0.939668 0.342086
    outer loop
      vertex 9.69098 -0.975153 147.139
      vertex 9.69098 -1.62571 148.926
      vertex 9.84356 -0.962625 147.104
    endloop
  endfacet
  facet normal 0.000779067 0.93977 0.341807
    outer loop
      vertex 10.5878 -1.02373 147.272
      vertex 10.809 -1.50147 148.585
      vertex 10.891 -1.45571 148.459
    endloop
  endfacet
  facet normal 0.000928266 0.939668 0.342086
    outer loop
      vertex 9.69098 -1.62571 148.926
      vertex 9.69098 -0.975153 147.139
      vertex 9.54601 -1.60518 148.87
    endloop
  endfacet
  facet normal -0.000951948 0.939627 0.342198
    outer loop
      vertex 10.5878 -1.02373 147.272
      vertex 10.891 -1.45571 148.459
      vertex 10.9511 -1.40612 148.323
    endloop
  endfacet
  facet normal -0.00105068 0.939721 0.34194
    outer loop
      vertex 9.54601 -0.995692 147.195
      vertex 9.54601 -1.60518 148.87
      vertex 9.69098 -0.975153 147.139
    endloop
  endfacet
  facet normal -0.00165645 0.939548 0.342413
    outer loop
      vertex 10.5878 -1.02373 147.272
      vertex 10.9511 -1.40612 148.323
      vertex 10.9877 -1.35394 148.18
    endloop
  endfacet
  facet normal 0.00022296 0.939722 0.34194
    outer loop
      vertex 9.54601 -1.60518 148.87
      vertex 9.54601 -0.995692 147.195
      vertex 9.41221 -1.57713 148.793
    endloop
  endfacet
  facet normal -0.000620744 0.939696 0.34201
    outer loop
      vertex 10.5878 -1.02373 147.272
      vertex 10.9877 -1.35394 148.18
      vertex 11 -1.30043 148.033
    endloop
  endfacet
  facet normal -0.00015699 0.939732 0.341912
    outer loop
      vertex 9.41221 -1.02373 147.272
      vertex 9.41221 -1.57713 148.793
      vertex 9.54601 -0.995692 147.195
    endloop
  endfacet
  facet normal -0.000707974 0.939681 0.342052
    outer loop
      vertex 10.5878 -1.02373 147.272
      vertex 11 -1.30043 148.033
      vertex 10.9877 -1.24693 147.886
    endloop
  endfacet
  facet normal -0.000619029 0.939732 0.341912
    outer loop
      vertex 9.41221 -1.57713 148.793
      vertex 9.41221 -1.02373 147.272
      vertex 9.29289 -1.54228 148.697
    endloop
  endfacet
  facet normal 0.00257472 0.940363 0.340162
    outer loop
      vertex 10.5878 -1.02373 147.272
      vertex 10.9877 -1.24693 147.886
      vertex 10.9511 -1.19474 147.742
    endloop
  endfacet
  facet normal -0.00131617 0.939668 0.342086
    outer loop
      vertex 10.309 -1.62571 148.926
      vertex 10.309 -0.975153 147.139
      vertex 10.1564 -0.962625 147.104
    endloop
  endfacet
  facet normal -0.00200789 0.939227 0.343291
    outer loop
      vertex 10.5878 -1.02373 147.272
      vertex 10.9511 -1.19474 147.742
      vertex 10.891 -1.14516 147.606
    endloop
  endfacet
  facet normal -0.00077912 0.93977 0.341807
    outer loop
      vertex 9.19098 -1.50147 148.585
      vertex 9.41221 -1.02373 147.272
      vertex 9.10899 -1.45571 148.459
    endloop
  endfacet
  facet normal 0.00436004 0.940831 0.338848
    outer loop
      vertex 10.7071 -1.05859 147.368
      vertex 10.891 -1.14516 147.606
      vertex 10.809 -1.0994 147.48
    endloop
  endfacet
  facet normal -0.00122823 0.939456 0.342666
    outer loop
      vertex 10.5878 -1.02373 147.272
      vertex 10.891 -1.14516 147.606
      vertex 10.7071 -1.05859 147.368
    endloop
  endfacet
  facet normal 0.00015699 0.939732 0.341912
    outer loop
      vertex 10.5878 -1.57713 148.793
      vertex 10.5878 -1.02373 147.272
      vertex 10.454 -0.995692 147.195
    endloop
  endfacet
  facet normal -0.0043572 0.94083 0.33885
    outer loop
      vertex 9.10899 -1.14516 147.606
      vertex 9.29289 -1.05859 147.368
      vertex 9.19098 -1.0994 147.48
    endloop
  endfacet
  facet normal 0.00105046 0.939721 0.34194
    outer loop
      vertex 10.454 -1.60518 148.87
      vertex 10.454 -0.995692 147.195
      vertex 10.309 -0.975153 147.139
    endloop
  endfacet
  facet normal 0.00122769 0.939456 0.342666
    outer loop
      vertex 9.10899 -1.14516 147.606
      vertex 9.41221 -1.02373 147.272
      vertex 9.29289 -1.05859 147.368
    endloop
  endfacet
  facet normal 0.000952427 0.939627 0.342198
    outer loop
      vertex 9.10899 -1.45571 148.459
      vertex 9.41221 -1.02373 147.272
      vertex 9.04894 -1.40612 148.323
    endloop
  endfacet
  facet normal 0.00200605 0.939228 0.343289
    outer loop
      vertex 9.04894 -1.19474 147.742
      vertex 9.41221 -1.02373 147.272
      vertex 9.10899 -1.14516 147.606
    endloop
  endfacet
  facet normal 0.000708058 0.939681 0.342052
    outer loop
      vertex 9 -1.30043 148.033
      vertex 9.41221 -1.02373 147.272
      vertex 9.01231 -1.24693 147.886
    endloop
  endfacet
  facet normal -0.00257607 0.940364 0.340161
    outer loop
      vertex 9.01231 -1.24693 147.886
      vertex 9.41221 -1.02373 147.272
      vertex 9.04894 -1.19474 147.742
    endloop
  endfacet
  facet normal 0.000620664 0.939696 0.34201
    outer loop
      vertex 9.01231 -1.35394 148.18
      vertex 9.41221 -1.02373 147.272
      vertex 9 -1.30043 148.033
    endloop
  endfacet
  facet normal 0.00165595 0.939548 0.342412
    outer loop
      vertex 9.04894 -1.40612 148.323
      vertex 9.41221 -1.02373 147.272
      vertex 9.01231 -1.35394 148.18
    endloop
  endfacet
  facet normal 0.000454192 0.939703 0.341991
    outer loop
      vertex 9.29289 -1.54228 148.697
      vertex 9.41221 -1.02373 147.272
      vertex 9.19098 -1.50147 148.585
    endloop
  endfacet
  facet normal 0.851445 -0.179393 0.492808
    outer loop
      vertex 9.10899 9.75527 151.573
      vertex 9.19098 -1.0994 147.48
      vertex 9.19098 9.80103 151.448
    endloop
  endfacet
  facet normal 0.853086 -0.178439 0.490311
    outer loop
      vertex 9.19098 -1.0994 147.48
      vertex 9.10899 9.75527 151.573
      vertex 9.10899 -1.14516 147.606
    endloop
  endfacet
  facet normal 0.522285 -0.291702 0.801329
    outer loop
      vertex 9.41221 9.8767 151.24
      vertex 9.54601 -0.995692 147.195
      vertex 9.54601 9.90474 151.163
    endloop
  endfacet
  facet normal 0.522281 -0.291702 0.801331
    outer loop
      vertex 9.54601 -0.995692 147.195
      vertex 9.41221 9.8767 151.24
      vertex 9.41221 -1.02373 147.272
    endloop
  endfacet
  facet normal -0.233001 0.168924 -0.957693
    outer loop
      vertex -9.84356 9.42849 126.973
      vertex -9.69098 -1.98892 124.922
      vertex -9.84356 -1.99528 124.958
    endloop
  endfacet
  facet normal -0.233001 0.168924 -0.957693
    outer loop
      vertex -9.69098 -1.98892 124.922
      vertex -9.84356 9.42849 126.973
      vertex -9.69098 9.43485 126.937
    endloop
  endfacet
  facet normal -0.972282 -0.0406141 0.230256
    outer loop
      vertex -9.04894 -1.77011 123.681
      vertex -9.01231 9.62716 125.846
      vertex -9.04894 9.65366 125.696
    endloop
  endfacet
  facet normal -0.972622 -0.0403484 0.228863
    outer loop
      vertex -9.01231 9.62716 125.846
      vertex -9.04894 -1.77011 123.681
      vertex -9.01231 -1.7966 123.832
    endloop
  endfacet
  facet normal -0.996916 -0.0136254 0.0772855
    outer loop
      vertex -9.01231 -1.7966 123.832
      vertex -9 9.6 126
      vertex -9.01231 9.62716 125.846
    endloop
  endfacet
  facet normal -0.996916 -0.0136252 0.0772847
    outer loop
      vertex -9 9.6 126
      vertex -9.01231 -1.7966 123.832
      vertex -9 -1.82377 123.986
    endloop
  endfacet
  facet normal -0.924089 -0.0663543 0.376373
    outer loop
      vertex -9.10899 -1.74493 123.539
      vertex -9.04894 9.65366 125.696
      vertex -9.10899 9.67883 125.553
    endloop
  endfacet
  facet normal -0.923167 -0.0667721 0.378555
    outer loop
      vertex -9.04894 9.65366 125.696
      vertex -9.10899 -1.74493 123.539
      vertex -9.04894 -1.77011 123.681
    endloop
  endfacet
  facet normal -0.853045 0.0906024 -0.513912
    outer loop
      vertex -9.10899 -1.9026 124.433
      vertex -9.19098 9.49793 126.579
      vertex -9.10899 9.52116 126.447
    endloop
  endfacet
  facet normal -0.853048 0.0906014 -0.513908
    outer loop
      vertex -9.19098 9.49793 126.579
      vertex -9.10899 -1.9026 124.433
      vertex -9.19098 -1.92584 124.565
    endloop
  endfacet
  facet normal -0.0776813 0.17318 -0.981822
    outer loop
      vertex -10 9.42635 126.985
      vertex -9.84356 -1.99528 124.958
      vertex -10 -1.99742 124.97
    endloop
  endfacet
  facet normal -0.0776813 0.17318 -0.981822
    outer loop
      vertex -9.84356 -1.99528 124.958
      vertex -10 9.42635 126.985
      vertex -9.84356 9.42849 126.973
    endloop
  endfacet
  facet normal -0.853048 -0.0906014 0.513908
    outer loop
      vertex -9.19098 -1.7217 123.407
      vertex -9.10899 9.67883 125.553
      vertex -9.19098 9.70207 125.421
    endloop
  endfacet
  facet normal -0.853045 -0.0906024 0.513912
    outer loop
      vertex -9.10899 9.67883 125.553
      vertex -9.19098 -1.7217 123.407
      vertex -9.10899 -1.74493 123.539
    endloop
  endfacet
  facet normal -0.972282 0.040595 -0.230262
    outer loop
      vertex -9.01231 -1.85093 124.14
      vertex -9.04894 9.54634 126.304
      vertex -9.01231 9.57283 126.154
    endloop
  endfacet
  facet normal -0.972282 0.0405946 -0.23026
    outer loop
      vertex -9.04894 9.54634 126.304
      vertex -9.01231 -1.85093 124.14
      vertex -9.04894 -1.87743 124.29
    endloop
  endfacet
  facet normal 0.972325 0.0405636 -0.230084
    outer loop
      vertex -10.9511 9.54634 126.304
      vertex -10.9877 -1.85093 124.14
      vertex -10.9877 9.57283 126.154
    endloop
  endfacet
  facet normal 0.972326 0.0405631 -0.230081
    outer loop
      vertex -10.9877 -1.85093 124.14
      vertex -10.9511 9.54634 126.304
      vertex -10.9511 -1.87743 124.29
    endloop
  endfacet
  facet normal -0.523653 0.147914 -0.838993
    outer loop
      vertex -9.54601 9.44528 126.877
      vertex -9.41221 -1.96425 124.782
      vertex -9.54601 -1.97849 124.863
    endloop
  endfacet
  facet normal -0.519079 0.14847 -0.841732
    outer loop
      vertex -9.41221 -1.96425 124.782
      vertex -9.54601 9.44528 126.877
      vertex -9.41221 9.45952 126.797
    endloop
  endfacet
  facet normal 0.0777011 -0.173097 0.981835
    outer loop
      vertex -10.1564 9.77151 125.027
      vertex -10 -1.65012 123.001
      vertex -10 9.77365 125.015
    endloop
  endfacet
  facet normal 0.0777011 -0.173097 0.981835
    outer loop
      vertex -10 -1.65012 123.001
      vertex -10.1564 9.77151 125.027
      vertex -10.1564 -1.65226 123.013
    endloop
  endfacet
  facet normal -0.648132 0.132281 -0.749951
    outer loop
      vertex -9.41221 9.45952 126.797
      vertex -9.29289 -1.94656 124.682
      vertex -9.41221 -1.96425 124.782
    endloop
  endfacet
  facet normal -0.651755 0.13168 -0.746911
    outer loop
      vertex -9.29289 -1.94656 124.682
      vertex -9.41221 9.45952 126.797
      vertex -9.29289 9.47721 126.696
    endloop
  endfacet
  facet normal -0.92409 0.0663536 -0.37637
    outer loop
      vertex -9.04894 -1.87743 124.29
      vertex -9.10899 9.52116 126.447
      vertex -9.04894 9.54634 126.304
    endloop
  endfacet
  facet normal -0.924089 0.0663543 -0.376373
    outer loop
      vertex -9.10899 9.52116 126.447
      vertex -9.04894 -1.87743 124.29
      vertex -9.10899 -1.9026 124.433
    endloop
  endfacet
  facet normal 0.996921 0.0136142 -0.0772223
    outer loop
      vertex -10.9877 9.57283 126.154
      vertex -11 -1.82377 123.986
      vertex -11 9.6 126
    endloop
  endfacet
  facet normal 0.996921 0.0136144 -0.0772231
    outer loop
      vertex -11 -1.82377 123.986
      vertex -10.9877 9.57283 126.154
      vertex -10.9877 -1.85093 124.14
    endloop
  endfacet
  facet normal -0.381956 0.160535 -0.910131
    outer loop
      vertex -9.69098 9.43485 126.937
      vertex -9.54601 -1.97849 124.863
      vertex -9.69098 -1.98892 124.922
    endloop
  endfacet
  facet normal -0.387299 0.160071 -0.907952
    outer loop
      vertex -9.54601 -1.97849 124.863
      vertex -9.69098 9.43485 126.937
      vertex -9.54601 9.44528 126.877
    endloop
  endfacet
  facet normal 0.651818 -0.13167 0.746858
    outer loop
      vertex -10.7071 9.72279 125.304
      vertex -10.5878 -1.68329 123.189
      vertex -10.5878 9.74048 125.203
    endloop
  endfacet
  facet normal 0.648195 -0.132272 0.749898
    outer loop
      vertex -10.5878 -1.68329 123.189
      vertex -10.7071 9.72279 125.304
      vertex -10.7071 -1.70098 123.289
    endloop
  endfacet
  facet normal 0.38723 -0.160076 0.90798
    outer loop
      vertex -10.454 9.75472 125.123
      vertex -10.309 -1.65862 123.049
      vertex -10.309 9.76515 125.063
    endloop
  endfacet
  facet normal 0.381888 -0.16054 0.910158
    outer loop
      vertex -10.309 -1.65862 123.049
      vertex -10.454 9.75472 125.123
      vertex -10.454 -1.66905 123.108
    endloop
  endfacet
  facet normal 0.523653 0.147914 -0.838993
    outer loop
      vertex -10.5878 -1.96425 124.782
      vertex -10.454 9.44528 126.877
      vertex -10.454 -1.97849 124.863
    endloop
  endfacet
  facet normal 0.519079 0.14847 -0.841732
    outer loop
      vertex -10.454 9.44528 126.877
      vertex -10.5878 -1.96425 124.782
      vertex -10.5878 9.45952 126.797
    endloop
  endfacet
  facet normal -0.387299 -0.160071 0.907952
    outer loop
      vertex -9.69098 -1.65862 123.049
      vertex -9.54601 9.75472 125.123
      vertex -9.69098 9.76515 125.063
    endloop
  endfacet
  facet normal -0.381956 -0.160535 0.910131
    outer loop
      vertex -9.54601 9.75472 125.123
      vertex -9.69098 -1.65862 123.049
      vertex -9.54601 -1.66905 123.108
    endloop
  endfacet
  facet normal 0.381888 0.16054 -0.910158
    outer loop
      vertex -10.454 -1.97849 124.863
      vertex -10.309 9.43485 126.937
      vertex -10.309 -1.98892 124.922
    endloop
  endfacet
  facet normal 0.38723 0.160076 -0.90798
    outer loop
      vertex -10.309 9.43485 126.937
      vertex -10.454 -1.97849 124.863
      vertex -10.454 9.44528 126.877
    endloop
  endfacet
  facet normal 0.759087 0.113026 -0.641103
    outer loop
      vertex -10.7071 9.47721 126.696
      vertex -10.809 -1.92584 124.565
      vertex -10.809 9.49793 126.579
    endloop
  endfacet
  facet normal 0.759087 0.113026 -0.641103
    outer loop
      vertex -10.809 -1.92584 124.565
      vertex -10.7071 9.47721 126.696
      vertex -10.7071 -1.94656 124.682
    endloop
  endfacet
  facet normal 0.519079 -0.14847 0.841732
    outer loop
      vertex -10.5878 9.74048 125.203
      vertex -10.454 -1.66905 123.108
      vertex -10.454 9.75472 125.123
    endloop
  endfacet
  facet normal 0.523653 -0.147914 0.838993
    outer loop
      vertex -10.454 -1.66905 123.108
      vertex -10.5878 9.74048 125.203
      vertex -10.5878 -1.68329 123.189
    endloop
  endfacet
  facet normal 0.648195 0.132272 -0.749898
    outer loop
      vertex -10.7071 -1.94656 124.682
      vertex -10.5878 9.45952 126.797
      vertex -10.5878 -1.96425 124.782
    endloop
  endfacet
  facet normal 0.651818 0.13167 -0.746858
    outer loop
      vertex -10.5878 9.45952 126.797
      vertex -10.7071 -1.94656 124.682
      vertex -10.7071 9.47721 126.696
    endloop
  endfacet
  facet normal 0.923978 0.0664008 -0.376637
    outer loop
      vertex -10.891 9.52116 126.447
      vertex -10.9511 -1.87743 124.29
      vertex -10.9511 9.54634 126.304
    endloop
  endfacet
  facet normal 0.923976 0.0664015 -0.376641
    outer loop
      vertex -10.9511 -1.87743 124.29
      vertex -10.891 9.52116 126.447
      vertex -10.891 -1.9026 124.433
    endloop
  endfacet
  facet normal -0.996916 0.0136252 -0.0772847
    outer loop
      vertex -9 -1.82377 123.986
      vertex -9.01231 9.57283 126.154
      vertex -9 9.6 126
    endloop
  endfacet
  facet normal -0.996916 0.0136254 -0.0772855
    outer loop
      vertex -9.01231 9.57283 126.154
      vertex -9 -1.82377 123.986
      vertex -9.01231 -1.85093 124.14
    endloop
  endfacet
  facet normal -0.519079 -0.14847 0.841732
    outer loop
      vertex -9.54601 -1.66905 123.108
      vertex -9.41221 9.74048 125.203
      vertex -9.54601 9.75472 125.123
    endloop
  endfacet
  facet normal -0.523653 -0.147914 0.838993
    outer loop
      vertex -9.41221 9.74048 125.203
      vertex -9.54601 -1.66905 123.108
      vertex -9.41221 -1.68329 123.189
    endloop
  endfacet
  facet normal -0.759055 -0.113087 0.641129
    outer loop
      vertex -9.29289 -1.70098 123.289
      vertex -9.19098 9.70207 125.421
      vertex -9.29289 9.72279 125.304
    endloop
  endfacet
  facet normal -0.761702 -0.112494 0.638087
    outer loop
      vertex -9.19098 9.70207 125.421
      vertex -9.29289 -1.70098 123.289
      vertex -9.19098 -1.7217 123.407
    endloop
  endfacet
  facet normal -0.651755 -0.13168 0.746911
    outer loop
      vertex -9.41221 -1.68329 123.189
      vertex -9.29289 9.72279 125.304
      vertex -9.41221 9.74048 125.203
    endloop
  endfacet
  facet normal -0.648132 -0.132281 0.749951
    outer loop
      vertex -9.29289 9.72279 125.304
      vertex -9.41221 -1.68329 123.189
      vertex -9.29289 -1.70098 123.289
    endloop
  endfacet
  facet normal -0.759055 0.113032 -0.641139
    outer loop
      vertex -9.19098 -1.92584 124.565
      vertex -9.29289 9.47721 126.696
      vertex -9.19098 9.49793 126.579
    endloop
  endfacet
  facet normal -0.759055 0.113032 -0.641139
    outer loop
      vertex -9.29289 9.47721 126.696
      vertex -9.19098 -1.92584 124.565
      vertex -9.29289 -1.94656 124.682
    endloop
  endfacet
  facet normal 0.759087 -0.11308 0.641093
    outer loop
      vertex -10.809 9.70207 125.421
      vertex -10.7071 -1.70098 123.289
      vertex -10.7071 9.72279 125.304
    endloop
  endfacet
  facet normal 0.761734 -0.112488 0.63805
    outer loop
      vertex -10.7071 -1.70098 123.289
      vertex -10.809 9.70207 125.421
      vertex -10.809 -1.7217 123.407
    endloop
  endfacet
  facet normal 0.232972 0.168925 -0.957699
    outer loop
      vertex -10.309 -1.98892 124.922
      vertex -10.1564 9.42849 126.973
      vertex -10.1564 -1.99528 124.958
    endloop
  endfacet
  facet normal 0.232972 0.168925 -0.957699
    outer loop
      vertex -10.1564 9.42849 126.973
      vertex -10.309 -1.98892 124.922
      vertex -10.309 9.43485 126.937
    endloop
  endfacet
  facet normal 0.853016 0.0906104 -0.513958
    outer loop
      vertex -10.809 9.49793 126.579
      vertex -10.891 -1.9026 124.433
      vertex -10.891 9.52116 126.447
    endloop
  endfacet
  facet normal 0.853019 0.0906095 -0.513953
    outer loop
      vertex -10.891 -1.9026 124.433
      vertex -10.809 9.49793 126.579
      vertex -10.809 -1.92584 124.565
    endloop
  endfacet
  facet normal 0.232972 -0.168844 0.957714
    outer loop
      vertex -10.309 9.76515 125.063
      vertex -10.1564 -1.65226 123.013
      vertex -10.1564 9.77151 125.027
    endloop
  endfacet
  facet normal 0.232972 -0.168844 0.957714
    outer loop
      vertex -10.1564 -1.65226 123.013
      vertex -10.309 9.76515 125.063
      vertex -10.309 -1.65862 123.049
    endloop
  endfacet
  facet normal 0.923976 -0.0664015 0.376641
    outer loop
      vertex -10.9511 9.65366 125.696
      vertex -10.891 -1.74493 123.539
      vertex -10.891 9.67883 125.553
    endloop
  endfacet
  facet normal 0.923053 -0.0668195 0.378824
    outer loop
      vertex -10.891 -1.74493 123.539
      vertex -10.9511 9.65366 125.696
      vertex -10.9511 -1.77011 123.681
    endloop
  endfacet
  facet normal 0.853019 -0.0906095 0.513953
    outer loop
      vertex -10.891 9.67883 125.553
      vertex -10.809 -1.7217 123.407
      vertex -10.809 9.70207 125.421
    endloop
  endfacet
  facet normal 0.853016 -0.0906104 0.513958
    outer loop
      vertex -10.809 -1.7217 123.407
      vertex -10.891 9.67883 125.553
      vertex -10.891 -1.74493 123.539
    endloop
  endfacet
  facet normal -0.233001 -0.168843 0.957707
    outer loop
      vertex -9.84356 -1.65226 123.013
      vertex -9.69098 9.76515 125.063
      vertex -9.84356 9.77151 125.027
    endloop
  endfacet
  facet normal -0.233001 -0.168843 0.957707
    outer loop
      vertex -9.69098 9.76515 125.063
      vertex -9.84356 -1.65226 123.013
      vertex -9.69098 -1.65862 123.049
    endloop
  endfacet
  facet normal -0.0776813 -0.173097 0.981837
    outer loop
      vertex -10 -1.65012 123.001
      vertex -9.84356 9.77151 125.027
      vertex -10 9.77365 125.015
    endloop
  endfacet
  facet normal -0.0776813 -0.173097 0.981837
    outer loop
      vertex -9.84356 9.77151 125.027
      vertex -10 -1.65012 123.001
      vertex -9.84356 -1.65226 123.013
    endloop
  endfacet
  facet normal 0.996921 -0.0136144 0.0772231
    outer loop
      vertex -11 9.6 126
      vertex -10.9877 -1.7966 123.832
      vertex -10.9877 9.62716 125.846
    endloop
  endfacet
  facet normal 0.996921 -0.0136142 0.0772223
    outer loop
      vertex -10.9877 -1.7966 123.832
      vertex -11 9.6 126
      vertex -11 -1.82377 123.986
    endloop
  endfacet
  facet normal 0.972326 -0.0405827 0.230078
    outer loop
      vertex -10.9877 9.62716 125.846
      vertex -10.9511 -1.77011 123.681
      vertex -10.9511 9.65366 125.696
    endloop
  endfacet
  facet normal 0.972665 -0.0403171 0.228686
    outer loop
      vertex -10.9511 -1.77011 123.681
      vertex -10.9877 9.62716 125.846
      vertex -10.9877 -1.7966 123.832
    endloop
  endfacet
  facet normal 0 0.984468 0.175563
    outer loop
      vertex -9.84356 -1.99528 124.958
      vertex -10.1564 -1.99528 124.958
      vertex -10 -1.99742 124.97
    endloop
  endfacet
  facet normal 0 0.98475 0.173973
    outer loop
      vertex -9.69098 -1.98892 124.922
      vertex -10.1564 -1.99528 124.958
      vertex -9.84356 -1.99528 124.958
    endloop
  endfacet
  facet normal 0 0.98475 0.173973
    outer loop
      vertex -9.69098 -1.98892 124.922
      vertex -10.309 -1.98892 124.922
      vertex -10.1564 -1.99528 124.958
    endloop
  endfacet
  facet normal 0 0.984731 0.17408
    outer loop
      vertex -9.54601 -1.97849 124.863
      vertex -10.309 -1.98892 124.922
      vertex -9.69098 -1.98892 124.922
    endloop
  endfacet
  facet normal 0 0.984731 0.17408
    outer loop
      vertex -9.54601 -1.97849 124.863
      vertex -10.454 -1.97849 124.863
      vertex -10.309 -1.98892 124.922
    endloop
  endfacet
  facet normal 0 0.984896 0.173147
    outer loop
      vertex -9.41221 -1.96425 124.782
      vertex -10.454 -1.97849 124.863
      vertex -9.54601 -1.97849 124.863
    endloop
  endfacet
  facet normal 0 0.984896 0.173147
    outer loop
      vertex -9.41221 -1.96425 124.782
      vertex -10.5878 -1.96425 124.782
      vertex -10.454 -1.97849 124.863
    endloop
  endfacet
  facet normal 0 0.984711 0.174195
    outer loop
      vertex -9.29289 -1.94656 124.682
      vertex -10.5878 -1.96425 124.782
      vertex -9.41221 -1.96425 124.782
    endloop
  endfacet
  facet normal 0 0.984711 0.174195
    outer loop
      vertex -9.29289 -1.94656 124.682
      vertex -10.7071 -1.94656 124.682
      vertex -10.5878 -1.96425 124.782
    endloop
  endfacet
  facet normal 0 0.984678 0.174381
    outer loop
      vertex -9.19098 -1.92584 124.565
      vertex -10.7071 -1.94656 124.682
      vertex -9.29289 -1.94656 124.682
    endloop
  endfacet
  facet normal 0 0.984678 0.174381
    outer loop
      vertex -9.19098 -1.92584 124.565
      vertex -10.809 -1.92584 124.565
      vertex -10.7071 -1.94656 124.682
    endloop
  endfacet
  facet normal 0 0.984853 0.173394
    outer loop
      vertex -9.10899 -1.9026 124.433
      vertex -10.809 -1.92584 124.565
      vertex -9.19098 -1.92584 124.565
    endloop
  endfacet
  facet normal 0 0.984853 0.173394
    outer loop
      vertex -9.10899 -1.9026 124.433
      vertex -10.891 -1.9026 124.433
      vertex -10.809 -1.92584 124.565
    endloop
  endfacet
  facet normal 0 0.98486 0.173349
    outer loop
      vertex -9.04894 -1.87743 124.29
      vertex -10.891 -1.9026 124.433
      vertex -9.10899 -1.9026 124.433
    endloop
  endfacet
  facet normal 0 0.98486 0.173349
    outer loop
      vertex -9.04894 -1.87743 124.29
      vertex -10.9511 -1.87743 124.29
      vertex -10.891 -1.9026 124.433
    endloop
  endfacet
  facet normal 0 0.98475 0.173973
    outer loop
      vertex -9.01231 -1.85093 124.14
      vertex -10.9511 -1.87743 124.29
      vertex -9.04894 -1.87743 124.29
    endloop
  endfacet
  facet normal 0 0.98475 0.173973
    outer loop
      vertex -9.01231 -1.85093 124.14
      vertex -10.9877 -1.85093 124.14
      vertex -10.9511 -1.87743 124.29
    endloop
  endfacet
  facet normal 0 0.984802 0.173683
    outer loop
      vertex -9 -1.82377 123.986
      vertex -10.9877 -1.85093 124.14
      vertex -9.01231 -1.85093 124.14
    endloop
  endfacet
  facet normal 0 0.984802 0.173683
    outer loop
      vertex -9 -1.82377 123.986
      vertex -11 -1.82377 123.986
      vertex -10.9877 -1.85093 124.14
    endloop
  endfacet
  facet normal 0 0.984791 0.173745
    outer loop
      vertex -9.01231 -1.7966 123.832
      vertex -11 -1.82377 123.986
      vertex -9 -1.82377 123.986
    endloop
  endfacet
  facet normal 0 0.984791 0.173745
    outer loop
      vertex -9.01231 -1.7966 123.832
      vertex -10.9877 -1.7966 123.832
      vertex -11 -1.82377 123.986
    endloop
  endfacet
  facet normal 0 0.984958 0.172792
    outer loop
      vertex -9.04894 -1.77011 123.681
      vertex -10.9877 -1.7966 123.832
      vertex -9.01231 -1.7966 123.832
    endloop
  endfacet
  facet normal 0 0.984958 0.172792
    outer loop
      vertex -9.04894 -1.77011 123.681
      vertex -10.9511 -1.77011 123.681
      vertex -10.9877 -1.7966 123.832
    endloop
  endfacet
  facet normal 0 0.984639 0.1746
    outer loop
      vertex -9.10899 -1.74493 123.539
      vertex -10.9511 -1.77011 123.681
      vertex -9.04894 -1.77011 123.681
    endloop
  endfacet
  facet normal 0 0.984639 0.1746
    outer loop
      vertex -9.10899 -1.74493 123.539
      vertex -10.891 -1.74493 123.539
      vertex -10.9511 -1.77011 123.681
    endloop
  endfacet
  facet normal 0 0.984865 0.173321
    outer loop
      vertex -9.19098 -1.7217 123.407
      vertex -10.891 -1.74493 123.539
      vertex -9.10899 -1.74493 123.539
    endloop
  endfacet
  facet normal 0 0.984865 0.173321
    outer loop
      vertex -9.19098 -1.7217 123.407
      vertex -10.809 -1.7217 123.407
      vertex -10.891 -1.74493 123.539
    endloop
  endfacet
  facet normal 0 0.984931 0.172947
    outer loop
      vertex -9.29289 -1.70098 123.289
      vertex -10.809 -1.7217 123.407
      vertex -9.19098 -1.7217 123.407
    endloop
  endfacet
  facet normal 0 0.984931 0.172947
    outer loop
      vertex -9.29289 -1.70098 123.289
      vertex -10.7071 -1.70098 123.289
      vertex -10.809 -1.7217 123.407
    endloop
  endfacet
  facet normal 0 0.984711 0.174195
    outer loop
      vertex -9.41221 -1.68329 123.189
      vertex -10.7071 -1.70098 123.289
      vertex -9.29289 -1.70098 123.289
    endloop
  endfacet
  facet normal 0 0.984711 0.174195
    outer loop
      vertex -9.41221 -1.68329 123.189
      vertex -10.5878 -1.68329 123.189
      vertex -10.7071 -1.70098 123.289
    endloop
  endfacet
  facet normal 0 0.984896 0.173147
    outer loop
      vertex -9.54601 -1.66905 123.108
      vertex -10.5878 -1.68329 123.189
      vertex -9.41221 -1.68329 123.189
    endloop
  endfacet
  facet normal 0 0.984896 0.173147
    outer loop
      vertex -9.54601 -1.66905 123.108
      vertex -10.454 -1.66905 123.108
      vertex -10.5878 -1.68329 123.189
    endloop
  endfacet
  facet normal 0 0.984731 0.17408
    outer loop
      vertex -9.69098 -1.65862 123.049
      vertex -10.454 -1.66905 123.108
      vertex -9.54601 -1.66905 123.108
    endloop
  endfacet
  facet normal 0 0.984731 0.17408
    outer loop
      vertex -9.69098 -1.65862 123.049
      vertex -10.309 -1.65862 123.049
      vertex -10.454 -1.66905 123.108
    endloop
  endfacet
  facet normal 0 0.98475 0.173973
    outer loop
      vertex -9.84356 -1.65226 123.013
      vertex -10.309 -1.65862 123.049
      vertex -9.69098 -1.65862 123.049
    endloop
  endfacet
  facet normal 0 0.98475 0.173973
    outer loop
      vertex -9.84356 -1.65226 123.013
      vertex -10.1564 -1.65226 123.013
      vertex -10.309 -1.65862 123.049
    endloop
  endfacet
  facet normal -0 0.984468 0.175563
    outer loop
      vertex -10.1564 -1.65226 123.013
      vertex -9.84356 -1.65226 123.013
      vertex -10 -1.65012 123.001
    endloop
  endfacet
  facet normal 0.0777011 0.17318 -0.98182
    outer loop
      vertex -10.1564 -1.99528 124.958
      vertex -10 9.42635 126.985
      vertex -10 -1.99742 124.97
    endloop
  endfacet
  facet normal 0.0777011 0.17318 -0.98182
    outer loop
      vertex -10 9.42635 126.985
      vertex -10.1564 -1.99528 124.958
      vertex -10.1564 9.42849 126.973
    endloop
  endfacet
  facet normal -0.381888 0.16054 -0.910158
    outer loop
      vertex 10.309 9.43485 126.937
      vertex 10.454 -1.97849 124.863
      vertex 10.309 -1.98892 124.922
    endloop
  endfacet
  facet normal -0.38723 0.160076 -0.90798
    outer loop
      vertex 10.454 -1.97849 124.863
      vertex 10.309 9.43485 126.937
      vertex 10.454 9.44528 126.877
    endloop
  endfacet
  facet normal -0.972326 -0.0405827 0.230078
    outer loop
      vertex 10.9511 -1.77011 123.681
      vertex 10.9877 9.62716 125.846
      vertex 10.9511 9.65366 125.696
    endloop
  endfacet
  facet normal -0.972665 -0.0403171 0.228686
    outer loop
      vertex 10.9877 9.62716 125.846
      vertex 10.9511 -1.77011 123.681
      vertex 10.9877 -1.7966 123.832
    endloop
  endfacet
  facet normal -0.996921 -0.0136144 0.0772231
    outer loop
      vertex 10.9877 -1.7966 123.832
      vertex 11 9.6 126
      vertex 10.9877 9.62716 125.846
    endloop
  endfacet
  facet normal -0.996921 -0.0136142 0.0772223
    outer loop
      vertex 11 9.6 126
      vertex 10.9877 -1.7966 123.832
      vertex 11 -1.82377 123.986
    endloop
  endfacet
  facet normal -0.923976 -0.0664015 0.376641
    outer loop
      vertex 10.891 -1.74493 123.539
      vertex 10.9511 9.65366 125.696
      vertex 10.891 9.67883 125.553
    endloop
  endfacet
  facet normal -0.923053 -0.0668195 0.378824
    outer loop
      vertex 10.9511 9.65366 125.696
      vertex 10.891 -1.74493 123.539
      vertex 10.9511 -1.77011 123.681
    endloop
  endfacet
  facet normal 0.523653 0.147914 -0.838993
    outer loop
      vertex 9.41221 -1.96425 124.782
      vertex 9.54601 9.44528 126.877
      vertex 9.54601 -1.97849 124.863
    endloop
  endfacet
  facet normal 0.519079 0.14847 -0.841732
    outer loop
      vertex 9.54601 9.44528 126.877
      vertex 9.41221 -1.96425 124.782
      vertex 9.41221 9.45952 126.797
    endloop
  endfacet
  facet normal 0.648132 0.132281 -0.749951
    outer loop
      vertex 9.29289 -1.94656 124.682
      vertex 9.41221 9.45952 126.797
      vertex 9.41221 -1.96425 124.782
    endloop
  endfacet
  facet normal 0.651755 0.13168 -0.746911
    outer loop
      vertex 9.41221 9.45952 126.797
      vertex 9.29289 -1.94656 124.682
      vertex 9.29289 9.47721 126.696
    endloop
  endfacet
  facet normal -0.232972 -0.168844 0.957714
    outer loop
      vertex 10.1564 -1.65226 123.013
      vertex 10.309 9.76515 125.063
      vertex 10.1564 9.77151 125.027
    endloop
  endfacet
  facet normal -0.232972 -0.168844 0.957714
    outer loop
      vertex 10.309 9.76515 125.063
      vertex 10.1564 -1.65226 123.013
      vertex 10.309 -1.65862 123.049
    endloop
  endfacet
  facet normal -0.923978 0.0664008 -0.376637
    outer loop
      vertex 10.9511 -1.87743 124.29
      vertex 10.891 9.52116 126.447
      vertex 10.9511 9.54634 126.304
    endloop
  endfacet
  facet normal -0.923976 0.0664015 -0.376641
    outer loop
      vertex 10.891 9.52116 126.447
      vertex 10.9511 -1.87743 124.29
      vertex 10.891 -1.9026 124.433
    endloop
  endfacet
  facet normal -0.38723 -0.160076 0.90798
    outer loop
      vertex 10.309 -1.65862 123.049
      vertex 10.454 9.75472 125.123
      vertex 10.309 9.76515 125.063
    endloop
  endfacet
  facet normal -0.381888 -0.16054 0.910158
    outer loop
      vertex 10.454 9.75472 125.123
      vertex 10.309 -1.65862 123.049
      vertex 10.454 -1.66905 123.108
    endloop
  endfacet
  facet normal -0.853016 0.0906104 -0.513958
    outer loop
      vertex 10.891 -1.9026 124.433
      vertex 10.809 9.49793 126.579
      vertex 10.891 9.52116 126.447
    endloop
  endfacet
  facet normal -0.853019 0.0906095 -0.513953
    outer loop
      vertex 10.809 9.49793 126.579
      vertex 10.891 -1.9026 124.433
      vertex 10.809 -1.92584 124.565
    endloop
  endfacet
  facet normal -0.853019 -0.0906095 0.513953
    outer loop
      vertex 10.809 -1.7217 123.407
      vertex 10.891 9.67883 125.553
      vertex 10.809 9.70207 125.421
    endloop
  endfacet
  facet normal -0.853016 -0.0906104 0.513958
    outer loop
      vertex 10.891 9.67883 125.553
      vertex 10.809 -1.7217 123.407
      vertex 10.891 -1.74493 123.539
    endloop
  endfacet
  facet normal 0.972282 -0.0406141 0.230256
    outer loop
      vertex 9.01231 9.62716 125.846
      vertex 9.04894 -1.77011 123.681
      vertex 9.04894 9.65366 125.696
    endloop
  endfacet
  facet normal 0.972622 -0.0403484 0.228863
    outer loop
      vertex 9.04894 -1.77011 123.681
      vertex 9.01231 9.62716 125.846
      vertex 9.01231 -1.7966 123.832
    endloop
  endfacet
  facet normal -0.996921 0.0136142 -0.0772223
    outer loop
      vertex 11 -1.82377 123.986
      vertex 10.9877 9.57283 126.154
      vertex 11 9.6 126
    endloop
  endfacet
  facet normal -0.996921 0.0136144 -0.0772231
    outer loop
      vertex 10.9877 9.57283 126.154
      vertex 11 -1.82377 123.986
      vertex 10.9877 -1.85093 124.14
    endloop
  endfacet
  facet normal -0.648195 0.132272 -0.749898
    outer loop
      vertex 10.5878 9.45952 126.797
      vertex 10.7071 -1.94656 124.682
      vertex 10.5878 -1.96425 124.782
    endloop
  endfacet
  facet normal -0.651818 0.13167 -0.746858
    outer loop
      vertex 10.7071 -1.94656 124.682
      vertex 10.5878 9.45952 126.797
      vertex 10.7071 9.47721 126.696
    endloop
  endfacet
  facet normal -0.0777011 -0.173097 0.981835
    outer loop
      vertex 10 -1.65012 123.001
      vertex 10.1564 9.77151 125.027
      vertex 10 9.77365 125.015
    endloop
  endfacet
  facet normal -0.0777011 -0.173097 0.981835
    outer loop
      vertex 10.1564 9.77151 125.027
      vertex 10 -1.65012 123.001
      vertex 10.1564 -1.65226 123.013
    endloop
  endfacet
  facet normal 0.92409 0.0663536 -0.37637
    outer loop
      vertex 9.10899 9.52116 126.447
      vertex 9.04894 -1.87743 124.29
      vertex 9.04894 9.54634 126.304
    endloop
  endfacet
  facet normal 0.924089 0.0663543 -0.376373
    outer loop
      vertex 9.04894 -1.87743 124.29
      vertex 9.10899 9.52116 126.447
      vertex 9.10899 -1.9026 124.433
    endloop
  endfacet
  facet normal 0.759055 0.113032 -0.641139
    outer loop
      vertex 9.29289 9.47721 126.696
      vertex 9.19098 -1.92584 124.565
      vertex 9.19098 9.49793 126.579
    endloop
  endfacet
  facet normal 0.759055 0.113032 -0.641139
    outer loop
      vertex 9.19098 -1.92584 124.565
      vertex 9.29289 9.47721 126.696
      vertex 9.29289 -1.94656 124.682
    endloop
  endfacet
  facet normal 0.759055 -0.113087 0.641129
    outer loop
      vertex 9.19098 9.70207 125.421
      vertex 9.29289 -1.70098 123.289
      vertex 9.29289 9.72279 125.304
    endloop
  endfacet
  facet normal 0.761702 -0.112494 0.638087
    outer loop
      vertex 9.29289 -1.70098 123.289
      vertex 9.19098 9.70207 125.421
      vertex 9.19098 -1.7217 123.407
    endloop
  endfacet
  facet normal 0.996916 0.0136252 -0.0772847
    outer loop
      vertex 9.01231 9.57283 126.154
      vertex 9 -1.82377 123.986
      vertex 9 9.6 126
    endloop
  endfacet
  facet normal 0.996916 0.0136254 -0.0772855
    outer loop
      vertex 9 -1.82377 123.986
      vertex 9.01231 9.57283 126.154
      vertex 9.01231 -1.85093 124.14
    endloop
  endfacet
  facet normal -0.232972 0.168925 -0.957699
    outer loop
      vertex 10.1564 9.42849 126.973
      vertex 10.309 -1.98892 124.922
      vertex 10.1564 -1.99528 124.958
    endloop
  endfacet
  facet normal -0.232972 0.168925 -0.957699
    outer loop
      vertex 10.309 -1.98892 124.922
      vertex 10.1564 9.42849 126.973
      vertex 10.309 9.43485 126.937
    endloop
  endfacet
  facet normal -0.651818 -0.13167 0.746858
    outer loop
      vertex 10.5878 -1.68329 123.189
      vertex 10.7071 9.72279 125.304
      vertex 10.5878 9.74048 125.203
    endloop
  endfacet
  facet normal -0.648195 -0.132272 0.749898
    outer loop
      vertex 10.7071 9.72279 125.304
      vertex 10.5878 -1.68329 123.189
      vertex 10.7071 -1.70098 123.289
    endloop
  endfacet
  facet normal -0.759087 0.113026 -0.641103
    outer loop
      vertex 10.809 -1.92584 124.565
      vertex 10.7071 9.47721 126.696
      vertex 10.809 9.49793 126.579
    endloop
  endfacet
  facet normal -0.759087 0.113026 -0.641103
    outer loop
      vertex 10.7071 9.47721 126.696
      vertex 10.809 -1.92584 124.565
      vertex 10.7071 -1.94656 124.682
    endloop
  endfacet
  facet normal 0.0776813 0.17318 -0.981822
    outer loop
      vertex 9.84356 -1.99528 124.958
      vertex 10 9.42635 126.985
      vertex 10 -1.99742 124.97
    endloop
  endfacet
  facet normal 0.0776813 0.17318 -0.981822
    outer loop
      vertex 10 9.42635 126.985
      vertex 9.84356 -1.99528 124.958
      vertex 9.84356 9.42849 126.973
    endloop
  endfacet
  facet normal 0.651755 -0.13168 0.746911
    outer loop
      vertex 9.29289 9.72279 125.304
      vertex 9.41221 -1.68329 123.189
      vertex 9.41221 9.74048 125.203
    endloop
  endfacet
  facet normal 0.648132 -0.132281 0.749951
    outer loop
      vertex 9.41221 -1.68329 123.189
      vertex 9.29289 9.72279 125.304
      vertex 9.29289 -1.70098 123.289
    endloop
  endfacet
  facet normal -0.519079 -0.14847 0.841732
    outer loop
      vertex 10.454 -1.66905 123.108
      vertex 10.5878 9.74048 125.203
      vertex 10.454 9.75472 125.123
    endloop
  endfacet
  facet normal -0.523653 -0.147914 0.838993
    outer loop
      vertex 10.5878 9.74048 125.203
      vertex 10.454 -1.66905 123.108
      vertex 10.5878 -1.68329 123.189
    endloop
  endfacet
  facet normal -0.972325 0.0405636 -0.230084
    outer loop
      vertex 10.9877 -1.85093 124.14
      vertex 10.9511 9.54634 126.304
      vertex 10.9877 9.57283 126.154
    endloop
  endfacet
  facet normal -0.972326 0.0405631 -0.230081
    outer loop
      vertex 10.9511 9.54634 126.304
      vertex 10.9877 -1.85093 124.14
      vertex 10.9511 -1.87743 124.29
    endloop
  endfacet
  facet normal 0.387299 -0.160071 0.907952
    outer loop
      vertex 9.54601 9.75472 125.123
      vertex 9.69098 -1.65862 123.049
      vertex 9.69098 9.76515 125.063
    endloop
  endfacet
  facet normal 0.381956 -0.160535 0.910131
    outer loop
      vertex 9.69098 -1.65862 123.049
      vertex 9.54601 9.75472 125.123
      vertex 9.54601 -1.66905 123.108
    endloop
  endfacet
  facet normal 0.233001 -0.168843 0.957707
    outer loop
      vertex 9.69098 9.76515 125.063
      vertex 9.84356 -1.65226 123.013
      vertex 9.84356 9.77151 125.027
    endloop
  endfacet
  facet normal 0.233001 -0.168843 0.957707
    outer loop
      vertex 9.84356 -1.65226 123.013
      vertex 9.69098 9.76515 125.063
      vertex 9.69098 -1.65862 123.049
    endloop
  endfacet
  facet normal -0.523653 0.147914 -0.838993
    outer loop
      vertex 10.454 9.44528 126.877
      vertex 10.5878 -1.96425 124.782
      vertex 10.454 -1.97849 124.863
    endloop
  endfacet
  facet normal -0.519079 0.14847 -0.841732
    outer loop
      vertex 10.5878 -1.96425 124.782
      vertex 10.454 9.44528 126.877
      vertex 10.5878 9.45952 126.797
    endloop
  endfacet
  facet normal 0.972282 0.040595 -0.230262
    outer loop
      vertex 9.04894 9.54634 126.304
      vertex 9.01231 -1.85093 124.14
      vertex 9.01231 9.57283 126.154
    endloop
  endfacet
  facet normal 0.972282 0.0405946 -0.23026
    outer loop
      vertex 9.01231 -1.85093 124.14
      vertex 9.04894 9.54634 126.304
      vertex 9.04894 -1.87743 124.29
    endloop
  endfacet
  facet normal -0.0777011 0.17318 -0.98182
    outer loop
      vertex 10 9.42635 126.985
      vertex 10.1564 -1.99528 124.958
      vertex 10 -1.99742 124.97
    endloop
  endfacet
  facet normal -0.0777011 0.17318 -0.98182
    outer loop
      vertex 10.1564 -1.99528 124.958
      vertex 10 9.42635 126.985
      vertex 10.1564 9.42849 126.973
    endloop
  endfacet
  facet normal 0.0776813 -0.173097 0.981837
    outer loop
      vertex 9.84356 9.77151 125.027
      vertex 10 -1.65012 123.001
      vertex 10 9.77365 125.015
    endloop
  endfacet
  facet normal 0.0776813 -0.173097 0.981837
    outer loop
      vertex 10 -1.65012 123.001
      vertex 9.84356 9.77151 125.027
      vertex 9.84356 -1.65226 123.013
    endloop
  endfacet
  facet normal 0.233001 0.168924 -0.957693
    outer loop
      vertex 9.69098 -1.98892 124.922
      vertex 9.84356 9.42849 126.973
      vertex 9.84356 -1.99528 124.958
    endloop
  endfacet
  facet normal 0.233001 0.168924 -0.957693
    outer loop
      vertex 9.84356 9.42849 126.973
      vertex 9.69098 -1.98892 124.922
      vertex 9.69098 9.43485 126.937
    endloop
  endfacet
  facet normal -0.759087 -0.11308 0.641093
    outer loop
      vertex 10.7071 -1.70098 123.289
      vertex 10.809 9.70207 125.421
      vertex 10.7071 9.72279 125.304
    endloop
  endfacet
  facet normal -0.761734 -0.112488 0.63805
    outer loop
      vertex 10.809 9.70207 125.421
      vertex 10.7071 -1.70098 123.289
      vertex 10.809 -1.7217 123.407
    endloop
  endfacet
  facet normal 0.853045 0.0906024 -0.513912
    outer loop
      vertex 9.19098 9.49793 126.579
      vertex 9.10899 -1.9026 124.433
      vertex 9.10899 9.52116 126.447
    endloop
  endfacet
  facet normal 0.853048 0.0906014 -0.513908
    outer loop
      vertex 9.10899 -1.9026 124.433
      vertex 9.19098 9.49793 126.579
      vertex 9.19098 -1.92584 124.565
    endloop
  endfacet
  facet normal 0.924089 -0.0663543 0.376373
    outer loop
      vertex 9.04894 9.65366 125.696
      vertex 9.10899 -1.74493 123.539
      vertex 9.10899 9.67883 125.553
    endloop
  endfacet
  facet normal 0.923167 -0.0667721 0.378555
    outer loop
      vertex 9.10899 -1.74493 123.539
      vertex 9.04894 9.65366 125.696
      vertex 9.04894 -1.77011 123.681
    endloop
  endfacet
  facet normal 0.381956 0.160535 -0.910131
    outer loop
      vertex 9.54601 -1.97849 124.863
      vertex 9.69098 9.43485 126.937
      vertex 9.69098 -1.98892 124.922
    endloop
  endfacet
  facet normal 0.387299 0.160071 -0.907952
    outer loop
      vertex 9.69098 9.43485 126.937
      vertex 9.54601 -1.97849 124.863
      vertex 9.54601 9.44528 126.877
    endloop
  endfacet
  facet normal 0.996916 -0.0136254 0.0772855
    outer loop
      vertex 9 9.6 126
      vertex 9.01231 -1.7966 123.832
      vertex 9.01231 9.62716 125.846
    endloop
  endfacet
  facet normal 0.996916 -0.0136252 0.0772847
    outer loop
      vertex 9.01231 -1.7966 123.832
      vertex 9 9.6 126
      vertex 9 -1.82377 123.986
    endloop
  endfacet
  facet normal 0 0.984468 0.175563
    outer loop
      vertex 10.1564 -1.99528 124.958
      vertex 9.84356 -1.99528 124.958
      vertex 10 -1.99742 124.97
    endloop
  endfacet
  facet normal 0 0.98475 0.173973
    outer loop
      vertex 10.309 -1.98892 124.922
      vertex 9.84356 -1.99528 124.958
      vertex 10.1564 -1.99528 124.958
    endloop
  endfacet
  facet normal 0 0.98475 0.173973
    outer loop
      vertex 10.309 -1.98892 124.922
      vertex 9.69098 -1.98892 124.922
      vertex 9.84356 -1.99528 124.958
    endloop
  endfacet
  facet normal 0 0.984731 0.17408
    outer loop
      vertex 10.454 -1.97849 124.863
      vertex 9.69098 -1.98892 124.922
      vertex 10.309 -1.98892 124.922
    endloop
  endfacet
  facet normal 0 0.984731 0.17408
    outer loop
      vertex 10.454 -1.97849 124.863
      vertex 9.54601 -1.97849 124.863
      vertex 9.69098 -1.98892 124.922
    endloop
  endfacet
  facet normal 0 0.984896 0.173147
    outer loop
      vertex 10.5878 -1.96425 124.782
      vertex 9.54601 -1.97849 124.863
      vertex 10.454 -1.97849 124.863
    endloop
  endfacet
  facet normal 0 0.984896 0.173147
    outer loop
      vertex 10.5878 -1.96425 124.782
      vertex 9.41221 -1.96425 124.782
      vertex 9.54601 -1.97849 124.863
    endloop
  endfacet
  facet normal 0 0.984711 0.174195
    outer loop
      vertex 10.7071 -1.94656 124.682
      vertex 9.41221 -1.96425 124.782
      vertex 10.5878 -1.96425 124.782
    endloop
  endfacet
  facet normal 0 0.984711 0.174195
    outer loop
      vertex 10.7071 -1.94656 124.682
      vertex 9.29289 -1.94656 124.682
      vertex 9.41221 -1.96425 124.782
    endloop
  endfacet
  facet normal 0 0.984678 0.174381
    outer loop
      vertex 10.809 -1.92584 124.565
      vertex 9.29289 -1.94656 124.682
      vertex 10.7071 -1.94656 124.682
    endloop
  endfacet
  facet normal 0 0.984678 0.174381
    outer loop
      vertex 10.809 -1.92584 124.565
      vertex 9.19098 -1.92584 124.565
      vertex 9.29289 -1.94656 124.682
    endloop
  endfacet
  facet normal 0 0.984853 0.173394
    outer loop
      vertex 10.891 -1.9026 124.433
      vertex 9.19098 -1.92584 124.565
      vertex 10.809 -1.92584 124.565
    endloop
  endfacet
  facet normal 0 0.984853 0.173394
    outer loop
      vertex 10.891 -1.9026 124.433
      vertex 9.10899 -1.9026 124.433
      vertex 9.19098 -1.92584 124.565
    endloop
  endfacet
  facet normal 0 0.98486 0.173349
    outer loop
      vertex 10.9511 -1.87743 124.29
      vertex 9.10899 -1.9026 124.433
      vertex 10.891 -1.9026 124.433
    endloop
  endfacet
  facet normal 0 0.98486 0.173349
    outer loop
      vertex 10.9511 -1.87743 124.29
      vertex 9.04894 -1.87743 124.29
      vertex 9.10899 -1.9026 124.433
    endloop
  endfacet
  facet normal 0 0.98475 0.173973
    outer loop
      vertex 10.9877 -1.85093 124.14
      vertex 9.04894 -1.87743 124.29
      vertex 10.9511 -1.87743 124.29
    endloop
  endfacet
  facet normal 0 0.98475 0.173973
    outer loop
      vertex 10.9877 -1.85093 124.14
      vertex 9.01231 -1.85093 124.14
      vertex 9.04894 -1.87743 124.29
    endloop
  endfacet
  facet normal 0 0.984802 0.173683
    outer loop
      vertex 11 -1.82377 123.986
      vertex 9.01231 -1.85093 124.14
      vertex 10.9877 -1.85093 124.14
    endloop
  endfacet
  facet normal 0 0.984802 0.173683
    outer loop
      vertex 11 -1.82377 123.986
      vertex 9 -1.82377 123.986
      vertex 9.01231 -1.85093 124.14
    endloop
  endfacet
  facet normal 0 0.984791 0.173745
    outer loop
      vertex 10.9877 -1.7966 123.832
      vertex 9 -1.82377 123.986
      vertex 11 -1.82377 123.986
    endloop
  endfacet
  facet normal 0 0.984791 0.173745
    outer loop
      vertex 10.9877 -1.7966 123.832
      vertex 9.01231 -1.7966 123.832
      vertex 9 -1.82377 123.986
    endloop
  endfacet
  facet normal 0 0.984958 0.172792
    outer loop
      vertex 10.9511 -1.77011 123.681
      vertex 9.01231 -1.7966 123.832
      vertex 10.9877 -1.7966 123.832
    endloop
  endfacet
  facet normal 0 0.984958 0.172792
    outer loop
      vertex 10.9511 -1.77011 123.681
      vertex 9.04894 -1.77011 123.681
      vertex 9.01231 -1.7966 123.832
    endloop
  endfacet
  facet normal 0 0.984639 0.1746
    outer loop
      vertex 10.891 -1.74493 123.539
      vertex 9.04894 -1.77011 123.681
      vertex 10.9511 -1.77011 123.681
    endloop
  endfacet
  facet normal 0 0.984639 0.1746
    outer loop
      vertex 10.891 -1.74493 123.539
      vertex 9.10899 -1.74493 123.539
      vertex 9.04894 -1.77011 123.681
    endloop
  endfacet
  facet normal 0 0.984865 0.173321
    outer loop
      vertex 10.809 -1.7217 123.407
      vertex 9.10899 -1.74493 123.539
      vertex 10.891 -1.74493 123.539
    endloop
  endfacet
  facet normal 0 0.984865 0.173321
    outer loop
      vertex 10.809 -1.7217 123.407
      vertex 9.19098 -1.7217 123.407
      vertex 9.10899 -1.74493 123.539
    endloop
  endfacet
  facet normal 0 0.984931 0.172947
    outer loop
      vertex 10.7071 -1.70098 123.289
      vertex 9.19098 -1.7217 123.407
      vertex 10.809 -1.7217 123.407
    endloop
  endfacet
  facet normal 0 0.984931 0.172947
    outer loop
      vertex 10.7071 -1.70098 123.289
      vertex 9.29289 -1.70098 123.289
      vertex 9.19098 -1.7217 123.407
    endloop
  endfacet
  facet normal 0 0.984711 0.174195
    outer loop
      vertex 10.5878 -1.68329 123.189
      vertex 9.29289 -1.70098 123.289
      vertex 10.7071 -1.70098 123.289
    endloop
  endfacet
  facet normal 0 0.984711 0.174195
    outer loop
      vertex 10.5878 -1.68329 123.189
      vertex 9.41221 -1.68329 123.189
      vertex 9.29289 -1.70098 123.289
    endloop
  endfacet
  facet normal 0 0.984896 0.173147
    outer loop
      vertex 10.454 -1.66905 123.108
      vertex 9.41221 -1.68329 123.189
      vertex 10.5878 -1.68329 123.189
    endloop
  endfacet
  facet normal 0 0.984896 0.173147
    outer loop
      vertex 10.454 -1.66905 123.108
      vertex 9.54601 -1.66905 123.108
      vertex 9.41221 -1.68329 123.189
    endloop
  endfacet
  facet normal 0 0.984731 0.17408
    outer loop
      vertex 10.309 -1.65862 123.049
      vertex 9.54601 -1.66905 123.108
      vertex 10.454 -1.66905 123.108
    endloop
  endfacet
  facet normal 0 0.984731 0.17408
    outer loop
      vertex 10.309 -1.65862 123.049
      vertex 9.69098 -1.65862 123.049
      vertex 9.54601 -1.66905 123.108
    endloop
  endfacet
  facet normal 0 0.98475 0.173973
    outer loop
      vertex 10.1564 -1.65226 123.013
      vertex 9.69098 -1.65862 123.049
      vertex 10.309 -1.65862 123.049
    endloop
  endfacet
  facet normal 0 0.98475 0.173973
    outer loop
      vertex 10.1564 -1.65226 123.013
      vertex 9.84356 -1.65226 123.013
      vertex 9.69098 -1.65862 123.049
    endloop
  endfacet
  facet normal -0 0.984468 0.175563
    outer loop
      vertex 9.84356 -1.65226 123.013
      vertex 10.1564 -1.65226 123.013
      vertex 10 -1.65012 123.001
    endloop
  endfacet
  facet normal 0.853048 -0.0906014 0.513908
    outer loop
      vertex 9.10899 9.67883 125.553
      vertex 9.19098 -1.7217 123.407
      vertex 9.19098 9.70207 125.421
    endloop
  endfacet
  facet normal 0.853045 -0.0906024 0.513912
    outer loop
      vertex 9.19098 -1.7217 123.407
      vertex 9.10899 9.67883 125.553
      vertex 9.10899 -1.74493 123.539
    endloop
  endfacet
  facet normal 0.519079 -0.14847 0.841732
    outer loop
      vertex 9.41221 9.74048 125.203
      vertex 9.54601 -1.66905 123.108
      vertex 9.54601 9.75472 125.123
    endloop
  endfacet
  facet normal 0.523653 -0.147914 0.838993
    outer loop
      vertex 9.54601 -1.66905 123.108
      vertex 9.41221 9.74048 125.203
      vertex 9.41221 -1.68329 123.189
    endloop
  endfacet
  facet normal -0.235666 0 -0.971834
    outer loop
      vertex -9.84356 -2 100.988
      vertex -9.69098 9.6 100.951
      vertex -9.69098 -2 100.951
    endloop
  endfacet
  facet normal -0.235666 0 -0.971834
    outer loop
      vertex -9.69098 9.6 100.951
      vertex -9.84356 -2 100.988
      vertex -9.84356 9.6 100.988
    endloop
  endfacet
  facet normal -0.972379 0 0.233409
    outer loop
      vertex -9.04894 -2 99.691
      vertex -9.01231 9.6 99.8436
      vertex -9.04894 9.6 99.691
    endloop
  endfacet
  facet normal -0.972379 0 0.233409
    outer loop
      vertex -9.01231 9.6 99.8436
      vertex -9.04894 -2 99.691
      vertex -9.01231 -2 99.8436
    endloop
  endfacet
  facet normal -0.996917 0 0.0784658
    outer loop
      vertex -9.01231 -2 99.8436
      vertex -9 9.6 100
      vertex -9.01231 9.6 99.8436
    endloop
  endfacet
  facet normal -0.996917 0 0.0784658
    outer loop
      vertex -9 9.6 100
      vertex -9.01231 -2 99.8436
      vertex -9 -2 100
    endloop
  endfacet
  facet normal -0.923904 0 0.382624
    outer loop
      vertex -9.10899 -2 99.546
      vertex -9.04894 9.6 99.691
      vertex -9.10899 9.6 99.546
    endloop
  endfacet
  facet normal -0.923904 0 0.382624
    outer loop
      vertex -9.04894 9.6 99.691
      vertex -9.10899 -2 99.546
      vertex -9.04894 -2 99.691
    endloop
  endfacet
  facet normal -0.852995 0 -0.521919
    outer loop
      vertex -9.10899 -2 100.454
      vertex -9.19098 9.6 100.588
      vertex -9.10899 9.6 100.454
    endloop
  endfacet
  facet normal -0.852995 -0 -0.521919
    outer loop
      vertex -9.19098 9.6 100.588
      vertex -9.10899 -2 100.454
      vertex -9.19098 -2 100.588
    endloop
  endfacet
  facet normal -0.076482 0 -0.997071
    outer loop
      vertex -10 -2 101
      vertex -9.84356 9.6 100.988
      vertex -9.84356 -2 100.988
    endloop
  endfacet
  facet normal -0.076482 0 -0.997071
    outer loop
      vertex -9.84356 9.6 100.988
      vertex -10 -2 101
      vertex -10 9.6 101
    endloop
  endfacet
  facet normal -0.852648 0 0.522486
    outer loop
      vertex -9.19098 -2 99.4122
      vertex -9.10899 9.6 99.546
      vertex -9.19098 9.6 99.4122
    endloop
  endfacet
  facet normal -0.852648 0 0.522486
    outer loop
      vertex -9.10899 9.6 99.546
      vertex -9.19098 -2 99.4122
      vertex -9.10899 -2 99.546
    endloop
  endfacet
  facet normal -0.972517 0 -0.232832
    outer loop
      vertex -9.01231 -2 100.156
      vertex -9.04894 9.6 100.309
      vertex -9.01231 9.6 100.156
    endloop
  endfacet
  facet normal -0.972517 -0 -0.232832
    outer loop
      vertex -9.04894 9.6 100.309
      vertex -9.01231 -2 100.156
      vertex -9.04894 -2 100.309
    endloop
  endfacet
  facet normal 0.97256 0 -0.232652
    outer loop
      vertex -10.9511 -2 100.309
      vertex -10.9877 9.6 100.156
      vertex -10.9511 9.6 100.309
    endloop
  endfacet
  facet normal 0.97256 0 -0.232652
    outer loop
      vertex -10.9877 9.6 100.156
      vertex -10.9511 -2 100.309
      vertex -10.9877 -2 100.156
    endloop
  endfacet
  facet normal -0.522532 0 -0.85262
    outer loop
      vertex -9.54601 -2 100.891
      vertex -9.41221 9.6 100.809
      vertex -9.41221 -2 100.809
    endloop
  endfacet
  facet normal -0.522532 0 -0.85262
    outer loop
      vertex -9.41221 9.6 100.809
      vertex -9.54601 -2 100.891
      vertex -9.54601 9.6 100.891
    endloop
  endfacet
  facet normal 0.0784024 0 0.996922
    outer loop
      vertex -10.1564 9.6 99.0123
      vertex -10 -2 99
      vertex -10 9.6 99
    endloop
  endfacet
  facet normal 0.0784024 0 0.996922
    outer loop
      vertex -10 -2 99
      vertex -10.1564 9.6 99.0123
      vertex -10.1564 -2 99.0123
    endloop
  endfacet
  facet normal -0.649784 0 -0.760119
    outer loop
      vertex -9.41221 -2 100.809
      vertex -9.29289 9.6 100.707
      vertex -9.29289 -2 100.707
    endloop
  endfacet
  facet normal -0.649784 0 -0.760119
    outer loop
      vertex -9.29289 9.6 100.707
      vertex -9.41221 -2 100.809
      vertex -9.41221 9.6 100.809
    endloop
  endfacet
  facet normal -0.923904 0 -0.382624
    outer loop
      vertex -9.04894 -2 100.309
      vertex -9.10899 9.6 100.454
      vertex -9.04894 9.6 100.309
    endloop
  endfacet
  facet normal -0.923904 -0 -0.382624
    outer loop
      vertex -9.10899 9.6 100.454
      vertex -9.04894 -2 100.309
      vertex -9.10899 -2 100.454
    endloop
  endfacet
  facet normal 0.996906 0 -0.0786022
    outer loop
      vertex -10.9877 -2 100.156
      vertex -11 9.6 100
      vertex -10.9877 9.6 100.156
    endloop
  endfacet
  facet normal 0.996906 0 -0.0786022
    outer loop
      vertex -11 9.6 100
      vertex -10.9877 -2 100.156
      vertex -11 -2 100
    endloop
  endfacet
  facet normal -0.382419 0 -0.923989
    outer loop
      vertex -9.69098 -2 100.951
      vertex -9.54601 9.6 100.891
      vertex -9.54601 -2 100.891
    endloop
  endfacet
  facet normal -0.382419 0 -0.923989
    outer loop
      vertex -9.54601 9.6 100.891
      vertex -9.69098 -2 100.951
      vertex -9.69098 9.6 100.951
    endloop
  endfacet
  facet normal 0.649478 0 0.76038
    outer loop
      vertex -10.7071 9.6 99.2929
      vertex -10.5878 -2 99.191
      vertex -10.5878 9.6 99.191
    endloop
  endfacet
  facet normal 0.649478 0 0.76038
    outer loop
      vertex -10.5878 -2 99.191
      vertex -10.7071 9.6 99.2929
      vertex -10.7071 -2 99.2929
    endloop
  endfacet
  facet normal 0.382896 0 0.923792
    outer loop
      vertex -10.454 9.6 99.109
      vertex -10.309 -2 99.0489
      vertex -10.309 9.6 99.0489
    endloop
  endfacet
  facet normal 0.382896 0 0.923792
    outer loop
      vertex -10.309 -2 99.0489
      vertex -10.454 9.6 99.109
      vertex -10.454 -2 99.109
    endloop
  endfacet
  facet normal 0.522532 0 -0.85262
    outer loop
      vertex -10.5878 -2 100.809
      vertex -10.454 9.6 100.891
      vertex -10.454 -2 100.891
    endloop
  endfacet
  facet normal 0.522532 0 -0.85262
    outer loop
      vertex -10.454 9.6 100.891
      vertex -10.5878 -2 100.809
      vertex -10.5878 9.6 100.809
    endloop
  endfacet
  facet normal -0.382963 0 0.923764
    outer loop
      vertex -9.69098 9.6 99.0489
      vertex -9.54601 -2 99.109
      vertex -9.54601 9.6 99.109
    endloop
  endfacet
  facet normal -0.382963 0 0.923764
    outer loop
      vertex -9.54601 -2 99.109
      vertex -9.69098 9.6 99.0489
      vertex -9.69098 -2 99.0489
    endloop
  endfacet
  facet normal 0.382352 0 -0.924017
    outer loop
      vertex -10.454 -2 100.891
      vertex -10.309 9.6 100.951
      vertex -10.309 -2 100.951
    endloop
  endfacet
  facet normal 0.382352 0 -0.924017
    outer loop
      vertex -10.309 9.6 100.951
      vertex -10.454 -2 100.891
      vertex -10.454 9.6 100.891
    endloop
  endfacet
  facet normal 0.759572 0 -0.650423
    outer loop
      vertex -10.7071 -2 100.707
      vertex -10.809 9.6 100.588
      vertex -10.7071 9.6 100.707
    endloop
  endfacet
  facet normal 0.759572 0 -0.650423
    outer loop
      vertex -10.809 9.6 100.588
      vertex -10.7071 -2 100.707
      vertex -10.809 -2 100.588
    endloop
  endfacet
  facet normal 0.522532 0 0.85262
    outer loop
      vertex -10.5878 9.6 99.191
      vertex -10.454 -2 99.109
      vertex -10.454 9.6 99.109
    endloop
  endfacet
  facet normal 0.522532 0 0.85262
    outer loop
      vertex -10.454 -2 99.109
      vertex -10.5878 9.6 99.191
      vertex -10.5878 -2 99.191
    endloop
  endfacet
  facet normal 0.649846 0 -0.760066
    outer loop
      vertex -10.7071 -2 100.707
      vertex -10.5878 9.6 100.809
      vertex -10.5878 -2 100.809
    endloop
  endfacet
  facet normal 0.649846 0 -0.760066
    outer loop
      vertex -10.5878 9.6 100.809
      vertex -10.7071 -2 100.707
      vertex -10.7071 9.6 100.707
    endloop
  endfacet
  facet normal 0.923792 0 -0.382896
    outer loop
      vertex -10.891 -2 100.454
      vertex -10.9511 9.6 100.309
      vertex -10.891 9.6 100.454
    endloop
  endfacet
  facet normal 0.923792 0 -0.382896
    outer loop
      vertex -10.9511 9.6 100.309
      vertex -10.891 -2 100.454
      vertex -10.9511 -2 100.309
    endloop
  endfacet
  facet normal -0.996901 0 -0.0786657
    outer loop
      vertex -9 -2 100
      vertex -9.01231 9.6 100.156
      vertex -9 9.6 100
    endloop
  endfacet
  facet normal -0.996901 -0 -0.0786657
    outer loop
      vertex -9.01231 9.6 100.156
      vertex -9 -2 100
      vertex -9.01231 -2 100.156
    endloop
  endfacet
  facet normal -0.522532 0 0.85262
    outer loop
      vertex -9.54601 9.6 99.109
      vertex -9.41221 -2 99.191
      vertex -9.41221 9.6 99.191
    endloop
  endfacet
  facet normal -0.522532 0 0.85262
    outer loop
      vertex -9.41221 -2 99.191
      vertex -9.54601 9.6 99.109
      vertex -9.54601 -2 99.109
    endloop
  endfacet
  facet normal -0.760349 0 0.649515
    outer loop
      vertex -9.29289 -2 99.2929
      vertex -9.19098 9.6 99.4122
      vertex -9.29289 9.6 99.2929
    endloop
  endfacet
  facet normal -0.760349 0 0.649515
    outer loop
      vertex -9.19098 9.6 99.4122
      vertex -9.29289 -2 99.2929
      vertex -9.19098 -2 99.4122
    endloop
  endfacet
  facet normal -0.649415 0 0.760434
    outer loop
      vertex -9.41221 9.6 99.191
      vertex -9.29289 -2 99.2929
      vertex -9.29289 9.6 99.2929
    endloop
  endfacet
  facet normal -0.649415 0 0.760434
    outer loop
      vertex -9.29289 -2 99.2929
      vertex -9.41221 9.6 99.191
      vertex -9.41221 -2 99.191
    endloop
  endfacet
  facet normal -0.75954 0 -0.65046
    outer loop
      vertex -9.19098 -2 100.588
      vertex -9.29289 9.6 100.707
      vertex -9.19098 9.6 100.588
    endloop
  endfacet
  facet normal -0.75954 -0 -0.65046
    outer loop
      vertex -9.29289 9.6 100.707
      vertex -9.19098 -2 100.588
      vertex -9.29289 -2 100.707
    endloop
  endfacet
  facet normal 0.76038 -0 0.649478
    outer loop
      vertex -10.809 -2 99.4122
      vertex -10.7071 9.6 99.2929
      vertex -10.809 9.6 99.4122
    endloop
  endfacet
  facet normal 0.76038 0 0.649478
    outer loop
      vertex -10.7071 9.6 99.2929
      vertex -10.809 -2 99.4122
      vertex -10.7071 -2 99.2929
    endloop
  endfacet
  facet normal 0.235636 0 -0.971841
    outer loop
      vertex -10.309 -2 100.951
      vertex -10.1564 9.6 100.988
      vertex -10.1564 -2 100.988
    endloop
  endfacet
  facet normal 0.235636 0 -0.971841
    outer loop
      vertex -10.1564 9.6 100.988
      vertex -10.309 -2 100.951
      vertex -10.309 9.6 100.951
    endloop
  endfacet
  facet normal 0.852967 0 -0.521965
    outer loop
      vertex -10.809 -2 100.588
      vertex -10.891 9.6 100.454
      vertex -10.809 9.6 100.588
    endloop
  endfacet
  facet normal 0.852967 0 -0.521965
    outer loop
      vertex -10.891 9.6 100.454
      vertex -10.809 -2 100.588
      vertex -10.891 -2 100.454
    endloop
  endfacet
  facet normal 0.233228 0 0.972422
    outer loop
      vertex -10.309 9.6 99.0489
      vertex -10.1564 -2 99.0123
      vertex -10.1564 9.6 99.0123
    endloop
  endfacet
  facet normal 0.233228 0 0.972422
    outer loop
      vertex -10.1564 -2 99.0123
      vertex -10.309 9.6 99.0489
      vertex -10.309 -2 99.0489
    endloop
  endfacet
  facet normal 0.923792 -0 0.382896
    outer loop
      vertex -10.9511 -2 99.691
      vertex -10.891 9.6 99.546
      vertex -10.9511 9.6 99.691
    endloop
  endfacet
  facet normal 0.923792 0 0.382896
    outer loop
      vertex -10.891 9.6 99.546
      vertex -10.9511 -2 99.691
      vertex -10.891 -2 99.546
    endloop
  endfacet
  facet normal 0.85262 -0 0.522532
    outer loop
      vertex -10.891 -2 99.546
      vertex -10.809 9.6 99.4122
      vertex -10.891 9.6 99.546
    endloop
  endfacet
  facet normal 0.85262 0 0.522532
    outer loop
      vertex -10.809 9.6 99.4122
      vertex -10.891 -2 99.546
      vertex -10.809 -2 99.4122
    endloop
  endfacet
  facet normal -0.233257 0 0.972415
    outer loop
      vertex -9.84356 9.6 99.0123
      vertex -9.69098 -2 99.0489
      vertex -9.69098 9.6 99.0489
    endloop
  endfacet
  facet normal -0.233257 0 0.972415
    outer loop
      vertex -9.69098 -2 99.0489
      vertex -9.84356 9.6 99.0123
      vertex -9.84356 -2 99.0123
    endloop
  endfacet
  facet normal -0.0783825 0 0.996923
    outer loop
      vertex -10 9.6 99
      vertex -9.84356 -2 99.0123
      vertex -9.84356 9.6 99.0123
    endloop
  endfacet
  facet normal -0.0783825 0 0.996923
    outer loop
      vertex -9.84356 -2 99.0123
      vertex -10 9.6 99
      vertex -10 -2 99
    endloop
  endfacet
  facet normal 0.996922 -0 0.0784024
    outer loop
      vertex -11 -2 100
      vertex -10.9877 9.6 99.8436
      vertex -11 9.6 100
    endloop
  endfacet
  facet normal 0.996922 0 0.0784024
    outer loop
      vertex -10.9877 9.6 99.8436
      vertex -11 -2 100
      vertex -10.9877 -2 99.8436
    endloop
  endfacet
  facet normal 0.972422 -0 0.233228
    outer loop
      vertex -10.9877 -2 99.8436
      vertex -10.9511 9.6 99.691
      vertex -10.9877 9.6 99.8436
    endloop
  endfacet
  facet normal 0.972422 0 0.233228
    outer loop
      vertex -10.9511 9.6 99.691
      vertex -10.9877 -2 99.8436
      vertex -10.9511 -2 99.691
    endloop
  endfacet
  facet normal 0 1 0
    outer loop
      vertex -9.84356 -2 100.988
      vertex -10.1564 -2 100.988
      vertex -10 -2 101
    endloop
  endfacet
  facet normal 0 1 0
    outer loop
      vertex -9.69098 -2 100.951
      vertex -10.1564 -2 100.988
      vertex -9.84356 -2 100.988
    endloop
  endfacet
  facet normal 0 1 0
    outer loop
      vertex -9.69098 -2 100.951
      vertex -10.309 -2 100.951
      vertex -10.1564 -2 100.988
    endloop
  endfacet
  facet normal 0 1 0
    outer loop
      vertex -9.54601 -2 100.891
      vertex -10.309 -2 100.951
      vertex -9.69098 -2 100.951
    endloop
  endfacet
  facet normal 0 1 0
    outer loop
      vertex -9.54601 -2 100.891
      vertex -10.454 -2 100.891
      vertex -10.309 -2 100.951
    endloop
  endfacet
  facet normal 0 1 0
    outer loop
      vertex -9.41221 -2 100.809
      vertex -10.454 -2 100.891
      vertex -9.54601 -2 100.891
    endloop
  endfacet
  facet normal 0 1 0
    outer loop
      vertex -9.41221 -2 100.809
      vertex -10.5878 -2 100.809
      vertex -10.454 -2 100.891
    endloop
  endfacet
  facet normal 0 1 0
    outer loop
      vertex -9.29289 -2 100.707
      vertex -10.5878 -2 100.809
      vertex -9.41221 -2 100.809
    endloop
  endfacet
  facet normal 0 1 0
    outer loop
      vertex -9.29289 -2 100.707
      vertex -10.7071 -2 100.707
      vertex -10.5878 -2 100.809
    endloop
  endfacet
  facet normal 0 1 0
    outer loop
      vertex -9.19098 -2 100.588
      vertex -10.7071 -2 100.707
      vertex -9.29289 -2 100.707
    endloop
  endfacet
  facet normal 0 1 0
    outer loop
      vertex -9.19098 -2 100.588
      vertex -10.809 -2 100.588
      vertex -10.7071 -2 100.707
    endloop
  endfacet
  facet normal 0 1 0
    outer loop
      vertex -9.10899 -2 100.454
      vertex -10.809 -2 100.588
      vertex -9.19098 -2 100.588
    endloop
  endfacet
  facet normal 0 1 0
    outer loop
      vertex -9.10899 -2 100.454
      vertex -10.891 -2 100.454
      vertex -10.809 -2 100.588
    endloop
  endfacet
  facet normal 0 1 0
    outer loop
      vertex -9.04894 -2 100.309
      vertex -10.891 -2 100.454
      vertex -9.10899 -2 100.454
    endloop
  endfacet
  facet normal 0 1 0
    outer loop
      vertex -9.04894 -2 100.309
      vertex -10.9511 -2 100.309
      vertex -10.891 -2 100.454
    endloop
  endfacet
  facet normal 0 1 0
    outer loop
      vertex -9.01231 -2 100.156
      vertex -10.9511 -2 100.309
      vertex -9.04894 -2 100.309
    endloop
  endfacet
  facet normal 0 1 0
    outer loop
      vertex -9.01231 -2 100.156
      vertex -10.9877 -2 100.156
      vertex -10.9511 -2 100.309
    endloop
  endfacet
  facet normal 0 1 0
    outer loop
      vertex -9 -2 100
      vertex -10.9877 -2 100.156
      vertex -9.01231 -2 100.156
    endloop
  endfacet
  facet normal 0 1 0
    outer loop
      vertex -9 -2 100
      vertex -11 -2 100
      vertex -10.9877 -2 100.156
    endloop
  endfacet
  facet normal 0 1 -0
    outer loop
      vertex -9.01231 -2 99.8436
      vertex -11 -2 100
      vertex -9 -2 100
    endloop
  endfacet
  facet normal 0 1 0
    outer loop
      vertex -9.01231 -2 99.8436
      vertex -10.9877 -2 99.8436
      vertex -11 -2 100
    endloop
  endfacet
  facet normal 0 1 -0
    outer loop
      vertex -9.04894 -2 99.691
      vertex -10.9877 -2 99.8436
      vertex -9.01231 -2 99.8436
    endloop
  endfacet
  facet normal 0 1 0
    outer loop
      vertex -9.04894 -2 99.691
      vertex -10.9511 -2 99.691
      vertex -10.9877 -2 99.8436
    endloop
  endfacet
  facet normal 0 1 -0
    outer loop
      vertex -9.10899 -2 99.546
      vertex -10.9511 -2 99.691
      vertex -9.04894 -2 99.691
    endloop
  endfacet
  facet normal 0 1 0
    outer loop
      vertex -9.10899 -2 99.546
      vertex -10.891 -2 99.546
      vertex -10.9511 -2 99.691
    endloop
  endfacet
  facet normal 0 1 -0
    outer loop
      vertex -9.19098 -2 99.4122
      vertex -10.891 -2 99.546
      vertex -9.10899 -2 99.546
    endloop
  endfacet
  facet normal 0 1 0
    outer loop
      vertex -9.19098 -2 99.4122
      vertex -10.809 -2 99.4122
      vertex -10.891 -2 99.546
    endloop
  endfacet
  facet normal 0 1 -0
    outer loop
      vertex -9.29289 -2 99.2929
      vertex -10.809 -2 99.4122
      vertex -9.19098 -2 99.4122
    endloop
  endfacet
  facet normal 0 1 0
    outer loop
      vertex -9.29289 -2 99.2929
      vertex -10.7071 -2 99.2929
      vertex -10.809 -2 99.4122
    endloop
  endfacet
  facet normal 0 1 -0
    outer loop
      vertex -9.41221 -2 99.191
      vertex -10.7071 -2 99.2929
      vertex -9.29289 -2 99.2929
    endloop
  endfacet
  facet normal 0 1 0
    outer loop
      vertex -9.41221 -2 99.191
      vertex -10.5878 -2 99.191
      vertex -10.7071 -2 99.2929
    endloop
  endfacet
  facet normal 0 1 -0
    outer loop
      vertex -9.54601 -2 99.109
      vertex -10.5878 -2 99.191
      vertex -9.41221 -2 99.191
    endloop
  endfacet
  facet normal 0 1 0
    outer loop
      vertex -9.54601 -2 99.109
      vertex -10.454 -2 99.109
      vertex -10.5878 -2 99.191
    endloop
  endfacet
  facet normal 0 1 -0
    outer loop
      vertex -9.69098 -2 99.0489
      vertex -10.454 -2 99.109
      vertex -9.54601 -2 99.109
    endloop
  endfacet
  facet normal 0 1 0
    outer loop
      vertex -9.69098 -2 99.0489
      vertex -10.309 -2 99.0489
      vertex -10.454 -2 99.109
    endloop
  endfacet
  facet normal 0 1 -0
    outer loop
      vertex -9.84356 -2 99.0123
      vertex -10.309 -2 99.0489
      vertex -9.69098 -2 99.0489
    endloop
  endfacet
  facet normal 0 1 0
    outer loop
      vertex -9.84356 -2 99.0123
      vertex -10.1564 -2 99.0123
      vertex -10.309 -2 99.0489
    endloop
  endfacet
  facet normal -0 1 0
    outer loop
      vertex -10.1564 -2 99.0123
      vertex -9.84356 -2 99.0123
      vertex -10 -2 99
    endloop
  endfacet
  facet normal 0.0765015 0 -0.997069
    outer loop
      vertex -10.1564 -2 100.988
      vertex -10 9.6 101
      vertex -10 -2 101
    endloop
  endfacet
  facet normal 0.0765015 0 -0.997069
    outer loop
      vertex -10 9.6 101
      vertex -10.1564 -2 100.988
      vertex -10.1564 9.6 100.988
    endloop
  endfacet
  facet normal -0.382352 0 -0.924017
    outer loop
      vertex 10.309 -2 100.951
      vertex 10.454 9.6 100.891
      vertex 10.454 -2 100.891
    endloop
  endfacet
  facet normal -0.382352 0 -0.924017
    outer loop
      vertex 10.454 9.6 100.891
      vertex 10.309 -2 100.951
      vertex 10.309 9.6 100.951
    endloop
  endfacet
  facet normal -0.972422 0 0.233228
    outer loop
      vertex 10.9511 -2 99.691
      vertex 10.9877 9.6 99.8436
      vertex 10.9511 9.6 99.691
    endloop
  endfacet
  facet normal -0.972422 0 0.233228
    outer loop
      vertex 10.9877 9.6 99.8436
      vertex 10.9511 -2 99.691
      vertex 10.9877 -2 99.8436
    endloop
  endfacet
  facet normal -0.996922 0 0.0784024
    outer loop
      vertex 10.9877 -2 99.8436
      vertex 11 9.6 100
      vertex 10.9877 9.6 99.8436
    endloop
  endfacet
  facet normal -0.996922 0 0.0784024
    outer loop
      vertex 11 9.6 100
      vertex 10.9877 -2 99.8436
      vertex 11 -2 100
    endloop
  endfacet
  facet normal -0.923792 0 0.382896
    outer loop
      vertex 10.891 -2 99.546
      vertex 10.9511 9.6 99.691
      vertex 10.891 9.6 99.546
    endloop
  endfacet
  facet normal -0.923792 0 0.382896
    outer loop
      vertex 10.9511 9.6 99.691
      vertex 10.891 -2 99.546
      vertex 10.9511 -2 99.691
    endloop
  endfacet
  facet normal 0.522532 0 -0.85262
    outer loop
      vertex 9.41221 -2 100.809
      vertex 9.54601 9.6 100.891
      vertex 9.54601 -2 100.891
    endloop
  endfacet
  facet normal 0.522532 0 -0.85262
    outer loop
      vertex 9.54601 9.6 100.891
      vertex 9.41221 -2 100.809
      vertex 9.41221 9.6 100.809
    endloop
  endfacet
  facet normal 0.649784 0 -0.760119
    outer loop
      vertex 9.29289 -2 100.707
      vertex 9.41221 9.6 100.809
      vertex 9.41221 -2 100.809
    endloop
  endfacet
  facet normal 0.649784 0 -0.760119
    outer loop
      vertex 9.41221 9.6 100.809
      vertex 9.29289 -2 100.707
      vertex 9.29289 9.6 100.707
    endloop
  endfacet
  facet normal -0.233228 0 0.972422
    outer loop
      vertex 10.1564 9.6 99.0123
      vertex 10.309 -2 99.0489
      vertex 10.309 9.6 99.0489
    endloop
  endfacet
  facet normal -0.233228 0 0.972422
    outer loop
      vertex 10.309 -2 99.0489
      vertex 10.1564 9.6 99.0123
      vertex 10.1564 -2 99.0123
    endloop
  endfacet
  facet normal -0.923792 0 -0.382896
    outer loop
      vertex 10.9511 -2 100.309
      vertex 10.891 9.6 100.454
      vertex 10.9511 9.6 100.309
    endloop
  endfacet
  facet normal -0.923792 -0 -0.382896
    outer loop
      vertex 10.891 9.6 100.454
      vertex 10.9511 -2 100.309
      vertex 10.891 -2 100.454
    endloop
  endfacet
  facet normal -0.382896 0 0.923792
    outer loop
      vertex 10.309 9.6 99.0489
      vertex 10.454 -2 99.109
      vertex 10.454 9.6 99.109
    endloop
  endfacet
  facet normal -0.382896 0 0.923792
    outer loop
      vertex 10.454 -2 99.109
      vertex 10.309 9.6 99.0489
      vertex 10.309 -2 99.0489
    endloop
  endfacet
  facet normal -0.852967 0 -0.521965
    outer loop
      vertex 10.891 -2 100.454
      vertex 10.809 9.6 100.588
      vertex 10.891 9.6 100.454
    endloop
  endfacet
  facet normal -0.852967 -0 -0.521965
    outer loop
      vertex 10.809 9.6 100.588
      vertex 10.891 -2 100.454
      vertex 10.809 -2 100.588
    endloop
  endfacet
  facet normal -0.85262 0 0.522532
    outer loop
      vertex 10.809 -2 99.4122
      vertex 10.891 9.6 99.546
      vertex 10.809 9.6 99.4122
    endloop
  endfacet
  facet normal -0.85262 0 0.522532
    outer loop
      vertex 10.891 9.6 99.546
      vertex 10.809 -2 99.4122
      vertex 10.891 -2 99.546
    endloop
  endfacet
  facet normal 0.972379 -0 0.233409
    outer loop
      vertex 9.01231 -2 99.8436
      vertex 9.04894 9.6 99.691
      vertex 9.01231 9.6 99.8436
    endloop
  endfacet
  facet normal 0.972379 0 0.233409
    outer loop
      vertex 9.04894 9.6 99.691
      vertex 9.01231 -2 99.8436
      vertex 9.04894 -2 99.691
    endloop
  endfacet
  facet normal -0.996906 0 -0.0786022
    outer loop
      vertex 11 -2 100
      vertex 10.9877 9.6 100.156
      vertex 11 9.6 100
    endloop
  endfacet
  facet normal -0.996906 -0 -0.0786022
    outer loop
      vertex 10.9877 9.6 100.156
      vertex 11 -2 100
      vertex 10.9877 -2 100.156
    endloop
  endfacet
  facet normal -0.649846 0 -0.760066
    outer loop
      vertex 10.5878 -2 100.809
      vertex 10.7071 9.6 100.707
      vertex 10.7071 -2 100.707
    endloop
  endfacet
  facet normal -0.649846 0 -0.760066
    outer loop
      vertex 10.7071 9.6 100.707
      vertex 10.5878 -2 100.809
      vertex 10.5878 9.6 100.809
    endloop
  endfacet
  facet normal -0.0784024 0 0.996922
    outer loop
      vertex 10 9.6 99
      vertex 10.1564 -2 99.0123
      vertex 10.1564 9.6 99.0123
    endloop
  endfacet
  facet normal -0.0784024 0 0.996922
    outer loop
      vertex 10.1564 -2 99.0123
      vertex 10 9.6 99
      vertex 10 -2 99
    endloop
  endfacet
  facet normal 0.923904 0 -0.382624
    outer loop
      vertex 9.10899 -2 100.454
      vertex 9.04894 9.6 100.309
      vertex 9.10899 9.6 100.454
    endloop
  endfacet
  facet normal 0.923904 0 -0.382624
    outer loop
      vertex 9.04894 9.6 100.309
      vertex 9.10899 -2 100.454
      vertex 9.04894 -2 100.309
    endloop
  endfacet
  facet normal 0.75954 0 -0.65046
    outer loop
      vertex 9.29289 -2 100.707
      vertex 9.19098 9.6 100.588
      vertex 9.29289 9.6 100.707
    endloop
  endfacet
  facet normal 0.75954 0 -0.65046
    outer loop
      vertex 9.19098 9.6 100.588
      vertex 9.29289 -2 100.707
      vertex 9.19098 -2 100.588
    endloop
  endfacet
  facet normal 0.760349 -0 0.649515
    outer loop
      vertex 9.19098 -2 99.4122
      vertex 9.29289 9.6 99.2929
      vertex 9.19098 9.6 99.4122
    endloop
  endfacet
  facet normal 0.760349 0 0.649515
    outer loop
      vertex 9.29289 9.6 99.2929
      vertex 9.19098 -2 99.4122
      vertex 9.29289 -2 99.2929
    endloop
  endfacet
  facet normal 0.996901 0 -0.0786657
    outer loop
      vertex 9.01231 -2 100.156
      vertex 9 9.6 100
      vertex 9.01231 9.6 100.156
    endloop
  endfacet
  facet normal 0.996901 0 -0.0786657
    outer loop
      vertex 9 9.6 100
      vertex 9.01231 -2 100.156
      vertex 9 -2 100
    endloop
  endfacet
  facet normal -0.235636 0 -0.971841
    outer loop
      vertex 10.1564 -2 100.988
      vertex 10.309 9.6 100.951
      vertex 10.309 -2 100.951
    endloop
  endfacet
  facet normal -0.235636 0 -0.971841
    outer loop
      vertex 10.309 9.6 100.951
      vertex 10.1564 -2 100.988
      vertex 10.1564 9.6 100.988
    endloop
  endfacet
  facet normal -0.649478 0 0.76038
    outer loop
      vertex 10.5878 9.6 99.191
      vertex 10.7071 -2 99.2929
      vertex 10.7071 9.6 99.2929
    endloop
  endfacet
  facet normal -0.649478 0 0.76038
    outer loop
      vertex 10.7071 -2 99.2929
      vertex 10.5878 9.6 99.191
      vertex 10.5878 -2 99.191
    endloop
  endfacet
  facet normal -0.759572 0 -0.650423
    outer loop
      vertex 10.809 -2 100.588
      vertex 10.7071 9.6 100.707
      vertex 10.809 9.6 100.588
    endloop
  endfacet
  facet normal -0.759572 -0 -0.650423
    outer loop
      vertex 10.7071 9.6 100.707
      vertex 10.809 -2 100.588
      vertex 10.7071 -2 100.707
    endloop
  endfacet
  facet normal 0.076482 0 -0.997071
    outer loop
      vertex 9.84356 -2 100.988
      vertex 10 9.6 101
      vertex 10 -2 101
    endloop
  endfacet
  facet normal 0.076482 0 -0.997071
    outer loop
      vertex 10 9.6 101
      vertex 9.84356 -2 100.988
      vertex 9.84356 9.6 100.988
    endloop
  endfacet
  facet normal 0.649415 0 0.760434
    outer loop
      vertex 9.29289 9.6 99.2929
      vertex 9.41221 -2 99.191
      vertex 9.41221 9.6 99.191
    endloop
  endfacet
  facet normal 0.649415 0 0.760434
    outer loop
      vertex 9.41221 -2 99.191
      vertex 9.29289 9.6 99.2929
      vertex 9.29289 -2 99.2929
    endloop
  endfacet
  facet normal -0.522532 0 0.85262
    outer loop
      vertex 10.454 9.6 99.109
      vertex 10.5878 -2 99.191
      vertex 10.5878 9.6 99.191
    endloop
  endfacet
  facet normal -0.522532 0 0.85262
    outer loop
      vertex 10.5878 -2 99.191
      vertex 10.454 9.6 99.109
      vertex 10.454 -2 99.109
    endloop
  endfacet
  facet normal -0.97256 0 -0.232652
    outer loop
      vertex 10.9877 -2 100.156
      vertex 10.9511 9.6 100.309
      vertex 10.9877 9.6 100.156
    endloop
  endfacet
  facet normal -0.97256 -0 -0.232652
    outer loop
      vertex 10.9511 9.6 100.309
      vertex 10.9877 -2 100.156
      vertex 10.9511 -2 100.309
    endloop
  endfacet
  facet normal 0.382963 0 0.923764
    outer loop
      vertex 9.54601 9.6 99.109
      vertex 9.69098 -2 99.0489
      vertex 9.69098 9.6 99.0489
    endloop
  endfacet
  facet normal 0.382963 0 0.923764
    outer loop
      vertex 9.69098 -2 99.0489
      vertex 9.54601 9.6 99.109
      vertex 9.54601 -2 99.109
    endloop
  endfacet
  facet normal 0.233257 0 0.972415
    outer loop
      vertex 9.69098 9.6 99.0489
      vertex 9.84356 -2 99.0123
      vertex 9.84356 9.6 99.0123
    endloop
  endfacet
  facet normal 0.233257 0 0.972415
    outer loop
      vertex 9.84356 -2 99.0123
      vertex 9.69098 9.6 99.0489
      vertex 9.69098 -2 99.0489
    endloop
  endfacet
  facet normal -0.522532 0 -0.85262
    outer loop
      vertex 10.454 -2 100.891
      vertex 10.5878 9.6 100.809
      vertex 10.5878 -2 100.809
    endloop
  endfacet
  facet normal -0.522532 0 -0.85262
    outer loop
      vertex 10.5878 9.6 100.809
      vertex 10.454 -2 100.891
      vertex 10.454 9.6 100.891
    endloop
  endfacet
  facet normal 0.972517 0 -0.232832
    outer loop
      vertex 9.04894 -2 100.309
      vertex 9.01231 9.6 100.156
      vertex 9.04894 9.6 100.309
    endloop
  endfacet
  facet normal 0.972517 0 -0.232832
    outer loop
      vertex 9.01231 9.6 100.156
      vertex 9.04894 -2 100.309
      vertex 9.01231 -2 100.156
    endloop
  endfacet
  facet normal -0.0765015 0 -0.997069
    outer loop
      vertex 10 -2 101
      vertex 10.1564 9.6 100.988
      vertex 10.1564 -2 100.988
    endloop
  endfacet
  facet normal -0.0765015 0 -0.997069
    outer loop
      vertex 10.1564 9.6 100.988
      vertex 10 -2 101
      vertex 10 9.6 101
    endloop
  endfacet
  facet normal 0.0783825 0 0.996923
    outer loop
      vertex 9.84356 9.6 99.0123
      vertex 10 -2 99
      vertex 10 9.6 99
    endloop
  endfacet
  facet normal 0.0783825 0 0.996923
    outer loop
      vertex 10 -2 99
      vertex 9.84356 9.6 99.0123
      vertex 9.84356 -2 99.0123
    endloop
  endfacet
  facet normal 0.235666 0 -0.971834
    outer loop
      vertex 9.69098 -2 100.951
      vertex 9.84356 9.6 100.988
      vertex 9.84356 -2 100.988
    endloop
  endfacet
  facet normal 0.235666 0 -0.971834
    outer loop
      vertex 9.84356 9.6 100.988
      vertex 9.69098 -2 100.951
      vertex 9.69098 9.6 100.951
    endloop
  endfacet
  facet normal -0.76038 0 0.649478
    outer loop
      vertex 10.7071 -2 99.2929
      vertex 10.809 9.6 99.4122
      vertex 10.7071 9.6 99.2929
    endloop
  endfacet
  facet normal -0.76038 0 0.649478
    outer loop
      vertex 10.809 9.6 99.4122
      vertex 10.7071 -2 99.2929
      vertex 10.809 -2 99.4122
    endloop
  endfacet
  facet normal 0.852995 0 -0.521919
    outer loop
      vertex 9.19098 -2 100.588
      vertex 9.10899 9.6 100.454
      vertex 9.19098 9.6 100.588
    endloop
  endfacet
  facet normal 0.852995 0 -0.521919
    outer loop
      vertex 9.10899 9.6 100.454
      vertex 9.19098 -2 100.588
      vertex 9.10899 -2 100.454
    endloop
  endfacet
  facet normal 0.923904 -0 0.382624
    outer loop
      vertex 9.04894 -2 99.691
      vertex 9.10899 9.6 99.546
      vertex 9.04894 9.6 99.691
    endloop
  endfacet
  facet normal 0.923904 0 0.382624
    outer loop
      vertex 9.10899 9.6 99.546
      vertex 9.04894 -2 99.691
      vertex 9.10899 -2 99.546
    endloop
  endfacet
  facet normal 0.382419 0 -0.923989
    outer loop
      vertex 9.54601 -2 100.891
      vertex 9.69098 9.6 100.951
      vertex 9.69098 -2 100.951
    endloop
  endfacet
  facet normal 0.382419 0 -0.923989
    outer loop
      vertex 9.69098 9.6 100.951
      vertex 9.54601 -2 100.891
      vertex 9.54601 9.6 100.891
    endloop
  endfacet
  facet normal 0.996917 -0 0.0784658
    outer loop
      vertex 9 -2 100
      vertex 9.01231 9.6 99.8436
      vertex 9 9.6 100
    endloop
  endfacet
  facet normal 0.996917 0 0.0784658
    outer loop
      vertex 9.01231 9.6 99.8436
      vertex 9 -2 100
      vertex 9.01231 -2 99.8436
    endloop
  endfacet
  facet normal 0 1 0
    outer loop
      vertex 10.1564 -2 100.988
      vertex 9.84356 -2 100.988
      vertex 10 -2 101
    endloop
  endfacet
  facet normal 0 1 0
    outer loop
      vertex 10.309 -2 100.951
      vertex 9.84356 -2 100.988
      vertex 10.1564 -2 100.988
    endloop
  endfacet
  facet normal 0 1 0
    outer loop
      vertex 10.309 -2 100.951
      vertex 9.69098 -2 100.951
      vertex 9.84356 -2 100.988
    endloop
  endfacet
  facet normal 0 1 0
    outer loop
      vertex 10.454 -2 100.891
      vertex 9.69098 -2 100.951
      vertex 10.309 -2 100.951
    endloop
  endfacet
  facet normal 0 1 0
    outer loop
      vertex 10.454 -2 100.891
      vertex 9.54601 -2 100.891
      vertex 9.69098 -2 100.951
    endloop
  endfacet
  facet normal 0 1 0
    outer loop
      vertex 10.5878 -2 100.809
      vertex 9.54601 -2 100.891
      vertex 10.454 -2 100.891
    endloop
  endfacet
  facet normal 0 1 0
    outer loop
      vertex 10.5878 -2 100.809
      vertex 9.41221 -2 100.809
      vertex 9.54601 -2 100.891
    endloop
  endfacet
  facet normal 0 1 0
    outer loop
      vertex 10.7071 -2 100.707
      vertex 9.41221 -2 100.809
      vertex 10.5878 -2 100.809
    endloop
  endfacet
  facet normal 0 1 0
    outer loop
      vertex 10.7071 -2 100.707
      vertex 9.29289 -2 100.707
      vertex 9.41221 -2 100.809
    endloop
  endfacet
  facet normal 0 1 0
    outer loop
      vertex 10.809 -2 100.588
      vertex 9.29289 -2 100.707
      vertex 10.7071 -2 100.707
    endloop
  endfacet
  facet normal 0 1 0
    outer loop
      vertex 10.809 -2 100.588
      vertex 9.19098 -2 100.588
      vertex 9.29289 -2 100.707
    endloop
  endfacet
  facet normal 0 1 0
    outer loop
      vertex 10.891 -2 100.454
      vertex 9.19098 -2 100.588
      vertex 10.809 -2 100.588
    endloop
  endfacet
  facet normal 0 1 0
    outer loop
      vertex 10.891 -2 100.454
      vertex 9.10899 -2 100.454
      vertex 9.19098 -2 100.588
    endloop
  endfacet
  facet normal 0 1 0
    outer loop
      vertex 10.9511 -2 100.309
      vertex 9.10899 -2 100.454
      vertex 10.891 -2 100.454
    endloop
  endfacet
  facet normal 0 1 0
    outer loop
      vertex 10.9511 -2 100.309
      vertex 9.04894 -2 100.309
      vertex 9.10899 -2 100.454
    endloop
  endfacet
  facet normal 0 1 0
    outer loop
      vertex 10.9877 -2 100.156
      vertex 9.04894 -2 100.309
      vertex 10.9511 -2 100.309
    endloop
  endfacet
  facet normal 0 1 0
    outer loop
      vertex 10.9877 -2 100.156
      vertex 9.01231 -2 100.156
      vertex 9.04894 -2 100.309
    endloop
  endfacet
  facet normal 0 1 0
    outer loop
      vertex 11 -2 100
      vertex 9.01231 -2 100.156
      vertex 10.9877 -2 100.156
    endloop
  endfacet
  facet normal 0 1 0
    outer loop
      vertex 11 -2 100
      vertex 9 -2 100
      vertex 9.01231 -2 100.156
    endloop
  endfacet
  facet normal 0 1 -0
    outer loop
      vertex 10.9877 -2 99.8436
      vertex 9 -2 100
      vertex 11 -2 100
    endloop
  endfacet
  facet normal 0 1 0
    outer loop
      vertex 10.9877 -2 99.8436
      vertex 9.01231 -2 99.8436
      vertex 9 -2 100
    endloop
  endfacet
  facet normal 0 1 -0
    outer loop
      vertex 10.9511 -2 99.691
      vertex 9.01231 -2 99.8436
      vertex 10.9877 -2 99.8436
    endloop
  endfacet
  facet normal 0 1 0
    outer loop
      vertex 10.9511 -2 99.691
      vertex 9.04894 -2 99.691
      vertex 9.01231 -2 99.8436
    endloop
  endfacet
  facet normal 0 1 -0
    outer loop
      vertex 10.891 -2 99.546
      vertex 9.04894 -2 99.691
      vertex 10.9511 -2 99.691
    endloop
  endfacet
  facet normal 0 1 0
    outer loop
      vertex 10.891 -2 99.546
      vertex 9.10899 -2 99.546
      vertex 9.04894 -2 99.691
    endloop
  endfacet
  facet normal 0 1 -0
    outer loop
      vertex 10.809 -2 99.4122
      vertex 9.10899 -2 99.546
      vertex 10.891 -2 99.546
    endloop
  endfacet
  facet normal 0 1 0
    outer loop
      vertex 10.809 -2 99.4122
      vertex 9.19098 -2 99.4122
      vertex 9.10899 -2 99.546
    endloop
  endfacet
  facet normal 0 1 -0
    outer loop
      vertex 10.7071 -2 99.2929
      vertex 9.19098 -2 99.4122
      vertex 10.809 -2 99.4122
    endloop
  endfacet
  facet normal 0 1 0
    outer loop
      vertex 10.7071 -2 99.2929
      vertex 9.29289 -2 99.2929
      vertex 9.19098 -2 99.4122
    endloop
  endfacet
  facet normal 0 1 -0
    outer loop
      vertex 10.5878 -2 99.191
      vertex 9.29289 -2 99.2929
      vertex 10.7071 -2 99.2929
    endloop
  endfacet
  facet normal 0 1 0
    outer loop
      vertex 10.5878 -2 99.191
      vertex 9.41221 -2 99.191
      vertex 9.29289 -2 99.2929
    endloop
  endfacet
  facet normal 0 1 -0
    outer loop
      vertex 10.454 -2 99.109
      vertex 9.41221 -2 99.191
      vertex 10.5878 -2 99.191
    endloop
  endfacet
  facet normal 0 1 0
    outer loop
      vertex 10.454 -2 99.109
      vertex 9.54601 -2 99.109
      vertex 9.41221 -2 99.191
    endloop
  endfacet
  facet normal 0 1 -0
    outer loop
      vertex 10.309 -2 99.0489
      vertex 9.54601 -2 99.109
      vertex 10.454 -2 99.109
    endloop
  endfacet
  facet normal 0 1 0
    outer loop
      vertex 10.309 -2 99.0489
      vertex 9.69098 -2 99.0489
      vertex 9.54601 -2 99.109
    endloop
  endfacet
  facet normal 0 1 -0
    outer loop
      vertex 10.1564 -2 99.0123
      vertex 9.69098 -2 99.0489
      vertex 10.309 -2 99.0489
    endloop
  endfacet
  facet normal 0 1 0
    outer loop
      vertex 10.1564 -2 99.0123
      vertex 9.84356 -2 99.0123
      vertex 9.69098 -2 99.0489
    endloop
  endfacet
  facet normal -0 1 0
    outer loop
      vertex 9.84356 -2 99.0123
      vertex 10.1564 -2 99.0123
      vertex 10 -2 99
    endloop
  endfacet
  facet normal 0.852648 -0 0.522486
    outer loop
      vertex 9.10899 -2 99.546
      vertex 9.19098 9.6 99.4122
      vertex 9.10899 9.6 99.546
    endloop
  endfacet
  facet normal 0.852648 0 0.522486
    outer loop
      vertex 9.19098 9.6 99.4122
      vertex 9.10899 -2 99.546
      vertex 9.19098 -2 99.4122
    endloop
  endfacet
  facet normal 0.522532 0 0.85262
    outer loop
      vertex 9.41221 9.6 99.191
      vertex 9.54601 -2 99.109
      vertex 9.54601 9.6 99.109
    endloop
  endfacet
  facet normal 0.522532 0 0.85262
    outer loop
      vertex 9.54601 -2 99.109
      vertex 9.41221 9.6 99.191
      vertex 9.41221 -2 99.191
    endloop
  endfacet
  facet normal -0.233594 -0.168843 -0.957562
    outer loop
      vertex -9.84356 -1.65226 76.987
      vertex -9.69098 9.76515 74.9366
      vertex -9.69098 -1.65862 76.9509
    endloop
  endfacet
  facet normal -0.233594 -0.168843 -0.957562
    outer loop
      vertex -9.69098 9.76515 74.9366
      vertex -9.84356 -1.65226 76.987
      vertex -9.84356 9.77151 74.9727
    endloop
  endfacet
  facet normal -0.97235 0.0405533 0.22998
    outer loop
      vertex -9.04894 9.54634 73.6957
      vertex -9.01231 -1.85093 75.8603
      vertex -9.01231 9.57283 73.8459
    endloop
  endfacet
  facet normal -0.972385 0.0405261 0.229837
    outer loop
      vertex -9.01231 -1.85093 75.8603
      vertex -9.04894 9.54634 73.6957
      vertex -9.04894 -1.87743 75.71
    endloop
  endfacet
  facet normal -0.99692 0.0136187 0.077236
    outer loop
      vertex -9.01231 9.57283 73.8459
      vertex -9 -1.82377 76.0143
      vertex -9 9.6 74
    endloop
  endfacet
  facet normal -0.996916 0.013628 0.0772851
    outer loop
      vertex -9 -1.82377 76.0143
      vertex -9.01231 9.57283 73.8459
      vertex -9.01231 -1.85093 75.8603
    endloop
  endfacet
  facet normal -0.923907 0.0664401 0.376804
    outer loop
      vertex -9.10899 9.52116 73.5529
      vertex -9.04894 -1.87743 75.71
      vertex -9.04894 9.54634 73.6957
    endloop
  endfacet
  facet normal -0.923905 0.0664409 0.376808
    outer loop
      vertex -9.04894 -1.87743 75.71
      vertex -9.10899 9.52116 73.5529
      vertex -9.10899 -1.9026 75.5672
    endloop
  endfacet
  facet normal -0.852706 -0.0907115 -0.514455
    outer loop
      vertex -9.10899 9.67883 74.4471
      vertex -9.19098 -1.7217 76.5932
      vertex -9.19098 9.70207 74.5789
    endloop
  endfacet
  facet normal -0.852703 -0.0907124 -0.51446
    outer loop
      vertex -9.19098 -1.7217 76.5932
      vertex -9.10899 9.67883 74.4471
      vertex -9.10899 -1.74493 76.4614
    endloop
  endfacet
  facet normal -0.0783051 -0.173113 -0.981784
    outer loop
      vertex -10 -1.65012 76.9991
      vertex -9.84356 9.77151 74.9727
      vertex -9.84356 -1.65226 76.987
    endloop
  endfacet
  facet normal -0.0783051 -0.173113 -0.981784
    outer loop
      vertex -9.84356 9.77151 74.9727
      vertex -10 -1.65012 76.9991
      vertex -10 9.77365 74.9848
    endloop
  endfacet
  facet normal -0.852703 0.0907124 0.51446
    outer loop
      vertex -9.19098 9.49793 73.4211
      vertex -9.10899 -1.9026 75.5672
      vertex -9.10899 9.52116 73.5529
    endloop
  endfacet
  facet normal -0.852534 0.0907644 0.51473
    outer loop
      vertex -9.10899 -1.9026 75.5672
      vertex -9.19098 9.49793 73.4211
      vertex -9.19098 -1.92584 75.4355
    endloop
  endfacet
  facet normal -0.972351 -0.0405508 -0.229977
    outer loop
      vertex -9.01231 9.62716 74.1541
      vertex -9.04894 -1.77011 76.3186
      vertex -9.04894 9.65366 74.3043
    endloop
  endfacet
  facet normal -0.97235 -0.0405513 -0.22998
    outer loop
      vertex -9.04894 -1.77011 76.3186
      vertex -9.01231 9.62716 74.1541
      vertex -9.01231 -1.7966 76.1684
    endloop
  endfacet
  facet normal 0.972394 -0.0405194 -0.229799
    outer loop
      vertex -10.9511 -1.77011 76.3186
      vertex -10.9877 9.62716 74.1541
      vertex -10.9511 9.65366 74.3043
    endloop
  endfacet
  facet normal 0.972394 -0.0405199 -0.229802
    outer loop
      vertex -10.9877 9.62716 74.1541
      vertex -10.9511 -1.77011 76.3186
      vertex -10.9877 -1.7966 76.1684
    endloop
  endfacet
  facet normal -0.522742 -0.148032 -0.83954
    outer loop
      vertex -9.54601 -1.66905 76.8918
      vertex -9.41221 9.74048 74.7967
      vertex -9.41221 -1.68329 76.811
    endloop
  endfacet
  facet normal -0.522742 -0.148032 -0.83954
    outer loop
      vertex -9.41221 9.74048 74.7967
      vertex -9.54601 -1.66905 76.8918
      vertex -9.54601 9.75472 74.8775
    endloop
  endfacet
  facet normal 0.078325 0.173113 0.981783
    outer loop
      vertex -10.1564 -1.99528 75.0416
      vertex -10 9.42635 73.0152
      vertex -10.1564 9.42849 73.0273
    endloop
  endfacet
  facet normal 0.078325 0.173113 0.981783
    outer loop
      vertex -10 9.42635 73.0152
      vertex -10.1564 -1.99528 75.0416
      vertex -10 -1.99742 75.0295
    endloop
  endfacet
  facet normal -0.649224 -0.132075 -0.749043
    outer loop
      vertex -9.41221 -1.68329 76.811
      vertex -9.29289 9.72279 74.6964
      vertex -9.29289 -1.70098 76.7107
    endloop
  endfacet
  facet normal -0.649224 -0.132075 -0.749043
    outer loop
      vertex -9.29289 9.72279 74.6964
      vertex -9.41221 -1.68329 76.811
      vertex -9.41221 9.74048 74.7967
    endloop
  endfacet
  facet normal -0.923905 -0.0664409 -0.376808
    outer loop
      vertex -9.04894 9.65366 74.3043
      vertex -9.10899 -1.74493 76.4614
      vertex -9.10899 9.67883 74.4471
    endloop
  endfacet
  facet normal -0.923907 -0.0664401 -0.376804
    outer loop
      vertex -9.10899 -1.74493 76.4614
      vertex -9.04894 9.65366 74.3043
      vertex -9.04894 -1.77011 76.3186
    endloop
  endfacet
  facet normal 0.996925 -0.0136078 -0.0771745
    outer loop
      vertex -10.9877 -1.7966 76.1684
      vertex -11 9.6 74
      vertex -10.9877 9.62716 74.1541
    endloop
  endfacet
  facet normal 0.996925 -0.0136077 -0.0771736
    outer loop
      vertex -11 9.6 74
      vertex -10.9877 -1.7966 76.1684
      vertex -11 -1.82377 76.0143
    endloop
  endfacet
  facet normal -0.382492 -0.160442 -0.909922
    outer loop
      vertex -9.69098 -1.65862 76.9509
      vertex -9.54601 9.75472 74.8775
      vertex -9.54601 -1.66905 76.8918
    endloop
  endfacet
  facet normal -0.382492 -0.160442 -0.909922
    outer loop
      vertex -9.54601 9.75472 74.8775
      vertex -9.69098 -1.65862 76.9509
      vertex -9.69098 9.76515 74.9366
    endloop
  endfacet
  facet normal 0.649287 0.132072 0.748988
    outer loop
      vertex -10.7071 -1.94656 75.318
      vertex -10.5878 9.45952 73.2033
      vertex -10.7071 9.47721 73.3036
    endloop
  endfacet
  facet normal 0.64965 0.132012 0.748684
    outer loop
      vertex -10.5878 9.45952 73.2033
      vertex -10.7071 -1.94656 75.318
      vertex -10.5878 -1.96425 75.2176
    endloop
  endfacet
  facet normal 0.382424 0.160447 0.90995
    outer loop
      vertex -10.454 -1.97849 75.1368
      vertex -10.309 9.43485 73.0634
      vertex -10.454 9.44528 73.1225
    endloop
  endfacet
  facet normal 0.382424 0.160447 0.90995
    outer loop
      vertex -10.309 9.43485 73.0634
      vertex -10.454 -1.97849 75.1368
      vertex -10.309 -1.98892 75.0777
    endloop
  endfacet
  facet normal 0.522742 -0.148032 -0.83954
    outer loop
      vertex -10.5878 9.74048 74.7967
      vertex -10.454 -1.66905 76.8918
      vertex -10.5878 -1.68329 76.811
    endloop
  endfacet
  facet normal 0.522742 -0.148032 -0.83954
    outer loop
      vertex -10.454 -1.66905 76.8918
      vertex -10.5878 9.74048 74.7967
      vertex -10.454 9.75472 74.8775
    endloop
  endfacet
  facet normal -0.382492 0.160442 0.909922
    outer loop
      vertex -9.69098 9.43485 73.0634
      vertex -9.54601 -1.97849 75.1368
      vertex -9.54601 9.44528 73.1225
    endloop
  endfacet
  facet normal -0.382492 0.160442 0.909922
    outer loop
      vertex -9.54601 -1.97849 75.1368
      vertex -9.69098 9.43485 73.0634
      vertex -9.69098 -1.98892 75.0777
    endloop
  endfacet
  facet normal 0.382424 -0.160447 -0.90995
    outer loop
      vertex -10.454 9.75472 74.8775
      vertex -10.309 -1.65862 76.9509
      vertex -10.454 -1.66905 76.8918
    endloop
  endfacet
  facet normal 0.382424 -0.160447 -0.90995
    outer loop
      vertex -10.309 -1.65862 76.9509
      vertex -10.454 9.75472 74.8775
      vertex -10.309 9.76515 74.9366
    endloop
  endfacet
  facet normal 0.760415 -0.112773 -0.639571
    outer loop
      vertex -10.7071 -1.70098 76.7107
      vertex -10.809 9.70207 74.5789
      vertex -10.7071 9.72279 74.6964
    endloop
  endfacet
  facet normal 0.760415 -0.112773 -0.639571
    outer loop
      vertex -10.809 9.70207 74.5789
      vertex -10.7071 -1.70098 76.7107
      vertex -10.809 -1.7217 76.5932
    endloop
  endfacet
  facet normal 0.522742 0.148032 0.83954
    outer loop
      vertex -10.5878 -1.96425 75.2176
      vertex -10.454 9.44528 73.1225
      vertex -10.5878 9.45952 73.2033
    endloop
  endfacet
  facet normal 0.522742 0.148032 0.83954
    outer loop
      vertex -10.454 9.44528 73.1225
      vertex -10.5878 -1.96425 75.2176
      vertex -10.454 -1.97849 75.1368
    endloop
  endfacet
  facet normal 0.649287 -0.132066 -0.74899
    outer loop
      vertex -10.7071 9.72279 74.6964
      vertex -10.5878 -1.68329 76.811
      vertex -10.7071 -1.70098 76.7107
    endloop
  endfacet
  facet normal 0.649287 -0.132066 -0.74899
    outer loop
      vertex -10.5878 -1.68329 76.811
      vertex -10.7071 9.72279 74.6964
      vertex -10.5878 9.74048 74.7967
    endloop
  endfacet
  facet normal 0.923793 -0.0664881 -0.377076
    outer loop
      vertex -10.891 -1.74493 76.4614
      vertex -10.9511 9.65366 74.3043
      vertex -10.891 9.67883 74.4471
    endloop
  endfacet
  facet normal 0.923794 -0.0664874 -0.377072
    outer loop
      vertex -10.9511 9.65366 74.3043
      vertex -10.891 -1.74493 76.4614
      vertex -10.9511 -1.77011 76.3186
    endloop
  endfacet
  facet normal -0.99692 -0.0136188 -0.0772368
    outer loop
      vertex -9 9.6 74
      vertex -9.01231 -1.7966 76.1684
      vertex -9.01231 9.62716 74.1541
    endloop
  endfacet
  facet normal -0.99692 -0.0136187 -0.077236
    outer loop
      vertex -9.01231 -1.7966 76.1684
      vertex -9 9.6 74
      vertex -9 -1.82377 76.0143
    endloop
  endfacet
  facet normal -0.522742 0.148032 0.83954
    outer loop
      vertex -9.54601 9.44528 73.1225
      vertex -9.41221 -1.96425 75.2176
      vertex -9.41221 9.45952 73.2033
    endloop
  endfacet
  facet normal -0.522742 0.148032 0.83954
    outer loop
      vertex -9.41221 -1.96425 75.2176
      vertex -9.54601 9.44528 73.1225
      vertex -9.54601 -1.97849 75.1368
    endloop
  endfacet
  facet normal -0.760383 0.112784 0.639607
    outer loop
      vertex -9.29289 9.47721 73.3036
      vertex -9.19098 -1.92584 75.4355
      vertex -9.19098 9.49793 73.4211
    endloop
  endfacet
  facet normal -0.760383 0.112784 0.639607
    outer loop
      vertex -9.19098 -1.92584 75.4355
      vertex -9.29289 9.47721 73.3036
      vertex -9.29289 -1.94656 75.318
    endloop
  endfacet
  facet normal -0.649224 0.132082 0.749041
    outer loop
      vertex -9.41221 9.45952 73.2033
      vertex -9.29289 -1.94656 75.318
      vertex -9.29289 9.47721 73.3036
    endloop
  endfacet
  facet normal -0.649587 0.132021 0.748737
    outer loop
      vertex -9.29289 -1.94656 75.318
      vertex -9.41221 9.45952 73.2033
      vertex -9.41221 -1.96425 75.2176
    endloop
  endfacet
  facet normal -0.760383 -0.112779 -0.639608
    outer loop
      vertex -9.19098 9.70207 74.5789
      vertex -9.29289 -1.70098 76.7107
      vertex -9.29289 9.72279 74.6964
    endloop
  endfacet
  facet normal -0.760383 -0.112779 -0.639608
    outer loop
      vertex -9.29289 -1.70098 76.7107
      vertex -9.19098 9.70207 74.5789
      vertex -9.19098 -1.7217 76.5932
    endloop
  endfacet
  facet normal 0.760415 0.112778 0.63957
    outer loop
      vertex -10.809 -1.92584 75.4355
      vertex -10.7071 9.47721 73.3036
      vertex -10.809 9.49793 73.4211
    endloop
  endfacet
  facet normal 0.760415 0.112778 0.63957
    outer loop
      vertex -10.7071 9.47721 73.3036
      vertex -10.809 -1.92584 75.4355
      vertex -10.7071 -1.94656 75.318
    endloop
  endfacet
  facet normal 0.233566 -0.168844 -0.957569
    outer loop
      vertex -10.309 9.76515 74.9366
      vertex -10.1564 -1.65226 76.987
      vertex -10.309 -1.65862 76.9509
    endloop
  endfacet
  facet normal 0.233566 -0.168844 -0.957569
    outer loop
      vertex -10.1564 -1.65226 76.987
      vertex -10.309 9.76515 74.9366
      vertex -10.1564 9.77151 74.9727
    endloop
  endfacet
  facet normal 0.852677 -0.0907195 -0.514501
    outer loop
      vertex -10.809 -1.7217 76.5932
      vertex -10.891 9.67883 74.4471
      vertex -10.809 9.70207 74.5789
    endloop
  endfacet
  facet normal 0.852674 -0.0907205 -0.514506
    outer loop
      vertex -10.891 9.67883 74.4471
      vertex -10.809 -1.7217 76.5932
      vertex -10.891 -1.74493 76.4614
    endloop
  endfacet
  facet normal 0.233566 0.168844 0.957569
    outer loop
      vertex -10.309 -1.98892 75.0777
      vertex -10.1564 9.42849 73.0273
      vertex -10.309 9.43485 73.0634
    endloop
  endfacet
  facet normal 0.233566 0.168844 0.957569
    outer loop
      vertex -10.1564 9.42849 73.0273
      vertex -10.309 -1.98892 75.0777
      vertex -10.1564 -1.99528 75.0416
    endloop
  endfacet
  facet normal 0.923794 0.0664874 0.377072
    outer loop
      vertex -10.9511 -1.87743 75.71
      vertex -10.891 9.52116 73.5529
      vertex -10.9511 9.54634 73.6957
    endloop
  endfacet
  facet normal 0.923793 0.0664881 0.377076
    outer loop
      vertex -10.891 9.52116 73.5529
      vertex -10.9511 -1.87743 75.71
      vertex -10.891 -1.9026 75.5672
    endloop
  endfacet
  facet normal 0.852674 0.0907205 0.514506
    outer loop
      vertex -10.891 -1.9026 75.5672
      vertex -10.809 9.49793 73.4211
      vertex -10.891 9.52116 73.5529
    endloop
  endfacet
  facet normal 0.852506 0.0907725 0.514776
    outer loop
      vertex -10.809 9.49793 73.4211
      vertex -10.891 -1.9026 75.5672
      vertex -10.809 -1.92584 75.4355
    endloop
  endfacet
  facet normal -0.233594 0.168843 0.957562
    outer loop
      vertex -9.84356 9.42849 73.0273
      vertex -9.69098 -1.98892 75.0777
      vertex -9.69098 9.43485 73.0634
    endloop
  endfacet
  facet normal -0.233594 0.168843 0.957562
    outer loop
      vertex -9.69098 -1.98892 75.0777
      vertex -9.84356 9.42849 73.0273
      vertex -9.84356 -1.99528 75.0416
    endloop
  endfacet
  facet normal -0.0783051 0.173113 0.981784
    outer loop
      vertex -10 9.42635 73.0152
      vertex -9.84356 -1.99528 75.0416
      vertex -9.84356 9.42849 73.0273
    endloop
  endfacet
  facet normal -0.0783051 0.173113 0.981784
    outer loop
      vertex -9.84356 -1.99528 75.0416
      vertex -10 9.42635 73.0152
      vertex -10 -1.99742 75.0295
    endloop
  endfacet
  facet normal 0.996925 0.0136077 0.0771736
    outer loop
      vertex -11 -1.82377 76.0143
      vertex -10.9877 9.57283 73.8459
      vertex -11 9.6 74
    endloop
  endfacet
  facet normal 0.996921 0.013617 0.0772227
    outer loop
      vertex -10.9877 9.57283 73.8459
      vertex -11 -1.82377 76.0143
      vertex -10.9877 -1.85093 75.8603
    endloop
  endfacet
  facet normal 0.972394 0.0405219 0.229801
    outer loop
      vertex -10.9877 -1.85093 75.8603
      vertex -10.9511 9.54634 73.6957
      vertex -10.9877 9.57283 73.8459
    endloop
  endfacet
  facet normal 0.972428 0.0404947 0.229659
    outer loop
      vertex -10.9511 9.54634 73.6957
      vertex -10.9877 -1.85093 75.8603
      vertex -10.9511 -1.87743 75.71
    endloop
  endfacet
  facet normal 0 0.984718 -0.174157
    outer loop
      vertex -9.84356 -1.65226 76.987
      vertex -10.1564 -1.65226 76.987
      vertex -10 -1.65012 76.9991
    endloop
  endfacet
  facet normal 0 0.984833 -0.173505
    outer loop
      vertex -9.69098 -1.65862 76.9509
      vertex -10.1564 -1.65226 76.987
      vertex -9.84356 -1.65226 76.987
    endloop
  endfacet
  facet normal 0 0.984833 -0.173505
    outer loop
      vertex -9.69098 -1.65862 76.9509
      vertex -10.309 -1.65862 76.9509
      vertex -10.1564 -1.65226 76.987
    endloop
  endfacet
  facet normal 0 0.984782 -0.173795
    outer loop
      vertex -9.54601 -1.66905 76.8918
      vertex -10.309 -1.65862 76.9509
      vertex -9.69098 -1.65862 76.9509
    endloop
  endfacet
  facet normal 0 0.984782 -0.173795
    outer loop
      vertex -9.54601 -1.66905 76.8918
      vertex -10.454 -1.66905 76.8918
      vertex -10.309 -1.65862 76.9509
    endloop
  endfacet
  facet normal 0 0.984823 -0.173563
    outer loop
      vertex -9.41221 -1.68329 76.811
      vertex -10.454 -1.66905 76.8918
      vertex -9.54601 -1.66905 76.8918
    endloop
  endfacet
  facet normal 0 0.984823 -0.173563
    outer loop
      vertex -9.41221 -1.68329 76.811
      vertex -10.5878 -1.68329 76.811
      vertex -10.454 -1.66905 76.8918
    endloop
  endfacet
  facet normal 0 0.9848 -0.17369
    outer loop
      vertex -9.29289 -1.70098 76.7107
      vertex -10.5878 -1.68329 76.811
      vertex -9.41221 -1.68329 76.811
    endloop
  endfacet
  facet normal 0 0.9848 -0.17369
    outer loop
      vertex -9.29289 -1.70098 76.7107
      vertex -10.7071 -1.70098 76.7107
      vertex -10.5878 -1.68329 76.811
    endloop
  endfacet
  facet normal 0 0.984805 -0.173661
    outer loop
      vertex -9.19098 -1.7217 76.5932
      vertex -10.7071 -1.70098 76.7107
      vertex -9.29289 -1.70098 76.7107
    endloop
  endfacet
  facet normal 0 0.984805 -0.173661
    outer loop
      vertex -9.19098 -1.7217 76.5932
      vertex -10.809 -1.7217 76.5932
      vertex -10.7071 -1.70098 76.7107
    endloop
  endfacet
  facet normal 0 0.98482 -0.173576
    outer loop
      vertex -9.10899 -1.74493 76.4614
      vertex -10.809 -1.7217 76.5932
      vertex -9.19098 -1.7217 76.5932
    endloop
  endfacet
  facet normal 0 0.98482 -0.173576
    outer loop
      vertex -9.10899 -1.74493 76.4614
      vertex -10.891 -1.74493 76.4614
      vertex -10.809 -1.7217 76.5932
    endloop
  endfacet
  facet normal 0 0.984807 -0.173652
    outer loop
      vertex -9.04894 -1.77011 76.3186
      vertex -10.891 -1.74493 76.4614
      vertex -9.10899 -1.74493 76.4614
    endloop
  endfacet
  facet normal 0 0.984807 -0.173652
    outer loop
      vertex -9.04894 -1.77011 76.3186
      vertex -10.9511 -1.77011 76.3186
      vertex -10.891 -1.74493 76.4614
    endloop
  endfacet
  facet normal 0 0.984801 -0.173684
    outer loop
      vertex -9.01231 -1.7966 76.1684
      vertex -10.9511 -1.77011 76.3186
      vertex -9.04894 -1.77011 76.3186
    endloop
  endfacet
  facet normal 0 0.984801 -0.173684
    outer loop
      vertex -9.01231 -1.7966 76.1684
      vertex -10.9877 -1.7966 76.1684
      vertex -10.9511 -1.77011 76.3186
    endloop
  endfacet
  facet normal 0 0.98481 -0.173636
    outer loop
      vertex -9 -1.82377 76.0143
      vertex -10.9877 -1.7966 76.1684
      vertex -9.01231 -1.7966 76.1684
    endloop
  endfacet
  facet normal 0 0.98481 -0.173636
    outer loop
      vertex -9 -1.82377 76.0143
      vertex -11 -1.82377 76.0143
      vertex -10.9877 -1.7966 76.1684
    endloop
  endfacet
  facet normal 0 0.984802 -0.173683
    outer loop
      vertex -9.01231 -1.85093 75.8603
      vertex -11 -1.82377 76.0143
      vertex -9 -1.82377 76.0143
    endloop
  endfacet
  facet normal 0 0.984802 -0.173683
    outer loop
      vertex -9.01231 -1.85093 75.8603
      vertex -10.9877 -1.85093 75.8603
      vertex -11 -1.82377 76.0143
    endloop
  endfacet
  facet normal 0 0.98481 -0.173636
    outer loop
      vertex -9.04894 -1.87743 75.71
      vertex -10.9877 -1.85093 75.8603
      vertex -9.01231 -1.85093 75.8603
    endloop
  endfacet
  facet normal 0 0.98481 -0.173636
    outer loop
      vertex -9.04894 -1.87743 75.71
      vertex -10.9511 -1.87743 75.71
      vertex -10.9877 -1.85093 75.8603
    endloop
  endfacet
  facet normal 0 0.984819 -0.173585
    outer loop
      vertex -9.10899 -1.9026 75.5672
      vertex -10.9511 -1.87743 75.71
      vertex -9.04894 -1.87743 75.71
    endloop
  endfacet
  facet normal 0 0.984819 -0.173585
    outer loop
      vertex -9.10899 -1.9026 75.5672
      vertex -10.891 -1.9026 75.5672
      vertex -10.9511 -1.87743 75.71
    endloop
  endfacet
  facet normal 0 0.984785 -0.173777
    outer loop
      vertex -9.19098 -1.92584 75.4355
      vertex -10.891 -1.9026 75.5672
      vertex -9.10899 -1.9026 75.5672
    endloop
  endfacet
  facet normal 0 0.984785 -0.173777
    outer loop
      vertex -9.19098 -1.92584 75.4355
      vertex -10.809 -1.92584 75.4355
      vertex -10.891 -1.9026 75.5672
    endloop
  endfacet
  facet normal 0 0.984805 -0.173661
    outer loop
      vertex -9.29289 -1.94656 75.318
      vertex -10.809 -1.92584 75.4355
      vertex -9.19098 -1.92584 75.4355
    endloop
  endfacet
  facet normal 0 0.984805 -0.173661
    outer loop
      vertex -9.29289 -1.94656 75.318
      vertex -10.7071 -1.94656 75.318
      vertex -10.809 -1.92584 75.4355
    endloop
  endfacet
  facet normal 0 0.98483 -0.173522
    outer loop
      vertex -9.41221 -1.96425 75.2176
      vertex -10.7071 -1.94656 75.318
      vertex -9.29289 -1.94656 75.318
    endloop
  endfacet
  facet normal 0 0.98483 -0.173522
    outer loop
      vertex -9.41221 -1.96425 75.2176
      vertex -10.5878 -1.96425 75.2176
      vertex -10.7071 -1.94656 75.318
    endloop
  endfacet
  facet normal 0 0.984823 -0.173563
    outer loop
      vertex -9.54601 -1.97849 75.1368
      vertex -10.5878 -1.96425 75.2176
      vertex -9.41221 -1.96425 75.2176
    endloop
  endfacet
  facet normal 0 0.984823 -0.173563
    outer loop
      vertex -9.54601 -1.97849 75.1368
      vertex -10.454 -1.97849 75.1368
      vertex -10.5878 -1.96425 75.2176
    endloop
  endfacet
  facet normal 0 0.984782 -0.173795
    outer loop
      vertex -9.69098 -1.98892 75.0777
      vertex -10.454 -1.97849 75.1368
      vertex -9.54601 -1.97849 75.1368
    endloop
  endfacet
  facet normal 0 0.984782 -0.173795
    outer loop
      vertex -9.69098 -1.98892 75.0777
      vertex -10.309 -1.98892 75.0777
      vertex -10.454 -1.97849 75.1368
    endloop
  endfacet
  facet normal 0 0.984833 -0.173505
    outer loop
      vertex -9.84356 -1.99528 75.0416
      vertex -10.309 -1.98892 75.0777
      vertex -9.69098 -1.98892 75.0777
    endloop
  endfacet
  facet normal 0 0.984833 -0.173505
    outer loop
      vertex -9.84356 -1.99528 75.0416
      vertex -10.1564 -1.99528 75.0416
      vertex -10.309 -1.98892 75.0777
    endloop
  endfacet
  facet normal 0 0.984718 -0.174157
    outer loop
      vertex -10.1564 -1.99528 75.0416
      vertex -9.84356 -1.99528 75.0416
      vertex -10 -1.99742 75.0295
    endloop
  endfacet
  facet normal 0.078325 -0.173113 -0.981783
    outer loop
      vertex -10.1564 9.77151 74.9727
      vertex -10 -1.65012 76.9991
      vertex -10.1564 -1.65226 76.987
    endloop
  endfacet
  facet normal 0.078325 -0.173113 -0.981783
    outer loop
      vertex -10 -1.65012 76.9991
      vertex -10.1564 9.77151 74.9727
      vertex -10 9.77365 74.9848
    endloop
  endfacet
  facet normal -0.382424 -0.160447 -0.90995
    outer loop
      vertex 10.309 -1.65862 76.9509
      vertex 10.454 9.75472 74.8775
      vertex 10.454 -1.66905 76.8918
    endloop
  endfacet
  facet normal -0.382424 -0.160447 -0.90995
    outer loop
      vertex 10.454 9.75472 74.8775
      vertex 10.309 -1.65862 76.9509
      vertex 10.309 9.76515 74.9366
    endloop
  endfacet
  facet normal -0.972394 0.0405219 0.229801
    outer loop
      vertex 10.9511 9.54634 73.6957
      vertex 10.9877 -1.85093 75.8603
      vertex 10.9877 9.57283 73.8459
    endloop
  endfacet
  facet normal -0.972428 0.0404947 0.229659
    outer loop
      vertex 10.9877 -1.85093 75.8603
      vertex 10.9511 9.54634 73.6957
      vertex 10.9511 -1.87743 75.71
    endloop
  endfacet
  facet normal -0.996925 0.0136077 0.0771736
    outer loop
      vertex 10.9877 9.57283 73.8459
      vertex 11 -1.82377 76.0143
      vertex 11 9.6 74
    endloop
  endfacet
  facet normal -0.996921 0.013617 0.0772227
    outer loop
      vertex 11 -1.82377 76.0143
      vertex 10.9877 9.57283 73.8459
      vertex 10.9877 -1.85093 75.8603
    endloop
  endfacet
  facet normal -0.923794 0.0664874 0.377072
    outer loop
      vertex 10.891 9.52116 73.5529
      vertex 10.9511 -1.87743 75.71
      vertex 10.9511 9.54634 73.6957
    endloop
  endfacet
  facet normal -0.923793 0.0664881 0.377076
    outer loop
      vertex 10.9511 -1.87743 75.71
      vertex 10.891 9.52116 73.5529
      vertex 10.891 -1.9026 75.5672
    endloop
  endfacet
  facet normal 0.522742 -0.148032 -0.83954
    outer loop
      vertex 9.41221 9.74048 74.7967
      vertex 9.54601 -1.66905 76.8918
      vertex 9.41221 -1.68329 76.811
    endloop
  endfacet
  facet normal 0.522742 -0.148032 -0.83954
    outer loop
      vertex 9.54601 -1.66905 76.8918
      vertex 9.41221 9.74048 74.7967
      vertex 9.54601 9.75472 74.8775
    endloop
  endfacet
  facet normal 0.649224 -0.132075 -0.749043
    outer loop
      vertex 9.29289 9.72279 74.6964
      vertex 9.41221 -1.68329 76.811
      vertex 9.29289 -1.70098 76.7107
    endloop
  endfacet
  facet normal 0.649224 -0.132075 -0.749043
    outer loop
      vertex 9.41221 -1.68329 76.811
      vertex 9.29289 9.72279 74.6964
      vertex 9.41221 9.74048 74.7967
    endloop
  endfacet
  facet normal -0.233566 0.168844 0.957569
    outer loop
      vertex 10.1564 9.42849 73.0273
      vertex 10.309 -1.98892 75.0777
      vertex 10.309 9.43485 73.0634
    endloop
  endfacet
  facet normal -0.233566 0.168844 0.957569
    outer loop
      vertex 10.309 -1.98892 75.0777
      vertex 10.1564 9.42849 73.0273
      vertex 10.1564 -1.99528 75.0416
    endloop
  endfacet
  facet normal -0.923793 -0.0664881 -0.377076
    outer loop
      vertex 10.9511 9.65366 74.3043
      vertex 10.891 -1.74493 76.4614
      vertex 10.891 9.67883 74.4471
    endloop
  endfacet
  facet normal -0.923794 -0.0664874 -0.377072
    outer loop
      vertex 10.891 -1.74493 76.4614
      vertex 10.9511 9.65366 74.3043
      vertex 10.9511 -1.77011 76.3186
    endloop
  endfacet
  facet normal -0.382424 0.160447 0.90995
    outer loop
      vertex 10.309 9.43485 73.0634
      vertex 10.454 -1.97849 75.1368
      vertex 10.454 9.44528 73.1225
    endloop
  endfacet
  facet normal -0.382424 0.160447 0.90995
    outer loop
      vertex 10.454 -1.97849 75.1368
      vertex 10.309 9.43485 73.0634
      vertex 10.309 -1.98892 75.0777
    endloop
  endfacet
  facet normal -0.852677 -0.0907195 -0.514501
    outer loop
      vertex 10.891 9.67883 74.4471
      vertex 10.809 -1.7217 76.5932
      vertex 10.809 9.70207 74.5789
    endloop
  endfacet
  facet normal -0.852674 -0.0907205 -0.514506
    outer loop
      vertex 10.809 -1.7217 76.5932
      vertex 10.891 9.67883 74.4471
      vertex 10.891 -1.74493 76.4614
    endloop
  endfacet
  facet normal -0.852674 0.0907205 0.514506
    outer loop
      vertex 10.809 9.49793 73.4211
      vertex 10.891 -1.9026 75.5672
      vertex 10.891 9.52116 73.5529
    endloop
  endfacet
  facet normal -0.852506 0.0907725 0.514776
    outer loop
      vertex 10.891 -1.9026 75.5672
      vertex 10.809 9.49793 73.4211
      vertex 10.809 -1.92584 75.4355
    endloop
  endfacet
  facet normal 0.97235 0.0405533 0.22998
    outer loop
      vertex 9.01231 -1.85093 75.8603
      vertex 9.04894 9.54634 73.6957
      vertex 9.01231 9.57283 73.8459
    endloop
  endfacet
  facet normal 0.972385 0.0405261 0.229837
    outer loop
      vertex 9.04894 9.54634 73.6957
      vertex 9.01231 -1.85093 75.8603
      vertex 9.04894 -1.87743 75.71
    endloop
  endfacet
  facet normal -0.996925 -0.0136078 -0.0771745
    outer loop
      vertex 11 9.6 74
      vertex 10.9877 -1.7966 76.1684
      vertex 10.9877 9.62716 74.1541
    endloop
  endfacet
  facet normal -0.996925 -0.0136077 -0.0771736
    outer loop
      vertex 10.9877 -1.7966 76.1684
      vertex 11 9.6 74
      vertex 11 -1.82377 76.0143
    endloop
  endfacet
  facet normal -0.649287 -0.132066 -0.74899
    outer loop
      vertex 10.5878 -1.68329 76.811
      vertex 10.7071 9.72279 74.6964
      vertex 10.7071 -1.70098 76.7107
    endloop
  endfacet
  facet normal -0.649287 -0.132066 -0.74899
    outer loop
      vertex 10.7071 9.72279 74.6964
      vertex 10.5878 -1.68329 76.811
      vertex 10.5878 9.74048 74.7967
    endloop
  endfacet
  facet normal -0.078325 0.173113 0.981783
    outer loop
      vertex 10 9.42635 73.0152
      vertex 10.1564 -1.99528 75.0416
      vertex 10.1564 9.42849 73.0273
    endloop
  endfacet
  facet normal -0.078325 0.173113 0.981783
    outer loop
      vertex 10.1564 -1.99528 75.0416
      vertex 10 9.42635 73.0152
      vertex 10 -1.99742 75.0295
    endloop
  endfacet
  facet normal 0.923905 -0.0664409 -0.376808
    outer loop
      vertex 9.10899 -1.74493 76.4614
      vertex 9.04894 9.65366 74.3043
      vertex 9.10899 9.67883 74.4471
    endloop
  endfacet
  facet normal 0.923907 -0.0664401 -0.376804
    outer loop
      vertex 9.04894 9.65366 74.3043
      vertex 9.10899 -1.74493 76.4614
      vertex 9.04894 -1.77011 76.3186
    endloop
  endfacet
  facet normal 0.760383 -0.112779 -0.639608
    outer loop
      vertex 9.29289 -1.70098 76.7107
      vertex 9.19098 9.70207 74.5789
      vertex 9.29289 9.72279 74.6964
    endloop
  endfacet
  facet normal 0.760383 -0.112779 -0.639608
    outer loop
      vertex 9.19098 9.70207 74.5789
      vertex 9.29289 -1.70098 76.7107
      vertex 9.19098 -1.7217 76.5932
    endloop
  endfacet
  facet normal 0.760383 0.112784 0.639607
    outer loop
      vertex 9.19098 -1.92584 75.4355
      vertex 9.29289 9.47721 73.3036
      vertex 9.19098 9.49793 73.4211
    endloop
  endfacet
  facet normal 0.760383 0.112784 0.639607
    outer loop
      vertex 9.29289 9.47721 73.3036
      vertex 9.19098 -1.92584 75.4355
      vertex 9.29289 -1.94656 75.318
    endloop
  endfacet
  facet normal 0.99692 -0.0136188 -0.0772368
    outer loop
      vertex 9.01231 -1.7966 76.1684
      vertex 9 9.6 74
      vertex 9.01231 9.62716 74.1541
    endloop
  endfacet
  facet normal 0.99692 -0.0136187 -0.077236
    outer loop
      vertex 9 9.6 74
      vertex 9.01231 -1.7966 76.1684
      vertex 9 -1.82377 76.0143
    endloop
  endfacet
  facet normal -0.233566 -0.168844 -0.957569
    outer loop
      vertex 10.1564 -1.65226 76.987
      vertex 10.309 9.76515 74.9366
      vertex 10.309 -1.65862 76.9509
    endloop
  endfacet
  facet normal -0.233566 -0.168844 -0.957569
    outer loop
      vertex 10.309 9.76515 74.9366
      vertex 10.1564 -1.65226 76.987
      vertex 10.1564 9.77151 74.9727
    endloop
  endfacet
  facet normal -0.649287 0.132072 0.748988
    outer loop
      vertex 10.5878 9.45952 73.2033
      vertex 10.7071 -1.94656 75.318
      vertex 10.7071 9.47721 73.3036
    endloop
  endfacet
  facet normal -0.64965 0.132012 0.748684
    outer loop
      vertex 10.7071 -1.94656 75.318
      vertex 10.5878 9.45952 73.2033
      vertex 10.5878 -1.96425 75.2176
    endloop
  endfacet
  facet normal -0.760415 -0.112773 -0.639571
    outer loop
      vertex 10.809 9.70207 74.5789
      vertex 10.7071 -1.70098 76.7107
      vertex 10.7071 9.72279 74.6964
    endloop
  endfacet
  facet normal -0.760415 -0.112773 -0.639571
    outer loop
      vertex 10.7071 -1.70098 76.7107
      vertex 10.809 9.70207 74.5789
      vertex 10.809 -1.7217 76.5932
    endloop
  endfacet
  facet normal 0.0783051 -0.173113 -0.981784
    outer loop
      vertex 9.84356 9.77151 74.9727
      vertex 10 -1.65012 76.9991
      vertex 9.84356 -1.65226 76.987
    endloop
  endfacet
  facet normal 0.0783051 -0.173113 -0.981784
    outer loop
      vertex 10 -1.65012 76.9991
      vertex 9.84356 9.77151 74.9727
      vertex 10 9.77365 74.9848
    endloop
  endfacet
  facet normal 0.649224 0.132082 0.749041
    outer loop
      vertex 9.29289 -1.94656 75.318
      vertex 9.41221 9.45952 73.2033
      vertex 9.29289 9.47721 73.3036
    endloop
  endfacet
  facet normal 0.649587 0.132021 0.748737
    outer loop
      vertex 9.41221 9.45952 73.2033
      vertex 9.29289 -1.94656 75.318
      vertex 9.41221 -1.96425 75.2176
    endloop
  endfacet
  facet normal -0.522742 0.148032 0.83954
    outer loop
      vertex 10.454 9.44528 73.1225
      vertex 10.5878 -1.96425 75.2176
      vertex 10.5878 9.45952 73.2033
    endloop
  endfacet
  facet normal -0.522742 0.148032 0.83954
    outer loop
      vertex 10.5878 -1.96425 75.2176
      vertex 10.454 9.44528 73.1225
      vertex 10.454 -1.97849 75.1368
    endloop
  endfacet
  facet normal -0.972394 -0.0405194 -0.229799
    outer loop
      vertex 10.9877 9.62716 74.1541
      vertex 10.9511 -1.77011 76.3186
      vertex 10.9511 9.65366 74.3043
    endloop
  endfacet
  facet normal -0.972394 -0.0405199 -0.229802
    outer loop
      vertex 10.9511 -1.77011 76.3186
      vertex 10.9877 9.62716 74.1541
      vertex 10.9877 -1.7966 76.1684
    endloop
  endfacet
  facet normal 0.382492 0.160442 0.909922
    outer loop
      vertex 9.54601 -1.97849 75.1368
      vertex 9.69098 9.43485 73.0634
      vertex 9.54601 9.44528 73.1225
    endloop
  endfacet
  facet normal 0.382492 0.160442 0.909922
    outer loop
      vertex 9.69098 9.43485 73.0634
      vertex 9.54601 -1.97849 75.1368
      vertex 9.69098 -1.98892 75.0777
    endloop
  endfacet
  facet normal 0.233594 0.168843 0.957562
    outer loop
      vertex 9.69098 -1.98892 75.0777
      vertex 9.84356 9.42849 73.0273
      vertex 9.69098 9.43485 73.0634
    endloop
  endfacet
  facet normal 0.233594 0.168843 0.957562
    outer loop
      vertex 9.84356 9.42849 73.0273
      vertex 9.69098 -1.98892 75.0777
      vertex 9.84356 -1.99528 75.0416
    endloop
  endfacet
  facet normal -0.522742 -0.148032 -0.83954
    outer loop
      vertex 10.454 -1.66905 76.8918
      vertex 10.5878 9.74048 74.7967
      vertex 10.5878 -1.68329 76.811
    endloop
  endfacet
  facet normal -0.522742 -0.148032 -0.83954
    outer loop
      vertex 10.5878 9.74048 74.7967
      vertex 10.454 -1.66905 76.8918
      vertex 10.454 9.75472 74.8775
    endloop
  endfacet
  facet normal 0.972351 -0.0405508 -0.229977
    outer loop
      vertex 9.04894 -1.77011 76.3186
      vertex 9.01231 9.62716 74.1541
      vertex 9.04894 9.65366 74.3043
    endloop
  endfacet
  facet normal 0.97235 -0.0405513 -0.22998
    outer loop
      vertex 9.01231 9.62716 74.1541
      vertex 9.04894 -1.77011 76.3186
      vertex 9.01231 -1.7966 76.1684
    endloop
  endfacet
  facet normal -0.078325 -0.173113 -0.981783
    outer loop
      vertex 10 -1.65012 76.9991
      vertex 10.1564 9.77151 74.9727
      vertex 10.1564 -1.65226 76.987
    endloop
  endfacet
  facet normal -0.078325 -0.173113 -0.981783
    outer loop
      vertex 10.1564 9.77151 74.9727
      vertex 10 -1.65012 76.9991
      vertex 10 9.77365 74.9848
    endloop
  endfacet
  facet normal 0.0783051 0.173113 0.981784
    outer loop
      vertex 9.84356 -1.99528 75.0416
      vertex 10 9.42635 73.0152
      vertex 9.84356 9.42849 73.0273
    endloop
  endfacet
  facet normal 0.0783051 0.173113 0.981784
    outer loop
      vertex 10 9.42635 73.0152
      vertex 9.84356 -1.99528 75.0416
      vertex 10 -1.99742 75.0295
    endloop
  endfacet
  facet normal 0.233594 -0.168843 -0.957562
    outer loop
      vertex 9.69098 9.76515 74.9366
      vertex 9.84356 -1.65226 76.987
      vertex 9.69098 -1.65862 76.9509
    endloop
  endfacet
  facet normal 0.233594 -0.168843 -0.957562
    outer loop
      vertex 9.84356 -1.65226 76.987
      vertex 9.69098 9.76515 74.9366
      vertex 9.84356 9.77151 74.9727
    endloop
  endfacet
  facet normal -0.760415 0.112778 0.63957
    outer loop
      vertex 10.7071 9.47721 73.3036
      vertex 10.809 -1.92584 75.4355
      vertex 10.809 9.49793 73.4211
    endloop
  endfacet
  facet normal -0.760415 0.112778 0.63957
    outer loop
      vertex 10.809 -1.92584 75.4355
      vertex 10.7071 9.47721 73.3036
      vertex 10.7071 -1.94656 75.318
    endloop
  endfacet
  facet normal 0.852706 -0.0907115 -0.514455
    outer loop
      vertex 9.19098 -1.7217 76.5932
      vertex 9.10899 9.67883 74.4471
      vertex 9.19098 9.70207 74.5789
    endloop
  endfacet
  facet normal 0.852703 -0.0907124 -0.51446
    outer loop
      vertex 9.10899 9.67883 74.4471
      vertex 9.19098 -1.7217 76.5932
      vertex 9.10899 -1.74493 76.4614
    endloop
  endfacet
  facet normal 0.923907 0.0664401 0.376804
    outer loop
      vertex 9.04894 -1.87743 75.71
      vertex 9.10899 9.52116 73.5529
      vertex 9.04894 9.54634 73.6957
    endloop
  endfacet
  facet normal 0.923905 0.0664409 0.376808
    outer loop
      vertex 9.10899 9.52116 73.5529
      vertex 9.04894 -1.87743 75.71
      vertex 9.10899 -1.9026 75.5672
    endloop
  endfacet
  facet normal 0.382492 -0.160442 -0.909922
    outer loop
      vertex 9.54601 9.75472 74.8775
      vertex 9.69098 -1.65862 76.9509
      vertex 9.54601 -1.66905 76.8918
    endloop
  endfacet
  facet normal 0.382492 -0.160442 -0.909922
    outer loop
      vertex 9.69098 -1.65862 76.9509
      vertex 9.54601 9.75472 74.8775
      vertex 9.69098 9.76515 74.9366
    endloop
  endfacet
  facet normal 0.99692 0.0136187 0.077236
    outer loop
      vertex 9 -1.82377 76.0143
      vertex 9.01231 9.57283 73.8459
      vertex 9 9.6 74
    endloop
  endfacet
  facet normal 0.996916 0.013628 0.0772851
    outer loop
      vertex 9.01231 9.57283 73.8459
      vertex 9 -1.82377 76.0143
      vertex 9.01231 -1.85093 75.8603
    endloop
  endfacet
  facet normal 0 0.984718 -0.174157
    outer loop
      vertex 10.1564 -1.65226 76.987
      vertex 9.84356 -1.65226 76.987
      vertex 10 -1.65012 76.9991
    endloop
  endfacet
  facet normal 0 0.984833 -0.173505
    outer loop
      vertex 10.309 -1.65862 76.9509
      vertex 9.84356 -1.65226 76.987
      vertex 10.1564 -1.65226 76.987
    endloop
  endfacet
  facet normal 0 0.984833 -0.173505
    outer loop
      vertex 10.309 -1.65862 76.9509
      vertex 9.69098 -1.65862 76.9509
      vertex 9.84356 -1.65226 76.987
    endloop
  endfacet
  facet normal 0 0.984782 -0.173795
    outer loop
      vertex 10.454 -1.66905 76.8918
      vertex 9.69098 -1.65862 76.9509
      vertex 10.309 -1.65862 76.9509
    endloop
  endfacet
  facet normal 0 0.984782 -0.173795
    outer loop
      vertex 10.454 -1.66905 76.8918
      vertex 9.54601 -1.66905 76.8918
      vertex 9.69098 -1.65862 76.9509
    endloop
  endfacet
  facet normal 0 0.984823 -0.173563
    outer loop
      vertex 10.5878 -1.68329 76.811
      vertex 9.54601 -1.66905 76.8918
      vertex 10.454 -1.66905 76.8918
    endloop
  endfacet
  facet normal 0 0.984823 -0.173563
    outer loop
      vertex 10.5878 -1.68329 76.811
      vertex 9.41221 -1.68329 76.811
      vertex 9.54601 -1.66905 76.8918
    endloop
  endfacet
  facet normal 0 0.9848 -0.17369
    outer loop
      vertex 10.7071 -1.70098 76.7107
      vertex 9.41221 -1.68329 76.811
      vertex 10.5878 -1.68329 76.811
    endloop
  endfacet
  facet normal 0 0.9848 -0.17369
    outer loop
      vertex 10.7071 -1.70098 76.7107
      vertex 9.29289 -1.70098 76.7107
      vertex 9.41221 -1.68329 76.811
    endloop
  endfacet
  facet normal 0 0.984805 -0.173661
    outer loop
      vertex 10.809 -1.7217 76.5932
      vertex 9.29289 -1.70098 76.7107
      vertex 10.7071 -1.70098 76.7107
    endloop
  endfacet
  facet normal 0 0.984805 -0.173661
    outer loop
      vertex 10.809 -1.7217 76.5932
      vertex 9.19098 -1.7217 76.5932
      vertex 9.29289 -1.70098 76.7107
    endloop
  endfacet
  facet normal 0 0.98482 -0.173576
    outer loop
      vertex 10.891 -1.74493 76.4614
      vertex 9.19098 -1.7217 76.5932
      vertex 10.809 -1.7217 76.5932
    endloop
  endfacet
  facet normal 0 0.98482 -0.173576
    outer loop
      vertex 10.891 -1.74493 76.4614
      vertex 9.10899 -1.74493 76.4614
      vertex 9.19098 -1.7217 76.5932
    endloop
  endfacet
  facet normal 0 0.984807 -0.173652
    outer loop
      vertex 10.9511 -1.77011 76.3186
      vertex 9.10899 -1.74493 76.4614
      vertex 10.891 -1.74493 76.4614
    endloop
  endfacet
  facet normal 0 0.984807 -0.173652
    outer loop
      vertex 10.9511 -1.77011 76.3186
      vertex 9.04894 -1.77011 76.3186
      vertex 9.10899 -1.74493 76.4614
    endloop
  endfacet
  facet normal 0 0.984801 -0.173684
    outer loop
      vertex 10.9877 -1.7966 76.1684
      vertex 9.04894 -1.77011 76.3186
      vertex 10.9511 -1.77011 76.3186
    endloop
  endfacet
  facet normal 0 0.984801 -0.173684
    outer loop
      vertex 10.9877 -1.7966 76.1684
      vertex 9.01231 -1.7966 76.1684
      vertex 9.04894 -1.77011 76.3186
    endloop
  endfacet
  facet normal 0 0.98481 -0.173636
    outer loop
      vertex 11 -1.82377 76.0143
      vertex 9.01231 -1.7966 76.1684
      vertex 10.9877 -1.7966 76.1684
    endloop
  endfacet
  facet normal 0 0.98481 -0.173636
    outer loop
      vertex 11 -1.82377 76.0143
      vertex 9 -1.82377 76.0143
      vertex 9.01231 -1.7966 76.1684
    endloop
  endfacet
  facet normal 0 0.984802 -0.173683
    outer loop
      vertex 10.9877 -1.85093 75.8603
      vertex 9 -1.82377 76.0143
      vertex 11 -1.82377 76.0143
    endloop
  endfacet
  facet normal 0 0.984802 -0.173683
    outer loop
      vertex 10.9877 -1.85093 75.8603
      vertex 9.01231 -1.85093 75.8603
      vertex 9 -1.82377 76.0143
    endloop
  endfacet
  facet normal 0 0.98481 -0.173636
    outer loop
      vertex 10.9511 -1.87743 75.71
      vertex 9.01231 -1.85093 75.8603
      vertex 10.9877 -1.85093 75.8603
    endloop
  endfacet
  facet normal 0 0.98481 -0.173636
    outer loop
      vertex 10.9511 -1.87743 75.71
      vertex 9.04894 -1.87743 75.71
      vertex 9.01231 -1.85093 75.8603
    endloop
  endfacet
  facet normal 0 0.984819 -0.173585
    outer loop
      vertex 10.891 -1.9026 75.5672
      vertex 9.04894 -1.87743 75.71
      vertex 10.9511 -1.87743 75.71
    endloop
  endfacet
  facet normal 0 0.984819 -0.173585
    outer loop
      vertex 10.891 -1.9026 75.5672
      vertex 9.10899 -1.9026 75.5672
      vertex 9.04894 -1.87743 75.71
    endloop
  endfacet
  facet normal 0 0.984785 -0.173777
    outer loop
      vertex 10.809 -1.92584 75.4355
      vertex 9.10899 -1.9026 75.5672
      vertex 10.891 -1.9026 75.5672
    endloop
  endfacet
  facet normal 0 0.984785 -0.173777
    outer loop
      vertex 10.809 -1.92584 75.4355
      vertex 9.19098 -1.92584 75.4355
      vertex 9.10899 -1.9026 75.5672
    endloop
  endfacet
  facet normal 0 0.984805 -0.173661
    outer loop
      vertex 10.7071 -1.94656 75.318
      vertex 9.19098 -1.92584 75.4355
      vertex 10.809 -1.92584 75.4355
    endloop
  endfacet
  facet normal 0 0.984805 -0.173661
    outer loop
      vertex 10.7071 -1.94656 75.318
      vertex 9.29289 -1.94656 75.318
      vertex 9.19098 -1.92584 75.4355
    endloop
  endfacet
  facet normal 0 0.98483 -0.173522
    outer loop
      vertex 10.5878 -1.96425 75.2176
      vertex 9.29289 -1.94656 75.318
      vertex 10.7071 -1.94656 75.318
    endloop
  endfacet
  facet normal 0 0.98483 -0.173522
    outer loop
      vertex 10.5878 -1.96425 75.2176
      vertex 9.41221 -1.96425 75.2176
      vertex 9.29289 -1.94656 75.318
    endloop
  endfacet
  facet normal 0 0.984823 -0.173563
    outer loop
      vertex 10.454 -1.97849 75.1368
      vertex 9.41221 -1.96425 75.2176
      vertex 10.5878 -1.96425 75.2176
    endloop
  endfacet
  facet normal 0 0.984823 -0.173563
    outer loop
      vertex 10.454 -1.97849 75.1368
      vertex 9.54601 -1.97849 75.1368
      vertex 9.41221 -1.96425 75.2176
    endloop
  endfacet
  facet normal 0 0.984782 -0.173795
    outer loop
      vertex 10.309 -1.98892 75.0777
      vertex 9.54601 -1.97849 75.1368
      vertex 10.454 -1.97849 75.1368
    endloop
  endfacet
  facet normal 0 0.984782 -0.173795
    outer loop
      vertex 10.309 -1.98892 75.0777
      vertex 9.69098 -1.98892 75.0777
      vertex 9.54601 -1.97849 75.1368
    endloop
  endfacet
  facet normal 0 0.984833 -0.173505
    outer loop
      vertex 10.1564 -1.99528 75.0416
      vertex 9.69098 -1.98892 75.0777
      vertex 10.309 -1.98892 75.0777
    endloop
  endfacet
  facet normal 0 0.984833 -0.173505
    outer loop
      vertex 10.1564 -1.99528 75.0416
      vertex 9.84356 -1.99528 75.0416
      vertex 9.69098 -1.98892 75.0777
    endloop
  endfacet
  facet normal 0 0.984718 -0.174157
    outer loop
      vertex 9.84356 -1.99528 75.0416
      vertex 10.1564 -1.99528 75.0416
      vertex 10 -1.99742 75.0295
    endloop
  endfacet
  facet normal 0.852703 0.0907124 0.51446
    outer loop
      vertex 9.10899 -1.9026 75.5672
      vertex 9.19098 9.49793 73.4211
      vertex 9.10899 9.52116 73.5529
    endloop
  endfacet
  facet normal 0.852534 0.0907644 0.51473
    outer loop
      vertex 9.19098 9.49793 73.4211
      vertex 9.10899 -1.9026 75.5672
      vertex 9.19098 -1.92584 75.4355
    endloop
  endfacet
  facet normal 0.522742 0.148032 0.83954
    outer loop
      vertex 9.41221 -1.96425 75.2176
      vertex 9.54601 9.44528 73.1225
      vertex 9.41221 9.45952 73.2033
    endloop
  endfacet
  facet normal 0.522742 0.148032 0.83954
    outer loop
      vertex 9.54601 9.44528 73.1225
      vertex 9.41221 -1.96425 75.2176
      vertex 9.54601 -1.97849 75.1368
    endloop
  endfacet
  facet normal -0.233885 -0.332531 -0.91363
    outer loop
      vertex -9.84356 -0.962625 52.8956
      vertex -9.69098 9.92528 48.8937
      vertex -9.69098 -0.975153 52.8611
    endloop
  endfacet
  facet normal -0.233323 -0.332585 -0.913755
    outer loop
      vertex -9.69098 9.92528 48.8937
      vertex -9.84356 -0.962625 52.8956
      vertex -9.84356 9.93781 48.9281
    endloop
  endfacet
  facet normal -0.972379 0.079829 0.21933
    outer loop
      vertex -9.04894 9.49431 47.7096
      vertex -9.01231 -1.35394 51.8204
      vertex -9.01231 9.5465 47.853
    endloop
  endfacet
  facet normal -0.972345 0.0798791 0.219462
    outer loop
      vertex -9.01231 -1.35394 51.8204
      vertex -9.04894 9.49431 47.7096
      vertex -9.04894 -1.40612 51.6771
    endloop
  endfacet
  facet normal -0.996918 0.0268311 0.0737184
    outer loop
      vertex -9.01231 9.5465 47.853
      vertex -9 -1.30043 51.9674
      vertex -9 9.6 48
    endloop
  endfacet
  facet normal -0.996918 0.0268305 0.0737168
    outer loop
      vertex -9 -1.30043 51.9674
      vertex -9.01231 9.5465 47.853
      vertex -9.01231 -1.35394 51.8204
    endloop
  endfacet
  facet normal -0.923851 0.130911 0.359668
    outer loop
      vertex -9.10899 9.44473 47.5734
      vertex -9.04894 -1.40612 51.6771
      vertex -9.04894 9.49431 47.7096
    endloop
  endfacet
  facet normal -0.923942 0.130833 0.359463
    outer loop
      vertex -9.04894 -1.40612 51.6771
      vertex -9.10899 9.44473 47.5734
      vertex -9.10899 -1.45571 51.5408
    endloop
  endfacet
  facet normal -0.852596 -0.178732 -0.491055
    outer loop
      vertex -9.10899 9.75527 48.4266
      vertex -9.19098 -1.0994 52.5198
      vertex -9.19098 9.80103 48.5523
    endloop
  endfacet
  facet normal -0.85276 -0.178637 -0.490805
    outer loop
      vertex -9.19098 -1.0994 52.5198
      vertex -9.10899 9.75527 48.4266
      vertex -9.10899 -1.14516 52.394
    endloop
  endfacet
  facet normal -0.078045 -0.340982 -0.936825
    outer loop
      vertex -10 -0.958414 52.9071
      vertex -9.84356 9.93781 48.9281
      vertex -9.84356 -0.962625 52.8956
    endloop
  endfacet
  facet normal -0.078638 -0.340958 -0.936784
    outer loop
      vertex -9.84356 9.93781 48.9281
      vertex -10 -0.958414 52.9071
      vertex -10 9.94202 48.9397
    endloop
  endfacet
  facet normal -0.852596 0.178728 0.491056
    outer loop
      vertex -9.19098 9.39897 47.4477
      vertex -9.10899 -1.45571 51.5408
      vertex -9.10899 9.44473 47.5734
    endloop
  endfacet
  facet normal -0.852596 0.178728 0.491056
    outer loop
      vertex -9.10899 -1.45571 51.5408
      vertex -9.19098 9.39897 47.4477
      vertex -9.19098 -1.50147 51.4151
    endloop
  endfacet
  facet normal -0.972379 -0.0798291 -0.21933
    outer loop
      vertex -9.01231 9.6535 48.147
      vertex -9.04894 -1.19474 52.2578
      vertex -9.04894 9.70569 48.2904
    endloop
  endfacet
  facet normal -0.972379 -0.0798291 -0.21933
    outer loop
      vertex -9.04894 -1.19474 52.2578
      vertex -9.01231 9.6535 48.147
      vertex -9.01231 -1.24693 52.1144
    endloop
  endfacet
  facet normal 0.972423 -0.0797673 -0.219161
    outer loop
      vertex -10.9511 -1.19474 52.2578
      vertex -10.9877 9.6535 48.147
      vertex -10.9511 9.70569 48.2904
    endloop
  endfacet
  facet normal 0.972423 -0.0797673 -0.219161
    outer loop
      vertex -10.9877 9.6535 48.147
      vertex -10.9511 -1.19474 52.2578
      vertex -10.9877 -1.24693 52.1144
    endloop
  endfacet
  facet normal -0.522281 -0.29167 -0.801343
    outer loop
      vertex -9.54601 -0.995692 52.8047
      vertex -9.41221 9.8767 48.7602
      vertex -9.41221 -1.02373 52.7277
    endloop
  endfacet
  facet normal -0.52272 -0.291572 -0.801093
    outer loop
      vertex -9.41221 9.8767 48.7602
      vertex -9.54601 -0.995692 52.8047
      vertex -9.54601 9.90474 48.8373
    endloop
  endfacet
  facet normal 0.078658 0.340958 0.936782
    outer loop
      vertex -10.1564 -1.63824 51.0393
      vertex -10 9.25798 47.0603
      vertex -10.1564 9.26219 47.0719
    endloop
  endfacet
  facet normal 0.078658 0.340958 0.936782
    outer loop
      vertex -10 9.25798 47.0603
      vertex -10.1564 -1.63824 51.0393
      vertex -10 -1.64245 51.0277
    endloop
  endfacet
  facet normal -0.649582 -0.260033 -0.714441
    outer loop
      vertex -9.41221 -1.02373 52.7277
      vertex -9.29289 9.84184 48.6645
      vertex -9.29289 -1.05859 52.6319
    endloop
  endfacet
  facet normal -0.649236 -0.26014 -0.714717
    outer loop
      vertex -9.29289 9.84184 48.6645
      vertex -9.41221 -1.02373 52.7277
      vertex -9.41221 9.8767 48.7602
    endloop
  endfacet
  facet normal -0.923851 -0.130908 -0.359669
    outer loop
      vertex -9.04894 9.70569 48.2904
      vertex -9.10899 -1.14516 52.394
      vertex -9.10899 9.75527 48.4266
    endloop
  endfacet
  facet normal -0.923851 -0.130908 -0.359669
    outer loop
      vertex -9.10899 -1.14516 52.394
      vertex -9.04894 9.70569 48.2904
      vertex -9.04894 -1.19474 52.2578
    endloop
  endfacet
  facet normal 0.996923 -0.0268094 -0.0736588
    outer loop
      vertex -10.9877 -1.24693 52.1144
      vertex -11 9.6 48
      vertex -10.9877 9.6535 48.147
    endloop
  endfacet
  facet normal 0.996923 -0.0268094 -0.0736588
    outer loop
      vertex -11 9.6 48
      vertex -10.9877 -1.24693 52.1144
      vertex -11 -1.30043 51.9674
    endloop
  endfacet
  facet normal -0.382547 -0.316002 -0.868217
    outer loop
      vertex -9.69098 -0.975153 52.8611
      vertex -9.54601 9.90474 48.8373
      vertex -9.54601 -0.995692 52.8047
    endloop
  endfacet
  facet normal -0.382549 -0.316002 -0.868216
    outer loop
      vertex -9.54601 9.90474 48.8373
      vertex -9.69098 -0.975153 52.8611
      vertex -9.69098 9.92528 48.8937
    endloop
  endfacet
  facet normal 0.649299 0.260121 0.714666
    outer loop
      vertex -10.7071 -1.54228 51.303
      vertex -10.5878 9.3233 47.2398
      vertex -10.7071 9.35816 47.3355
    endloop
  endfacet
  facet normal 0.649633 0.260018 0.7144
    outer loop
      vertex -10.5878 9.3233 47.2398
      vertex -10.7071 -1.54228 51.303
      vertex -10.5878 -1.57713 51.2072
    endloop
  endfacet
  facet normal 0.382481 0.316019 0.86824
    outer loop
      vertex -10.454 -1.60518 51.1302
      vertex -10.309 9.27472 47.1063
      vertex -10.454 9.29526 47.1627
    endloop
  endfacet
  facet normal 0.382973 0.315942 0.868051
    outer loop
      vertex -10.309 9.27472 47.1063
      vertex -10.454 -1.60518 51.1302
      vertex -10.309 -1.62571 51.0737
    endloop
  endfacet
  facet normal 0.522281 -0.29167 -0.801343
    outer loop
      vertex -10.5878 9.8767 48.7602
      vertex -10.454 -0.995692 52.8047
      vertex -10.5878 -1.02373 52.7277
    endloop
  endfacet
  facet normal 0.52272 -0.291572 -0.801093
    outer loop
      vertex -10.454 -0.995692 52.8047
      vertex -10.5878 9.8767 48.7602
      vertex -10.454 9.90474 48.8373
    endloop
  endfacet
  facet normal -0.382549 0.316009 0.868214
    outer loop
      vertex -9.69098 9.27472 47.1063
      vertex -9.54601 -1.60518 51.1302
      vertex -9.54601 9.29526 47.1627
    endloop
  endfacet
  facet normal -0.383041 0.315932 0.868024
    outer loop
      vertex -9.54601 -1.60518 51.1302
      vertex -9.69098 9.27472 47.1063
      vertex -9.69098 -1.62571 51.0737
    endloop
  endfacet
  facet normal 0.382479 -0.316012 -0.868243
    outer loop
      vertex -10.454 9.90474 48.8373
      vertex -10.309 -0.975153 52.8611
      vertex -10.454 -0.995692 52.8047
    endloop
  endfacet
  facet normal 0.382481 -0.316012 -0.868242
    outer loop
      vertex -10.309 -0.975153 52.8611
      vertex -10.454 9.90474 48.8373
      vertex -10.309 9.92528 48.8937
    endloop
  endfacet
  facet normal 0.760626 -0.222035 -0.61004
    outer loop
      vertex -10.7071 -1.05859 52.6319
      vertex -10.809 9.80103 48.5523
      vertex -10.7071 9.84184 48.6645
    endloop
  endfacet
  facet normal 0.760373 -0.222141 -0.610316
    outer loop
      vertex -10.809 9.80103 48.5523
      vertex -10.7071 -1.05859 52.6319
      vertex -10.809 -1.0994 52.5198
    endloop
  endfacet
  facet normal 0.52272 0.291572 0.801093
    outer loop
      vertex -10.5878 -1.57713 51.2072
      vertex -10.454 9.29526 47.1627
      vertex -10.5878 9.3233 47.2398
    endloop
  endfacet
  facet normal 0.5223 0.291666 0.801332
    outer loop
      vertex -10.454 9.29526 47.1627
      vertex -10.5878 -1.57713 51.2072
      vertex -10.454 -1.60518 51.1302
    endloop
  endfacet
  facet normal 0.649645 -0.260015 -0.71439
    outer loop
      vertex -10.7071 9.84184 48.6645
      vertex -10.5878 -1.02373 52.7277
      vertex -10.7071 -1.05859 52.6319
    endloop
  endfacet
  facet normal 0.649299 -0.260122 -0.714666
    outer loop
      vertex -10.5878 -1.02373 52.7277
      vertex -10.7071 9.84184 48.6645
      vertex -10.5878 9.8767 48.7602
    endloop
  endfacet
  facet normal 0.923739 -0.131001 -0.359924
    outer loop
      vertex -10.891 -1.14516 52.394
      vertex -10.9511 9.70569 48.2904
      vertex -10.891 9.75527 48.4266
    endloop
  endfacet
  facet normal 0.923739 -0.131001 -0.359924
    outer loop
      vertex -10.9511 9.70569 48.2904
      vertex -10.891 -1.14516 52.394
      vertex -10.9511 -1.19474 52.2578
    endloop
  endfacet
  facet normal -0.996918 -0.0268311 -0.0737184
    outer loop
      vertex -9 9.6 48
      vertex -9.01231 -1.24693 52.1144
      vertex -9.01231 9.6535 48.147
    endloop
  endfacet
  facet normal -0.996918 -0.0268311 -0.0737184
    outer loop
      vertex -9.01231 -1.24693 52.1144
      vertex -9 9.6 48
      vertex -9 -1.30043 51.9674
    endloop
  endfacet
  facet normal -0.52272 0.291572 0.801093
    outer loop
      vertex -9.54601 9.29526 47.1627
      vertex -9.41221 -1.57713 51.2072
      vertex -9.41221 9.3233 47.2398
    endloop
  endfacet
  facet normal -0.5223 0.291666 0.801332
    outer loop
      vertex -9.41221 -1.57713 51.2072
      vertex -9.54601 9.29526 47.1627
      vertex -9.54601 -1.60518 51.1302
    endloop
  endfacet
  facet normal -0.760594 0.222047 0.610075
    outer loop
      vertex -9.29289 9.35816 47.3355
      vertex -9.19098 -1.50147 51.4151
      vertex -9.19098 9.39897 47.4477
    endloop
  endfacet
  facet normal -0.760342 0.222153 0.610351
    outer loop
      vertex -9.19098 -1.50147 51.4151
      vertex -9.29289 9.35816 47.3355
      vertex -9.29289 -1.54228 51.303
    endloop
  endfacet
  facet normal -0.649236 0.26014 0.714717
    outer loop
      vertex -9.41221 9.3233 47.2398
      vertex -9.29289 -1.54228 51.303
      vertex -9.29289 9.35816 47.3355
    endloop
  endfacet
  facet normal -0.64957 0.260037 0.714451
    outer loop
      vertex -9.29289 -1.54228 51.303
      vertex -9.41221 9.3233 47.2398
      vertex -9.41221 -1.57713 51.2072
    endloop
  endfacet
  facet normal -0.760594 -0.222047 -0.610075
    outer loop
      vertex -9.19098 9.80103 48.5523
      vertex -9.29289 -1.05859 52.6319
      vertex -9.29289 9.84184 48.6645
    endloop
  endfacet
  facet normal -0.760342 -0.222153 -0.610351
    outer loop
      vertex -9.29289 -1.05859 52.6319
      vertex -9.19098 9.80103 48.5523
      vertex -9.19098 -1.0994 52.5198
    endloop
  endfacet
  facet normal 0.760626 0.222035 0.61004
    outer loop
      vertex -10.809 -1.50147 51.4151
      vertex -10.7071 9.35816 47.3355
      vertex -10.809 9.39897 47.4477
    endloop
  endfacet
  facet normal 0.760373 0.222141 0.610316
    outer loop
      vertex -10.7071 9.35816 47.3355
      vertex -10.809 -1.50147 51.4151
      vertex -10.7071 -1.54228 51.303
    endloop
  endfacet
  facet normal 0.233856 -0.332534 -0.913637
    outer loop
      vertex -10.309 9.92528 48.8937
      vertex -10.1564 -0.962625 52.8956
      vertex -10.309 -0.975153 52.8611
    endloop
  endfacet
  facet normal 0.233294 -0.332587 -0.913761
    outer loop
      vertex -10.1564 -0.962625 52.8956
      vertex -10.309 9.92528 48.8937
      vertex -10.1564 9.93781 48.9281
    endloop
  endfacet
  facet normal 0.852568 -0.178748 -0.491098
    outer loop
      vertex -10.809 -1.0994 52.5198
      vertex -10.891 9.75527 48.4266
      vertex -10.809 9.80103 48.5523
    endloop
  endfacet
  facet normal 0.852731 -0.178653 -0.490849
    outer loop
      vertex -10.891 9.75527 48.4266
      vertex -10.809 -1.0994 52.5198
      vertex -10.891 -1.14516 52.394
    endloop
  endfacet
  facet normal 0.233294 0.33258 0.913764
    outer loop
      vertex -10.309 -1.62571 51.0737
      vertex -10.1564 9.26219 47.0719
      vertex -10.309 9.27472 47.1063
    endloop
  endfacet
  facet normal 0.233294 0.33258 0.913764
    outer loop
      vertex -10.1564 9.26219 47.0719
      vertex -10.309 -1.62571 51.0737
      vertex -10.1564 -1.63824 51.0393
    endloop
  endfacet
  facet normal 0.923736 0.131006 0.35993
    outer loop
      vertex -10.9511 -1.40612 51.6771
      vertex -10.891 9.44474 47.5734
      vertex -10.9511 9.49431 47.7096
    endloop
  endfacet
  facet normal 0.92383 0.130925 0.359718
    outer loop
      vertex -10.891 -1.45571 51.5408
      vertex -10.891 9.44474 47.5734
      vertex -10.9511 -1.40612 51.6771
    endloop
  endfacet
  facet normal 1 0 0
    outer loop
      vertex -10.891 9.44474 47.5734
      vertex -10.891 -1.45571 51.5408
      vertex -10.891 9.44473 47.5734
    endloop
  endfacet
  facet normal 0.852568 0.178744 0.4911
    outer loop
      vertex -10.891 -1.45571 51.5408
      vertex -10.809 9.39897 47.4477
      vertex -10.891 9.44473 47.5734
    endloop
  endfacet
  facet normal 0.852568 0.178744 0.4911
    outer loop
      vertex -10.809 9.39897 47.4477
      vertex -10.891 -1.45571 51.5408
      vertex -10.809 -1.50147 51.4151
    endloop
  endfacet
  facet normal -0.233323 0.332578 0.913757
    outer loop
      vertex -9.84356 9.26219 47.0719
      vertex -9.69098 -1.62571 51.0737
      vertex -9.69098 9.27472 47.1063
    endloop
  endfacet
  facet normal -0.233323 0.332578 0.913757
    outer loop
      vertex -9.69098 -1.62571 51.0737
      vertex -9.84356 9.26219 47.0719
      vertex -9.84356 -1.63824 51.0393
    endloop
  endfacet
  facet normal -0.078638 0.340959 0.936784
    outer loop
      vertex -10 9.25798 47.0603
      vertex -9.84356 -1.63824 51.0393
      vertex -9.84356 9.26219 47.0719
    endloop
  endfacet
  facet normal -0.078638 0.340959 0.936784
    outer loop
      vertex -9.84356 -1.63824 51.0393
      vertex -10 9.25798 47.0603
      vertex -10 -1.64245 51.0277
    endloop
  endfacet
  facet normal 0.996923 0.0268094 0.0736588
    outer loop
      vertex -11 -1.30043 51.9674
      vertex -10.9877 9.5465 47.853
      vertex -11 9.6 48
    endloop
  endfacet
  facet normal 0.996923 0.0268088 0.0736573
    outer loop
      vertex -10.9877 9.5465 47.853
      vertex -11 -1.30043 51.9674
      vertex -10.9877 -1.35394 51.8204
    endloop
  endfacet
  facet normal 0.972308 0.0799304 0.219609
    outer loop
      vertex -10.9877 -1.35394 51.8204
      vertex -10.9534 9.4977 47.7189
      vertex -10.9877 9.5465 47.853
    endloop
  endfacet
  facet normal 0.972389 0.0798112 0.219294
    outer loop
      vertex -10.9511 -1.40612 51.6771
      vertex -10.9534 9.4977 47.7189
      vertex -10.9877 -1.35394 51.8204
    endloop
  endfacet
  facet normal 0.974051 0.0774096 0.212677
    outer loop
      vertex -10.9534 9.4977 47.7189
      vertex -10.9511 -1.40612 51.6771
      vertex -10.9511 9.49431 47.7096
    endloop
  endfacet
  facet normal 0.000153079 0.939696 -0.34201
    outer loop
      vertex -9.84356 -1.63824 51.0393
      vertex -10 -0.958414 52.9071
      vertex -9.84356 -0.962625 52.8956
    endloop
  endfacet
  facet normal -0.00017581 0.939696 -0.34201
    outer loop
      vertex -9.84356 -1.63824 51.0393
      vertex -9.84356 -0.962625 52.8956
      vertex -9.69098 -0.975153 52.8611
    endloop
  endfacet
  facet normal 7.20515e-05 0.939694 -0.342016
    outer loop
      vertex -10 -1.64245 51.0277
      vertex -10 -0.958414 52.9071
      vertex -9.84356 -1.63824 51.0393
    endloop
  endfacet
  facet normal 7.25073e-05 0.939693 -0.342019
    outer loop
      vertex -9.69098 -1.62571 51.0737
      vertex -9.69098 -0.975153 52.8611
      vertex -9.54601 -0.995692 52.8047
    endloop
  endfacet
  facet normal -0.000152619 0.939694 -0.342016
    outer loop
      vertex -10 -0.958414 52.9071
      vertex -10 -1.64245 51.0277
      vertex -10.1564 -0.962625 52.8956
    endloop
  endfacet
  facet normal 7.99193e-05 0.939689 -0.34203
    outer loop
      vertex -9.54601 -1.60518 51.1302
      vertex -9.54601 -0.995692 52.8047
      vertex -9.41221 -1.02373 52.7277
    endloop
  endfacet
  facet normal -7.15667e-05 0.939696 -0.34201
    outer loop
      vertex -10.1564 -1.63824 51.0393
      vertex -10.1564 -0.962625 52.8956
      vertex -10 -1.64245 51.0277
    endloop
  endfacet
  facet normal -5.74406e-05 0.939696 -0.342011
    outer loop
      vertex -9.41221 -1.57713 51.2072
      vertex -9.41221 -1.02373 52.7277
      vertex -9.29289 -1.05859 52.6319
    endloop
  endfacet
  facet normal 0.000175787 0.939696 -0.34201
    outer loop
      vertex -10.1564 -0.962625 52.8956
      vertex -10.1564 -1.63824 51.0393
      vertex -10.309 -0.975153 52.8611
    endloop
  endfacet
  facet normal 8.10283e-05 0.939692 -0.342021
    outer loop
      vertex -9.41221 -1.57713 51.2072
      vertex -9.29289 -1.05859 52.6319
      vertex -9.19098 -1.0994 52.5198
    endloop
  endfacet
  facet normal 5.84341e-05 0.939693 -0.342019
    outer loop
      vertex -10.309 -1.62571 51.0737
      vertex -10.309 -0.975153 52.8611
      vertex -10.1564 -1.63824 51.0393
    endloop
  endfacet
  facet normal -0.000234895 0.939709 -0.341974
    outer loop
      vertex -9.41221 -1.57713 51.2072
      vertex -9.19098 -1.0994 52.5198
      vertex -9.10899 -1.14516 52.394
    endloop
  endfacet
  facet normal -7.24923e-05 0.939693 -0.342019
    outer loop
      vertex -10.309 -0.975153 52.8611
      vertex -10.309 -1.62571 51.0737
      vertex -10.454 -0.995692 52.8047
    endloop
  endfacet
  facet normal 6.03551e-05 0.939685 -0.342041
    outer loop
      vertex -9.41221 -1.57713 51.2072
      vertex -9.10899 -1.14516 52.394
      vertex -9.04894 -1.19474 52.2578
    endloop
  endfacet
  facet normal -0.000226742 0.939689 -0.34203
    outer loop
      vertex -10.454 -1.60518 51.1302
      vertex -10.454 -0.995692 52.8047
      vertex -10.309 -1.62571 51.0737
    endloop
  endfacet
  facet normal -4.05855e-05 0.939696 -0.34201
    outer loop
      vertex -9.41221 -1.57713 51.2072
      vertex -9.04894 -1.19474 52.2578
      vertex -9.01231 -1.24693 52.1144
    endloop
  endfacet
  facet normal -7.99193e-05 0.939689 -0.34203
    outer loop
      vertex -10.454 -0.995692 52.8047
      vertex -10.454 -1.60518 51.1302
      vertex -10.5878 -1.02373 52.7277
    endloop
  endfacet
  facet normal -5.64198e-05 0.939699 -0.342004
    outer loop
      vertex -9.41221 -1.57713 51.2072
      vertex -9.01231 -1.24693 52.1144
      vertex -9 -1.30043 51.9674
    endloop
  endfacet
  facet normal 0.00017656 0.939696 -0.342011
    outer loop
      vertex -10.5878 -1.57713 51.2072
      vertex -10.5878 -1.02373 52.7277
      vertex -10.454 -1.60518 51.1302
    endloop
  endfacet
  facet normal 6.23923e-05 0.939678 -0.342061
    outer loop
      vertex -9.41221 -1.57713 51.2072
      vertex -9 -1.30043 51.9674
      vertex -9.01231 -1.35394 51.8204
    endloop
  endfacet
  facet normal 5.74503e-05 0.939696 -0.342011
    outer loop
      vertex -10.5878 -1.02373 52.7277
      vertex -10.5878 -1.57713 51.2072
      vertex -10.7071 -1.05859 52.6319
    endloop
  endfacet
  facet normal 0.000368061 0.939614 -0.342237
    outer loop
      vertex -9.41221 -1.57713 51.2072
      vertex -9.01231 -1.35394 51.8204
      vertex -9.04894 -1.40612 51.6771
    endloop
  endfacet
  facet normal -5.84418e-05 0.939693 -0.342019
    outer loop
      vertex -9.69098 -0.975153 52.8611
      vertex -9.69098 -1.62571 51.0737
      vertex -9.84356 -1.63824 51.0393
    endloop
  endfacet
  facet normal -0.000278982 0.939774 -0.341795
    outer loop
      vertex -9.41221 -1.57713 51.2072
      vertex -9.04894 -1.40612 51.6771
      vertex -9.10899 -1.45571 51.5408
    endloop
  endfacet
  facet normal 0.000234878 0.939709 -0.341974
    outer loop
      vertex -10.809 -1.0994 52.5198
      vertex -10.5878 -1.57713 51.2072
      vertex -10.891 -1.14516 52.394
    endloop
  endfacet
  facet normal -3.14177e-05 0.939678 -0.342061
    outer loop
      vertex -9.29289 -1.54228 51.303
      vertex -9.10899 -1.45571 51.5408
      vertex -9.19098 -1.50147 51.4151
    endloop
  endfacet
  facet normal 0.000530706 0.939538 -0.342445
    outer loop
      vertex -9.41221 -1.57713 51.2072
      vertex -9.10899 -1.45571 51.5408
      vertex -9.29289 -1.54228 51.303
    endloop
  endfacet
  facet normal -0.00017656 0.939696 -0.342011
    outer loop
      vertex -9.41221 -1.02373 52.7277
      vertex -9.41221 -1.57713 51.2072
      vertex -9.54601 -1.60518 51.1302
    endloop
  endfacet
  facet normal 3.14384e-05 0.939678 -0.342061
    outer loop
      vertex -10.891 -1.45571 51.5408
      vertex -10.7071 -1.54228 51.303
      vertex -10.809 -1.50147 51.4151
    endloop
  endfacet
  facet normal 0.000226789 0.939689 -0.34203
    outer loop
      vertex -9.54601 -0.995692 52.8047
      vertex -9.54601 -1.60518 51.1302
      vertex -9.69098 -1.62571 51.0737
    endloop
  endfacet
  facet normal -0.000530941 0.939538 -0.342445
    outer loop
      vertex -10.891 -1.45571 51.5408
      vertex -10.5878 -1.57713 51.2072
      vertex -10.7071 -1.54228 51.303
    endloop
  endfacet
  facet normal -6.03247e-05 0.939685 -0.342041
    outer loop
      vertex -10.891 -1.14516 52.394
      vertex -10.5878 -1.57713 51.2072
      vertex -10.9511 -1.19474 52.2578
    endloop
  endfacet
  facet normal 0.000279236 0.939775 -0.341795
    outer loop
      vertex -10.9511 -1.40612 51.6771
      vertex -10.5878 -1.57713 51.2072
      vertex -10.891 -1.45571 51.5408
    endloop
  endfacet
  facet normal -6.23849e-05 0.939678 -0.342061
    outer loop
      vertex -11 -1.30043 51.9674
      vertex -10.5878 -1.57713 51.2072
      vertex -10.9877 -1.35394 51.8204
    endloop
  endfacet
  facet normal -0.000367867 0.939614 -0.342237
    outer loop
      vertex -10.9877 -1.35394 51.8204
      vertex -10.5878 -1.57713 51.2072
      vertex -10.9511 -1.40612 51.6771
    endloop
  endfacet
  facet normal 5.64272e-05 0.939699 -0.342004
    outer loop
      vertex -10.9877 -1.24693 52.1144
      vertex -10.5878 -1.57713 51.2072
      vertex -11 -1.30043 51.9674
    endloop
  endfacet
  facet normal 4.05977e-05 0.939696 -0.34201
    outer loop
      vertex -10.9511 -1.19474 52.2578
      vertex -10.5878 -1.57713 51.2072
      vertex -10.9877 -1.24693 52.1144
    endloop
  endfacet
  facet normal -8.10367e-05 0.939692 -0.342021
    outer loop
      vertex -10.7071 -1.05859 52.6319
      vertex -10.5878 -1.57713 51.2072
      vertex -10.809 -1.0994 52.5198
    endloop
  endfacet
  facet normal 0.0780648 -0.340981 -0.936823
    outer loop
      vertex -10.1564 9.93781 48.9281
      vertex -10 -0.958414 52.9071
      vertex -10.1564 -0.962625 52.8956
    endloop
  endfacet
  facet normal 0.078658 -0.340958 -0.936782
    outer loop
      vertex -10 -0.958414 52.9071
      vertex -10.1564 9.93781 48.9281
      vertex -10 9.94202 48.9397
    endloop
  endfacet
  facet normal -0.382479 -0.316012 -0.868243
    outer loop
      vertex 10.309 -0.975153 52.8611
      vertex 10.454 9.90474 48.8373
      vertex 10.454 -0.995692 52.8047
    endloop
  endfacet
  facet normal -0.382481 -0.316012 -0.868242
    outer loop
      vertex 10.454 9.90474 48.8373
      vertex 10.309 -0.975153 52.8611
      vertex 10.309 9.92528 48.8937
    endloop
  endfacet
  facet normal -0.974051 0.0774096 0.212677
    outer loop
      vertex 10.9511 -1.40612 51.6771
      vertex 10.9534 9.4977 47.7189
      vertex 10.9511 9.49431 47.7096
    endloop
  endfacet
  facet normal -0.972308 0.0799304 0.219609
    outer loop
      vertex 10.9534 9.4977 47.7189
      vertex 10.9877 -1.35394 51.8204
      vertex 10.9877 9.5465 47.853
    endloop
  endfacet
  facet normal -0.972389 0.0798112 0.219294
    outer loop
      vertex 10.9534 9.4977 47.7189
      vertex 10.9511 -1.40612 51.6771
      vertex 10.9877 -1.35394 51.8204
    endloop
  endfacet
  facet normal -0.996923 0.0268094 0.0736588
    outer loop
      vertex 10.9877 9.5465 47.853
      vertex 11 -1.30043 51.9674
      vertex 11 9.6 48
    endloop
  endfacet
  facet normal -0.996923 0.0268088 0.0736573
    outer loop
      vertex 11 -1.30043 51.9674
      vertex 10.9877 9.5465 47.853
      vertex 10.9877 -1.35394 51.8204
    endloop
  endfacet
  facet normal -0.923736 0.131006 0.35993
    outer loop
      vertex 10.891 9.44474 47.5734
      vertex 10.9511 -1.40612 51.6771
      vertex 10.9511 9.49431 47.7096
    endloop
  endfacet
  facet normal -1 0 0
    outer loop
      vertex 10.891 -1.45571 51.5408
      vertex 10.891 9.44474 47.5734
      vertex 10.891 9.44473 47.5734
    endloop
  endfacet
  facet normal -0.92383 0.130925 0.359718
    outer loop
      vertex 10.891 9.44474 47.5734
      vertex 10.891 -1.45571 51.5408
      vertex 10.9511 -1.40612 51.6771
    endloop
  endfacet
  facet normal 0.522281 -0.29167 -0.801343
    outer loop
      vertex 9.41221 9.8767 48.7602
      vertex 9.54601 -0.995692 52.8047
      vertex 9.41221 -1.02373 52.7277
    endloop
  endfacet
  facet normal 0.52272 -0.291572 -0.801093
    outer loop
      vertex 9.54601 -0.995692 52.8047
      vertex 9.41221 9.8767 48.7602
      vertex 9.54601 9.90474 48.8373
    endloop
  endfacet
  facet normal 0.649582 -0.260033 -0.714441
    outer loop
      vertex 9.29289 9.84184 48.6645
      vertex 9.41221 -1.02373 52.7277
      vertex 9.29289 -1.05859 52.6319
    endloop
  endfacet
  facet normal 0.649236 -0.26014 -0.714717
    outer loop
      vertex 9.41221 -1.02373 52.7277
      vertex 9.29289 9.84184 48.6645
      vertex 9.41221 9.8767 48.7602
    endloop
  endfacet
  facet normal -0.233294 0.33258 0.913764
    outer loop
      vertex 10.1564 9.26219 47.0719
      vertex 10.309 -1.62571 51.0737
      vertex 10.309 9.27472 47.1063
    endloop
  endfacet
  facet normal -0.233294 0.33258 0.913764
    outer loop
      vertex 10.309 -1.62571 51.0737
      vertex 10.1564 9.26219 47.0719
      vertex 10.1564 -1.63824 51.0393
    endloop
  endfacet
  facet normal -0.923739 -0.131001 -0.359924
    outer loop
      vertex 10.9511 9.70569 48.2904
      vertex 10.891 -1.14516 52.394
      vertex 10.891 9.75527 48.4266
    endloop
  endfacet
  facet normal -0.923739 -0.131001 -0.359924
    outer loop
      vertex 10.891 -1.14516 52.394
      vertex 10.9511 9.70569 48.2904
      vertex 10.9511 -1.19474 52.2578
    endloop
  endfacet
  facet normal -0.382481 0.316019 0.86824
    outer loop
      vertex 10.309 9.27472 47.1063
      vertex 10.454 -1.60518 51.1302
      vertex 10.454 9.29526 47.1627
    endloop
  endfacet
  facet normal -0.382973 0.315942 0.868051
    outer loop
      vertex 10.454 -1.60518 51.1302
      vertex 10.309 9.27472 47.1063
      vertex 10.309 -1.62571 51.0737
    endloop
  endfacet
  facet normal -0.852568 -0.178748 -0.491098
    outer loop
      vertex 10.891 9.75527 48.4266
      vertex 10.809 -1.0994 52.5198
      vertex 10.809 9.80103 48.5523
    endloop
  endfacet
  facet normal -0.852731 -0.178653 -0.490849
    outer loop
      vertex 10.809 -1.0994 52.5198
      vertex 10.891 9.75527 48.4266
      vertex 10.891 -1.14516 52.394
    endloop
  endfacet
  facet normal -0.852568 0.178744 0.4911
    outer loop
      vertex 10.809 9.39897 47.4477
      vertex 10.891 -1.45571 51.5408
      vertex 10.891 9.44473 47.5734
    endloop
  endfacet
  facet normal -0.852568 0.178744 0.4911
    outer loop
      vertex 10.891 -1.45571 51.5408
      vertex 10.809 9.39897 47.4477
      vertex 10.809 -1.50147 51.4151
    endloop
  endfacet
  facet normal 0.972379 0.079829 0.21933
    outer loop
      vertex 9.01231 -1.35394 51.8204
      vertex 9.04894 9.49431 47.7096
      vertex 9.01231 9.5465 47.853
    endloop
  endfacet
  facet normal 0.972345 0.0798791 0.219462
    outer loop
      vertex 9.04894 9.49431 47.7096
      vertex 9.01231 -1.35394 51.8204
      vertex 9.04894 -1.40612 51.6771
    endloop
  endfacet
  facet normal -0.996923 -0.0268094 -0.0736588
    outer loop
      vertex 11 9.6 48
      vertex 10.9877 -1.24693 52.1144
      vertex 10.9877 9.6535 48.147
    endloop
  endfacet
  facet normal -0.996923 -0.0268094 -0.0736588
    outer loop
      vertex 10.9877 -1.24693 52.1144
      vertex 11 9.6 48
      vertex 11 -1.30043 51.9674
    endloop
  endfacet
  facet normal -0.649645 -0.260015 -0.71439
    outer loop
      vertex 10.5878 -1.02373 52.7277
      vertex 10.7071 9.84184 48.6645
      vertex 10.7071 -1.05859 52.6319
    endloop
  endfacet
  facet normal -0.649299 -0.260122 -0.714666
    outer loop
      vertex 10.7071 9.84184 48.6645
      vertex 10.5878 -1.02373 52.7277
      vertex 10.5878 9.8767 48.7602
    endloop
  endfacet
  facet normal -0.078658 0.340958 0.936782
    outer loop
      vertex 10 9.25798 47.0603
      vertex 10.1564 -1.63824 51.0393
      vertex 10.1564 9.26219 47.0719
    endloop
  endfacet
  facet normal -0.078658 0.340958 0.936782
    outer loop
      vertex 10.1564 -1.63824 51.0393
      vertex 10 9.25798 47.0603
      vertex 10 -1.64245 51.0277
    endloop
  endfacet
  facet normal 0.923851 -0.130908 -0.359669
    outer loop
      vertex 9.10899 -1.14516 52.394
      vertex 9.04894 9.70569 48.2904
      vertex 9.10899 9.75527 48.4266
    endloop
  endfacet
  facet normal 0.923851 -0.130908 -0.359669
    outer loop
      vertex 9.04894 9.70569 48.2904
      vertex 9.10899 -1.14516 52.394
      vertex 9.04894 -1.19474 52.2578
    endloop
  endfacet
  facet normal 0.760594 -0.222047 -0.610075
    outer loop
      vertex 9.29289 -1.05859 52.6319
      vertex 9.19098 9.80103 48.5523
      vertex 9.29289 9.84184 48.6645
    endloop
  endfacet
  facet normal 0.760342 -0.222153 -0.610351
    outer loop
      vertex 9.19098 9.80103 48.5523
      vertex 9.29289 -1.05859 52.6319
      vertex 9.19098 -1.0994 52.5198
    endloop
  endfacet
  facet normal 0.760594 0.222047 0.610075
    outer loop
      vertex 9.19098 -1.50147 51.4151
      vertex 9.29289 9.35816 47.3355
      vertex 9.19098 9.39897 47.4477
    endloop
  endfacet
  facet normal 0.760342 0.222153 0.610351
    outer loop
      vertex 9.29289 9.35816 47.3355
      vertex 9.19098 -1.50147 51.4151
      vertex 9.29289 -1.54228 51.303
    endloop
  endfacet
  facet normal 0.996918 -0.0268311 -0.0737184
    outer loop
      vertex 9.01231 -1.24693 52.1144
      vertex 9 9.6 48
      vertex 9.01231 9.6535 48.147
    endloop
  endfacet
  facet normal 0.996918 -0.0268311 -0.0737184
    outer loop
      vertex 9 9.6 48
      vertex 9.01231 -1.24693 52.1144
      vertex 9 -1.30043 51.9674
    endloop
  endfacet
  facet normal -0.233856 -0.332534 -0.913637
    outer loop
      vertex 10.1564 -0.962625 52.8956
      vertex 10.309 9.92528 48.8937
      vertex 10.309 -0.975153 52.8611
    endloop
  endfacet
  facet normal -0.233294 -0.332587 -0.913761
    outer loop
      vertex 10.309 9.92528 48.8937
      vertex 10.1564 -0.962625 52.8956
      vertex 10.1564 9.93781 48.9281
    endloop
  endfacet
  facet normal -0.649299 0.260121 0.714666
    outer loop
      vertex 10.5878 9.3233 47.2398
      vertex 10.7071 -1.54228 51.303
      vertex 10.7071 9.35816 47.3355
    endloop
  endfacet
  facet normal -0.649633 0.260018 0.7144
    outer loop
      vertex 10.7071 -1.54228 51.303
      vertex 10.5878 9.3233 47.2398
      vertex 10.5878 -1.57713 51.2072
    endloop
  endfacet
  facet normal -0.760626 -0.222035 -0.61004
    outer loop
      vertex 10.809 9.80103 48.5523
      vertex 10.7071 -1.05859 52.6319
      vertex 10.7071 9.84184 48.6645
    endloop
  endfacet
  facet normal -0.760373 -0.222141 -0.610316
    outer loop
      vertex 10.7071 -1.05859 52.6319
      vertex 10.809 9.80103 48.5523
      vertex 10.809 -1.0994 52.5198
    endloop
  endfacet
  facet normal 0.078045 -0.340982 -0.936825
    outer loop
      vertex 9.84356 9.93781 48.9281
      vertex 10 -0.958414 52.9071
      vertex 9.84356 -0.962625 52.8956
    endloop
  endfacet
  facet normal 0.078638 -0.340958 -0.936784
    outer loop
      vertex 10 -0.958414 52.9071
      vertex 9.84356 9.93781 48.9281
      vertex 10 9.94202 48.9397
    endloop
  endfacet
  facet normal 0.649236 0.26014 0.714717
    outer loop
      vertex 9.29289 -1.54228 51.303
      vertex 9.41221 9.3233 47.2398
      vertex 9.29289 9.35816 47.3355
    endloop
  endfacet
  facet normal 0.64957 0.260037 0.714451
    outer loop
      vertex 9.41221 9.3233 47.2398
      vertex 9.29289 -1.54228 51.303
      vertex 9.41221 -1.57713 51.2072
    endloop
  endfacet
  facet normal -0.52272 0.291572 0.801093
    outer loop
      vertex 10.454 9.29526 47.1627
      vertex 10.5878 -1.57713 51.2072
      vertex 10.5878 9.3233 47.2398
    endloop
  endfacet
  facet normal -0.5223 0.291666 0.801332
    outer loop
      vertex 10.5878 -1.57713 51.2072
      vertex 10.454 9.29526 47.1627
      vertex 10.454 -1.60518 51.1302
    endloop
  endfacet
  facet normal -0.972423 -0.0797673 -0.219161
    outer loop
      vertex 10.9877 9.6535 48.147
      vertex 10.9511 -1.19474 52.2578
      vertex 10.9511 9.70569 48.2904
    endloop
  endfacet
  facet normal -0.972423 -0.0797673 -0.219161
    outer loop
      vertex 10.9511 -1.19474 52.2578
      vertex 10.9877 9.6535 48.147
      vertex 10.9877 -1.24693 52.1144
    endloop
  endfacet
  facet normal 0.382549 0.316009 0.868214
    outer loop
      vertex 9.54601 -1.60518 51.1302
      vertex 9.69098 9.27472 47.1063
      vertex 9.54601 9.29526 47.1627
    endloop
  endfacet
  facet normal 0.383041 0.315932 0.868024
    outer loop
      vertex 9.69098 9.27472 47.1063
      vertex 9.54601 -1.60518 51.1302
      vertex 9.69098 -1.62571 51.0737
    endloop
  endfacet
  facet normal 0.233323 0.332578 0.913757
    outer loop
      vertex 9.69098 -1.62571 51.0737
      vertex 9.84356 9.26219 47.0719
      vertex 9.69098 9.27472 47.1063
    endloop
  endfacet
  facet normal 0.233323 0.332578 0.913757
    outer loop
      vertex 9.84356 9.26219 47.0719
      vertex 9.69098 -1.62571 51.0737
      vertex 9.84356 -1.63824 51.0393
    endloop
  endfacet
  facet normal -0.522281 -0.29167 -0.801343
    outer loop
      vertex 10.454 -0.995692 52.8047
      vertex 10.5878 9.8767 48.7602
      vertex 10.5878 -1.02373 52.7277
    endloop
  endfacet
  facet normal -0.52272 -0.291572 -0.801093
    outer loop
      vertex 10.5878 9.8767 48.7602
      vertex 10.454 -0.995692 52.8047
      vertex 10.454 9.90474 48.8373
    endloop
  endfacet
  facet normal 0.972379 -0.0798291 -0.21933
    outer loop
      vertex 9.04894 -1.19474 52.2578
      vertex 9.01231 9.6535 48.147
      vertex 9.04894 9.70569 48.2904
    endloop
  endfacet
  facet normal 0.972379 -0.0798291 -0.21933
    outer loop
      vertex 9.01231 9.6535 48.147
      vertex 9.04894 -1.19474 52.2578
      vertex 9.01231 -1.24693 52.1144
    endloop
  endfacet
  facet normal -0.0780648 -0.340981 -0.936823
    outer loop
      vertex 10 -0.958414 52.9071
      vertex 10.1564 9.93781 48.9281
      vertex 10.1564 -0.962625 52.8956
    endloop
  endfacet
  facet normal -0.078658 -0.340958 -0.936782
    outer loop
      vertex 10.1564 9.93781 48.9281
      vertex 10 -0.958414 52.9071
      vertex 10 9.94202 48.9397
    endloop
  endfacet
  facet normal 0.078638 0.340959 0.936784
    outer loop
      vertex 9.84356 -1.63824 51.0393
      vertex 10 9.25798 47.0603
      vertex 9.84356 9.26219 47.0719
    endloop
  endfacet
  facet normal 0.078638 0.340959 0.936784
    outer loop
      vertex 10 9.25798 47.0603
      vertex 9.84356 -1.63824 51.0393
      vertex 10 -1.64245 51.0277
    endloop
  endfacet
  facet normal 0.233885 -0.332531 -0.91363
    outer loop
      vertex 9.69098 9.92528 48.8937
      vertex 9.84356 -0.962625 52.8956
      vertex 9.69098 -0.975153 52.8611
    endloop
  endfacet
  facet normal 0.233323 -0.332585 -0.913755
    outer loop
      vertex 9.84356 -0.962625 52.8956
      vertex 9.69098 9.92528 48.8937
      vertex 9.84356 9.93781 48.9281
    endloop
  endfacet
  facet normal -0.760626 0.222035 0.61004
    outer loop
      vertex 10.7071 9.35816 47.3355
      vertex 10.809 -1.50147 51.4151
      vertex 10.809 9.39897 47.4477
    endloop
  endfacet
  facet normal -0.760373 0.222141 0.610316
    outer loop
      vertex 10.809 -1.50147 51.4151
      vertex 10.7071 9.35816 47.3355
      vertex 10.7071 -1.54228 51.303
    endloop
  endfacet
  facet normal 0.852596 -0.178732 -0.491055
    outer loop
      vertex 9.19098 -1.0994 52.5198
      vertex 9.10899 9.75527 48.4266
      vertex 9.19098 9.80103 48.5523
    endloop
  endfacet
  facet normal 0.85276 -0.178637 -0.490805
    outer loop
      vertex 9.10899 9.75527 48.4266
      vertex 9.19098 -1.0994 52.5198
      vertex 9.10899 -1.14516 52.394
    endloop
  endfacet
  facet normal 0.923851 0.130911 0.359668
    outer loop
      vertex 9.04894 -1.40612 51.6771
      vertex 9.10899 9.44473 47.5734
      vertex 9.04894 9.49431 47.7096
    endloop
  endfacet
  facet normal 0.923942 0.130833 0.359463
    outer loop
      vertex 9.10899 9.44473 47.5734
      vertex 9.04894 -1.40612 51.6771
      vertex 9.10899 -1.45571 51.5408
    endloop
  endfacet
  facet normal 0.382547 -0.316002 -0.868217
    outer loop
      vertex 9.54601 9.90474 48.8373
      vertex 9.69098 -0.975153 52.8611
      vertex 9.54601 -0.995692 52.8047
    endloop
  endfacet
  facet normal 0.382549 -0.316002 -0.868216
    outer loop
      vertex 9.69098 -0.975153 52.8611
      vertex 9.54601 9.90474 48.8373
      vertex 9.69098 9.92528 48.8937
    endloop
  endfacet
  facet normal 0.996918 0.0268311 0.0737184
    outer loop
      vertex 9 -1.30043 51.9674
      vertex 9.01231 9.5465 47.853
      vertex 9 9.6 48
    endloop
  endfacet
  facet normal 0.996918 0.0268305 0.0737168
    outer loop
      vertex 9.01231 9.5465 47.853
      vertex 9 -1.30043 51.9674
      vertex 9.01231 -1.35394 51.8204
    endloop
  endfacet
  facet normal 0.000153118 0.939696 -0.34201
    outer loop
      vertex 10.1564 -1.63824 51.0393
      vertex 10 -0.958414 52.9071
      vertex 10.1564 -0.962625 52.8956
    endloop
  endfacet
  facet normal -0.000175787 0.939696 -0.34201
    outer loop
      vertex 10.1564 -1.63824 51.0393
      vertex 10.1564 -0.962625 52.8956
      vertex 10.309 -0.975153 52.8611
    endloop
  endfacet
  facet normal 7.20699e-05 0.939694 -0.342016
    outer loop
      vertex 10 -1.64245 51.0277
      vertex 10 -0.958414 52.9071
      vertex 10.1564 -1.63824 51.0393
    endloop
  endfacet
  facet normal 7.24923e-05 0.939693 -0.342019
    outer loop
      vertex 10.309 -1.62571 51.0737
      vertex 10.309 -0.975153 52.8611
      vertex 10.454 -0.995692 52.8047
    endloop
  endfacet
  facet normal -0.00015258 0.939694 -0.342016
    outer loop
      vertex 10 -0.958414 52.9071
      vertex 10 -1.64245 51.0277
      vertex 9.84356 -0.962625 52.8956
    endloop
  endfacet
  facet normal 7.99193e-05 0.939689 -0.34203
    outer loop
      vertex 10.454 -1.60518 51.1302
      vertex 10.454 -0.995692 52.8047
      vertex 10.5878 -1.02373 52.7277
    endloop
  endfacet
  facet normal -7.15484e-05 0.939696 -0.34201
    outer loop
      vertex 9.84356 -1.63824 51.0393
      vertex 9.84356 -0.962625 52.8956
      vertex 10 -1.64245 51.0277
    endloop
  endfacet
  facet normal -5.74503e-05 0.939696 -0.342011
    outer loop
      vertex 10.5878 -1.57713 51.2072
      vertex 10.5878 -1.02373 52.7277
      vertex 10.7071 -1.05859 52.6319
    endloop
  endfacet
  facet normal 0.00017581 0.939696 -0.34201
    outer loop
      vertex 9.84356 -0.962625 52.8956
      vertex 9.84356 -1.63824 51.0393
      vertex 9.69098 -0.975153 52.8611
    endloop
  endfacet
  facet normal 8.10367e-05 0.939692 -0.342021
    outer loop
      vertex 10.5878 -1.57713 51.2072
      vertex 10.7071 -1.05859 52.6319
      vertex 10.809 -1.0994 52.5198
    endloop
  endfacet
  facet normal 5.84418e-05 0.939693 -0.342019
    outer loop
      vertex 9.69098 -1.62571 51.0737
      vertex 9.69098 -0.975153 52.8611
      vertex 9.84356 -1.63824 51.0393
    endloop
  endfacet
  facet normal -0.000234878 0.939709 -0.341974
    outer loop
      vertex 10.5878 -1.57713 51.2072
      vertex 10.809 -1.0994 52.5198
      vertex 10.891 -1.14516 52.394
    endloop
  endfacet
  facet normal -7.25073e-05 0.939693 -0.342019
    outer loop
      vertex 9.69098 -0.975153 52.8611
      vertex 9.69098 -1.62571 51.0737
      vertex 9.54601 -0.995692 52.8047
    endloop
  endfacet
  facet normal 6.03247e-05 0.939685 -0.342041
    outer loop
      vertex 10.5878 -1.57713 51.2072
      vertex 10.891 -1.14516 52.394
      vertex 10.9511 -1.19474 52.2578
    endloop
  endfacet
  facet normal -0.000226789 0.939689 -0.34203
    outer loop
      vertex 9.54601 -1.60518 51.1302
      vertex 9.54601 -0.995692 52.8047
      vertex 9.69098 -1.62571 51.0737
    endloop
  endfacet
  facet normal -4.05977e-05 0.939696 -0.34201
    outer loop
      vertex 10.5878 -1.57713 51.2072
      vertex 10.9511 -1.19474 52.2578
      vertex 10.9877 -1.24693 52.1144
    endloop
  endfacet
  facet normal -7.99193e-05 0.939689 -0.34203
    outer loop
      vertex 9.54601 -0.995692 52.8047
      vertex 9.54601 -1.60518 51.1302
      vertex 9.41221 -1.02373 52.7277
    endloop
  endfacet
  facet normal -5.64272e-05 0.939699 -0.342004
    outer loop
      vertex 10.5878 -1.57713 51.2072
      vertex 10.9877 -1.24693 52.1144
      vertex 11 -1.30043 51.9674
    endloop
  endfacet
  facet normal 0.00017656 0.939696 -0.342011
    outer loop
      vertex 9.41221 -1.57713 51.2072
      vertex 9.41221 -1.02373 52.7277
      vertex 9.54601 -1.60518 51.1302
    endloop
  endfacet
  facet normal 6.23849e-05 0.939678 -0.342061
    outer loop
      vertex 10.5878 -1.57713 51.2072
      vertex 11 -1.30043 51.9674
      vertex 10.9877 -1.35394 51.8204
    endloop
  endfacet
  facet normal 5.74406e-05 0.939696 -0.342011
    outer loop
      vertex 9.41221 -1.02373 52.7277
      vertex 9.41221 -1.57713 51.2072
      vertex 9.29289 -1.05859 52.6319
    endloop
  endfacet
  facet normal 0.000367867 0.939614 -0.342237
    outer loop
      vertex 10.5878 -1.57713 51.2072
      vertex 10.9877 -1.35394 51.8204
      vertex 10.9511 -1.40612 51.6771
    endloop
  endfacet
  facet normal -5.84341e-05 0.939693 -0.342019
    outer loop
      vertex 10.309 -0.975153 52.8611
      vertex 10.309 -1.62571 51.0737
      vertex 10.1564 -1.63824 51.0393
    endloop
  endfacet
  facet normal -0.000279236 0.939775 -0.341795
    outer loop
      vertex 10.5878 -1.57713 51.2072
      vertex 10.9511 -1.40612 51.6771
      vertex 10.891 -1.45571 51.5408
    endloop
  endfacet
  facet normal 0.000234895 0.939709 -0.341974
    outer loop
      vertex 9.19098 -1.0994 52.5198
      vertex 9.41221 -1.57713 51.2072
      vertex 9.10899 -1.14516 52.394
    endloop
  endfacet
  facet normal -3.14384e-05 0.939678 -0.342061
    outer loop
      vertex 10.7071 -1.54228 51.303
      vertex 10.891 -1.45571 51.5408
      vertex 10.809 -1.50147 51.4151
    endloop
  endfacet
  facet normal 0.000530941 0.939538 -0.342445
    outer loop
      vertex 10.5878 -1.57713 51.2072
      vertex 10.891 -1.45571 51.5408
      vertex 10.7071 -1.54228 51.303
    endloop
  endfacet
  facet normal -0.00017656 0.939696 -0.342011
    outer loop
      vertex 10.5878 -1.02373 52.7277
      vertex 10.5878 -1.57713 51.2072
      vertex 10.454 -1.60518 51.1302
    endloop
  endfacet
  facet normal 3.14177e-05 0.939678 -0.342061
    outer loop
      vertex 9.10899 -1.45571 51.5408
      vertex 9.29289 -1.54228 51.303
      vertex 9.19098 -1.50147 51.4151
    endloop
  endfacet
  facet normal 0.000226742 0.939689 -0.34203
    outer loop
      vertex 10.454 -0.995692 52.8047
      vertex 10.454 -1.60518 51.1302
      vertex 10.309 -1.62571 51.0737
    endloop
  endfacet
  facet normal -0.000530706 0.939538 -0.342445
    outer loop
      vertex 9.10899 -1.45571 51.5408
      vertex 9.41221 -1.57713 51.2072
      vertex 9.29289 -1.54228 51.303
    endloop
  endfacet
  facet normal -6.03551e-05 0.939685 -0.342041
    outer loop
      vertex 9.10899 -1.14516 52.394
      vertex 9.41221 -1.57713 51.2072
      vertex 9.04894 -1.19474 52.2578
    endloop
  endfacet
  facet normal 0.000278982 0.939774 -0.341795
    outer loop
      vertex 9.04894 -1.40612 51.6771
      vertex 9.41221 -1.57713 51.2072
      vertex 9.10899 -1.45571 51.5408
    endloop
  endfacet
  facet normal -6.23923e-05 0.939678 -0.342061
    outer loop
      vertex 9 -1.30043 51.9674
      vertex 9.41221 -1.57713 51.2072
      vertex 9.01231 -1.35394 51.8204
    endloop
  endfacet
  facet normal -0.000368061 0.939614 -0.342237
    outer loop
      vertex 9.01231 -1.35394 51.8204
      vertex 9.41221 -1.57713 51.2072
      vertex 9.04894 -1.40612 51.6771
    endloop
  endfacet
  facet normal 5.64198e-05 0.939699 -0.342004
    outer loop
      vertex 9.01231 -1.24693 52.1144
      vertex 9.41221 -1.57713 51.2072
      vertex 9 -1.30043 51.9674
    endloop
  endfacet
  facet normal 4.05855e-05 0.939696 -0.34201
    outer loop
      vertex 9.04894 -1.19474 52.2578
      vertex 9.41221 -1.57713 51.2072
      vertex 9.01231 -1.24693 52.1144
    endloop
  endfacet
  facet normal -8.10283e-05 0.939692 -0.342021
    outer loop
      vertex 9.29289 -1.05859 52.6319
      vertex 9.41221 -1.57713 51.2072
      vertex 9.19098 -1.0994 52.5198
    endloop
  endfacet
  facet normal 0.852596 0.178728 0.491056
    outer loop
      vertex 9.10899 -1.45571 51.5408
      vertex 9.19098 9.39897 47.4477
      vertex 9.10899 9.44473 47.5734
    endloop
  endfacet
  facet normal 0.852596 0.178728 0.491056
    outer loop
      vertex 9.19098 9.39897 47.4477
      vertex 9.10899 -1.45571 51.5408
      vertex 9.19098 -1.50147 51.4151
    endloop
  endfacet
  facet normal 0.52272 0.291572 0.801093
    outer loop
      vertex 9.41221 -1.57713 51.2072
      vertex 9.54601 9.29526 47.1627
      vertex 9.41221 9.3233 47.2398
    endloop
  endfacet
  facet normal 0.5223 0.291666 0.801332
    outer loop
      vertex 9.54601 9.29526 47.1627
      vertex 9.41221 -1.57713 51.2072
      vertex 9.54601 -1.60518 51.1302
    endloop
  endfacet
  facet normal -0.233844 -0.486138 -0.842013
    outer loop
      vertex -9.84356 0.0479498 28.6554
      vertex -9.69098 10.0755 22.8236
      vertex -9.69098 0.0296341 28.6236
    endloop
  endfacet
  facet normal -0.233797 -0.486144 -0.842023
    outer loop
      vertex -9.69098 10.0755 22.8236
      vertex -9.84356 0.0479498 28.6554
      vertex -9.84356 10.0938 22.8554
    endloop
  endfacet
  facet normal -0.97236 0.116743 0.202205
    outer loop
      vertex -9.04894 9.44549 21.7324
      vertex -9.01231 -0.524111 27.6645
      vertex -9.01231 9.52178 21.8645
    endloop
  endfacet
  facet normal -0.97236 0.116743 0.202204
    outer loop
      vertex -9.01231 -0.524111 27.6645
      vertex -9.04894 9.44549 21.7324
      vertex -9.04894 -0.600402 27.5324
    endloop
  endfacet
  facet normal -0.996919 0.0392188 0.067929
    outer loop
      vertex -9.01231 9.52178 21.8645
      vertex -9 -0.445894 27.8
      vertex -9 9.6 22
    endloop
  endfacet
  facet normal -0.996919 0.0392192 0.0679296
    outer loop
      vertex -9 -0.445894 27.8
      vertex -9.01231 9.52178 21.8645
      vertex -9.01231 -0.524111 27.6645
    endloop
  endfacet
  facet normal -0.923921 0.191292 0.331327
    outer loop
      vertex -9.10899 9.373 21.6068
      vertex -9.04894 -0.600402 27.5324
      vertex -9.04894 9.44549 21.7324
    endloop
  endfacet
  facet normal -0.923919 0.191294 0.33133
    outer loop
      vertex -9.04894 -0.600402 27.5324
      vertex -9.10899 9.373 21.6068
      vertex -9.10899 -0.672889 27.4068
    endloop
  endfacet
  facet normal -0.852536 -0.261334 -0.452644
    outer loop
      vertex -9.10899 9.82699 22.3932
      vertex -9.19098 -0.152002 28.309
      vertex -9.19098 9.89389 22.509
    endloop
  endfacet
  facet normal -0.852534 -0.261336 -0.452648
    outer loop
      vertex -9.19098 -0.152002 28.309
      vertex -9.10899 9.82699 22.3932
      vertex -9.10899 -0.218899 28.1932
    endloop
  endfacet
  facet normal -0.0781157 -0.498474 -0.863378
    outer loop
      vertex -10 0.0541058 28.666
      vertex -9.84356 10.0938 22.8554
      vertex -9.84356 0.0479498 28.6554
    endloop
  endfacet
  facet normal -0.078255 -0.498467 -0.86337
    outer loop
      vertex -9.84356 10.0938 22.8554
      vertex -10 0.0541058 28.666
      vertex -10 10.1 22.866
    endloop
  endfacet
  facet normal -0.852527 0.261341 0.452656
    outer loop
      vertex -9.19098 9.30611 21.491
      vertex -9.10899 -0.672889 27.4068
      vertex -9.10899 9.373 21.6068
    endloop
  endfacet
  facet normal -0.852534 0.261336 0.452647
    outer loop
      vertex -9.10899 -0.672889 27.4068
      vertex -9.19098 9.30611 21.491
      vertex -9.19098 -0.739787 27.291
    endloop
  endfacet
  facet normal -0.97236 -0.116743 -0.202205
    outer loop
      vertex -9.01231 9.67822 22.1355
      vertex -9.04894 -0.291386 28.0676
      vertex -9.04894 9.75451 22.2676
    endloop
  endfacet
  facet normal -0.97236 -0.116743 -0.202204
    outer loop
      vertex -9.04894 -0.291386 28.0676
      vertex -9.01231 9.67822 22.1355
      vertex -9.01231 -0.367677 27.9355
    endloop
  endfacet
  facet normal 0.972404 -0.116653 -0.202048
    outer loop
      vertex -10.9511 -0.291386 28.0676
      vertex -10.9877 9.67822 22.1355
      vertex -10.9511 9.75451 22.2676
    endloop
  endfacet
  facet normal 0.972404 -0.116652 -0.202047
    outer loop
      vertex -10.9877 9.67822 22.1355
      vertex -10.9511 -0.291386 28.0676
      vertex -10.9877 -0.367677 27.9355
    endloop
  endfacet
  facet normal -0.522464 -0.426331 -0.738426
    outer loop
      vertex -9.54601 -0.000390954 28.5716
      vertex -9.41221 10.0045 22.7006
      vertex -9.41221 -0.0413861 28.5006
    endloop
  endfacet
  facet normal -0.522476 -0.426327 -0.73842
    outer loop
      vertex -9.41221 10.0045 22.7006
      vertex -9.54601 -0.000390954 28.5716
      vertex -9.54601 10.0455 22.7716
    endloop
  endfacet
  facet normal 0.0781482 0.498471 0.863377
    outer loop
      vertex -10.1564 -0.939738 26.9446
      vertex -10 9.1 21.134
      vertex -10.1564 9.10616 21.1446
    endloop
  endfacet
  facet normal 0.0781355 0.498471 0.863378
    outer loop
      vertex -10 9.1 21.134
      vertex -10.1564 -0.939738 26.9446
      vertex -10 -0.945894 26.934
    endloop
  endfacet
  facet normal -0.649271 -0.380279 -0.658662
    outer loop
      vertex -9.41221 -0.0413861 28.5006
      vertex -9.29289 9.95355 22.6124
      vertex -9.29289 -0.0923409 28.4124
    endloop
  endfacet
  facet normal -0.649262 -0.380283 -0.658668
    outer loop
      vertex -9.29289 9.95355 22.6124
      vertex -9.41221 -0.0413861 28.5006
      vertex -9.41221 10.0045 22.7006
    endloop
  endfacet
  facet normal -0.923916 -0.191298 -0.331337
    outer loop
      vertex -9.04894 9.75451 22.2676
      vertex -9.10899 -0.218899 28.1932
      vertex -9.10899 9.82699 22.3932
    endloop
  endfacet
  facet normal -0.923919 -0.191294 -0.33133
    outer loop
      vertex -9.10899 -0.218899 28.1932
      vertex -9.04894 9.75451 22.2676
      vertex -9.04894 -0.291386 28.0676
    endloop
  endfacet
  facet normal 0.996924 -0.0391871 -0.0678741
    outer loop
      vertex -10.9877 -0.367677 27.9355
      vertex -11 9.6 22
      vertex -10.9877 9.67822 22.1355
    endloop
  endfacet
  facet normal 0.996924 -0.0391875 -0.0678748
    outer loop
      vertex -11 9.6 22
      vertex -10.9877 -0.367677 27.9355
      vertex -11 -0.445894 27.8
    endloop
  endfacet
  facet normal -0.382669 -0.461943 -0.800108
    outer loop
      vertex -9.69098 0.0296341 28.6236
      vertex -9.54601 10.0455 22.7716
      vertex -9.54601 -0.000390954 28.5716
    endloop
  endfacet
  facet normal -0.382601 -0.461958 -0.800132
    outer loop
      vertex -9.54601 10.0455 22.7716
      vertex -9.69098 0.0296341 28.6236
      vertex -9.69098 10.0755 22.8236
    endloop
  endfacet
  facet normal 0.649343 0.380248 0.658608
    outer loop
      vertex -10.7071 -0.799447 27.1876
      vertex -10.5878 9.19549 21.2994
      vertex -10.7071 9.24645 21.3876
    endloop
  endfacet
  facet normal 0.649334 0.380252 0.658615
    outer loop
      vertex -10.5878 9.19549 21.2994
      vertex -10.7071 -0.799447 27.1876
      vertex -10.5878 -0.850402 27.0994
    endloop
  endfacet
  facet normal 0.382615 0.461954 0.800128
    outer loop
      vertex -10.454 -0.891397 27.0284
      vertex -10.309 9.12447 21.1764
      vertex -10.454 9.1545 21.2284
    endloop
  endfacet
  facet normal 0.382601 0.461957 0.800133
    outer loop
      vertex -10.309 9.12447 21.1764
      vertex -10.454 -0.891397 27.0284
      vertex -10.309 -0.921422 26.9764
    endloop
  endfacet
  facet normal 0.522464 -0.426331 -0.738426
    outer loop
      vertex -10.5878 10.0045 22.7006
      vertex -10.454 -0.000390954 28.5716
      vertex -10.5878 -0.0413861 28.5006
    endloop
  endfacet
  facet normal 0.522476 -0.426327 -0.73842
    outer loop
      vertex -10.454 -0.000390954 28.5716
      vertex -10.5878 10.0045 22.7006
      vertex -10.454 10.0455 22.7716
    endloop
  endfacet
  facet normal -0.382682 0.46194 0.800104
    outer loop
      vertex -9.69098 9.12447 21.1764
      vertex -9.54601 -0.891397 27.0284
      vertex -9.54601 9.1545 21.2284
    endloop
  endfacet
  facet normal -0.382669 0.461943 0.800108
    outer loop
      vertex -9.54601 -0.891397 27.0284
      vertex -9.69098 9.12447 21.1764
      vertex -9.69098 -0.921422 26.9764
    endloop
  endfacet
  facet normal 0.382601 -0.461957 -0.800133
    outer loop
      vertex -10.454 10.0455 22.7716
      vertex -10.309 0.0296341 28.6236
      vertex -10.454 -0.000390954 28.5716
    endloop
  endfacet
  facet normal 0.382533 -0.461972 -0.800156
    outer loop
      vertex -10.309 0.0296341 28.6236
      vertex -10.454 10.0455 22.7716
      vertex -10.309 10.0755 22.8236
    endloop
  endfacet
  facet normal 0.760587 -0.324618 -0.562255
    outer loop
      vertex -10.7071 -0.0923409 28.4124
      vertex -10.809 9.89389 22.509
      vertex -10.7071 9.95355 22.6124
    endloop
  endfacet
  facet normal 0.760589 -0.324617 -0.562253
    outer loop
      vertex -10.809 9.89389 22.509
      vertex -10.7071 -0.0923409 28.4124
      vertex -10.809 -0.152002 28.309
    endloop
  endfacet
  facet normal 0.522453 0.426334 0.738432
    outer loop
      vertex -10.5878 -0.850402 27.0994
      vertex -10.454 9.1545 21.2284
      vertex -10.5878 9.19549 21.2994
    endloop
  endfacet
  facet normal 0.522464 0.426331 0.738426
    outer loop
      vertex -10.454 9.1545 21.2284
      vertex -10.5878 -0.850402 27.0994
      vertex -10.454 -0.891397 27.0284
    endloop
  endfacet
  facet normal 0.649334 -0.380252 -0.658615
    outer loop
      vertex -10.7071 9.95355 22.6124
      vertex -10.5878 -0.0413861 28.5006
      vertex -10.7071 -0.0923409 28.4124
    endloop
  endfacet
  facet normal 0.649325 -0.380256 -0.658622
    outer loop
      vertex -10.5878 -0.0413861 28.5006
      vertex -10.7071 9.95355 22.6124
      vertex -10.5878 10.0045 22.7006
    endloop
  endfacet
  facet normal 0.923804 -0.191434 -0.331572
    outer loop
      vertex -10.891 -0.218899 28.1932
      vertex -10.9511 9.75451 22.2676
      vertex -10.891 9.82699 22.3932
    endloop
  endfacet
  facet normal 0.923807 -0.191429 -0.331566
    outer loop
      vertex -10.9511 9.75451 22.2676
      vertex -10.891 -0.218899 28.1932
      vertex -10.9511 -0.291386 28.0676
    endloop
  endfacet
  facet normal -0.996919 -0.0392188 -0.067929
    outer loop
      vertex -9 9.6 22
      vertex -9.01231 -0.367677 27.9355
      vertex -9.01231 9.67822 22.1355
    endloop
  endfacet
  facet normal -0.996919 -0.0392192 -0.0679296
    outer loop
      vertex -9.01231 -0.367677 27.9355
      vertex -9 9.6 22
      vertex -9 -0.445894 27.8
    endloop
  endfacet
  facet normal -0.522453 0.426334 0.738432
    outer loop
      vertex -9.54601 9.1545 21.2284
      vertex -9.41221 -0.850402 27.0994
      vertex -9.41221 9.19549 21.2994
    endloop
  endfacet
  facet normal -0.522464 0.426331 0.738426
    outer loop
      vertex -9.41221 -0.850402 27.0994
      vertex -9.54601 9.1545 21.2284
      vertex -9.54601 -0.891397 27.0284
    endloop
  endfacet
  facet normal -0.760556 0.324636 0.562287
    outer loop
      vertex -9.29289 9.24645 21.3876
      vertex -9.19098 -0.739787 27.291
      vertex -9.19098 9.30611 21.491
    endloop
  endfacet
  facet normal -0.760556 0.324636 0.562287
    outer loop
      vertex -9.19098 -0.739787 27.291
      vertex -9.29289 9.24645 21.3876
      vertex -9.29289 -0.799447 27.1876
    endloop
  endfacet
  facet normal -0.64928 0.380274 0.658655
    outer loop
      vertex -9.41221 9.19549 21.2994
      vertex -9.29289 -0.799447 27.1876
      vertex -9.29289 9.24645 21.3876
    endloop
  endfacet
  facet normal -0.649271 0.380279 0.658662
    outer loop
      vertex -9.29289 -0.799447 27.1876
      vertex -9.41221 9.19549 21.2994
      vertex -9.41221 -0.850402 27.0994
    endloop
  endfacet
  facet normal -0.760556 -0.324636 -0.562287
    outer loop
      vertex -9.19098 9.89389 22.509
      vertex -9.29289 -0.0923409 28.4124
      vertex -9.29289 9.95355 22.6124
    endloop
  endfacet
  facet normal -0.760557 -0.324636 -0.562285
    outer loop
      vertex -9.29289 -0.0923409 28.4124
      vertex -9.19098 9.89389 22.509
      vertex -9.19098 -0.152002 28.309
    endloop
  endfacet
  facet normal 0.760587 0.324618 0.562255
    outer loop
      vertex -10.809 -0.739787 27.291
      vertex -10.7071 9.24645 21.3876
      vertex -10.809 9.30611 21.491
    endloop
  endfacet
  facet normal 0.760587 0.324618 0.562255
    outer loop
      vertex -10.7071 9.24645 21.3876
      vertex -10.809 -0.739787 27.291
      vertex -10.7071 -0.799447 27.1876
    endloop
  endfacet
  facet normal 0.233815 -0.486142 -0.842019
    outer loop
      vertex -10.309 10.0755 22.8236
      vertex -10.1564 0.0479498 28.6554
      vertex -10.309 0.0296341 28.6236
    endloop
  endfacet
  facet normal 0.233768 -0.486148 -0.842029
    outer loop
      vertex -10.1564 0.0479498 28.6554
      vertex -10.309 10.0755 22.8236
      vertex -10.1564 10.0938 22.8554
    endloop
  endfacet
  facet normal 0.852508 -0.261357 -0.452684
    outer loop
      vertex -10.809 -0.152002 28.309
      vertex -10.891 9.82699 22.3932
      vertex -10.809 9.89389 22.509
    endloop
  endfacet
  facet normal 0.852505 -0.26136 -0.452688
    outer loop
      vertex -10.891 9.82699 22.3932
      vertex -10.809 -0.152002 28.309
      vertex -10.891 -0.218899 28.1932
    endloop
  endfacet
  facet normal 0.233798 0.486143 0.842024
    outer loop
      vertex -10.309 -0.921422 26.9764
      vertex -10.1564 9.10616 21.1446
      vertex -10.309 9.12447 21.1764
    endloop
  endfacet
  facet normal 0.233816 0.48614 0.84202
    outer loop
      vertex -10.1564 9.10616 21.1446
      vertex -10.309 -0.921422 26.9764
      vertex -10.1564 -0.939738 26.9446
    endloop
  endfacet
  facet normal 0.923808 0.191428 0.331563
    outer loop
      vertex -10.9511 -0.600402 27.5324
      vertex -10.891 9.373 21.6068
      vertex -10.9511 9.44549 21.7324
    endloop
  endfacet
  facet normal 0.923807 0.19143 0.331566
    outer loop
      vertex -10.891 9.373 21.6068
      vertex -10.9511 -0.600402 27.5324
      vertex -10.891 -0.672889 27.4068
    endloop
  endfacet
  facet normal 0.852499 0.261365 0.452696
    outer loop
      vertex -10.891 -0.672889 27.4068
      vertex -10.809 9.30611 21.491
      vertex -10.891 9.373 21.6068
    endloop
  endfacet
  facet normal 0.852506 0.261359 0.452687
    outer loop
      vertex -10.809 9.30611 21.491
      vertex -10.891 -0.672889 27.4068
      vertex -10.809 -0.739787 27.291
    endloop
  endfacet
  facet normal -0.233827 0.486139 0.842018
    outer loop
      vertex -9.84356 9.10616 21.1446
      vertex -9.69098 -0.921422 26.9764
      vertex -9.69098 9.12447 21.1764
    endloop
  endfacet
  facet normal -0.233845 0.486137 0.842014
    outer loop
      vertex -9.69098 -0.921422 26.9764
      vertex -9.84356 9.10616 21.1446
      vertex -9.84356 -0.939738 26.9446
    endloop
  endfacet
  facet normal -0.0781283 0.498472 0.863378
    outer loop
      vertex -10 9.1 21.134
      vertex -9.84356 -0.939738 26.9446
      vertex -9.84356 9.10616 21.1446
    endloop
  endfacet
  facet normal -0.0781157 0.498472 0.863379
    outer loop
      vertex -9.84356 -0.939738 26.9446
      vertex -10 9.1 21.134
      vertex -10 -0.945894 26.934
    endloop
  endfacet
  facet normal 0.996924 0.0391872 0.0678741
    outer loop
      vertex -11 -0.445894 27.8
      vertex -10.9877 9.52178 21.8645
      vertex -11 9.6 22
    endloop
  endfacet
  facet normal 0.996924 0.0391875 0.0678748
    outer loop
      vertex -10.9877 9.52178 21.8645
      vertex -11 -0.445894 27.8
      vertex -10.9877 -0.524111 27.6645
    endloop
  endfacet
  facet normal 0.972404 0.116653 0.202048
    outer loop
      vertex -10.9877 -0.524111 27.6645
      vertex -10.9511 9.44549 21.7324
      vertex -10.9877 9.52178 21.8645
    endloop
  endfacet
  facet normal 0.972404 0.116652 0.202047
    outer loop
      vertex -10.9511 9.44549 21.7324
      vertex -10.9877 -0.524111 27.6645
      vertex -10.9511 -0.600402 27.5324
    endloop
  endfacet
  facet normal 0.000198784 0.866019 -0.500011
    outer loop
      vertex -10 -0.945894 26.934
      vertex -10 0.0541058 28.666
      vertex -9.84356 0.0479498 28.6554
    endloop
  endfacet
  facet normal -0.000245419 0.866035 -0.499984
    outer loop
      vertex -9.84356 -0.939738 26.9446
      vertex -9.84356 0.0479498 28.6554
      vertex -9.69098 0.0296341 28.6236
    endloop
  endfacet
  facet normal -0.000198835 0.866019 -0.500011
    outer loop
      vertex -10 0.0541058 28.666
      vertex -10 -0.945894 26.934
      vertex -10.1564 0.0479498 28.6554
    endloop
  endfacet
  facet normal 8.52888e-06 0.866015 -0.500018
    outer loop
      vertex -9.69098 -0.921422 26.9764
      vertex -9.69098 0.0296341 28.6236
      vertex -9.54601 -0.000390954 28.5716
    endloop
  endfacet
  facet normal 0.000201302 0.866035 -0.499984
    outer loop
      vertex -10.1564 -0.939738 26.9446
      vertex -10.1564 0.0479498 28.6554
      vertex -10 -0.945894 26.934
    endloop
  endfacet
  facet normal 9.56291e-06 0.866016 -0.500016
    outer loop
      vertex -9.54601 -0.891397 27.0284
      vertex -9.54601 -0.000390954 28.5716
      vertex -9.41221 -0.0413861 28.5006
    endloop
  endfacet
  facet normal 0.000245387 0.866035 -0.499984
    outer loop
      vertex -10.1564 0.0479498 28.6554
      vertex -10.1564 -0.939738 26.9446
      vertex -10.309 0.0296341 28.6236
    endloop
  endfacet
  facet normal 0.000220988 0.866017 -0.500015
    outer loop
      vertex -9.41221 -0.850402 27.0994
      vertex -9.41221 -0.0413861 28.5006
      vertex -9.29289 -0.0923409 28.4124
    endloop
  endfacet
  facet normal -0.000253121 0.866015 -0.500018
    outer loop
      vertex -10.309 -0.921422 26.9764
      vertex -10.309 0.0296341 28.6236
      vertex -10.1564 -0.939738 26.9446
    endloop
  endfacet
  facet normal -0.000290406 0.866035 -0.499983
    outer loop
      vertex -9.29289 -0.799447 27.1876
      vertex -9.29289 -0.0923409 28.4124
      vertex -9.19098 -0.152002 28.309
    endloop
  endfacet
  facet normal -8.52711e-06 0.866015 -0.500018
    outer loop
      vertex -10.309 0.0296341 28.6236
      vertex -10.309 -0.921422 26.9764
      vertex -10.454 -0.000390954 28.5716
    endloop
  endfacet
  facet normal 0.000369818 0.86601 -0.500027
    outer loop
      vertex -9.19098 -0.739787 27.291
      vertex -9.19098 -0.152002 28.309
      vertex -9.10899 -0.218899 28.1932
    endloop
  endfacet
  facet normal 8.7684e-06 0.866016 -0.500016
    outer loop
      vertex -10.454 -0.891397 27.0284
      vertex -10.454 -0.000390954 28.5716
      vertex -10.309 -0.921422 26.9764
    endloop
  endfacet
  facet normal -0.000318503 0.866044 -0.499968
    outer loop
      vertex -9.10899 -0.672889 27.4068
      vertex -9.10899 -0.218899 28.1932
      vertex -9.04894 -0.291386 28.0676
    endloop
  endfacet
  facet normal -9.56291e-06 0.866016 -0.500016
    outer loop
      vertex -10.454 -0.000390954 28.5716
      vertex -10.454 -0.891397 27.0284
      vertex -10.5878 -0.0413861 28.5006
    endloop
  endfacet
  facet normal 0.000445878 0.866013 -0.50002
    outer loop
      vertex -9.10899 -0.672889 27.4068
      vertex -9.04894 -0.291386 28.0676
      vertex -9.01231 -0.367677 27.9355
    endloop
  endfacet
  facet normal 9.53918e-06 0.866017 -0.500015
    outer loop
      vertex -10.5878 -0.850402 27.0994
      vertex -10.5878 -0.0413861 28.5006
      vertex -10.454 -0.891397 27.0284
    endloop
  endfacet
  facet normal -0.000128002 0.866059 -0.499942
    outer loop
      vertex -9.10899 -0.672889 27.4068
      vertex -9.01231 -0.367677 27.9355
      vertex -9 -0.445894 27.8
    endloop
  endfacet
  facet normal -0.000221025 0.866017 -0.500015
    outer loop
      vertex -10.5878 -0.0413861 28.5006
      vertex -10.5878 -0.850402 27.0994
      vertex -10.7071 -0.0923409 28.4124
    endloop
  endfacet
  facet normal -0.00128852 0.866114 -0.499845
    outer loop
      vertex -9.04894 -0.600402 27.5324
      vertex -9 -0.445894 27.8
      vertex -9.01231 -0.524111 27.6645
    endloop
  endfacet
  facet normal -0.000201251 0.866035 -0.499984
    outer loop
      vertex -9.84356 0.0479498 28.6554
      vertex -9.84356 -0.939738 26.9446
      vertex -10 -0.945894 26.934
    endloop
  endfacet
  facet normal 0.00075783 0.865952 -0.500126
    outer loop
      vertex -9.10899 -0.672889 27.4068
      vertex -9 -0.445894 27.8
      vertex -9.04894 -0.600402 27.5324
    endloop
  endfacet
  facet normal 0.000254419 0.866035 -0.499983
    outer loop
      vertex -10.7071 -0.799447 27.1876
      vertex -10.7071 -0.0923409 28.4124
      vertex -10.5878 -0.850402 27.0994
    endloop
  endfacet
  facet normal -0.000490869 0.866044 -0.499968
    outer loop
      vertex -9.10899 -0.218899 28.1932
      vertex -9.10899 -0.672889 27.4068
      vertex -9.19098 -0.739787 27.291
    endloop
  endfacet
  facet normal 0.000290435 0.866035 -0.499983
    outer loop
      vertex -10.7071 -0.0923409 28.4124
      vertex -10.7071 -0.799447 27.1876
      vertex -10.809 -0.152002 28.309
    endloop
  endfacet
  facet normal 0.000359687 0.86601 -0.500027
    outer loop
      vertex -9.19098 -0.152002 28.309
      vertex -9.19098 -0.739787 27.291
      vertex -9.29289 -0.799447 27.1876
    endloop
  endfacet
  facet normal -0.000359722 0.86601 -0.500027
    outer loop
      vertex -10.809 -0.739787 27.291
      vertex -10.809 -0.152002 28.309
      vertex -10.7071 -0.799447 27.1876
    endloop
  endfacet
  facet normal -0.000254377 0.866035 -0.499983
    outer loop
      vertex -9.29289 -0.0923409 28.4124
      vertex -9.29289 -0.799447 27.1876
      vertex -9.41221 -0.850402 27.0994
    endloop
  endfacet
  facet normal 0.000253154 0.866015 -0.500018
    outer loop
      vertex -9.69098 0.0296341 28.6236
      vertex -9.69098 -0.921422 26.9764
      vertex -9.84356 -0.939738 26.9446
    endloop
  endfacet
  facet normal -9.53918e-06 0.866017 -0.500015
    outer loop
      vertex -9.41221 -0.0413861 28.5006
      vertex -9.41221 -0.850402 27.0994
      vertex -9.54601 -0.891397 27.0284
    endloop
  endfacet
  facet normal -8.77022e-06 0.866016 -0.500016
    outer loop
      vertex -9.54601 -0.000390954 28.5716
      vertex -9.54601 -0.891397 27.0284
      vertex -9.69098 -0.921422 26.9764
    endloop
  endfacet
  facet normal 0.000490809 0.866044 -0.499968
    outer loop
      vertex -10.891 -0.672889 27.4068
      vertex -10.891 -0.218899 28.1932
      vertex -10.809 -0.739787 27.291
    endloop
  endfacet
  facet normal -0.000756428 0.865953 -0.500126
    outer loop
      vertex -11 -0.445894 27.8
      vertex -10.891 -0.672889 27.4068
      vertex -10.9511 -0.600402 27.5324
    endloop
  endfacet
  facet normal 0.00128959 0.866114 -0.499845
    outer loop
      vertex -11 -0.445894 27.8
      vertex -10.9511 -0.600402 27.5324
      vertex -10.9877 -0.524111 27.6645
    endloop
  endfacet
  facet normal 0.000128019 0.866059 -0.499942
    outer loop
      vertex -10.9877 -0.367677 27.9355
      vertex -10.891 -0.672889 27.4068
      vertex -11 -0.445894 27.8
    endloop
  endfacet
  facet normal 0.000318238 0.866044 -0.499968
    outer loop
      vertex -10.891 -0.218899 28.1932
      vertex -10.891 -0.672889 27.4068
      vertex -10.9511 -0.291386 28.0676
    endloop
  endfacet
  facet normal -0.000446061 0.866013 -0.50002
    outer loop
      vertex -10.9511 -0.291386 28.0676
      vertex -10.891 -0.672889 27.4068
      vertex -10.9877 -0.367677 27.9355
    endloop
  endfacet
  facet normal -0.000369773 0.86601 -0.500027
    outer loop
      vertex -10.809 -0.152002 28.309
      vertex -10.809 -0.739787 27.291
      vertex -10.891 -0.218899 28.1932
    endloop
  endfacet
  facet normal 0.0781355 -0.498473 -0.863377
    outer loop
      vertex -10.1564 10.0938 22.8554
      vertex -10 0.0541058 28.666
      vertex -10.1564 0.0479498 28.6554
    endloop
  endfacet
  facet normal 0.0782749 -0.498466 -0.863368
    outer loop
      vertex -10 0.0541058 28.666
      vertex -10.1564 10.0938 22.8554
      vertex -10 10.1 22.866
    endloop
  endfacet
  facet normal -0.382601 -0.461957 -0.800133
    outer loop
      vertex 10.309 0.0296341 28.6236
      vertex 10.454 10.0455 22.7716
      vertex 10.454 -0.000390954 28.5716
    endloop
  endfacet
  facet normal -0.382533 -0.461972 -0.800156
    outer loop
      vertex 10.454 10.0455 22.7716
      vertex 10.309 0.0296341 28.6236
      vertex 10.309 10.0755 22.8236
    endloop
  endfacet
  facet normal -0.972404 0.116653 0.202048
    outer loop
      vertex 10.9511 9.44549 21.7324
      vertex 10.9877 -0.524111 27.6645
      vertex 10.9877 9.52178 21.8645
    endloop
  endfacet
  facet normal -0.972404 0.116652 0.202047
    outer loop
      vertex 10.9877 -0.524111 27.6645
      vertex 10.9511 9.44549 21.7324
      vertex 10.9511 -0.600402 27.5324
    endloop
  endfacet
  facet normal -0.996924 0.0391872 0.0678741
    outer loop
      vertex 10.9877 9.52178 21.8645
      vertex 11 -0.445894 27.8
      vertex 11 9.6 22
    endloop
  endfacet
  facet normal -0.996924 0.0391875 0.0678748
    outer loop
      vertex 11 -0.445894 27.8
      vertex 10.9877 9.52178 21.8645
      vertex 10.9877 -0.524111 27.6645
    endloop
  endfacet
  facet normal -0.923808 0.191428 0.331563
    outer loop
      vertex 10.891 9.373 21.6068
      vertex 10.9511 -0.600402 27.5324
      vertex 10.9511 9.44549 21.7324
    endloop
  endfacet
  facet normal -0.923807 0.19143 0.331566
    outer loop
      vertex 10.9511 -0.600402 27.5324
      vertex 10.891 9.373 21.6068
      vertex 10.891 -0.672889 27.4068
    endloop
  endfacet
  facet normal 0.522464 -0.426331 -0.738426
    outer loop
      vertex 9.41221 10.0045 22.7006
      vertex 9.54601 -0.000390954 28.5716
      vertex 9.41221 -0.0413861 28.5006
    endloop
  endfacet
  facet normal 0.522476 -0.426327 -0.73842
    outer loop
      vertex 9.54601 -0.000390954 28.5716
      vertex 9.41221 10.0045 22.7006
      vertex 9.54601 10.0455 22.7716
    endloop
  endfacet
  facet normal 0.649271 -0.380279 -0.658662
    outer loop
      vertex 9.29289 9.95355 22.6124
      vertex 9.41221 -0.0413861 28.5006
      vertex 9.29289 -0.0923409 28.4124
    endloop
  endfacet
  facet normal 0.649262 -0.380283 -0.658668
    outer loop
      vertex 9.41221 -0.0413861 28.5006
      vertex 9.29289 9.95355 22.6124
      vertex 9.41221 10.0045 22.7006
    endloop
  endfacet
  facet normal -0.233798 0.486143 0.842024
    outer loop
      vertex 10.1564 9.10616 21.1446
      vertex 10.309 -0.921422 26.9764
      vertex 10.309 9.12447 21.1764
    endloop
  endfacet
  facet normal -0.233816 0.48614 0.84202
    outer loop
      vertex 10.309 -0.921422 26.9764
      vertex 10.1564 9.10616 21.1446
      vertex 10.1564 -0.939738 26.9446
    endloop
  endfacet
  facet normal -0.923804 -0.191434 -0.331572
    outer loop
      vertex 10.9511 9.75451 22.2676
      vertex 10.891 -0.218899 28.1932
      vertex 10.891 9.82699 22.3932
    endloop
  endfacet
  facet normal -0.923807 -0.191429 -0.331566
    outer loop
      vertex 10.891 -0.218899 28.1932
      vertex 10.9511 9.75451 22.2676
      vertex 10.9511 -0.291386 28.0676
    endloop
  endfacet
  facet normal -0.382615 0.461954 0.800128
    outer loop
      vertex 10.309 9.12447 21.1764
      vertex 10.454 -0.891397 27.0284
      vertex 10.454 9.1545 21.2284
    endloop
  endfacet
  facet normal -0.382601 0.461957 0.800133
    outer loop
      vertex 10.454 -0.891397 27.0284
      vertex 10.309 9.12447 21.1764
      vertex 10.309 -0.921422 26.9764
    endloop
  endfacet
  facet normal -0.852508 -0.261357 -0.452684
    outer loop
      vertex 10.891 9.82699 22.3932
      vertex 10.809 -0.152002 28.309
      vertex 10.809 9.89389 22.509
    endloop
  endfacet
  facet normal -0.852505 -0.26136 -0.452688
    outer loop
      vertex 10.809 -0.152002 28.309
      vertex 10.891 9.82699 22.3932
      vertex 10.891 -0.218899 28.1932
    endloop
  endfacet
  facet normal -0.852499 0.261365 0.452696
    outer loop
      vertex 10.809 9.30611 21.491
      vertex 10.891 -0.672889 27.4068
      vertex 10.891 9.373 21.6068
    endloop
  endfacet
  facet normal -0.852506 0.261359 0.452687
    outer loop
      vertex 10.891 -0.672889 27.4068
      vertex 10.809 9.30611 21.491
      vertex 10.809 -0.739787 27.291
    endloop
  endfacet
  facet normal 0.97236 0.116743 0.202205
    outer loop
      vertex 9.01231 -0.524111 27.6645
      vertex 9.04894 9.44549 21.7324
      vertex 9.01231 9.52178 21.8645
    endloop
  endfacet
  facet normal 0.97236 0.116743 0.202204
    outer loop
      vertex 9.04894 9.44549 21.7324
      vertex 9.01231 -0.524111 27.6645
      vertex 9.04894 -0.600402 27.5324
    endloop
  endfacet
  facet normal -0.996924 -0.0391871 -0.0678741
    outer loop
      vertex 11 9.6 22
      vertex 10.9877 -0.367677 27.9355
      vertex 10.9877 9.67822 22.1355
    endloop
  endfacet
  facet normal -0.996924 -0.0391875 -0.0678748
    outer loop
      vertex 10.9877 -0.367677 27.9355
      vertex 11 9.6 22
      vertex 11 -0.445894 27.8
    endloop
  endfacet
  facet normal -0.649334 -0.380252 -0.658615
    outer loop
      vertex 10.5878 -0.0413861 28.5006
      vertex 10.7071 9.95355 22.6124
      vertex 10.7071 -0.0923409 28.4124
    endloop
  endfacet
  facet normal -0.649325 -0.380256 -0.658622
    outer loop
      vertex 10.7071 9.95355 22.6124
      vertex 10.5878 -0.0413861 28.5006
      vertex 10.5878 10.0045 22.7006
    endloop
  endfacet
  facet normal -0.0781482 0.498471 0.863377
    outer loop
      vertex 10 9.1 21.134
      vertex 10.1564 -0.939738 26.9446
      vertex 10.1564 9.10616 21.1446
    endloop
  endfacet
  facet normal -0.0781355 0.498471 0.863378
    outer loop
      vertex 10.1564 -0.939738 26.9446
      vertex 10 9.1 21.134
      vertex 10 -0.945894 26.934
    endloop
  endfacet
  facet normal 0.923916 -0.191298 -0.331337
    outer loop
      vertex 9.10899 -0.218899 28.1932
      vertex 9.04894 9.75451 22.2676
      vertex 9.10899 9.82699 22.3932
    endloop
  endfacet
  facet normal 0.923919 -0.191294 -0.33133
    outer loop
      vertex 9.04894 9.75451 22.2676
      vertex 9.10899 -0.218899 28.1932
      vertex 9.04894 -0.291386 28.0676
    endloop
  endfacet
  facet normal 0.760556 -0.324636 -0.562287
    outer loop
      vertex 9.29289 -0.0923409 28.4124
      vertex 9.19098 9.89389 22.509
      vertex 9.29289 9.95355 22.6124
    endloop
  endfacet
  facet normal 0.760557 -0.324636 -0.562285
    outer loop
      vertex 9.19098 9.89389 22.509
      vertex 9.29289 -0.0923409 28.4124
      vertex 9.19098 -0.152002 28.309
    endloop
  endfacet
  facet normal 0.760556 0.324636 0.562287
    outer loop
      vertex 9.19098 -0.739787 27.291
      vertex 9.29289 9.24645 21.3876
      vertex 9.19098 9.30611 21.491
    endloop
  endfacet
  facet normal 0.760556 0.324636 0.562287
    outer loop
      vertex 9.29289 9.24645 21.3876
      vertex 9.19098 -0.739787 27.291
      vertex 9.29289 -0.799447 27.1876
    endloop
  endfacet
  facet normal 0.996919 -0.0392188 -0.067929
    outer loop
      vertex 9.01231 -0.367677 27.9355
      vertex 9 9.6 22
      vertex 9.01231 9.67822 22.1355
    endloop
  endfacet
  facet normal 0.996919 -0.0392192 -0.0679296
    outer loop
      vertex 9 9.6 22
      vertex 9.01231 -0.367677 27.9355
      vertex 9 -0.445894 27.8
    endloop
  endfacet
  facet normal -0.233815 -0.486142 -0.842019
    outer loop
      vertex 10.1564 0.0479498 28.6554
      vertex 10.309 10.0755 22.8236
      vertex 10.309 0.0296341 28.6236
    endloop
  endfacet
  facet normal -0.233768 -0.486148 -0.842029
    outer loop
      vertex 10.309 10.0755 22.8236
      vertex 10.1564 0.0479498 28.6554
      vertex 10.1564 10.0938 22.8554
    endloop
  endfacet
  facet normal -0.649343 0.380248 0.658608
    outer loop
      vertex 10.5878 9.19549 21.2994
      vertex 10.7071 -0.799447 27.1876
      vertex 10.7071 9.24645 21.3876
    endloop
  endfacet
  facet normal -0.649334 0.380252 0.658615
    outer loop
      vertex 10.7071 -0.799447 27.1876
      vertex 10.5878 9.19549 21.2994
      vertex 10.5878 -0.850402 27.0994
    endloop
  endfacet
  facet normal -0.760587 -0.324618 -0.562255
    outer loop
      vertex 10.809 9.89389 22.509
      vertex 10.7071 -0.0923409 28.4124
      vertex 10.7071 9.95355 22.6124
    endloop
  endfacet
  facet normal -0.760589 -0.324617 -0.562253
    outer loop
      vertex 10.7071 -0.0923409 28.4124
      vertex 10.809 9.89389 22.509
      vertex 10.809 -0.152002 28.309
    endloop
  endfacet
  facet normal 0.0781157 -0.498474 -0.863378
    outer loop
      vertex 9.84356 10.0938 22.8554
      vertex 10 0.0541058 28.666
      vertex 9.84356 0.0479498 28.6554
    endloop
  endfacet
  facet normal 0.078255 -0.498467 -0.86337
    outer loop
      vertex 10 0.0541058 28.666
      vertex 9.84356 10.0938 22.8554
      vertex 10 10.1 22.866
    endloop
  endfacet
  facet normal 0.64928 0.380274 0.658655
    outer loop
      vertex 9.29289 -0.799447 27.1876
      vertex 9.41221 9.19549 21.2994
      vertex 9.29289 9.24645 21.3876
    endloop
  endfacet
  facet normal 0.649271 0.380279 0.658662
    outer loop
      vertex 9.41221 9.19549 21.2994
      vertex 9.29289 -0.799447 27.1876
      vertex 9.41221 -0.850402 27.0994
    endloop
  endfacet
  facet normal -0.522453 0.426334 0.738432
    outer loop
      vertex 10.454 9.1545 21.2284
      vertex 10.5878 -0.850402 27.0994
      vertex 10.5878 9.19549 21.2994
    endloop
  endfacet
  facet normal -0.522464 0.426331 0.738426
    outer loop
      vertex 10.5878 -0.850402 27.0994
      vertex 10.454 9.1545 21.2284
      vertex 10.454 -0.891397 27.0284
    endloop
  endfacet
  facet normal -0.972404 -0.116653 -0.202048
    outer loop
      vertex 10.9877 9.67822 22.1355
      vertex 10.9511 -0.291386 28.0676
      vertex 10.9511 9.75451 22.2676
    endloop
  endfacet
  facet normal -0.972404 -0.116652 -0.202047
    outer loop
      vertex 10.9511 -0.291386 28.0676
      vertex 10.9877 9.67822 22.1355
      vertex 10.9877 -0.367677 27.9355
    endloop
  endfacet
  facet normal 0.382682 0.46194 0.800104
    outer loop
      vertex 9.54601 -0.891397 27.0284
      vertex 9.69098 9.12447 21.1764
      vertex 9.54601 9.1545 21.2284
    endloop
  endfacet
  facet normal 0.382669 0.461943 0.800108
    outer loop
      vertex 9.69098 9.12447 21.1764
      vertex 9.54601 -0.891397 27.0284
      vertex 9.69098 -0.921422 26.9764
    endloop
  endfacet
  facet normal 0.233827 0.486139 0.842018
    outer loop
      vertex 9.69098 -0.921422 26.9764
      vertex 9.84356 9.10616 21.1446
      vertex 9.69098 9.12447 21.1764
    endloop
  endfacet
  facet normal 0.233845 0.486137 0.842014
    outer loop
      vertex 9.84356 9.10616 21.1446
      vertex 9.69098 -0.921422 26.9764
      vertex 9.84356 -0.939738 26.9446
    endloop
  endfacet
  facet normal -0.522464 -0.426331 -0.738426
    outer loop
      vertex 10.454 -0.000390954 28.5716
      vertex 10.5878 10.0045 22.7006
      vertex 10.5878 -0.0413861 28.5006
    endloop
  endfacet
  facet normal -0.522476 -0.426327 -0.73842
    outer loop
      vertex 10.5878 10.0045 22.7006
      vertex 10.454 -0.000390954 28.5716
      vertex 10.454 10.0455 22.7716
    endloop
  endfacet
  facet normal 0.97236 -0.116743 -0.202205
    outer loop
      vertex 9.04894 -0.291386 28.0676
      vertex 9.01231 9.67822 22.1355
      vertex 9.04894 9.75451 22.2676
    endloop
  endfacet
  facet normal 0.97236 -0.116743 -0.202204
    outer loop
      vertex 9.01231 9.67822 22.1355
      vertex 9.04894 -0.291386 28.0676
      vertex 9.01231 -0.367677 27.9355
    endloop
  endfacet
  facet normal -0.0781355 -0.498473 -0.863377
    outer loop
      vertex 10 0.0541058 28.666
      vertex 10.1564 10.0938 22.8554
      vertex 10.1564 0.0479498 28.6554
    endloop
  endfacet
  facet normal -0.0782749 -0.498466 -0.863368
    outer loop
      vertex 10.1564 10.0938 22.8554
      vertex 10 0.0541058 28.666
      vertex 10 10.1 22.866
    endloop
  endfacet
  facet normal 0.0781283 0.498472 0.863378
    outer loop
      vertex 9.84356 -0.939738 26.9446
      vertex 10 9.1 21.134
      vertex 9.84356 9.10616 21.1446
    endloop
  endfacet
  facet normal 0.0781157 0.498472 0.863379
    outer loop
      vertex 10 9.1 21.134
      vertex 9.84356 -0.939738 26.9446
      vertex 10 -0.945894 26.934
    endloop
  endfacet
  facet normal 0.233844 -0.486138 -0.842013
    outer loop
      vertex 9.69098 10.0755 22.8236
      vertex 9.84356 0.0479498 28.6554
      vertex 9.69098 0.0296341 28.6236
    endloop
  endfacet
  facet normal 0.233797 -0.486144 -0.842023
    outer loop
      vertex 9.84356 0.0479498 28.6554
      vertex 9.69098 10.0755 22.8236
      vertex 9.84356 10.0938 22.8554
    endloop
  endfacet
  facet normal -0.760587 0.324618 0.562255
    outer loop
      vertex 10.7071 9.24645 21.3876
      vertex 10.809 -0.739787 27.291
      vertex 10.809 9.30611 21.491
    endloop
  endfacet
  facet normal -0.760587 0.324618 0.562255
    outer loop
      vertex 10.809 -0.739787 27.291
      vertex 10.7071 9.24645 21.3876
      vertex 10.7071 -0.799447 27.1876
    endloop
  endfacet
  facet normal 0.852536 -0.261334 -0.452644
    outer loop
      vertex 9.19098 -0.152002 28.309
      vertex 9.10899 9.82699 22.3932
      vertex 9.19098 9.89389 22.509
    endloop
  endfacet
  facet normal 0.852534 -0.261336 -0.452648
    outer loop
      vertex 9.10899 9.82699 22.3932
      vertex 9.19098 -0.152002 28.309
      vertex 9.10899 -0.218899 28.1932
    endloop
  endfacet
  facet normal 0.923921 0.191292 0.331327
    outer loop
      vertex 9.04894 -0.600402 27.5324
      vertex 9.10899 9.373 21.6068
      vertex 9.04894 9.44549 21.7324
    endloop
  endfacet
  facet normal 0.923919 0.191294 0.33133
    outer loop
      vertex 9.10899 9.373 21.6068
      vertex 9.04894 -0.600402 27.5324
      vertex 9.10899 -0.672889 27.4068
    endloop
  endfacet
  facet normal 0.382669 -0.461943 -0.800108
    outer loop
      vertex 9.54601 10.0455 22.7716
      vertex 9.69098 0.0296341 28.6236
      vertex 9.54601 -0.000390954 28.5716
    endloop
  endfacet
  facet normal 0.382601 -0.461958 -0.800132
    outer loop
      vertex 9.69098 0.0296341 28.6236
      vertex 9.54601 10.0455 22.7716
      vertex 9.69098 10.0755 22.8236
    endloop
  endfacet
  facet normal 0.996919 0.0392188 0.067929
    outer loop
      vertex 9 -0.445894 27.8
      vertex 9.01231 9.52178 21.8645
      vertex 9 9.6 22
    endloop
  endfacet
  facet normal 0.996919 0.0392192 0.0679296
    outer loop
      vertex 9.01231 9.52178 21.8645
      vertex 9 -0.445894 27.8
      vertex 9.01231 -0.524111 27.6645
    endloop
  endfacet
  facet normal 0.000198835 0.866019 -0.500011
    outer loop
      vertex 10 -0.945894 26.934
      vertex 10 0.0541058 28.666
      vertex 10.1564 0.0479498 28.6554
    endloop
  endfacet
  facet normal -0.000245387 0.866035 -0.499984
    outer loop
      vertex 10.1564 -0.939738 26.9446
      vertex 10.1564 0.0479498 28.6554
      vertex 10.309 0.0296341 28.6236
    endloop
  endfacet
  facet normal -0.000198784 0.866019 -0.500011
    outer loop
      vertex 10 0.0541058 28.666
      vertex 10 -0.945894 26.934
      vertex 9.84356 0.0479498 28.6554
    endloop
  endfacet
  facet normal 8.52711e-06 0.866015 -0.500018
    outer loop
      vertex 10.309 -0.921422 26.9764
      vertex 10.309 0.0296341 28.6236
      vertex 10.454 -0.000390954 28.5716
    endloop
  endfacet
  facet normal 0.000201251 0.866035 -0.499984
    outer loop
      vertex 9.84356 -0.939738 26.9446
      vertex 9.84356 0.0479498 28.6554
      vertex 10 -0.945894 26.934
    endloop
  endfacet
  facet normal 9.56291e-06 0.866016 -0.500016
    outer loop
      vertex 10.454 -0.891397 27.0284
      vertex 10.454 -0.000390954 28.5716
      vertex 10.5878 -0.0413861 28.5006
    endloop
  endfacet
  facet normal 0.000245419 0.866035 -0.499984
    outer loop
      vertex 9.84356 0.0479498 28.6554
      vertex 9.84356 -0.939738 26.9446
      vertex 9.69098 0.0296341 28.6236
    endloop
  endfacet
  facet normal 0.000221025 0.866017 -0.500015
    outer loop
      vertex 10.5878 -0.850402 27.0994
      vertex 10.5878 -0.0413861 28.5006
      vertex 10.7071 -0.0923409 28.4124
    endloop
  endfacet
  facet normal -0.000253154 0.866015 -0.500018
    outer loop
      vertex 9.69098 -0.921422 26.9764
      vertex 9.69098 0.0296341 28.6236
      vertex 9.84356 -0.939738 26.9446
    endloop
  endfacet
  facet normal -0.000290435 0.866035 -0.499983
    outer loop
      vertex 10.7071 -0.799447 27.1876
      vertex 10.7071 -0.0923409 28.4124
      vertex 10.809 -0.152002 28.309
    endloop
  endfacet
  facet normal -8.52888e-06 0.866015 -0.500018
    outer loop
      vertex 9.69098 0.0296341 28.6236
      vertex 9.69098 -0.921422 26.9764
      vertex 9.54601 -0.000390954 28.5716
    endloop
  endfacet
  facet normal 0.000369773 0.86601 -0.500027
    outer loop
      vertex 10.809 -0.739787 27.291
      vertex 10.809 -0.152002 28.309
      vertex 10.891 -0.218899 28.1932
    endloop
  endfacet
  facet normal 8.77022e-06 0.866016 -0.500016
    outer loop
      vertex 9.54601 -0.891397 27.0284
      vertex 9.54601 -0.000390954 28.5716
      vertex 9.69098 -0.921422 26.9764
    endloop
  endfacet
  facet normal -0.000318238 0.866044 -0.499968
    outer loop
      vertex 10.891 -0.672889 27.4068
      vertex 10.891 -0.218899 28.1932
      vertex 10.9511 -0.291386 28.0676
    endloop
  endfacet
  facet normal -9.56291e-06 0.866016 -0.500016
    outer loop
      vertex 9.54601 -0.000390954 28.5716
      vertex 9.54601 -0.891397 27.0284
      vertex 9.41221 -0.0413861 28.5006
    endloop
  endfacet
  facet normal 0.000446061 0.866013 -0.50002
    outer loop
      vertex 10.891 -0.672889 27.4068
      vertex 10.9511 -0.291386 28.0676
      vertex 10.9877 -0.367677 27.9355
    endloop
  endfacet
  facet normal 9.53918e-06 0.866017 -0.500015
    outer loop
      vertex 9.41221 -0.850402 27.0994
      vertex 9.41221 -0.0413861 28.5006
      vertex 9.54601 -0.891397 27.0284
    endloop
  endfacet
  facet normal -0.000128019 0.866059 -0.499942
    outer loop
      vertex 10.891 -0.672889 27.4068
      vertex 10.9877 -0.367677 27.9355
      vertex 11 -0.445894 27.8
    endloop
  endfacet
  facet normal -0.000220988 0.866017 -0.500015
    outer loop
      vertex 9.41221 -0.0413861 28.5006
      vertex 9.41221 -0.850402 27.0994
      vertex 9.29289 -0.0923409 28.4124
    endloop
  endfacet
  facet normal -0.00128959 0.866114 -0.499845
    outer loop
      vertex 10.9511 -0.600402 27.5324
      vertex 11 -0.445894 27.8
      vertex 10.9877 -0.524111 27.6645
    endloop
  endfacet
  facet normal -0.000201302 0.866035 -0.499984
    outer loop
      vertex 10.1564 0.0479498 28.6554
      vertex 10.1564 -0.939738 26.9446
      vertex 10 -0.945894 26.934
    endloop
  endfacet
  facet normal 0.000756428 0.865953 -0.500126
    outer loop
      vertex 10.891 -0.672889 27.4068
      vertex 11 -0.445894 27.8
      vertex 10.9511 -0.600402 27.5324
    endloop
  endfacet
  facet normal 0.000254377 0.866035 -0.499983
    outer loop
      vertex 9.29289 -0.799447 27.1876
      vertex 9.29289 -0.0923409 28.4124
      vertex 9.41221 -0.850402 27.0994
    endloop
  endfacet
  facet normal -0.000490809 0.866044 -0.499968
    outer loop
      vertex 10.891 -0.218899 28.1932
      vertex 10.891 -0.672889 27.4068
      vertex 10.809 -0.739787 27.291
    endloop
  endfacet
  facet normal 0.000290406 0.866035 -0.499983
    outer loop
      vertex 9.29289 -0.0923409 28.4124
      vertex 9.29289 -0.799447 27.1876
      vertex 9.19098 -0.152002 28.309
    endloop
  endfacet
  facet normal 0.000359722 0.86601 -0.500027
    outer loop
      vertex 10.809 -0.152002 28.309
      vertex 10.809 -0.739787 27.291
      vertex 10.7071 -0.799447 27.1876
    endloop
  endfacet
  facet normal -0.000359687 0.86601 -0.500027
    outer loop
      vertex 9.19098 -0.739787 27.291
      vertex 9.19098 -0.152002 28.309
      vertex 9.29289 -0.799447 27.1876
    endloop
  endfacet
  facet normal -0.000254419 0.866035 -0.499983
    outer loop
      vertex 10.7071 -0.0923409 28.4124
      vertex 10.7071 -0.799447 27.1876
      vertex 10.5878 -0.850402 27.0994
    endloop
  endfacet
  facet normal 0.000253121 0.866015 -0.500018
    outer loop
      vertex 10.309 0.0296341 28.6236
      vertex 10.309 -0.921422 26.9764
      vertex 10.1564 -0.939738 26.9446
    endloop
  endfacet
  facet normal -9.53918e-06 0.866017 -0.500015
    outer loop
      vertex 10.5878 -0.0413861 28.5006
      vertex 10.5878 -0.850402 27.0994
      vertex 10.454 -0.891397 27.0284
    endloop
  endfacet
  facet normal -8.7684e-06 0.866016 -0.500016
    outer loop
      vertex 10.454 -0.000390954 28.5716
      vertex 10.454 -0.891397 27.0284
      vertex 10.309 -0.921422 26.9764
    endloop
  endfacet
  facet normal 0.000490869 0.866044 -0.499968
    outer loop
      vertex 9.10899 -0.672889 27.4068
      vertex 9.10899 -0.218899 28.1932
      vertex 9.19098 -0.739787 27.291
    endloop
  endfacet
  facet normal -0.00075783 0.865952 -0.500126
    outer loop
      vertex 9 -0.445894 27.8
      vertex 9.10899 -0.672889 27.4068
      vertex 9.04894 -0.600402 27.5324
    endloop
  endfacet
  facet normal 0.00128852 0.866114 -0.499845
    outer loop
      vertex 9 -0.445894 27.8
      vertex 9.04894 -0.600402 27.5324
      vertex 9.01231 -0.524111 27.6645
    endloop
  endfacet
  facet normal 0.000128002 0.866059 -0.499942
    outer loop
      vertex 9.01231 -0.367677 27.9355
      vertex 9.10899 -0.672889 27.4068
      vertex 9 -0.445894 27.8
    endloop
  endfacet
  facet normal 0.000318503 0.866044 -0.499968
    outer loop
      vertex 9.10899 -0.218899 28.1932
      vertex 9.10899 -0.672889 27.4068
      vertex 9.04894 -0.291386 28.0676
    endloop
  endfacet
  facet normal -0.000445878 0.866013 -0.50002
    outer loop
      vertex 9.04894 -0.291386 28.0676
      vertex 9.10899 -0.672889 27.4068
      vertex 9.01231 -0.367677 27.9355
    endloop
  endfacet
  facet normal -0.000369818 0.86601 -0.500027
    outer loop
      vertex 9.19098 -0.152002 28.309
      vertex 9.19098 -0.739787 27.291
      vertex 9.10899 -0.218899 28.1932
    endloop
  endfacet
  facet normal 0.852527 0.261341 0.452656
    outer loop
      vertex 9.10899 -0.672889 27.4068
      vertex 9.19098 9.30611 21.491
      vertex 9.10899 9.373 21.6068
    endloop
  endfacet
  facet normal 0.852534 0.261336 0.452647
    outer loop
      vertex 9.19098 9.30611 21.491
      vertex 9.10899 -0.672889 27.4068
      vertex 9.19098 -0.739787 27.291
    endloop
  endfacet
  facet normal 0.522453 0.426334 0.738432
    outer loop
      vertex 9.41221 -0.850402 27.0994
      vertex 9.54601 9.1545 21.2284
      vertex 9.41221 9.19549 21.2994
    endloop
  endfacet
  facet normal 0.522464 0.426331 0.738426
    outer loop
      vertex 9.54601 9.1545 21.2284
      vertex 9.41221 -0.850402 27.0994
      vertex 9.54601 -0.891397 27.0284
    endloop
  endfacet
  facet normal 0.00266729 -0.383532 0.923524
    outer loop
      vertex 10.9413 -3.86502 175.772
      vertex 10.7618 -4.22746 175.622
      vertex 10.8639 -4.05097 175.695
    endloop
  endfacet
  facet normal 0 -0.382406 0.923994
    outer loop
      vertex 10.9413 -3.86502 175.772
      vertex -10.7618 -4.22746 175.622
      vertex 10.7618 -4.22746 175.622
    endloop
  endfacet
  facet normal 0 -0.382406 0.923994
    outer loop
      vertex -10.9413 -3.86502 175.772
      vertex -10.7618 -4.22746 175.622
      vertex 10.9413 -3.86502 175.772
    endloop
  endfacet
  facet normal -0.00266729 -0.383532 0.923524
    outer loop
      vertex -10.7618 -4.22746 175.622
      vertex -10.9413 -3.86502 175.772
      vertex -10.8639 -4.05097 175.695
    endloop
  endfacet
  facet normal 0 0.996916 0.0784784
    outer loop
      vertex 10 -7.46922 177.609
      vertex -10 -7.5 178
      vertex 10 -7.5 178
    endloop
  endfacet
  facet normal 0 0.996916 0.0784784
    outer loop
      vertex -10 -7.5 178
      vertex 10 -7.46922 177.609
      vertex -10 -7.46922 177.609
    endloop
  endfacet
  facet normal 0 -0.0790178 0.996873
    outer loop
      vertex 10.5411 -4.60891 175.531
      vertex -10.3148 -5 175.5
      vertex 10.3148 -5 175.5
    endloop
  endfacet
  facet normal 0 -0.0790178 0.996873
    outer loop
      vertex -10.3148 -5 175.5
      vertex 10.5411 -4.60891 175.531
      vertex -10.5411 -4.60891 175.531
    endloop
  endfacet
  facet normal 0 -0.649771 -0.76013
    outer loop
      vertex -11.1651 -3.53054 180.023
      vertex 11.3377 -3.23223 179.768
      vertex 11.1651 -3.53054 180.023
    endloop
  endfacet
  facet normal -0 -0.649771 -0.76013
    outer loop
      vertex 11.3377 -3.23223 179.768
      vertex -11.1651 -3.53054 180.023
      vertex -11.3377 -3.23223 179.768
    endloop
  endfacet
  facet normal 0 0.76116 -0.648564
    outer loop
      vertex 10 -7.02254 179.469
      vertex -10 -6.76777 179.768
      vertex 10 -6.76777 179.768
    endloop
  endfacet
  facet normal 0 0.76116 -0.648564
    outer loop
      vertex -10 -6.76777 179.768
      vertex 10 -7.02254 179.469
      vertex -10 -7.02254 179.469
    endloop
  endfacet
  facet normal 0 0.76116 0.648564
    outer loop
      vertex 10 -6.76777 176.232
      vertex -10 -7.02254 176.531
      vertex 10 -7.02254 176.531
    endloop
  endfacet
  facet normal 0 0.76116 0.648564
    outer loop
      vertex -10 -7.02254 176.531
      vertex 10 -6.76777 176.232
      vertex -10 -6.76777 176.232
    endloop
  endfacet
  facet normal 0 -0.923722 0.383064
    outer loop
      vertex -11.5202 -2.77248 176.865
      vertex 11.6409 -2.62236 177.227
      vertex -11.6409 -2.62236 177.227
    endloop
  endfacet
  facet normal 0 -0.923722 0.383064
    outer loop
      vertex 11.6409 -2.62236 177.227
      vertex -11.5202 -2.77248 176.865
      vertex 11.5202 -2.77248 176.865
    endloop
  endfacet
  facet normal 0 -0.649771 0.76013
    outer loop
      vertex 11.2431 -3.23223 176.232
      vertex -11.0934 -3.53054 175.977
      vertex 11.0934 -3.53054 175.977
    endloop
  endfacet
  facet normal 0 -0.649771 0.76013
    outer loop
      vertex -11.0934 -3.53054 175.977
      vertex 11.2431 -3.23223 176.232
      vertex -11.2431 -3.23223 176.232
    endloop
  endfacet
  facet normal 0 0.649771 -0.76013
    outer loop
      vertex -10 -6.76777 179.768
      vertex 10 -6.46946 180.023
      vertex 10 -6.76777 179.768
    endloop
  endfacet
  facet normal 0 0.649771 -0.76013
    outer loop
      vertex 10 -6.46946 180.023
      vertex -10 -6.76777 179.768
      vertex -10 -6.46946 180.023
    endloop
  endfacet
  facet normal 0 0.382406 -0.923994
    outer loop
      vertex -10 -6.13498 180.228
      vertex 10 -5.77254 180.378
      vertex 10 -6.13498 180.228
    endloop
  endfacet
  facet normal 0 0.382406 -0.923994
    outer loop
      vertex 10 -5.77254 180.378
      vertex -10 -6.13498 180.228
      vertex -10 -5.77254 180.378
    endloop
  endfacet
  facet normal 0 -0.76116 -0.648564
    outer loop
      vertex -11.4852 -2.97746 179.469
      vertex 11.3377 -3.23223 179.768
      vertex -11.3377 -3.23223 179.768
    endloop
  endfacet
  facet normal 0 -0.76116 -0.648564
    outer loop
      vertex 11.3377 -3.23223 179.768
      vertex -11.4852 -2.97746 179.469
      vertex 11.4852 -2.97746 179.469
    endloop
  endfacet
  facet normal 0 -0.923722 -0.383064
    outer loop
      vertex -11.6907 -2.62236 178.773
      vertex 11.6038 -2.77248 179.135
      vertex -11.6038 -2.77248 179.135
    endloop
  endfacet
  facet normal 0 -0.923722 -0.383064
    outer loop
      vertex 11.6038 -2.77248 179.135
      vertex -11.6907 -2.62236 178.773
      vertex 11.6907 -2.62236 178.773
    endloop
  endfacet
  facet normal -0 0.522555 0.852606
    outer loop
      vertex -10 -6.13498 175.772
      vertex 10 -6.46946 175.977
      vertex 10 -6.13498 175.772
    endloop
  endfacet
  facet normal 0 0.522555 0.852606
    outer loop
      vertex 10 -6.46946 175.977
      vertex -10 -6.13498 175.772
      vertex -10 -6.46946 175.977
    endloop
  endfacet
  facet normal 0 -0.232051 0.972704
    outer loop
      vertex 10.7618 -4.22746 175.622
      vertex -10.5411 -4.60891 175.531
      vertex 10.5411 -4.60891 175.531
    endloop
  endfacet
  facet normal 0 -0.232051 0.972704
    outer loop
      vertex -10.5411 -4.60891 175.531
      vertex 10.7618 -4.22746 175.622
      vertex -10.7618 -4.22746 175.622
    endloop
  endfacet
  facet normal 0 0.923722 0.383064
    outer loop
      vertex 10 -7.22752 176.865
      vertex -10 -7.37764 177.227
      vertex 10 -7.37764 177.227
    endloop
  endfacet
  facet normal 0 0.923722 0.383064
    outer loop
      vertex -10 -7.37764 177.227
      vertex 10 -7.22752 176.865
      vertex -10 -7.22752 176.865
    endloop
  endfacet
  facet normal 0 0.0790178 0.996873
    outer loop
      vertex 10.3148 -5 175.5
      vertex -10.0884 -5.39109 175.531
      vertex 10.0884 -5.39109 175.531
    endloop
  endfacet
  facet normal 0 0.0790178 0.996873
    outer loop
      vertex -10.0884 -5.39109 175.531
      vertex 10.3148 -5 175.5
      vertex -10.3148 -5 175.5
    endloop
  endfacet
  facet normal 0 -0.852294 -0.523063
    outer loop
      vertex -11.6038 -2.77248 179.135
      vertex 11.4852 -2.97746 179.469
      vertex -11.4852 -2.97746 179.469
    endloop
  endfacet
  facet normal 0 -0.852294 -0.523063
    outer loop
      vertex 11.4852 -2.97746 179.469
      vertex -11.6038 -2.77248 179.135
      vertex 11.6038 -2.77248 179.135
    endloop
  endfacet
  facet normal -0 0.382406 0.923994
    outer loop
      vertex -10 -5.77254 175.622
      vertex 10 -6.13498 175.772
      vertex 10 -5.77254 175.622
    endloop
  endfacet
  facet normal 0 0.382406 0.923994
    outer loop
      vertex 10 -6.13498 175.772
      vertex -10 -5.77254 175.622
      vertex -10 -6.13498 175.772
    endloop
  endfacet
  facet normal 0 -0.0790178 -0.996873
    outer loop
      vertex -10.3148 -5 180.5
      vertex 10.5411 -4.60891 180.469
      vertex 10.3148 -5 180.5
    endloop
  endfacet
  facet normal -0 -0.0790178 -0.996873
    outer loop
      vertex 10.5411 -4.60891 180.469
      vertex -10.3148 -5 180.5
      vertex -10.5411 -4.60891 180.469
    endloop
  endfacet
  facet normal 0 -0.76116 0.648564
    outer loop
      vertex -11.2431 -3.23223 176.232
      vertex 11.3865 -2.97746 176.531
      vertex -11.3865 -2.97746 176.531
    endloop
  endfacet
  facet normal 0 -0.76116 0.648564
    outer loop
      vertex 11.3865 -2.97746 176.531
      vertex -11.2431 -3.23223 176.232
      vertex 11.2431 -3.23223 176.232
    endloop
  endfacet
  facet normal 0 0.923722 -0.383064
    outer loop
      vertex 10 -7.37764 178.773
      vertex -10 -7.22752 179.135
      vertex 10 -7.22752 179.135
    endloop
  endfacet
  facet normal 0 0.923722 -0.383064
    outer loop
      vertex -10 -7.22752 179.135
      vertex 10 -7.37764 178.773
      vertex -10 -7.37764 178.773
    endloop
  endfacet
  facet normal 0 -0.972445 -0.233132
    outer loop
      vertex -11.7437 -2.53078 178.391
      vertex 11.6907 -2.62236 178.773
      vertex -11.6907 -2.62236 178.773
    endloop
  endfacet
  facet normal 0 -0.972445 -0.233132
    outer loop
      vertex 11.6907 -2.62236 178.773
      vertex -11.7437 -2.53078 178.391
      vertex 11.7437 -2.53078 178.391
    endloop
  endfacet
  facet normal 0 -0.852294 0.523063
    outer loop
      vertex -11.3865 -2.97746 176.531
      vertex 11.5202 -2.77248 176.865
      vertex -11.5202 -2.77248 176.865
    endloop
  endfacet
  facet normal 0 -0.852294 0.523063
    outer loop
      vertex 11.5202 -2.77248 176.865
      vertex -11.3865 -2.97746 176.531
      vertex 11.3865 -2.97746 176.531
    endloop
  endfacet
  facet normal 0 -0.382406 -0.923994
    outer loop
      vertex -10.7618 -4.22746 180.378
      vertex 10.9715 -3.86502 180.228
      vertex 10.7618 -4.22746 180.378
    endloop
  endfacet
  facet normal -0 -0.382406 -0.923994
    outer loop
      vertex 10.9715 -3.86502 180.228
      vertex -10.7618 -4.22746 180.378
      vertex -10.9715 -3.86502 180.228
    endloop
  endfacet
  facet normal 0 0.852294 0.523063
    outer loop
      vertex 10 -7.02254 176.531
      vertex -10 -7.22752 176.865
      vertex 10 -7.22752 176.865
    endloop
  endfacet
  facet normal 0 0.852294 0.523063
    outer loop
      vertex -10 -7.22752 176.865
      vertex 10 -7.02254 176.531
      vertex -10 -7.02254 176.531
    endloop
  endfacet
  facet normal 0 0.972445 -0.233132
    outer loop
      vertex 10 -7.46922 178.391
      vertex -10 -7.37764 178.773
      vertex 10 -7.37764 178.773
    endloop
  endfacet
  facet normal 0 0.972445 -0.233132
    outer loop
      vertex -10 -7.37764 178.773
      vertex 10 -7.46922 178.391
      vertex -10 -7.46922 178.391
    endloop
  endfacet
  facet normal 0 -0.522555 0.852606
    outer loop
      vertex 11.0934 -3.53054 175.977
      vertex -10.9413 -3.86502 175.772
      vertex 10.9413 -3.86502 175.772
    endloop
  endfacet
  facet normal 0 -0.522555 0.852606
    outer loop
      vertex -10.9413 -3.86502 175.772
      vertex 11.0934 -3.53054 175.977
      vertex -11.0934 -3.53054 175.977
    endloop
  endfacet
  facet normal 0 0.522555 -0.852606
    outer loop
      vertex -10 -6.46946 180.023
      vertex 10 -6.13498 180.228
      vertex 10 -6.46946 180.023
    endloop
  endfacet
  facet normal 0 0.522555 -0.852606
    outer loop
      vertex 10 -6.13498 180.228
      vertex -10 -6.46946 180.023
      vertex -10 -6.13498 180.228
    endloop
  endfacet
  facet normal 0 0.972445 0.233132
    outer loop
      vertex 10 -7.37764 177.227
      vertex -10 -7.46922 177.609
      vertex 10 -7.46922 177.609
    endloop
  endfacet
  facet normal 0 0.972445 0.233132
    outer loop
      vertex -10 -7.46922 177.609
      vertex 10 -7.37764 177.227
      vertex -10 -7.37764 177.227
    endloop
  endfacet
  facet normal -0.0131017 -0.973155 0.229777
    outer loop
      vertex -11.6409 -2.62236 177.227
      vertex -11.7437 -2.53078 177.609
      vertex -11.7416 -2.53435 177.594
    endloop
  endfacet
  facet normal 0 -0.972445 0.233132
    outer loop
      vertex -11.7437 -2.53078 177.609
      vertex -11.6409 -2.62236 177.227
      vertex 11.7437 -2.53078 177.609
    endloop
  endfacet
  facet normal 0 -0.972445 0.233132
    outer loop
      vertex 11.6409 -2.62236 177.227
      vertex 11.7437 -2.53078 177.609
      vertex -11.6409 -2.62236 177.227
    endloop
  endfacet
  facet normal 0.0131017 -0.973155 0.229777
    outer loop
      vertex 11.7437 -2.53078 177.609
      vertex 11.6409 -2.62236 177.227
      vertex 11.7416 -2.53435 177.594
    endloop
  endfacet
  facet normal 0 -0.522555 -0.852606
    outer loop
      vertex -10.9715 -3.86502 180.228
      vertex 11.1651 -3.53054 180.023
      vertex 10.9715 -3.86502 180.228
    endloop
  endfacet
  facet normal -0 -0.522555 -0.852606
    outer loop
      vertex 11.1651 -3.53054 180.023
      vertex -10.9715 -3.86502 180.228
      vertex -11.1651 -3.53054 180.023
    endloop
  endfacet
  facet normal 0 0.0790178 -0.996873
    outer loop
      vertex -10.0884 -5.39109 180.469
      vertex 10.3148 -5 180.5
      vertex 10.0884 -5.39109 180.469
    endloop
  endfacet
  facet normal 0 0.0790178 -0.996873
    outer loop
      vertex 10.3148 -5 180.5
      vertex -10.0884 -5.39109 180.469
      vertex -10.3148 -5 180.5
    endloop
  endfacet
  facet normal 0 0.233891 -0.972263
    outer loop
      vertex 10 -5.77254 180.378
      vertex -10 -5.77254 180.378
      vertex 10 -5.54391 180.433
    endloop
  endfacet
  facet normal 0 0.233891 -0.972263
    outer loop
      vertex -10 -5.54391 180.433
      vertex 10 -5.54391 180.433
      vertex -10 -5.77254 180.378
    endloop
  endfacet
  facet normal 0 0.229295 -0.973357
    outer loop
      vertex 10 -5.54391 180.433
      vertex -10 -5.54391 180.433
      vertex 10.0884 -5.39109 180.469
    endloop
  endfacet
  facet normal 0 0.229295 -0.973357
    outer loop
      vertex 10.0884 -5.39109 180.469
      vertex -10 -5.54391 180.433
      vertex -10.0884 -5.39109 180.469
    endloop
  endfacet
  facet normal -0 0.649771 0.76013
    outer loop
      vertex -10 -6.46946 175.977
      vertex 10 -6.76777 176.232
      vertex 10 -6.46946 175.977
    endloop
  endfacet
  facet normal 0 0.649771 0.76013
    outer loop
      vertex 10 -6.76777 176.232
      vertex -10 -6.46946 175.977
      vertex -10 -6.76777 176.232
    endloop
  endfacet
  facet normal 0 0.233891 0.972263
    outer loop
      vertex 10 -5.54391 175.567
      vertex -10 -5.54391 175.567
      vertex 10 -5.77254 175.622
    endloop
  endfacet
  facet normal 0 0.229295 0.973357
    outer loop
      vertex 10.0884 -5.39109 175.531
      vertex -10 -5.54391 175.567
      vertex 10 -5.54391 175.567
    endloop
  endfacet
  facet normal 0 0.229295 0.973357
    outer loop
      vertex -10 -5.54391 175.567
      vertex 10.0884 -5.39109 175.531
      vertex -10.0884 -5.39109 175.531
    endloop
  endfacet
  facet normal 0 0.233891 0.972263
    outer loop
      vertex 10 -5.77254 175.622
      vertex -10 -5.54391 175.567
      vertex -10 -5.77254 175.622
    endloop
  endfacet
  facet normal 0 -0.232051 -0.972704
    outer loop
      vertex -10.5411 -4.60891 180.469
      vertex 10.7618 -4.22746 180.378
      vertex 10.5411 -4.60891 180.469
    endloop
  endfacet
  facet normal -0 -0.232051 -0.972704
    outer loop
      vertex 10.7618 -4.22746 180.378
      vertex -10.5411 -4.60891 180.469
      vertex -10.7618 -4.22746 180.378
    endloop
  endfacet
  facet normal 0 -0.996916 0.0784784
    outer loop
      vertex -11.7437 -2.53078 177.609
      vertex 11.7615 -2.5 178
      vertex -11.7615 -2.5 178
    endloop
  endfacet
  facet normal 0 -0.996916 0.0784784
    outer loop
      vertex 11.7615 -2.5 178
      vertex -11.7437 -2.53078 177.609
      vertex 11.7437 -2.53078 177.609
    endloop
  endfacet
  facet normal 0 -0.996916 -0.0784784
    outer loop
      vertex -11.7615 -2.5 178
      vertex 11.7437 -2.53078 178.391
      vertex -11.7437 -2.53078 178.391
    endloop
  endfacet
  facet normal 0 -0.996916 -0.0784784
    outer loop
      vertex 11.7437 -2.53078 178.391
      vertex -11.7615 -2.5 178
      vertex 11.7615 -2.5 178
    endloop
  endfacet
  facet normal 0 0.996916 -0.0784784
    outer loop
      vertex 10 -7.5 178
      vertex -10 -7.46922 178.391
      vertex 10 -7.46922 178.391
    endloop
  endfacet
  facet normal 0 0.996916 -0.0784784
    outer loop
      vertex -10 -7.46922 178.391
      vertex 10 -7.5 178
      vertex -10 -7.5 178
    endloop
  endfacet
  facet normal 0 0.852294 -0.523063
    outer loop
      vertex 10 -7.22752 179.135
      vertex -10 -7.02254 179.469
      vertex 10 -7.02254 179.469
    endloop
  endfacet
  facet normal 0 0.852294 -0.523063
    outer loop
      vertex -10 -7.02254 179.469
      vertex 10 -7.22752 179.135
      vertex -10 -7.22752 179.135
    endloop
  endfacet
  facet normal -0.0972045 -0.33916 0.935693
    outer loop
      vertex 10.6993 -3.86502 149.772
      vertex 10.52 -4.22746 149.622
      vertex 10.6529 -3.97587 149.727
    endloop
  endfacet
  facet normal 0 -0.382406 0.923994
    outer loop
      vertex 10.6993 -3.86502 149.772
      vertex -10.52 -4.22746 149.622
      vertex 10.52 -4.22746 149.622
    endloop
  endfacet
  facet normal 0 -0.382406 0.923994
    outer loop
      vertex -10.6993 -3.86502 149.772
      vertex -10.52 -4.22746 149.622
      vertex 10.6993 -3.86502 149.772
    endloop
  endfacet
  facet normal 0.0972045 -0.33916 0.935693
    outer loop
      vertex -10.52 -4.22746 149.622
      vertex -10.6993 -3.86502 149.772
      vertex -10.6529 -3.97587 149.727
    endloop
  endfacet
  facet normal 0 0.996916 0.0784784
    outer loop
      vertex 10 -7.46922 151.609
      vertex -10 -7.5 152
      vertex 10 -7.5 152
    endloop
  endfacet
  facet normal 0 0.996916 0.0784784
    outer loop
      vertex -10 -7.5 152
      vertex 10 -7.46922 151.609
      vertex -10 -7.46922 151.609
    endloop
  endfacet
  facet normal 0 -0.0790178 0.996873
    outer loop
      vertex 10.3186 -4.60891 149.531
      vertex -10.1121 -5 149.5
      vertex 10.1121 -5 149.5
    endloop
  endfacet
  facet normal 0 -0.0790178 0.996873
    outer loop
      vertex -10.1121 -5 149.5
      vertex 10.3186 -4.60891 149.531
      vertex -10.3186 -4.60891 149.531
    endloop
  endfacet
  facet normal 0 -0.649771 -0.76013
    outer loop
      vertex -10.888 -3.53054 154.023
      vertex 11.0455 -3.23223 153.768
      vertex 10.888 -3.53054 154.023
    endloop
  endfacet
  facet normal -0 -0.649771 -0.76013
    outer loop
      vertex 11.0455 -3.23223 153.768
      vertex -10.888 -3.53054 154.023
      vertex -11.0455 -3.23223 153.768
    endloop
  endfacet
  facet normal 0 0.76116 -0.648564
    outer loop
      vertex 10 -7.02254 153.469
      vertex -10 -6.76777 153.768
      vertex 10 -6.76777 153.768
    endloop
  endfacet
  facet normal 0 0.76116 -0.648564
    outer loop
      vertex -10 -6.76777 153.768
      vertex 10 -7.02254 153.469
      vertex -10 -7.02254 153.469
    endloop
  endfacet
  facet normal 0 0.76116 0.648564
    outer loop
      vertex 10 -6.76777 150.232
      vertex -10 -7.02254 150.531
      vertex 10 -7.02254 150.531
    endloop
  endfacet
  facet normal 0 0.76116 0.648564
    outer loop
      vertex -10 -7.02254 150.531
      vertex 10 -6.76777 150.232
      vertex -10 -6.76777 150.232
    endloop
  endfacet
  facet normal 0 -0.923722 0.383064
    outer loop
      vertex -11.2416 -2.77248 150.865
      vertex 11.3442 -2.62236 151.227
      vertex -11.3442 -2.62236 151.227
    endloop
  endfacet
  facet normal 0 -0.923722 0.383064
    outer loop
      vertex 11.3442 -2.62236 151.227
      vertex -11.2416 -2.77248 150.865
      vertex 11.2416 -2.77248 150.865
    endloop
  endfacet
  facet normal 0 -0.649771 0.76013
    outer loop
      vertex 10.9905 -3.23223 150.232
      vertex -10.8482 -3.53054 149.977
      vertex 10.8482 -3.53054 149.977
    endloop
  endfacet
  facet normal 0 -0.649771 0.76013
    outer loop
      vertex -10.8482 -3.53054 149.977
      vertex 10.9905 -3.23223 150.232
      vertex -10.9905 -3.23223 150.232
    endloop
  endfacet
  facet normal 0 0.649771 -0.76013
    outer loop
      vertex -10 -6.76777 153.768
      vertex 10 -6.46946 154.023
      vertex 10 -6.76777 153.768
    endloop
  endfacet
  facet normal 0 0.649771 -0.76013
    outer loop
      vertex 10 -6.46946 154.023
      vertex -10 -6.76777 153.768
      vertex -10 -6.46946 154.023
    endloop
  endfacet
  facet normal 0 0.382406 -0.923994
    outer loop
      vertex -10 -6.13498 154.228
      vertex 10 -5.77254 154.378
      vertex 10 -6.13498 154.228
    endloop
  endfacet
  facet normal 0 0.382406 -0.923994
    outer loop
      vertex 10 -5.77254 154.378
      vertex -10 -6.13498 154.228
      vertex -10 -5.77254 154.378
    endloop
  endfacet
  facet normal 0 -0.76116 -0.648564
    outer loop
      vertex -11.1801 -2.97746 153.469
      vertex 11.0455 -3.23223 153.768
      vertex -11.0455 -3.23223 153.768
    endloop
  endfacet
  facet normal 0 -0.76116 -0.648564
    outer loop
      vertex 11.0455 -3.23223 153.768
      vertex -11.1801 -2.97746 153.469
      vertex 11.1801 -2.97746 153.469
    endloop
  endfacet
  facet normal 0 -0.923722 -0.383064
    outer loop
      vertex -11.3676 -2.62236 152.773
      vertex 11.2883 -2.77248 153.135
      vertex -11.2883 -2.77248 153.135
    endloop
  endfacet
  facet normal 0 -0.923722 -0.383064
    outer loop
      vertex 11.2883 -2.77248 153.135
      vertex -11.3676 -2.62236 152.773
      vertex 11.3676 -2.62236 152.773
    endloop
  endfacet
  facet normal -0 0.522555 0.852606
    outer loop
      vertex -10 -6.13498 149.772
      vertex 10 -6.46946 149.977
      vertex 10 -6.13498 149.772
    endloop
  endfacet
  facet normal 0 0.522555 0.852606
    outer loop
      vertex 10 -6.46946 149.977
      vertex -10 -6.13498 149.772
      vertex -10 -6.46946 149.977
    endloop
  endfacet
  facet normal 0 -0.232051 0.972704
    outer loop
      vertex 10.52 -4.22746 149.622
      vertex -10.3186 -4.60891 149.531
      vertex 10.3186 -4.60891 149.531
    endloop
  endfacet
  facet normal 0 -0.232051 0.972704
    outer loop
      vertex -10.3186 -4.60891 149.531
      vertex 10.52 -4.22746 149.622
      vertex -10.52 -4.22746 149.622
    endloop
  endfacet
  facet normal 0 0.923722 0.383064
    outer loop
      vertex 10 -7.22752 150.865
      vertex -10 -7.37764 151.227
      vertex 10 -7.37764 151.227
    endloop
  endfacet
  facet normal 0 0.923722 0.383064
    outer loop
      vertex -10 -7.37764 151.227
      vertex 10 -7.22752 150.865
      vertex -10 -7.22752 150.865
    endloop
  endfacet
  facet normal 0 0.0780782 0.996947
    outer loop
      vertex 10 -5.21233 149.517
      vertex -10 -5.21233 149.517
      vertex 10 -5.39109 149.531
    endloop
  endfacet
  facet normal 0 0.0798087 0.99681
    outer loop
      vertex 10.1121 -5 149.5
      vertex -10 -5.21233 149.517
      vertex 10 -5.21233 149.517
    endloop
  endfacet
  facet normal 0 0.0798087 0.99681
    outer loop
      vertex -10 -5.21233 149.517
      vertex 10.1121 -5 149.5
      vertex -10.1121 -5 149.5
    endloop
  endfacet
  facet normal 0 0.0780782 0.996947
    outer loop
      vertex 10 -5.39109 149.531
      vertex -10 -5.21233 149.517
      vertex -10 -5.39109 149.531
    endloop
  endfacet
  facet normal 0 -0.852294 -0.523063
    outer loop
      vertex -11.2883 -2.77248 153.135
      vertex 11.1801 -2.97746 153.469
      vertex -11.1801 -2.97746 153.469
    endloop
  endfacet
  facet normal 0 -0.852294 -0.523063
    outer loop
      vertex 11.1801 -2.97746 153.469
      vertex -11.2883 -2.77248 153.135
      vertex 11.2883 -2.77248 153.135
    endloop
  endfacet
  facet normal -0 0.382406 0.923994
    outer loop
      vertex -10 -5.77254 149.622
      vertex 10 -6.13498 149.772
      vertex 10 -5.77254 149.622
    endloop
  endfacet
  facet normal 0 0.382406 0.923994
    outer loop
      vertex 10 -6.13498 149.772
      vertex -10 -5.77254 149.622
      vertex -10 -6.13498 149.772
    endloop
  endfacet
  facet normal 0 -0.0790178 -0.996873
    outer loop
      vertex -10.1121 -5 154.5
      vertex 10.3186 -4.60891 154.469
      vertex 10.1121 -5 154.5
    endloop
  endfacet
  facet normal -0 -0.0790178 -0.996873
    outer loop
      vertex 10.3186 -4.60891 154.469
      vertex -10.1121 -5 154.5
      vertex -10.3186 -4.60891 154.469
    endloop
  endfacet
  facet normal 0 -0.76116 0.648564
    outer loop
      vertex -10.9905 -3.23223 150.232
      vertex 11.1227 -2.97746 150.531
      vertex -11.1227 -2.97746 150.531
    endloop
  endfacet
  facet normal 0 -0.76116 0.648564
    outer loop
      vertex 11.1227 -2.97746 150.531
      vertex -10.9905 -3.23223 150.232
      vertex 10.9905 -3.23223 150.232
    endloop
  endfacet
  facet normal 0 0.923722 -0.383064
    outer loop
      vertex 10 -7.37764 152.773
      vertex -10 -7.22752 153.135
      vertex 10 -7.22752 153.135
    endloop
  endfacet
  facet normal 0 0.923722 -0.383064
    outer loop
      vertex -10 -7.22752 153.135
      vertex 10 -7.37764 152.773
      vertex -10 -7.37764 152.773
    endloop
  endfacet
  facet normal 0 -0.972445 -0.233132
    outer loop
      vertex -11.4159 -2.53078 152.391
      vertex 11.3676 -2.62236 152.773
      vertex -11.3676 -2.62236 152.773
    endloop
  endfacet
  facet normal 0 -0.972445 -0.233132
    outer loop
      vertex 11.3676 -2.62236 152.773
      vertex -11.4159 -2.53078 152.391
      vertex 11.4159 -2.53078 152.391
    endloop
  endfacet
  facet normal 0 -0.852294 0.523063
    outer loop
      vertex -11.1227 -2.97746 150.531
      vertex 11.2416 -2.77248 150.865
      vertex -11.2416 -2.77248 150.865
    endloop
  endfacet
  facet normal 0 -0.852294 0.523063
    outer loop
      vertex 11.2416 -2.77248 150.865
      vertex -11.1227 -2.97746 150.531
      vertex 11.1227 -2.97746 150.531
    endloop
  endfacet
  facet normal 0 -0.382406 -0.923994
    outer loop
      vertex -10.52 -4.22746 154.378
      vertex 10.7114 -3.86502 154.228
      vertex 10.52 -4.22746 154.378
    endloop
  endfacet
  facet normal -0 -0.382406 -0.923994
    outer loop
      vertex 10.7114 -3.86502 154.228
      vertex -10.52 -4.22746 154.378
      vertex -10.7114 -3.86502 154.228
    endloop
  endfacet
  facet normal 0 0.852294 0.523063
    outer loop
      vertex 10 -7.02254 150.531
      vertex -10 -7.22752 150.865
      vertex 10 -7.22752 150.865
    endloop
  endfacet
  facet normal 0 0.852294 0.523063
    outer loop
      vertex -10 -7.22752 150.865
      vertex 10 -7.02254 150.531
      vertex -10 -7.02254 150.531
    endloop
  endfacet
  facet normal 0 0.972445 -0.233132
    outer loop
      vertex 10 -7.46922 152.391
      vertex -10 -7.37764 152.773
      vertex 10 -7.37764 152.773
    endloop
  endfacet
  facet normal 0 0.972445 -0.233132
    outer loop
      vertex -10 -7.37764 152.773
      vertex 10 -7.46922 152.391
      vertex -10 -7.46922 152.391
    endloop
  endfacet
  facet normal 0 -0.522555 0.852606
    outer loop
      vertex 10.8482 -3.53054 149.977
      vertex -10.6993 -3.86502 149.772
      vertex 10.6993 -3.86502 149.772
    endloop
  endfacet
  facet normal 0 -0.522555 0.852606
    outer loop
      vertex -10.6993 -3.86502 149.772
      vertex 10.8482 -3.53054 149.977
      vertex -10.8482 -3.53054 149.977
    endloop
  endfacet
  facet normal 0 0.522555 -0.852606
    outer loop
      vertex -10 -6.46946 154.023
      vertex 10 -6.13498 154.228
      vertex 10 -6.46946 154.023
    endloop
  endfacet
  facet normal 0 0.522555 -0.852606
    outer loop
      vertex 10 -6.13498 154.228
      vertex -10 -6.46946 154.023
      vertex -10 -6.13498 154.228
    endloop
  endfacet
  facet normal 0 0.972445 0.233132
    outer loop
      vertex 10 -7.37764 151.227
      vertex -10 -7.46922 151.609
      vertex 10 -7.46922 151.609
    endloop
  endfacet
  facet normal 0 0.972445 0.233132
    outer loop
      vertex -10 -7.46922 151.609
      vertex 10 -7.37764 151.227
      vertex -10 -7.37764 151.227
    endloop
  endfacet
  facet normal 0.00787841 -0.972079 0.234523
    outer loop
      vertex -11.3442 -2.62236 151.227
      vertex -11.4159 -2.53078 151.609
      vertex -11.3994 -2.56201 151.479
    endloop
  endfacet
  facet normal 0 -0.972445 0.233132
    outer loop
      vertex -11.4159 -2.53078 151.609
      vertex -11.3442 -2.62236 151.227
      vertex 11.4159 -2.53078 151.609
    endloop
  endfacet
  facet normal 0 -0.972445 0.233132
    outer loop
      vertex 11.3442 -2.62236 151.227
      vertex 11.4159 -2.53078 151.609
      vertex -11.3442 -2.62236 151.227
    endloop
  endfacet
  facet normal -0.00787841 -0.972079 0.234523
    outer loop
      vertex 11.4159 -2.53078 151.609
      vertex 11.3442 -2.62236 151.227
      vertex 11.3994 -2.56201 151.479
    endloop
  endfacet
  facet normal 0 -0.522555 -0.852606
    outer loop
      vertex -10.7114 -3.86502 154.228
      vertex 10.888 -3.53054 154.023
      vertex 10.7114 -3.86502 154.228
    endloop
  endfacet
  facet normal -0 -0.522555 -0.852606
    outer loop
      vertex 10.888 -3.53054 154.023
      vertex -10.7114 -3.86502 154.228
      vertex -10.888 -3.53054 154.023
    endloop
  endfacet
  facet normal 0 0.0780782 -0.996947
    outer loop
      vertex 10 -5.39109 154.469
      vertex -10 -5.39109 154.469
      vertex 10 -5.21233 154.483
    endloop
  endfacet
  facet normal 0 0.0780782 -0.996947
    outer loop
      vertex -10 -5.21233 154.483
      vertex 10 -5.21233 154.483
      vertex -10 -5.39109 154.469
    endloop
  endfacet
  facet normal 0 0.0798087 -0.99681
    outer loop
      vertex 10 -5.21233 154.483
      vertex -10 -5.21233 154.483
      vertex 10.1121 -5 154.5
    endloop
  endfacet
  facet normal 0 0.0798087 -0.99681
    outer loop
      vertex 10.1121 -5 154.5
      vertex -10 -5.21233 154.483
      vertex -10.1121 -5 154.5
    endloop
  endfacet
  facet normal 0 0.232051 -0.972704
    outer loop
      vertex -10 -5.77254 154.378
      vertex 10 -5.39109 154.469
      vertex 10 -5.77254 154.378
    endloop
  endfacet
  facet normal 0 0.232051 -0.972704
    outer loop
      vertex 10 -5.39109 154.469
      vertex -10 -5.77254 154.378
      vertex -10 -5.39109 154.469
    endloop
  endfacet
  facet normal -0 0.649771 0.76013
    outer loop
      vertex -10 -6.46946 149.977
      vertex 10 -6.76777 150.232
      vertex 10 -6.46946 149.977
    endloop
  endfacet
  facet normal 0 0.649771 0.76013
    outer loop
      vertex 10 -6.76777 150.232
      vertex -10 -6.46946 149.977
      vertex -10 -6.76777 150.232
    endloop
  endfacet
  facet normal -0 0.232051 0.972704
    outer loop
      vertex -10 -5.39109 149.531
      vertex 10 -5.77254 149.622
      vertex 10 -5.39109 149.531
    endloop
  endfacet
  facet normal 0 0.232051 0.972704
    outer loop
      vertex 10 -5.77254 149.622
      vertex -10 -5.39109 149.531
      vertex -10 -5.77254 149.622
    endloop
  endfacet
  facet normal 0 -0.232051 -0.972704
    outer loop
      vertex -10.3186 -4.60891 154.469
      vertex 10.52 -4.22746 154.378
      vertex 10.3186 -4.60891 154.469
    endloop
  endfacet
  facet normal -0 -0.232051 -0.972704
    outer loop
      vertex 10.52 -4.22746 154.378
      vertex -10.3186 -4.60891 154.469
      vertex -10.52 -4.22746 154.378
    endloop
  endfacet
  facet normal 0 -0.996916 -0.0784784
    outer loop
      vertex -11.4322 -2.5 152
      vertex 11.4159 -2.53078 152.391
      vertex -11.4159 -2.53078 152.391
    endloop
  endfacet
  facet normal 0 -0.996916 -0.0784784
    outer loop
      vertex 11.4159 -2.53078 152.391
      vertex -11.4322 -2.5 152
      vertex 11.4322 -2.5 152
    endloop
  endfacet
  facet normal 0 -0.996916 0.0784784
    outer loop
      vertex -11.4159 -2.53078 151.609
      vertex 11.4322 -2.5 152
      vertex -11.4322 -2.5 152
    endloop
  endfacet
  facet normal 0 -0.996916 0.0784784
    outer loop
      vertex 11.4322 -2.5 152
      vertex -11.4159 -2.53078 151.609
      vertex 11.4159 -2.53078 151.609
    endloop
  endfacet
  facet normal 0 0.996916 -0.0784784
    outer loop
      vertex 10 -7.5 152
      vertex -10 -7.46922 152.391
      vertex 10 -7.46922 152.391
    endloop
  endfacet
  facet normal 0 0.996916 -0.0784784
    outer loop
      vertex -10 -7.46922 152.391
      vertex 10 -7.5 152
      vertex -10 -7.5 152
    endloop
  endfacet
  facet normal 0 0.852294 -0.523063
    outer loop
      vertex 10 -7.22752 153.135
      vertex -10 -7.02254 153.469
      vertex 10 -7.02254 153.469
    endloop
  endfacet
  facet normal 0 0.852294 -0.523063
    outer loop
      vertex -10 -7.02254 153.469
      vertex 10 -7.22752 153.135
      vertex -10 -7.22752 153.135
    endloop
  endfacet
  facet normal 0 -0.382406 0.923994
    outer loop
      vertex 10.4581 -3.86502 123.772
      vertex -10.2846 -4.22746 123.622
      vertex 10.2846 -4.22746 123.622
    endloop
  endfacet
  facet normal 0 -0.382406 0.923994
    outer loop
      vertex -10.2846 -4.22746 123.622
      vertex 10.4581 -3.86502 123.772
      vertex -10.4581 -3.86502 123.772
    endloop
  endfacet
  facet normal 0 0.996916 0.0784784
    outer loop
      vertex 10 -7.46922 125.609
      vertex -10 -7.5 126
      vertex 10 -7.5 126
    endloop
  endfacet
  facet normal 0 0.996916 0.0784784
    outer loop
      vertex -10 -7.5 126
      vertex 10 -7.46922 125.609
      vertex -10 -7.46922 125.609
    endloop
  endfacet
  facet normal 0 -0.0783833 0.996923
    outer loop
      vertex 10 -4.82194 123.514
      vertex -10 -4.82194 123.514
      vertex 10 -5 123.5
    endloop
  endfacet
  facet normal 0 -0.0795481 0.996831
    outer loop
      vertex 10.102 -4.60891 123.531
      vertex -10 -4.82194 123.514
      vertex 10 -4.82194 123.514
    endloop
  endfacet
  facet normal 0 -0.0795481 0.996831
    outer loop
      vertex -10 -4.82194 123.514
      vertex 10.102 -4.60891 123.531
      vertex -10.102 -4.60891 123.531
    endloop
  endfacet
  facet normal 0 -0.0783833 0.996923
    outer loop
      vertex 10 -5 123.5
      vertex -10 -4.82194 123.514
      vertex -10 -5 123.5
    endloop
  endfacet
  facet normal 0 -0.649771 -0.76013
    outer loop
      vertex -10.6182 -3.53054 128.023
      vertex 10.761 -3.23223 127.768
      vertex 10.6182 -3.53054 128.023
    endloop
  endfacet
  facet normal -0 -0.649771 -0.76013
    outer loop
      vertex 10.761 -3.23223 127.768
      vertex -10.6182 -3.53054 128.023
      vertex -10.761 -3.23223 127.768
    endloop
  endfacet
  facet normal 0 0.76116 -0.648564
    outer loop
      vertex 10 -7.02254 127.469
      vertex -10 -6.76777 127.768
      vertex 10 -6.76777 127.768
    endloop
  endfacet
  facet normal 0 0.76116 -0.648564
    outer loop
      vertex -10 -6.76777 127.768
      vertex 10 -7.02254 127.469
      vertex -10 -7.02254 127.469
    endloop
  endfacet
  facet normal 0 0.76116 0.648564
    outer loop
      vertex 10 -6.76777 124.232
      vertex -10 -7.02254 124.531
      vertex 10 -7.02254 124.531
    endloop
  endfacet
  facet normal 0 0.76116 0.648564
    outer loop
      vertex -10 -7.02254 124.531
      vertex 10 -6.76777 124.232
      vertex -10 -6.76777 124.232
    endloop
  endfacet
  facet normal 0.0474924 -0.919027 0.391324
    outer loop
      vertex -10.9751 -2.77248 124.865
      vertex -11.0529 -2.62236 125.227
      vertex -11.0147 -2.70214 125.035
    endloop
  endfacet
  facet normal 0 -0.923722 0.383064
    outer loop
      vertex -11.0529 -2.62236 125.227
      vertex -10.9751 -2.77248 124.865
      vertex 11.0529 -2.62236 125.227
    endloop
  endfacet
  facet normal 0 -0.923722 0.383064
    outer loop
      vertex 10.9751 -2.77248 124.865
      vertex 11.0529 -2.62236 125.227
      vertex -10.9751 -2.77248 124.865
    endloop
  endfacet
  facet normal -0.0474924 -0.919027 0.391324
    outer loop
      vertex 11.0529 -2.62236 125.227
      vertex 10.9751 -2.77248 124.865
      vertex 11.0147 -2.70214 125.035
    endloop
  endfacet
  facet normal 0 -0.649771 0.76013
    outer loop
      vertex 10.7492 -3.23223 124.232
      vertex -10.6136 -3.53054 123.977
      vertex 10.6136 -3.53054 123.977
    endloop
  endfacet
  facet normal 0 -0.649771 0.76013
    outer loop
      vertex -10.6136 -3.53054 123.977
      vertex 10.7492 -3.23223 124.232
      vertex -10.7492 -3.23223 124.232
    endloop
  endfacet
  facet normal 0 0.649771 -0.76013
    outer loop
      vertex -10 -6.76777 127.768
      vertex 10 -6.46946 128.023
      vertex 10 -6.76777 127.768
    endloop
  endfacet
  facet normal 0 0.649771 -0.76013
    outer loop
      vertex 10 -6.46946 128.023
      vertex -10 -6.76777 127.768
      vertex -10 -6.46946 128.023
    endloop
  endfacet
  facet normal 0 0.382406 -0.923994
    outer loop
      vertex -10 -6.13498 128.228
      vertex 10 -5.77254 128.378
      vertex 10 -6.13498 128.228
    endloop
  endfacet
  facet normal 0 0.382406 -0.923994
    outer loop
      vertex 10 -5.77254 128.378
      vertex -10 -6.13498 128.228
      vertex -10 -5.77254 128.378
    endloop
  endfacet
  facet normal 0 -0.76116 -0.648564
    outer loop
      vertex -10.8829 -2.97746 127.469
      vertex 10.761 -3.23223 127.768
      vertex -10.761 -3.23223 127.768
    endloop
  endfacet
  facet normal 0 -0.76116 -0.648564
    outer loop
      vertex 10.761 -3.23223 127.768
      vertex -10.8829 -2.97746 127.469
      vertex 10.8829 -2.97746 127.469
    endloop
  endfacet
  facet normal 0 -0.923722 -0.383064
    outer loop
      vertex -11.0529 -2.62236 126.773
      vertex 10.9811 -2.77248 127.135
      vertex -10.9811 -2.77248 127.135
    endloop
  endfacet
  facet normal 0 -0.923722 -0.383064
    outer loop
      vertex 10.9811 -2.77248 127.135
      vertex -11.0529 -2.62236 126.773
      vertex 11.0529 -2.62236 126.773
    endloop
  endfacet
  facet normal -0 0.522555 0.852606
    outer loop
      vertex -10 -6.13498 123.772
      vertex 10 -6.46946 123.977
      vertex 10 -6.13498 123.772
    endloop
  endfacet
  facet normal 0 0.522555 0.852606
    outer loop
      vertex 10 -6.46946 123.977
      vertex -10 -6.13498 123.772
      vertex -10 -6.46946 123.977
    endloop
  endfacet
  facet normal 0 -0.232051 0.972704
    outer loop
      vertex 10.2846 -4.22746 123.622
      vertex -10.102 -4.60891 123.531
      vertex 10.102 -4.60891 123.531
    endloop
  endfacet
  facet normal 0 -0.232051 0.972704
    outer loop
      vertex -10.102 -4.60891 123.531
      vertex 10.2846 -4.22746 123.622
      vertex -10.2846 -4.22746 123.622
    endloop
  endfacet
  facet normal 0 0.923722 0.383064
    outer loop
      vertex 10 -7.22752 124.865
      vertex -10 -7.37764 125.227
      vertex 10 -7.37764 125.227
    endloop
  endfacet
  facet normal 0 0.923722 0.383064
    outer loop
      vertex -10 -7.37764 125.227
      vertex 10 -7.22752 124.865
      vertex -10 -7.22752 124.865
    endloop
  endfacet
  facet normal -0 0.0790178 0.996873
    outer loop
      vertex -10 -5 123.5
      vertex 10 -5.39109 123.531
      vertex 10 -5 123.5
    endloop
  endfacet
  facet normal 0 0.0790178 0.996873
    outer loop
      vertex 10 -5.39109 123.531
      vertex -10 -5 123.5
      vertex -10 -5.39109 123.531
    endloop
  endfacet
  facet normal 0 -0.852294 -0.523063
    outer loop
      vertex -10.9811 -2.77248 127.135
      vertex 10.8829 -2.97746 127.469
      vertex -10.8829 -2.97746 127.469
    endloop
  endfacet
  facet normal 0 -0.852294 -0.523063
    outer loop
      vertex 10.8829 -2.97746 127.469
      vertex -10.9811 -2.77248 127.135
      vertex 10.9811 -2.77248 127.135
    endloop
  endfacet
  facet normal -0 0.382406 0.923994
    outer loop
      vertex -10 -5.77254 123.622
      vertex 10 -6.13498 123.772
      vertex 10 -5.77254 123.622
    endloop
  endfacet
  facet normal 0 0.382406 0.923994
    outer loop
      vertex 10 -6.13498 123.772
      vertex -10 -5.77254 123.622
      vertex -10 -6.13498 123.772
    endloop
  endfacet
  facet normal -0 -0.0783833 -0.996923
    outer loop
      vertex 10 -5 128.5
      vertex -10 -5 128.5
      vertex 10 -4.82194 128.486
    endloop
  endfacet
  facet normal 0 -0.0783833 -0.996923
    outer loop
      vertex -10 -4.82194 128.486
      vertex 10 -4.82194 128.486
      vertex -10 -5 128.5
    endloop
  endfacet
  facet normal -0 -0.0795481 -0.996831
    outer loop
      vertex 10 -4.82194 128.486
      vertex -10 -4.82194 128.486
      vertex 10.102 -4.60891 128.469
    endloop
  endfacet
  facet normal -0 -0.0795481 -0.996831
    outer loop
      vertex 10.102 -4.60891 128.469
      vertex -10 -4.82194 128.486
      vertex -10.102 -4.60891 128.469
    endloop
  endfacet
  facet normal 0 -0.76116 0.648564
    outer loop
      vertex -10.7492 -3.23223 124.232
      vertex 10.8707 -2.97746 124.531
      vertex -10.8707 -2.97746 124.531
    endloop
  endfacet
  facet normal 0 -0.76116 0.648564
    outer loop
      vertex 10.8707 -2.97746 124.531
      vertex -10.7492 -3.23223 124.232
      vertex 10.7492 -3.23223 124.232
    endloop
  endfacet
  facet normal 0 0.923722 -0.383064
    outer loop
      vertex 10 -7.37764 126.773
      vertex -10 -7.22752 127.135
      vertex 10 -7.22752 127.135
    endloop
  endfacet
  facet normal 0 0.923722 -0.383064
    outer loop
      vertex -10 -7.22752 127.135
      vertex 10 -7.37764 126.773
      vertex -10 -7.37764 126.773
    endloop
  endfacet
  facet normal 0 -0.972445 -0.233132
    outer loop
      vertex -11.0968 -2.53078 126.391
      vertex 11.0529 -2.62236 126.773
      vertex -11.0529 -2.62236 126.773
    endloop
  endfacet
  facet normal 0 -0.972445 -0.233132
    outer loop
      vertex 11.0529 -2.62236 126.773
      vertex -11.0968 -2.53078 126.391
      vertex 11.0968 -2.53078 126.391
    endloop
  endfacet
  facet normal 0 -0.852294 0.523063
    outer loop
      vertex -10.8707 -2.97746 124.531
      vertex 10.9751 -2.77248 124.865
      vertex -10.9751 -2.77248 124.865
    endloop
  endfacet
  facet normal 0 -0.852294 0.523063
    outer loop
      vertex 10.9751 -2.77248 124.865
      vertex -10.8707 -2.97746 124.531
      vertex 10.8707 -2.97746 124.531
    endloop
  endfacet
  facet normal 0 -0.382406 -0.923994
    outer loop
      vertex -10.2846 -4.22746 128.378
      vertex 10.4581 -3.86502 128.228
      vertex 10.2846 -4.22746 128.378
    endloop
  endfacet
  facet normal -0 -0.382406 -0.923994
    outer loop
      vertex 10.4581 -3.86502 128.228
      vertex -10.2846 -4.22746 128.378
      vertex -10.4581 -3.86502 128.228
    endloop
  endfacet
  facet normal 0 0.852294 0.523063
    outer loop
      vertex 10 -7.02254 124.531
      vertex -10 -7.22752 124.865
      vertex 10 -7.22752 124.865
    endloop
  endfacet
  facet normal 0 0.852294 0.523063
    outer loop
      vertex -10 -7.22752 124.865
      vertex 10 -7.02254 124.531
      vertex -10 -7.02254 124.531
    endloop
  endfacet
  facet normal 0 0.972445 -0.233132
    outer loop
      vertex 10 -7.46922 126.391
      vertex -10 -7.37764 126.773
      vertex 10 -7.37764 126.773
    endloop
  endfacet
  facet normal 0 0.972445 -0.233132
    outer loop
      vertex -10 -7.37764 126.773
      vertex 10 -7.46922 126.391
      vertex -10 -7.46922 126.391
    endloop
  endfacet
  facet normal -0.1781 -0.452686 0.873702
    outer loop
      vertex 10.6136 -3.53054 123.977
      vertex 10.4581 -3.86502 123.772
      vertex 10.5638 -3.64412 123.908
    endloop
  endfacet
  facet normal 0 -0.522555 0.852606
    outer loop
      vertex 10.6136 -3.53054 123.977
      vertex -10.4581 -3.86502 123.772
      vertex 10.4581 -3.86502 123.772
    endloop
  endfacet
  facet normal 0 -0.522555 0.852606
    outer loop
      vertex -10.6136 -3.53054 123.977
      vertex -10.4581 -3.86502 123.772
      vertex 10.6136 -3.53054 123.977
    endloop
  endfacet
  facet normal 0.1781 -0.452686 0.873702
    outer loop
      vertex -10.4581 -3.86502 123.772
      vertex -10.6136 -3.53054 123.977
      vertex -10.5638 -3.64412 123.908
    endloop
  endfacet
  facet normal 0 0.522555 -0.852606
    outer loop
      vertex -10 -6.46946 128.023
      vertex 10 -6.13498 128.228
      vertex 10 -6.46946 128.023
    endloop
  endfacet
  facet normal 0 0.522555 -0.852606
    outer loop
      vertex 10 -6.13498 128.228
      vertex -10 -6.46946 128.023
      vertex -10 -6.13498 128.228
    endloop
  endfacet
  facet normal 0 0.972445 0.233132
    outer loop
      vertex 10 -7.37764 125.227
      vertex -10 -7.46922 125.609
      vertex 10 -7.46922 125.609
    endloop
  endfacet
  facet normal 0 0.972445 0.233132
    outer loop
      vertex -10 -7.46922 125.609
      vertex 10 -7.37764 125.227
      vertex -10 -7.37764 125.227
    endloop
  endfacet
  facet normal 0 -0.972445 0.233132
    outer loop
      vertex -11.0529 -2.62236 125.227
      vertex 11.0968 -2.53078 125.609
      vertex -11.0968 -2.53078 125.609
    endloop
  endfacet
  facet normal 0 -0.972445 0.233132
    outer loop
      vertex 11.0968 -2.53078 125.609
      vertex -11.0529 -2.62236 125.227
      vertex 11.0529 -2.62236 125.227
    endloop
  endfacet
  facet normal 0 -0.522555 -0.852606
    outer loop
      vertex -10.4581 -3.86502 128.228
      vertex 10.6182 -3.53054 128.023
      vertex 10.4581 -3.86502 128.228
    endloop
  endfacet
  facet normal -0 -0.522555 -0.852606
    outer loop
      vertex 10.6182 -3.53054 128.023
      vertex -10.4581 -3.86502 128.228
      vertex -10.6182 -3.53054 128.023
    endloop
  endfacet
  facet normal 0 0.0790178 -0.996873
    outer loop
      vertex -10 -5.39109 128.469
      vertex 10 -5 128.5
      vertex 10 -5.39109 128.469
    endloop
  endfacet
  facet normal 0 0.0790178 -0.996873
    outer loop
      vertex 10 -5 128.5
      vertex -10 -5.39109 128.469
      vertex -10 -5 128.5
    endloop
  endfacet
  facet normal 0 0.232051 -0.972704
    outer loop
      vertex -10 -5.77254 128.378
      vertex 10 -5.39109 128.469
      vertex 10 -5.77254 128.378
    endloop
  endfacet
  facet normal 0 0.232051 -0.972704
    outer loop
      vertex 10 -5.39109 128.469
      vertex -10 -5.77254 128.378
      vertex -10 -5.39109 128.469
    endloop
  endfacet
  facet normal -0 0.649771 0.76013
    outer loop
      vertex -10 -6.46946 123.977
      vertex 10 -6.76777 124.232
      vertex 10 -6.46946 123.977
    endloop
  endfacet
  facet normal 0 0.649771 0.76013
    outer loop
      vertex 10 -6.76777 124.232
      vertex -10 -6.46946 123.977
      vertex -10 -6.76777 124.232
    endloop
  endfacet
  facet normal -0 0.232051 0.972704
    outer loop
      vertex -10 -5.39109 123.531
      vertex 10 -5.77254 123.622
      vertex 10 -5.39109 123.531
    endloop
  endfacet
  facet normal 0 0.232051 0.972704
    outer loop
      vertex 10 -5.77254 123.622
      vertex -10 -5.39109 123.531
      vertex -10 -5.77254 123.622
    endloop
  endfacet
  facet normal 0 -0.232051 -0.972704
    outer loop
      vertex -10.102 -4.60891 128.469
      vertex 10.2846 -4.22746 128.378
      vertex 10.102 -4.60891 128.469
    endloop
  endfacet
  facet normal -0 -0.232051 -0.972704
    outer loop
      vertex 10.2846 -4.22746 128.378
      vertex -10.102 -4.60891 128.469
      vertex -10.2846 -4.22746 128.378
    endloop
  endfacet
  facet normal 0 -0.996916 0.0784784
    outer loop
      vertex -11.0968 -2.53078 125.609
      vertex 11.1115 -2.5 126
      vertex -11.1115 -2.5 126
    endloop
  endfacet
  facet normal 0 -0.996916 0.0784784
    outer loop
      vertex 11.1115 -2.5 126
      vertex -11.0968 -2.53078 125.609
      vertex 11.0968 -2.53078 125.609
    endloop
  endfacet
  facet normal 0 -0.996916 -0.0784784
    outer loop
      vertex -11.1115 -2.5 126
      vertex 11.0968 -2.53078 126.391
      vertex -11.0968 -2.53078 126.391
    endloop
  endfacet
  facet normal 0 -0.996916 -0.0784784
    outer loop
      vertex 11.0968 -2.53078 126.391
      vertex -11.1115 -2.5 126
      vertex 11.1115 -2.5 126
    endloop
  endfacet
  facet normal 0 0.996916 -0.0784784
    outer loop
      vertex 10 -7.5 126
      vertex -10 -7.46922 126.391
      vertex 10 -7.46922 126.391
    endloop
  endfacet
  facet normal 0 0.996916 -0.0784784
    outer loop
      vertex -10 -7.46922 126.391
      vertex 10 -7.5 126
      vertex -10 -7.5 126
    endloop
  endfacet
  facet normal 0 0.852294 -0.523063
    outer loop
      vertex 10 -7.22752 127.135
      vertex -10 -7.02254 127.469
      vertex 10 -7.02254 127.469
    endloop
  endfacet
  facet normal 0 0.852294 -0.523063
    outer loop
      vertex -10 -7.02254 127.469
      vertex 10 -7.22752 127.135
      vertex -10 -7.22752 127.135
    endloop
  endfacet
  facet normal 0 -0.382623 0.923904
    outer loop
      vertex 10.2252 -3.86502 97.7725
      vertex -10.0681 -4.22746 97.6224
      vertex 10.0681 -4.22746 97.6224
    endloop
  endfacet
  facet normal 0 -0.382623 0.923904
    outer loop
      vertex -10.0681 -4.22746 97.6224
      vertex 10.2252 -3.86502 97.7725
      vertex -10.2252 -3.86502 97.7725
    endloop
  endfacet
  facet normal 0 0.996917 0.0784585
    outer loop
      vertex 10 -7.46922 99.6089
      vertex -10 -7.5 100
      vertex 10 -7.5 100
    endloop
  endfacet
  facet normal 0 0.996917 0.0784585
    outer loop
      vertex -10 -7.5 100
      vertex 10 -7.46922 99.6089
      vertex -10 -7.46922 99.6089
    endloop
  endfacet
  facet normal 0 -0.0785112 0.996913
    outer loop
      vertex -10 -4.60891 97.5308
      vertex 10 -5 97.5
      vertex 10 -4.60891 97.5308
    endloop
  endfacet
  facet normal 0 -0.0785112 0.996913
    outer loop
      vertex 10 -5 97.5
      vertex -10 -4.60891 97.5308
      vertex -10 -5 97.5
    endloop
  endfacet
  facet normal 0 -0.649771 -0.76013
    outer loop
      vertex -10.3701 -3.53054 102.023
      vertex 10.4994 -3.23223 101.768
      vertex 10.3701 -3.53054 102.023
    endloop
  endfacet
  facet normal -0 -0.649771 -0.76013
    outer loop
      vertex 10.4994 -3.23223 101.768
      vertex -10.3701 -3.53054 102.023
      vertex -10.4994 -3.23223 101.768
    endloop
  endfacet
  facet normal 0 0.76116 -0.648564
    outer loop
      vertex 10 -7.02254 101.469
      vertex -10 -6.76777 101.768
      vertex 10 -6.76777 101.768
    endloop
  endfacet
  facet normal 0 0.76116 -0.648564
    outer loop
      vertex -10 -6.76777 101.768
      vertex 10 -7.02254 101.469
      vertex -10 -7.02254 101.469
    endloop
  endfacet
  facet normal 0 0.760409 0.649445
    outer loop
      vertex 10 -6.76777 98.2322
      vertex -10 -7.02254 98.5305
      vertex 10 -7.02254 98.5305
    endloop
  endfacet
  facet normal 0 0.760409 0.649445
    outer loop
      vertex -10 -7.02254 98.5305
      vertex 10 -6.76777 98.2322
      vertex -10 -6.76777 98.2322
    endloop
  endfacet
  facet normal 0 -0.923909 0.382613
    outer loop
      vertex -10.6986 -2.77248 98.865
      vertex 10.7636 -2.62236 99.2275
      vertex -10.7636 -2.62236 99.2275
    endloop
  endfacet
  facet normal 0 -0.923909 0.382613
    outer loop
      vertex 10.7636 -2.62236 99.2275
      vertex -10.6986 -2.77248 98.865
      vertex 10.6986 -2.77248 98.865
    endloop
  endfacet
  facet normal 0 -0.649329 0.760508
    outer loop
      vertex 10.4994 -3.23223 98.2322
      vertex -10.3701 -3.53054 97.9775
      vertex 10.3701 -3.53054 97.9775
    endloop
  endfacet
  facet normal 0 -0.649329 0.760508
    outer loop
      vertex -10.3701 -3.53054 97.9775
      vertex 10.4994 -3.23223 98.2322
      vertex -10.4994 -3.23223 98.2322
    endloop
  endfacet
  facet normal 0 0.649771 -0.76013
    outer loop
      vertex -10 -6.76777 101.768
      vertex 10 -6.46946 102.023
      vertex 10 -6.76777 101.768
    endloop
  endfacet
  facet normal 0 0.649771 -0.76013
    outer loop
      vertex 10 -6.46946 102.023
      vertex -10 -6.76777 101.768
      vertex -10 -6.46946 102.023
    endloop
  endfacet
  facet normal 0 0.382406 -0.923994
    outer loop
      vertex -10 -6.13498 102.228
      vertex 10 -5.77254 102.378
      vertex 10 -6.13498 102.228
    endloop
  endfacet
  facet normal 0 0.382406 -0.923994
    outer loop
      vertex 10 -5.77254 102.378
      vertex -10 -6.13498 102.228
      vertex -10 -5.77254 102.378
    endloop
  endfacet
  facet normal 0 -0.76116 -0.648564
    outer loop
      vertex -10.6098 -2.97746 101.469
      vertex 10.4994 -3.23223 101.768
      vertex -10.4994 -3.23223 101.768
    endloop
  endfacet
  facet normal 0 -0.76116 -0.648564
    outer loop
      vertex 10.4994 -3.23223 101.768
      vertex -10.6098 -2.97746 101.469
      vertex 10.6098 -2.97746 101.469
    endloop
  endfacet
  facet normal 0 -0.923722 -0.383064
    outer loop
      vertex -10.7636 -2.62236 100.773
      vertex 10.6986 -2.77248 101.135
      vertex -10.6986 -2.77248 101.135
    endloop
  endfacet
  facet normal 0 -0.923722 -0.383064
    outer loop
      vertex 10.6986 -2.77248 101.135
      vertex -10.7636 -2.62236 100.773
      vertex 10.7636 -2.62236 100.773
    endloop
  endfacet
  facet normal -0 0.522555 0.852606
    outer loop
      vertex -10 -6.13498 97.7725
      vertex 10 -6.46946 97.9775
      vertex 10 -6.13498 97.7725
    endloop
  endfacet
  facet normal 0 0.522555 0.852606
    outer loop
      vertex 10 -6.46946 97.9775
      vertex -10 -6.13498 97.7725
      vertex -10 -6.46946 97.9775
    endloop
  endfacet
  facet normal 0 -0.233252 0.972416
    outer loop
      vertex 10 -4.38462 97.5846
      vertex -10 -4.38462 97.5846
      vertex 10 -4.60891 97.5308
    endloop
  endfacet
  facet normal 0 -0.23385 0.972273
    outer loop
      vertex 10.0681 -4.22746 97.6224
      vertex -10 -4.38462 97.5846
      vertex 10 -4.38462 97.5846
    endloop
  endfacet
  facet normal 0 -0.23385 0.972273
    outer loop
      vertex -10 -4.38462 97.5846
      vertex 10.0681 -4.22746 97.6224
      vertex -10.0681 -4.22746 97.6224
    endloop
  endfacet
  facet normal 0 -0.233252 0.972416
    outer loop
      vertex 10 -4.60891 97.5308
      vertex -10 -4.38462 97.5846
      vertex -10 -4.60891 97.5308
    endloop
  endfacet
  facet normal 0 0.923909 0.382613
    outer loop
      vertex 10 -7.22752 98.865
      vertex -10 -7.37764 99.2275
      vertex 10 -7.37764 99.2275
    endloop
  endfacet
  facet normal 0 0.923909 0.382613
    outer loop
      vertex -10 -7.37764 99.2275
      vertex 10 -7.22752 98.865
      vertex -10 -7.22752 98.865
    endloop
  endfacet
  facet normal -0 0.0785112 0.996913
    outer loop
      vertex -10 -5 97.5
      vertex 10 -5.39109 97.5308
      vertex 10 -5 97.5
    endloop
  endfacet
  facet normal 0 0.0785112 0.996913
    outer loop
      vertex 10 -5.39109 97.5308
      vertex -10 -5 97.5
      vertex -10 -5.39109 97.5308
    endloop
  endfacet
  facet normal 0 -0.852294 -0.523063
    outer loop
      vertex -10.6986 -2.77248 101.135
      vertex 10.6098 -2.97746 101.469
      vertex -10.6098 -2.97746 101.469
    endloop
  endfacet
  facet normal 0 -0.852294 -0.523063
    outer loop
      vertex 10.6098 -2.97746 101.469
      vertex -10.6986 -2.77248 101.135
      vertex 10.6986 -2.77248 101.135
    endloop
  endfacet
  facet normal -0 0.382623 0.923904
    outer loop
      vertex -10 -5.77254 97.6224
      vertex 10 -6.13498 97.7725
      vertex 10 -5.77254 97.6224
    endloop
  endfacet
  facet normal 0 0.382623 0.923904
    outer loop
      vertex 10 -6.13498 97.7725
      vertex -10 -5.77254 97.6224
      vertex -10 -6.13498 97.7725
    endloop
  endfacet
  facet normal 0 -0.0790178 -0.996873
    outer loop
      vertex -10 -5 102.5
      vertex 10 -4.60891 102.469
      vertex 10 -5 102.5
    endloop
  endfacet
  facet normal -0 -0.0790178 -0.996873
    outer loop
      vertex 10 -4.60891 102.469
      vertex -10 -5 102.5
      vertex -10 -4.60891 102.469
    endloop
  endfacet
  facet normal 0 -0.760409 0.649445
    outer loop
      vertex -10.4994 -3.23223 98.2322
      vertex 10.6098 -2.97746 98.5305
      vertex -10.6098 -2.97746 98.5305
    endloop
  endfacet
  facet normal 0 -0.760409 0.649445
    outer loop
      vertex 10.6098 -2.97746 98.5305
      vertex -10.4994 -3.23223 98.2322
      vertex 10.4994 -3.23223 98.2322
    endloop
  endfacet
  facet normal 0 0.923722 -0.383064
    outer loop
      vertex 10 -7.37764 100.773
      vertex -10 -7.22752 101.135
      vertex 10 -7.22752 101.135
    endloop
  endfacet
  facet normal 0 0.923722 -0.383064
    outer loop
      vertex -10 -7.22752 101.135
      vertex 10 -7.37764 100.773
      vertex -10 -7.37764 100.773
    endloop
  endfacet
  facet normal 0 -0.972445 -0.233132
    outer loop
      vertex -10.8033 -2.53078 100.391
      vertex 10.7636 -2.62236 100.773
      vertex -10.7636 -2.62236 100.773
    endloop
  endfacet
  facet normal 0 -0.972445 -0.233132
    outer loop
      vertex 10.7636 -2.62236 100.773
      vertex -10.8033 -2.53078 100.391
      vertex 10.8033 -2.53078 100.391
    endloop
  endfacet
  facet normal 0 -0.852642 0.522495
    outer loop
      vertex -10.6098 -2.97746 98.5305
      vertex 10.6986 -2.77248 98.865
      vertex -10.6986 -2.77248 98.865
    endloop
  endfacet
  facet normal 0 -0.852642 0.522495
    outer loop
      vertex 10.6986 -2.77248 98.865
      vertex -10.6098 -2.97746 98.5305
      vertex 10.6098 -2.97746 98.5305
    endloop
  endfacet
  facet normal 0 -0.382406 -0.923994
    outer loop
      vertex -10.0681 -4.22746 102.378
      vertex 10.2252 -3.86502 102.228
      vertex 10.0681 -4.22746 102.378
    endloop
  endfacet
  facet normal -0 -0.382406 -0.923994
    outer loop
      vertex 10.2252 -3.86502 102.228
      vertex -10.0681 -4.22746 102.378
      vertex -10.2252 -3.86502 102.228
    endloop
  endfacet
  facet normal 0 0.852642 0.522495
    outer loop
      vertex 10 -7.02254 98.5305
      vertex -10 -7.22752 98.865
      vertex 10 -7.22752 98.865
    endloop
  endfacet
  facet normal 0 0.852642 0.522495
    outer loop
      vertex -10 -7.22752 98.865
      vertex 10 -7.02254 98.5305
      vertex -10 -7.02254 98.5305
    endloop
  endfacet
  facet normal 0 0.972445 -0.233132
    outer loop
      vertex 10 -7.46922 100.391
      vertex -10 -7.37764 100.773
      vertex 10 -7.37764 100.773
    endloop
  endfacet
  facet normal 0 0.972445 -0.233132
    outer loop
      vertex -10 -7.37764 100.773
      vertex 10 -7.46922 100.391
      vertex -10 -7.46922 100.391
    endloop
  endfacet
  facet normal 0 -0.522555 0.852606
    outer loop
      vertex 10.3701 -3.53054 97.9775
      vertex -10.2252 -3.86502 97.7725
      vertex 10.2252 -3.86502 97.7725
    endloop
  endfacet
  facet normal 0 -0.522555 0.852606
    outer loop
      vertex -10.2252 -3.86502 97.7725
      vertex 10.3701 -3.53054 97.9775
      vertex -10.3701 -3.53054 97.9775
    endloop
  endfacet
  facet normal 0 0.522555 -0.852606
    outer loop
      vertex -10 -6.46946 102.023
      vertex 10 -6.13498 102.228
      vertex 10 -6.46946 102.023
    endloop
  endfacet
  facet normal 0 0.522555 -0.852606
    outer loop
      vertex 10 -6.13498 102.228
      vertex -10 -6.46946 102.023
      vertex -10 -6.13498 102.228
    endloop
  endfacet
  facet normal 0 0.972362 0.233479
    outer loop
      vertex 10 -7.37764 99.2275
      vertex -10 -7.46922 99.6089
      vertex 10 -7.46922 99.6089
    endloop
  endfacet
  facet normal 0 0.972362 0.233479
    outer loop
      vertex -10 -7.46922 99.6089
      vertex 10 -7.37764 99.2275
      vertex -10 -7.37764 99.2275
    endloop
  endfacet
  facet normal 0 -0.972362 0.233479
    outer loop
      vertex -10.7636 -2.62236 99.2275
      vertex 10.8033 -2.53078 99.6089
      vertex -10.8033 -2.53078 99.6089
    endloop
  endfacet
  facet normal 0 -0.972362 0.233479
    outer loop
      vertex 10.8033 -2.53078 99.6089
      vertex -10.7636 -2.62236 99.2275
      vertex 10.7636 -2.62236 99.2275
    endloop
  endfacet
  facet normal 0 -0.522555 -0.852606
    outer loop
      vertex -10.2252 -3.86502 102.228
      vertex 10.3701 -3.53054 102.023
      vertex 10.2252 -3.86502 102.228
    endloop
  endfacet
  facet normal -0 -0.522555 -0.852606
    outer loop
      vertex 10.3701 -3.53054 102.023
      vertex -10.2252 -3.86502 102.228
      vertex -10.3701 -3.53054 102.023
    endloop
  endfacet
  facet normal 0 0.0790178 -0.996873
    outer loop
      vertex -10 -5.39109 102.469
      vertex 10 -5 102.5
      vertex 10 -5.39109 102.469
    endloop
  endfacet
  facet normal 0 0.0790178 -0.996873
    outer loop
      vertex 10 -5 102.5
      vertex -10 -5.39109 102.469
      vertex -10 -5 102.5
    endloop
  endfacet
  facet normal 0 0.232051 -0.972704
    outer loop
      vertex -10 -5.77254 102.378
      vertex 10 -5.39109 102.469
      vertex 10 -5.77254 102.378
    endloop
  endfacet
  facet normal 0 0.232051 -0.972704
    outer loop
      vertex 10 -5.39109 102.469
      vertex -10 -5.77254 102.378
      vertex -10 -5.39109 102.469
    endloop
  endfacet
  facet normal -0 0.649329 0.760508
    outer loop
      vertex -10 -6.46946 97.9775
      vertex 10 -6.76777 98.2322
      vertex 10 -6.46946 97.9775
    endloop
  endfacet
  facet normal 0 0.649329 0.760508
    outer loop
      vertex 10 -6.76777 98.2322
      vertex -10 -6.46946 97.9775
      vertex -10 -6.76777 98.2322
    endloop
  endfacet
  facet normal -0 0.233498 0.972357
    outer loop
      vertex -10 -5.39109 97.5308
      vertex 10 -5.77254 97.6224
      vertex 10 -5.39109 97.5308
    endloop
  endfacet
  facet normal 0 0.233498 0.972357
    outer loop
      vertex 10 -5.77254 97.6224
      vertex -10 -5.39109 97.5308
      vertex -10 -5.77254 97.6224
    endloop
  endfacet
  facet normal -0 -0.234071 -0.972219
    outer loop
      vertex 10 -4.60891 102.469
      vertex -10 -4.60891 102.469
      vertex 10 -4.38462 102.415
    endloop
  endfacet
  facet normal 0 -0.234071 -0.972219
    outer loop
      vertex -10 -4.38462 102.415
      vertex 10 -4.38462 102.415
      vertex -10 -4.60891 102.469
    endloop
  endfacet
  facet normal -0 -0.229164 -0.973388
    outer loop
      vertex 10 -4.38462 102.415
      vertex -10 -4.38462 102.415
      vertex 10.0681 -4.22746 102.378
    endloop
  endfacet
  facet normal -0 -0.229164 -0.973388
    outer loop
      vertex 10.0681 -4.22746 102.378
      vertex -10 -4.38462 102.415
      vertex -10.0681 -4.22746 102.378
    endloop
  endfacet
  facet normal 0 -0.996916 -0.0784784
    outer loop
      vertex -10.8167 -2.5 100
      vertex 10.8033 -2.53078 100.391
      vertex -10.8033 -2.53078 100.391
    endloop
  endfacet
  facet normal 0 -0.996916 -0.0784784
    outer loop
      vertex 10.8033 -2.53078 100.391
      vertex -10.8167 -2.5 100
      vertex 10.8167 -2.5 100
    endloop
  endfacet
  facet normal 0 -0.996917 0.0784585
    outer loop
      vertex -10.8033 -2.53078 99.6089
      vertex 10.8167 -2.5 100
      vertex -10.8167 -2.5 100
    endloop
  endfacet
  facet normal 0 -0.996917 0.0784585
    outer loop
      vertex 10.8167 -2.5 100
      vertex -10.8033 -2.53078 99.6089
      vertex 10.8033 -2.53078 99.6089
    endloop
  endfacet
  facet normal 0 0.996916 -0.0784784
    outer loop
      vertex 10 -7.5 100
      vertex -10 -7.46922 100.391
      vertex 10 -7.46922 100.391
    endloop
  endfacet
  facet normal 0 0.996916 -0.0784784
    outer loop
      vertex -10 -7.46922 100.391
      vertex 10 -7.5 100
      vertex -10 -7.5 100
    endloop
  endfacet
  facet normal 0 0.852294 -0.523063
    outer loop
      vertex 10 -7.22752 101.135
      vertex -10 -7.02254 101.469
      vertex 10 -7.02254 101.469
    endloop
  endfacet
  facet normal 0 0.852294 -0.523063
    outer loop
      vertex -10 -7.02254 101.469
      vertex 10 -7.22752 101.135
      vertex -10 -7.22752 101.135
    endloop
  endfacet
  facet normal 0 -0.382623 0.923904
    outer loop
      vertex 10.4581 -3.86502 71.7725
      vertex -10.2846 -4.22746 71.6224
      vertex 10.2846 -4.22746 71.6224
    endloop
  endfacet
  facet normal 0 -0.382623 0.923904
    outer loop
      vertex -10.2846 -4.22746 71.6224
      vertex 10.4581 -3.86502 71.7725
      vertex -10.4581 -3.86502 71.7725
    endloop
  endfacet
  facet normal 0 0.996917 0.0784585
    outer loop
      vertex 10 -7.46922 73.6089
      vertex -10 -7.5 74
      vertex 10 -7.5 74
    endloop
  endfacet
  facet normal 0 0.996917 0.0784585
    outer loop
      vertex -10 -7.5 74
      vertex 10 -7.46922 73.6089
      vertex -10 -7.46922 73.6089
    endloop
  endfacet
  facet normal 0 -0.0783833 0.996923
    outer loop
      vertex 10 -4.82194 71.514
      vertex -10 -4.82194 71.514
      vertex 10 -5 71.5
    endloop
  endfacet
  facet normal 0 -0.078618 0.996905
    outer loop
      vertex 10.102 -4.60891 71.5308
      vertex -10 -4.82194 71.514
      vertex 10 -4.82194 71.514
    endloop
  endfacet
  facet normal 0 -0.078618 0.996905
    outer loop
      vertex -10 -4.82194 71.514
      vertex 10.102 -4.60891 71.5308
      vertex -10.102 -4.60891 71.5308
    endloop
  endfacet
  facet normal 0 -0.0783833 0.996923
    outer loop
      vertex 10 -5 71.5
      vertex -10 -4.82194 71.514
      vertex -10 -5 71.5
    endloop
  endfacet
  facet normal 0 -0.649329 -0.760508
    outer loop
      vertex -10.6136 -3.53054 76.0225
      vertex 10.7492 -3.23223 75.7678
      vertex 10.6136 -3.53054 76.0225
    endloop
  endfacet
  facet normal -0 -0.649329 -0.760508
    outer loop
      vertex 10.7492 -3.23223 75.7678
      vertex -10.6136 -3.53054 76.0225
      vertex -10.7492 -3.23223 75.7678
    endloop
  endfacet
  facet normal 0 0.760409 -0.649445
    outer loop
      vertex 10 -7.02254 75.4695
      vertex -10 -6.76777 75.7678
      vertex 10 -6.76777 75.7678
    endloop
  endfacet
  facet normal 0 0.760409 -0.649445
    outer loop
      vertex -10 -6.76777 75.7678
      vertex 10 -7.02254 75.4695
      vertex -10 -7.02254 75.4695
    endloop
  endfacet
  facet normal 0 0.760409 0.649445
    outer loop
      vertex 10 -6.76777 72.2322
      vertex -10 -7.02254 72.5305
      vertex 10 -7.02254 72.5305
    endloop
  endfacet
  facet normal 0 0.760409 0.649445
    outer loop
      vertex -10 -7.02254 72.5305
      vertex 10 -6.76777 72.2322
      vertex -10 -6.76777 72.2322
    endloop
  endfacet
  facet normal 0 -0.923909 0.382613
    outer loop
      vertex -10.9811 -2.77248 72.865
      vertex 11.0529 -2.62236 73.2275
      vertex -11.0529 -2.62236 73.2275
    endloop
  endfacet
  facet normal 0 -0.923909 0.382613
    outer loop
      vertex 11.0529 -2.62236 73.2275
      vertex -10.9811 -2.77248 72.865
      vertex 10.9811 -2.77248 72.865
    endloop
  endfacet
  facet normal 0 -0.649329 0.760508
    outer loop
      vertex 10.761 -3.23223 72.2322
      vertex -10.6182 -3.53054 71.9775
      vertex 10.6182 -3.53054 71.9775
    endloop
  endfacet
  facet normal 0 -0.649329 0.760508
    outer loop
      vertex -10.6182 -3.53054 71.9775
      vertex 10.761 -3.23223 72.2322
      vertex -10.761 -3.23223 72.2322
    endloop
  endfacet
  facet normal 0 0.649329 -0.760508
    outer loop
      vertex -10 -6.76777 75.7678
      vertex 10 -6.46946 76.0225
      vertex 10 -6.76777 75.7678
    endloop
  endfacet
  facet normal 0 0.649329 -0.760508
    outer loop
      vertex 10 -6.46946 76.0225
      vertex -10 -6.76777 75.7678
      vertex -10 -6.46946 76.0225
    endloop
  endfacet
  facet normal 0 -0.972362 0.233479
    outer loop
      vertex -11.0529 -2.62236 73.2275
      vertex 11.0968 -2.53078 73.6089
      vertex -11.0968 -2.53078 73.6089
    endloop
  endfacet
  facet normal 0 -0.972362 0.233479
    outer loop
      vertex 11.0968 -2.53078 73.6089
      vertex -11.0529 -2.62236 73.2275
      vertex 11.0529 -2.62236 73.2275
    endloop
  endfacet
  facet normal 0 0.382623 -0.923904
    outer loop
      vertex -10 -6.13498 76.2275
      vertex 10 -5.77254 76.3776
      vertex 10 -6.13498 76.2275
    endloop
  endfacet
  facet normal 0 0.382623 -0.923904
    outer loop
      vertex 10 -5.77254 76.3776
      vertex -10 -6.13498 76.2275
      vertex -10 -5.77254 76.3776
    endloop
  endfacet
  facet normal 0 -0.760409 -0.649445
    outer loop
      vertex -10.8707 -2.97746 75.4695
      vertex 10.7492 -3.23223 75.7678
      vertex -10.7492 -3.23223 75.7678
    endloop
  endfacet
  facet normal 0 -0.760409 -0.649445
    outer loop
      vertex 10.7492 -3.23223 75.7678
      vertex -10.8707 -2.97746 75.4695
      vertex 10.8707 -2.97746 75.4695
    endloop
  endfacet
  facet normal 0.00579849 -0.923453 -0.383669
    outer loop
      vertex -11.0529 -2.62236 74.7725
      vertex -10.9751 -2.77248 75.135
      vertex -11.0147 -2.70214 74.9651
    endloop
  endfacet
  facet normal 0 -0.923909 -0.382613
    outer loop
      vertex -10.9751 -2.77248 75.135
      vertex -11.0529 -2.62236 74.7725
      vertex 10.9751 -2.77248 75.135
    endloop
  endfacet
  facet normal -0 -0.923909 -0.382613
    outer loop
      vertex 11.0529 -2.62236 74.7725
      vertex 10.9751 -2.77248 75.135
      vertex -11.0529 -2.62236 74.7725
    endloop
  endfacet
  facet normal -0.00579849 -0.923453 -0.383669
    outer loop
      vertex 10.9751 -2.77248 75.135
      vertex 11.0529 -2.62236 74.7725
      vertex 11.0147 -2.70214 74.9651
    endloop
  endfacet
  facet normal -0 0.522555 0.852606
    outer loop
      vertex -10 -6.13498 71.7725
      vertex 10 -6.46946 71.9775
      vertex 10 -6.13498 71.7725
    endloop
  endfacet
  facet normal 0 0.522555 0.852606
    outer loop
      vertex 10 -6.46946 71.9775
      vertex -10 -6.13498 71.7725
      vertex -10 -6.46946 71.9775
    endloop
  endfacet
  facet normal 0 -0.233498 0.972357
    outer loop
      vertex 10.2846 -4.22746 71.6224
      vertex -10.102 -4.60891 71.5308
      vertex 10.102 -4.60891 71.5308
    endloop
  endfacet
  facet normal 0 -0.233498 0.972357
    outer loop
      vertex -10.102 -4.60891 71.5308
      vertex 10.2846 -4.22746 71.6224
      vertex -10.2846 -4.22746 71.6224
    endloop
  endfacet
  facet normal 0 0.923909 0.382613
    outer loop
      vertex 10 -7.22752 72.865
      vertex -10 -7.37764 73.2275
      vertex 10 -7.37764 73.2275
    endloop
  endfacet
  facet normal 0 0.923909 0.382613
    outer loop
      vertex -10 -7.37764 73.2275
      vertex 10 -7.22752 72.865
      vertex -10 -7.22752 72.865
    endloop
  endfacet
  facet normal -0 0.0785112 0.996913
    outer loop
      vertex -10 -5 71.5
      vertex 10 -5.39109 71.5308
      vertex 10 -5 71.5
    endloop
  endfacet
  facet normal 0 0.0785112 0.996913
    outer loop
      vertex 10 -5.39109 71.5308
      vertex -10 -5 71.5
      vertex -10 -5.39109 71.5308
    endloop
  endfacet
  facet normal 0 -0.852642 -0.522495
    outer loop
      vertex -10.9751 -2.77248 75.135
      vertex 10.8707 -2.97746 75.4695
      vertex -10.8707 -2.97746 75.4695
    endloop
  endfacet
  facet normal 0 -0.852642 -0.522495
    outer loop
      vertex 10.8707 -2.97746 75.4695
      vertex -10.9751 -2.77248 75.135
      vertex 10.9751 -2.77248 75.135
    endloop
  endfacet
  facet normal -0 0.382623 0.923904
    outer loop
      vertex -10 -5.77254 71.6224
      vertex 10 -6.13498 71.7725
      vertex 10 -5.77254 71.6224
    endloop
  endfacet
  facet normal 0 0.382623 0.923904
    outer loop
      vertex 10 -6.13498 71.7725
      vertex -10 -5.77254 71.6224
      vertex -10 -6.13498 71.7725
    endloop
  endfacet
  facet normal -0 -0.0783833 -0.996923
    outer loop
      vertex 10 -5 76.5
      vertex -10 -5 76.5
      vertex 10 -4.82194 76.486
    endloop
  endfacet
  facet normal 0 -0.0783833 -0.996923
    outer loop
      vertex -10 -4.82194 76.486
      vertex 10 -4.82194 76.486
      vertex -10 -5 76.5
    endloop
  endfacet
  facet normal -0 -0.078618 -0.996905
    outer loop
      vertex 10 -4.82194 76.486
      vertex -10 -4.82194 76.486
      vertex 10.102 -4.60891 76.4692
    endloop
  endfacet
  facet normal -0 -0.078618 -0.996905
    outer loop
      vertex 10.102 -4.60891 76.4692
      vertex -10 -4.82194 76.486
      vertex -10.102 -4.60891 76.4692
    endloop
  endfacet
  facet normal 0 -0.760409 0.649445
    outer loop
      vertex -10.761 -3.23223 72.2322
      vertex 10.8829 -2.97746 72.5305
      vertex -10.8829 -2.97746 72.5305
    endloop
  endfacet
  facet normal 0 -0.760409 0.649445
    outer loop
      vertex 10.8829 -2.97746 72.5305
      vertex -10.761 -3.23223 72.2322
      vertex 10.761 -3.23223 72.2322
    endloop
  endfacet
  facet normal 0 0.923909 -0.382613
    outer loop
      vertex 10 -7.37764 74.7725
      vertex -10 -7.22752 75.135
      vertex 10 -7.22752 75.135
    endloop
  endfacet
  facet normal 0 0.923909 -0.382613
    outer loop
      vertex -10 -7.22752 75.135
      vertex 10 -7.37764 74.7725
      vertex -10 -7.37764 74.7725
    endloop
  endfacet
  facet normal 0 -0.972362 -0.233479
    outer loop
      vertex -11.0968 -2.53078 74.3911
      vertex 11.0529 -2.62236 74.7725
      vertex -11.0529 -2.62236 74.7725
    endloop
  endfacet
  facet normal 0 -0.972362 -0.233479
    outer loop
      vertex 11.0529 -2.62236 74.7725
      vertex -11.0968 -2.53078 74.3911
      vertex 11.0968 -2.53078 74.3911
    endloop
  endfacet
  facet normal 0 -0.852642 0.522495
    outer loop
      vertex -10.8829 -2.97746 72.5305
      vertex 10.9811 -2.77248 72.865
      vertex -10.9811 -2.77248 72.865
    endloop
  endfacet
  facet normal 0 -0.852642 0.522495
    outer loop
      vertex 10.9811 -2.77248 72.865
      vertex -10.8829 -2.97746 72.5305
      vertex 10.8829 -2.97746 72.5305
    endloop
  endfacet
  facet normal 0 -0.382623 -0.923904
    outer loop
      vertex -10.2846 -4.22746 76.3776
      vertex 10.4581 -3.86502 76.2275
      vertex 10.2846 -4.22746 76.3776
    endloop
  endfacet
  facet normal -0 -0.382623 -0.923904
    outer loop
      vertex 10.4581 -3.86502 76.2275
      vertex -10.2846 -4.22746 76.3776
      vertex -10.4581 -3.86502 76.2275
    endloop
  endfacet
  facet normal 0 0.852642 0.522495
    outer loop
      vertex 10 -7.02254 72.5305
      vertex -10 -7.22752 72.865
      vertex 10 -7.22752 72.865
    endloop
  endfacet
  facet normal 0 0.852642 0.522495
    outer loop
      vertex -10 -7.22752 72.865
      vertex 10 -7.02254 72.5305
      vertex -10 -7.02254 72.5305
    endloop
  endfacet
  facet normal 0 0.972362 -0.233479
    outer loop
      vertex 10 -7.46922 74.3911
      vertex -10 -7.37764 74.7725
      vertex 10 -7.37764 74.7725
    endloop
  endfacet
  facet normal 0 0.972362 -0.233479
    outer loop
      vertex -10 -7.37764 74.7725
      vertex 10 -7.46922 74.3911
      vertex -10 -7.46922 74.3911
    endloop
  endfacet
  facet normal 0 -0.522555 0.852606
    outer loop
      vertex 10.6182 -3.53054 71.9775
      vertex -10.4581 -3.86502 71.7725
      vertex 10.4581 -3.86502 71.7725
    endloop
  endfacet
  facet normal 0 -0.522555 0.852606
    outer loop
      vertex -10.4581 -3.86502 71.7725
      vertex 10.6182 -3.53054 71.9775
      vertex -10.6182 -3.53054 71.9775
    endloop
  endfacet
  facet normal 0 0.522555 -0.852606
    outer loop
      vertex -10 -6.46946 76.0225
      vertex 10 -6.13498 76.2275
      vertex 10 -6.46946 76.0225
    endloop
  endfacet
  facet normal 0 0.522555 -0.852606
    outer loop
      vertex 10 -6.13498 76.2275
      vertex -10 -6.46946 76.0225
      vertex -10 -6.13498 76.2275
    endloop
  endfacet
  facet normal 0 0.972362 0.233479
    outer loop
      vertex 10 -7.37764 73.2275
      vertex -10 -7.46922 73.6089
      vertex 10 -7.46922 73.6089
    endloop
  endfacet
  facet normal 0 0.972362 0.233479
    outer loop
      vertex -10 -7.46922 73.6089
      vertex 10 -7.37764 73.2275
      vertex -10 -7.37764 73.2275
    endloop
  endfacet
  facet normal -0.00347584 -0.521377 -0.85332
    outer loop
      vertex 10.4581 -3.86502 76.2275
      vertex 10.6136 -3.53054 76.0225
      vertex 10.5638 -3.64412 76.0921
    endloop
  endfacet
  facet normal 0 -0.522555 -0.852606
    outer loop
      vertex -10.4581 -3.86502 76.2275
      vertex 10.6136 -3.53054 76.0225
      vertex 10.4581 -3.86502 76.2275
    endloop
  endfacet
  facet normal 0.00347584 -0.521377 -0.85332
    outer loop
      vertex -10.6136 -3.53054 76.0225
      vertex -10.4581 -3.86502 76.2275
      vertex -10.5638 -3.64412 76.0921
    endloop
  endfacet
  facet normal 0 -0.522555 -0.852606
    outer loop
      vertex -10.4581 -3.86502 76.2275
      vertex -10.6136 -3.53054 76.0225
      vertex 10.6136 -3.53054 76.0225
    endloop
  endfacet
  facet normal 0 0.0785112 -0.996913
    outer loop
      vertex -10 -5.39109 76.4692
      vertex 10 -5 76.5
      vertex 10 -5.39109 76.4692
    endloop
  endfacet
  facet normal 0 0.0785112 -0.996913
    outer loop
      vertex 10 -5 76.5
      vertex -10 -5.39109 76.4692
      vertex -10 -5 76.5
    endloop
  endfacet
  facet normal 0 0.233498 -0.972357
    outer loop
      vertex -10 -5.77254 76.3776
      vertex 10 -5.39109 76.4692
      vertex 10 -5.77254 76.3776
    endloop
  endfacet
  facet normal 0 0.233498 -0.972357
    outer loop
      vertex 10 -5.39109 76.4692
      vertex -10 -5.77254 76.3776
      vertex -10 -5.39109 76.4692
    endloop
  endfacet
  facet normal -0 0.649329 0.760508
    outer loop
      vertex -10 -6.46946 71.9775
      vertex 10 -6.76777 72.2322
      vertex 10 -6.46946 71.9775
    endloop
  endfacet
  facet normal 0 0.649329 0.760508
    outer loop
      vertex 10 -6.76777 72.2322
      vertex -10 -6.46946 71.9775
      vertex -10 -6.76777 72.2322
    endloop
  endfacet
  facet normal -0 0.233498 0.972357
    outer loop
      vertex -10 -5.39109 71.5308
      vertex 10 -5.77254 71.6224
      vertex 10 -5.39109 71.5308
    endloop
  endfacet
  facet normal 0 0.233498 0.972357
    outer loop
      vertex 10 -5.77254 71.6224
      vertex -10 -5.39109 71.5308
      vertex -10 -5.77254 71.6224
    endloop
  endfacet
  facet normal 0 -0.233498 -0.972357
    outer loop
      vertex -10.102 -4.60891 76.4692
      vertex 10.2846 -4.22746 76.3776
      vertex 10.102 -4.60891 76.4692
    endloop
  endfacet
  facet normal -0 -0.233498 -0.972357
    outer loop
      vertex 10.2846 -4.22746 76.3776
      vertex -10.102 -4.60891 76.4692
      vertex -10.2846 -4.22746 76.3776
    endloop
  endfacet
  facet normal 0 -0.996917 0.0784585
    outer loop
      vertex -11.0968 -2.53078 73.6089
      vertex 11.1115 -2.5 74
      vertex -11.1115 -2.5 74
    endloop
  endfacet
  facet normal 0 -0.996917 0.0784585
    outer loop
      vertex 11.1115 -2.5 74
      vertex -11.0968 -2.53078 73.6089
      vertex 11.0968 -2.53078 73.6089
    endloop
  endfacet
  facet normal 0 -0.996917 -0.0784585
    outer loop
      vertex -11.1115 -2.5 74
      vertex 11.0968 -2.53078 74.3911
      vertex -11.0968 -2.53078 74.3911
    endloop
  endfacet
  facet normal 0 -0.996917 -0.0784585
    outer loop
      vertex 11.0968 -2.53078 74.3911
      vertex -11.1115 -2.5 74
      vertex 11.1115 -2.5 74
    endloop
  endfacet
  facet normal 0 0.996917 -0.0784585
    outer loop
      vertex 10 -7.5 74
      vertex -10 -7.46922 74.3911
      vertex 10 -7.46922 74.3911
    endloop
  endfacet
  facet normal 0 0.996917 -0.0784585
    outer loop
      vertex -10 -7.46922 74.3911
      vertex 10 -7.5 74
      vertex -10 -7.5 74
    endloop
  endfacet
  facet normal 0 0.852642 -0.522495
    outer loop
      vertex 10 -7.22752 75.135
      vertex -10 -7.02254 75.4695
      vertex 10 -7.02254 75.4695
    endloop
  endfacet
  facet normal 0 0.852642 -0.522495
    outer loop
      vertex -10 -7.02254 75.4695
      vertex 10 -7.22752 75.135
      vertex -10 -7.22752 75.135
    endloop
  endfacet
  facet normal 0 -0.382623 0.923904
    outer loop
      vertex 10.7114 -3.86502 45.7725
      vertex -10.52 -4.22746 45.6224
      vertex 10.52 -4.22746 45.6224
    endloop
  endfacet
  facet normal 0 -0.382623 0.923904
    outer loop
      vertex -10.52 -4.22746 45.6224
      vertex 10.7114 -3.86502 45.7725
      vertex -10.7114 -3.86502 45.7725
    endloop
  endfacet
  facet normal 0 0.996917 0.0784585
    outer loop
      vertex 10 -7.46922 47.6089
      vertex -10 -7.5 48
      vertex 10 -7.5 48
    endloop
  endfacet
  facet normal 0 0.996917 0.0784585
    outer loop
      vertex -10 -7.5 48
      vertex 10 -7.46922 47.6089
      vertex -10 -7.46922 47.6089
    endloop
  endfacet
  facet normal 0 -0.0785112 0.996913
    outer loop
      vertex 10.3186 -4.60891 45.5308
      vertex -10.1121 -5 45.5
      vertex 10.1121 -5 45.5
    endloop
  endfacet
  facet normal 0 -0.0785112 0.996913
    outer loop
      vertex -10.1121 -5 45.5
      vertex 10.3186 -4.60891 45.5308
      vertex -10.3186 -4.60891 45.5308
    endloop
  endfacet
  facet normal 0 -0.649329 -0.760508
    outer loop
      vertex -10.8482 -3.53054 50.0225
      vertex 10.9905 -3.23223 49.7678
      vertex 10.8482 -3.53054 50.0225
    endloop
  endfacet
  facet normal -0 -0.649329 -0.760508
    outer loop
      vertex 10.9905 -3.23223 49.7678
      vertex -10.8482 -3.53054 50.0225
      vertex -10.9905 -3.23223 49.7678
    endloop
  endfacet
  facet normal 0 0.760409 -0.649445
    outer loop
      vertex 10 -7.02254 49.4695
      vertex -10 -6.76777 49.7678
      vertex 10 -6.76777 49.7678
    endloop
  endfacet
  facet normal 0 0.760409 -0.649445
    outer loop
      vertex -10 -6.76777 49.7678
      vertex 10 -7.02254 49.4695
      vertex -10 -7.02254 49.4695
    endloop
  endfacet
  facet normal 0 0.760409 0.649445
    outer loop
      vertex 10 -6.76777 46.2322
      vertex -10 -7.02254 46.5305
      vertex 10 -7.02254 46.5305
    endloop
  endfacet
  facet normal 0 0.760409 0.649445
    outer loop
      vertex -10 -7.02254 46.5305
      vertex 10 -6.76777 46.2322
      vertex -10 -6.76777 46.2322
    endloop
  endfacet
  facet normal 0 -0.923909 0.382613
    outer loop
      vertex -11.2883 -2.77248 46.865
      vertex 11.3676 -2.62236 47.2275
      vertex -11.3676 -2.62236 47.2275
    endloop
  endfacet
  facet normal 0 -0.923909 0.382613
    outer loop
      vertex 11.3676 -2.62236 47.2275
      vertex -11.2883 -2.77248 46.865
      vertex 11.2883 -2.77248 46.865
    endloop
  endfacet
  facet normal 0 -0.649329 0.760508
    outer loop
      vertex 11.0455 -3.23223 46.2322
      vertex -10.888 -3.53054 45.9775
      vertex 10.888 -3.53054 45.9775
    endloop
  endfacet
  facet normal 0 -0.649329 0.760508
    outer loop
      vertex -10.888 -3.53054 45.9775
      vertex 11.0455 -3.23223 46.2322
      vertex -11.0455 -3.23223 46.2322
    endloop
  endfacet
  facet normal 0 0.649329 -0.760508
    outer loop
      vertex -10 -6.76777 49.7678
      vertex 10 -6.46946 50.0225
      vertex 10 -6.76777 49.7678
    endloop
  endfacet
  facet normal 0 0.649329 -0.760508
    outer loop
      vertex 10 -6.46946 50.0225
      vertex -10 -6.76777 49.7678
      vertex -10 -6.46946 50.0225
    endloop
  endfacet
  facet normal 0 0.382623 -0.923904
    outer loop
      vertex -10 -6.13498 50.2275
      vertex 10 -5.77254 50.3776
      vertex 10 -6.13498 50.2275
    endloop
  endfacet
  facet normal 0 0.382623 -0.923904
    outer loop
      vertex 10 -5.77254 50.3776
      vertex -10 -6.13498 50.2275
      vertex -10 -5.77254 50.3776
    endloop
  endfacet
  facet normal 0 -0.760409 -0.649445
    outer loop
      vertex -11.1227 -2.97746 49.4695
      vertex 10.9905 -3.23223 49.7678
      vertex -10.9905 -3.23223 49.7678
    endloop
  endfacet
  facet normal 0 -0.760409 -0.649445
    outer loop
      vertex 10.9905 -3.23223 49.7678
      vertex -11.1227 -2.97746 49.4695
      vertex 11.1227 -2.97746 49.4695
    endloop
  endfacet
  facet normal 0 -0.923909 -0.382613
    outer loop
      vertex -11.3442 -2.62236 48.7725
      vertex 11.2416 -2.77248 49.135
      vertex -11.2416 -2.77248 49.135
    endloop
  endfacet
  facet normal 0 -0.923909 -0.382613
    outer loop
      vertex 11.2416 -2.77248 49.135
      vertex -11.3442 -2.62236 48.7725
      vertex 11.3442 -2.62236 48.7725
    endloop
  endfacet
  facet normal -0 0.522555 0.852606
    outer loop
      vertex -10 -6.13498 45.7725
      vertex 10 -6.46946 45.9775
      vertex 10 -6.13498 45.7725
    endloop
  endfacet
  facet normal 0 0.522555 0.852606
    outer loop
      vertex 10 -6.46946 45.9775
      vertex -10 -6.13498 45.7725
      vertex -10 -6.46946 45.9775
    endloop
  endfacet
  facet normal 0 -0.233498 0.972357
    outer loop
      vertex 10.52 -4.22746 45.6224
      vertex -10.3186 -4.60891 45.5308
      vertex 10.3186 -4.60891 45.5308
    endloop
  endfacet
  facet normal 0 -0.233498 0.972357
    outer loop
      vertex -10.3186 -4.60891 45.5308
      vertex 10.52 -4.22746 45.6224
      vertex -10.52 -4.22746 45.6224
    endloop
  endfacet
  facet normal 0 0.923909 0.382613
    outer loop
      vertex 10 -7.22752 46.865
      vertex -10 -7.37764 47.2275
      vertex 10 -7.37764 47.2275
    endloop
  endfacet
  facet normal 0 0.923909 0.382613
    outer loop
      vertex -10 -7.37764 47.2275
      vertex 10 -7.22752 46.865
      vertex -10 -7.22752 46.865
    endloop
  endfacet
  facet normal 0 0.0786325 0.996904
    outer loop
      vertex 10 -5.21233 45.5167
      vertex -10 -5.21233 45.5167
      vertex 10 -5.39109 45.5308
    endloop
  endfacet
  facet normal 0 0.078409 0.996921
    outer loop
      vertex 10.1121 -5 45.5
      vertex -10 -5.21233 45.5167
      vertex 10 -5.21233 45.5167
    endloop
  endfacet
  facet normal 0 0.078409 0.996921
    outer loop
      vertex -10 -5.21233 45.5167
      vertex 10.1121 -5 45.5
      vertex -10.1121 -5 45.5
    endloop
  endfacet
  facet normal 0 0.0786325 0.996904
    outer loop
      vertex 10 -5.39109 45.5308
      vertex -10 -5.21233 45.5167
      vertex -10 -5.39109 45.5308
    endloop
  endfacet
  facet normal 0 -0.852642 -0.522495
    outer loop
      vertex -11.2416 -2.77248 49.135
      vertex 11.1227 -2.97746 49.4695
      vertex -11.1227 -2.97746 49.4695
    endloop
  endfacet
  facet normal 0 -0.852642 -0.522495
    outer loop
      vertex 11.1227 -2.97746 49.4695
      vertex -11.2416 -2.77248 49.135
      vertex 11.2416 -2.77248 49.135
    endloop
  endfacet
  facet normal -0 0.382623 0.923904
    outer loop
      vertex -10 -5.77254 45.6224
      vertex 10 -6.13498 45.7725
      vertex 10 -5.77254 45.6224
    endloop
  endfacet
  facet normal 0 0.382623 0.923904
    outer loop
      vertex 10 -6.13498 45.7725
      vertex -10 -5.77254 45.6224
      vertex -10 -6.13498 45.7725
    endloop
  endfacet
  facet normal 0 -0.0785112 -0.996913
    outer loop
      vertex -10.1121 -5 50.5
      vertex 10.3186 -4.60891 50.4692
      vertex 10.1121 -5 50.5
    endloop
  endfacet
  facet normal -0 -0.0785112 -0.996913
    outer loop
      vertex 10.3186 -4.60891 50.4692
      vertex -10.1121 -5 50.5
      vertex -10.3186 -4.60891 50.4692
    endloop
  endfacet
  facet normal 0 -0.760409 0.649445
    outer loop
      vertex -11.0455 -3.23223 46.2322
      vertex 11.1801 -2.97746 46.5305
      vertex -11.1801 -2.97746 46.5305
    endloop
  endfacet
  facet normal 0 -0.760409 0.649445
    outer loop
      vertex 11.1801 -2.97746 46.5305
      vertex -11.0455 -3.23223 46.2322
      vertex 11.0455 -3.23223 46.2322
    endloop
  endfacet
  facet normal 0 0.923909 -0.382613
    outer loop
      vertex 10 -7.37764 48.7725
      vertex -10 -7.22752 49.135
      vertex 10 -7.22752 49.135
    endloop
  endfacet
  facet normal 0 0.923909 -0.382613
    outer loop
      vertex -10 -7.22752 49.135
      vertex 10 -7.37764 48.7725
      vertex -10 -7.37764 48.7725
    endloop
  endfacet
  facet normal -0.00110086 -0.972408 -0.233283
    outer loop
      vertex -11.4159 -2.53078 48.3911
      vertex -11.3442 -2.62236 48.7725
      vertex -11.3994 -2.56201 48.5212
    endloop
  endfacet
  facet normal 0 -0.972362 -0.233479
    outer loop
      vertex -11.3442 -2.62236 48.7725
      vertex -11.4159 -2.53078 48.3911
      vertex 11.3442 -2.62236 48.7725
    endloop
  endfacet
  facet normal -0 -0.972362 -0.233479
    outer loop
      vertex 11.4159 -2.53078 48.3911
      vertex 11.3442 -2.62236 48.7725
      vertex -11.4159 -2.53078 48.3911
    endloop
  endfacet
  facet normal 0.00110086 -0.972408 -0.233283
    outer loop
      vertex 11.3442 -2.62236 48.7725
      vertex 11.4159 -2.53078 48.3911
      vertex 11.3994 -2.56201 48.5212
    endloop
  endfacet
  facet normal 0 -0.852642 0.522495
    outer loop
      vertex -11.1801 -2.97746 46.5305
      vertex 11.2883 -2.77248 46.865
      vertex -11.2883 -2.77248 46.865
    endloop
  endfacet
  facet normal 0 -0.852642 0.522495
    outer loop
      vertex 11.2883 -2.77248 46.865
      vertex -11.1801 -2.97746 46.5305
      vertex 11.1801 -2.97746 46.5305
    endloop
  endfacet
  facet normal -0.000782274 -0.382293 -0.924041
    outer loop
      vertex 10.52 -4.22746 50.3776
      vertex 10.6993 -3.86502 50.2275
      vertex 10.6529 -3.97587 50.2734
    endloop
  endfacet
  facet normal 0 -0.382623 -0.923904
    outer loop
      vertex -10.52 -4.22746 50.3776
      vertex 10.6993 -3.86502 50.2275
      vertex 10.52 -4.22746 50.3776
    endloop
  endfacet
  facet normal 0.000782274 -0.382293 -0.924041
    outer loop
      vertex -10.6993 -3.86502 50.2275
      vertex -10.52 -4.22746 50.3776
      vertex -10.6529 -3.97587 50.2734
    endloop
  endfacet
  facet normal 0 -0.382623 -0.923904
    outer loop
      vertex -10.52 -4.22746 50.3776
      vertex -10.6993 -3.86502 50.2275
      vertex 10.6993 -3.86502 50.2275
    endloop
  endfacet
  facet normal 0 0.852642 0.522495
    outer loop
      vertex 10 -7.02254 46.5305
      vertex -10 -7.22752 46.865
      vertex 10 -7.22752 46.865
    endloop
  endfacet
  facet normal 0 0.852642 0.522495
    outer loop
      vertex -10 -7.22752 46.865
      vertex 10 -7.02254 46.5305
      vertex -10 -7.02254 46.5305
    endloop
  endfacet
  facet normal 0 0.972362 -0.233479
    outer loop
      vertex 10 -7.46922 48.3911
      vertex -10 -7.37764 48.7725
      vertex 10 -7.37764 48.7725
    endloop
  endfacet
  facet normal 0 0.972362 -0.233479
    outer loop
      vertex -10 -7.37764 48.7725
      vertex 10 -7.46922 48.3911
      vertex -10 -7.46922 48.3911
    endloop
  endfacet
  facet normal 0 -0.522555 0.852606
    outer loop
      vertex 10.888 -3.53054 45.9775
      vertex -10.7114 -3.86502 45.7725
      vertex 10.7114 -3.86502 45.7725
    endloop
  endfacet
  facet normal 0 -0.522555 0.852606
    outer loop
      vertex -10.7114 -3.86502 45.7725
      vertex 10.888 -3.53054 45.9775
      vertex -10.888 -3.53054 45.9775
    endloop
  endfacet
  facet normal 0 0.522555 -0.852606
    outer loop
      vertex -10 -6.46946 50.0225
      vertex 10 -6.13498 50.2275
      vertex 10 -6.46946 50.0225
    endloop
  endfacet
  facet normal 0 0.522555 -0.852606
    outer loop
      vertex 10 -6.13498 50.2275
      vertex -10 -6.46946 50.0225
      vertex -10 -6.13498 50.2275
    endloop
  endfacet
  facet normal 0 0.972362 0.233479
    outer loop
      vertex 10 -7.37764 47.2275
      vertex -10 -7.46922 47.6089
      vertex 10 -7.46922 47.6089
    endloop
  endfacet
  facet normal 0 0.972362 0.233479
    outer loop
      vertex -10 -7.46922 47.6089
      vertex 10 -7.37764 47.2275
      vertex -10 -7.37764 47.2275
    endloop
  endfacet
  facet normal 0 -0.972362 0.233479
    outer loop
      vertex -11.3676 -2.62236 47.2275
      vertex 11.4159 -2.53078 47.6089
      vertex -11.4159 -2.53078 47.6089
    endloop
  endfacet
  facet normal 0 -0.972362 0.233479
    outer loop
      vertex 11.4159 -2.53078 47.6089
      vertex -11.3676 -2.62236 47.2275
      vertex 11.3676 -2.62236 47.2275
    endloop
  endfacet
  facet normal 0 -0.522555 -0.852606
    outer loop
      vertex -10.6993 -3.86502 50.2275
      vertex 10.8482 -3.53054 50.0225
      vertex 10.6993 -3.86502 50.2275
    endloop
  endfacet
  facet normal -0 -0.522555 -0.852606
    outer loop
      vertex 10.8482 -3.53054 50.0225
      vertex -10.6993 -3.86502 50.2275
      vertex -10.8482 -3.53054 50.0225
    endloop
  endfacet
  facet normal 0 0.0786325 -0.996904
    outer loop
      vertex 10 -5.39109 50.4692
      vertex -10 -5.39109 50.4692
      vertex 10 -5.21233 50.4833
    endloop
  endfacet
  facet normal 0 0.0786325 -0.996904
    outer loop
      vertex -10 -5.21233 50.4833
      vertex 10 -5.21233 50.4833
      vertex -10 -5.39109 50.4692
    endloop
  endfacet
  facet normal 0 0.078409 -0.996921
    outer loop
      vertex 10 -5.21233 50.4833
      vertex -10 -5.21233 50.4833
      vertex 10.1121 -5 50.5
    endloop
  endfacet
  facet normal 0 0.078409 -0.996921
    outer loop
      vertex 10.1121 -5 50.5
      vertex -10 -5.21233 50.4833
      vertex -10.1121 -5 50.5
    endloop
  endfacet
  facet normal 0 0.233498 -0.972357
    outer loop
      vertex -10 -5.77254 50.3776
      vertex 10 -5.39109 50.4692
      vertex 10 -5.77254 50.3776
    endloop
  endfacet
  facet normal 0 0.233498 -0.972357
    outer loop
      vertex 10 -5.39109 50.4692
      vertex -10 -5.77254 50.3776
      vertex -10 -5.39109 50.4692
    endloop
  endfacet
  facet normal -0 0.649329 0.760508
    outer loop
      vertex -10 -6.46946 45.9775
      vertex 10 -6.76777 46.2322
      vertex 10 -6.46946 45.9775
    endloop
  endfacet
  facet normal 0 0.649329 0.760508
    outer loop
      vertex 10 -6.76777 46.2322
      vertex -10 -6.46946 45.9775
      vertex -10 -6.76777 46.2322
    endloop
  endfacet
  facet normal -0 0.233498 0.972357
    outer loop
      vertex -10 -5.39109 45.5308
      vertex 10 -5.77254 45.6224
      vertex 10 -5.39109 45.5308
    endloop
  endfacet
  facet normal 0 0.233498 0.972357
    outer loop
      vertex 10 -5.77254 45.6224
      vertex -10 -5.39109 45.5308
      vertex -10 -5.77254 45.6224
    endloop
  endfacet
  facet normal 0 -0.233498 -0.972357
    outer loop
      vertex -10.3186 -4.60891 50.4692
      vertex 10.52 -4.22746 50.3776
      vertex 10.3186 -4.60891 50.4692
    endloop
  endfacet
  facet normal -0 -0.233498 -0.972357
    outer loop
      vertex 10.52 -4.22746 50.3776
      vertex -10.3186 -4.60891 50.4692
      vertex -10.52 -4.22746 50.3776
    endloop
  endfacet
  facet normal 0 -0.996917 0.0784585
    outer loop
      vertex -11.4159 -2.53078 47.6089
      vertex 11.4322 -2.5 48
      vertex -11.4322 -2.5 48
    endloop
  endfacet
  facet normal 0 -0.996917 0.0784585
    outer loop
      vertex 11.4322 -2.5 48
      vertex -11.4159 -2.53078 47.6089
      vertex 11.4159 -2.53078 47.6089
    endloop
  endfacet
  facet normal 0 -0.996917 -0.0784585
    outer loop
      vertex -11.4322 -2.5 48
      vertex 11.4159 -2.53078 48.3911
      vertex -11.4159 -2.53078 48.3911
    endloop
  endfacet
  facet normal 0 -0.996917 -0.0784585
    outer loop
      vertex 11.4159 -2.53078 48.3911
      vertex -11.4322 -2.5 48
      vertex 11.4322 -2.5 48
    endloop
  endfacet
  facet normal 0 0.996917 -0.0784585
    outer loop
      vertex 10 -7.5 48
      vertex -10 -7.46922 48.3911
      vertex 10 -7.46922 48.3911
    endloop
  endfacet
  facet normal 0 0.996917 -0.0784585
    outer loop
      vertex -10 -7.46922 48.3911
      vertex 10 -7.5 48
      vertex -10 -7.5 48
    endloop
  endfacet
  facet normal 0 0.852642 -0.522495
    outer loop
      vertex 10 -7.22752 49.135
      vertex -10 -7.02254 49.4695
      vertex 10 -7.02254 49.4695
    endloop
  endfacet
  facet normal 0 0.852642 -0.522495
    outer loop
      vertex -10 -7.02254 49.4695
      vertex 10 -7.22752 49.135
      vertex -10 -7.22752 49.135
    endloop
  endfacet
  facet normal 0 -0.382623 0.923904
    outer loop
      vertex 10.9715 -3.86502 19.7725
      vertex -10.7618 -4.22746 19.6224
      vertex 10.7618 -4.22746 19.6224
    endloop
  endfacet
  facet normal 0 -0.382623 0.923904
    outer loop
      vertex -10.7618 -4.22746 19.6224
      vertex 10.9715 -3.86502 19.7725
      vertex -10.9715 -3.86502 19.7725
    endloop
  endfacet
  facet normal 0 0.996917 0.0784585
    outer loop
      vertex 10 -7.46922 21.6089
      vertex -10 -7.5 22
      vertex 10 -7.5 22
    endloop
  endfacet
  facet normal 0 0.996917 0.0784585
    outer loop
      vertex -10 -7.5 22
      vertex 10 -7.46922 21.6089
      vertex -10 -7.46922 21.6089
    endloop
  endfacet
  facet normal 0 -0.0785112 0.996913
    outer loop
      vertex 10.5411 -4.60891 19.5308
      vertex -10.3148 -5 19.5
      vertex 10.3148 -5 19.5
    endloop
  endfacet
  facet normal 0 -0.0785112 0.996913
    outer loop
      vertex -10.3148 -5 19.5
      vertex 10.5411 -4.60891 19.5308
      vertex -10.5411 -4.60891 19.5308
    endloop
  endfacet
  facet normal 0 -0.649329 -0.760508
    outer loop
      vertex -11.0934 -3.53054 24.0225
      vertex 11.2431 -3.23223 23.7678
      vertex 11.0934 -3.53054 24.0225
    endloop
  endfacet
  facet normal -0 -0.649329 -0.760508
    outer loop
      vertex 11.2431 -3.23223 23.7678
      vertex -11.0934 -3.53054 24.0225
      vertex -11.2431 -3.23223 23.7678
    endloop
  endfacet
  facet normal 0 0.760409 -0.649445
    outer loop
      vertex 10 -7.02254 23.4695
      vertex -10 -6.76777 23.7678
      vertex 10 -6.76777 23.7678
    endloop
  endfacet
  facet normal 0 0.760409 -0.649445
    outer loop
      vertex -10 -6.76777 23.7678
      vertex 10 -7.02254 23.4695
      vertex -10 -7.02254 23.4695
    endloop
  endfacet
  facet normal 0 0.760409 0.649445
    outer loop
      vertex 10 -6.76777 20.2322
      vertex -10 -7.02254 20.5305
      vertex 10 -7.02254 20.5305
    endloop
  endfacet
  facet normal 0 0.760409 0.649445
    outer loop
      vertex -10 -7.02254 20.5305
      vertex 10 -6.76777 20.2322
      vertex -10 -6.76777 20.2322
    endloop
  endfacet
  facet normal 0 -0.923909 0.382613
    outer loop
      vertex -11.6038 -2.77248 20.865
      vertex 11.6907 -2.62236 21.2275
      vertex -11.6907 -2.62236 21.2275
    endloop
  endfacet
  facet normal 0 -0.923909 0.382613
    outer loop
      vertex 11.6907 -2.62236 21.2275
      vertex -11.6038 -2.77248 20.865
      vertex 11.6038 -2.77248 20.865
    endloop
  endfacet
  facet normal 0 -0.649329 0.760508
    outer loop
      vertex 11.3377 -3.23223 20.2322
      vertex -11.1651 -3.53054 19.9775
      vertex 11.1651 -3.53054 19.9775
    endloop
  endfacet
  facet normal 0 -0.649329 0.760508
    outer loop
      vertex -11.1651 -3.53054 19.9775
      vertex 11.3377 -3.23223 20.2322
      vertex -11.3377 -3.23223 20.2322
    endloop
  endfacet
  facet normal 0 0.649329 -0.760508
    outer loop
      vertex -10 -6.76777 23.7678
      vertex 10 -6.46946 24.0225
      vertex 10 -6.76777 23.7678
    endloop
  endfacet
  facet normal 0 0.649329 -0.760508
    outer loop
      vertex 10 -6.46946 24.0225
      vertex -10 -6.76777 23.7678
      vertex -10 -6.46946 24.0225
    endloop
  endfacet
  facet normal 0 0.382623 -0.923904
    outer loop
      vertex -10 -6.13498 24.2275
      vertex 10 -5.77254 24.3776
      vertex 10 -6.13498 24.2275
    endloop
  endfacet
  facet normal 0 0.382623 -0.923904
    outer loop
      vertex 10 -5.77254 24.3776
      vertex -10 -6.13498 24.2275
      vertex -10 -5.77254 24.3776
    endloop
  endfacet
  facet normal 0 -0.760409 -0.649445
    outer loop
      vertex -11.3865 -2.97746 23.4695
      vertex 11.2431 -3.23223 23.7678
      vertex -11.2431 -3.23223 23.7678
    endloop
  endfacet
  facet normal 0 -0.760409 -0.649445
    outer loop
      vertex 11.2431 -3.23223 23.7678
      vertex -11.3865 -2.97746 23.4695
      vertex 11.3865 -2.97746 23.4695
    endloop
  endfacet
  facet normal 0 -0.923909 -0.382613
    outer loop
      vertex -11.6409 -2.62236 22.7725
      vertex 11.5202 -2.77248 23.135
      vertex -11.5202 -2.77248 23.135
    endloop
  endfacet
  facet normal 0 -0.923909 -0.382613
    outer loop
      vertex 11.5202 -2.77248 23.135
      vertex -11.6409 -2.62236 22.7725
      vertex 11.6409 -2.62236 22.7725
    endloop
  endfacet
  facet normal -0 0.522555 0.852606
    outer loop
      vertex -10 -6.13498 19.7725
      vertex 10 -6.46946 19.9775
      vertex 10 -6.13498 19.7725
    endloop
  endfacet
  facet normal 0 0.522555 0.852606
    outer loop
      vertex 10 -6.46946 19.9775
      vertex -10 -6.13498 19.7725
      vertex -10 -6.46946 19.9775
    endloop
  endfacet
  facet normal 0 -0.233498 0.972357
    outer loop
      vertex 10.7618 -4.22746 19.6224
      vertex -10.5411 -4.60891 19.5308
      vertex 10.5411 -4.60891 19.5308
    endloop
  endfacet
  facet normal 0 -0.233498 0.972357
    outer loop
      vertex -10.5411 -4.60891 19.5308
      vertex 10.7618 -4.22746 19.6224
      vertex -10.7618 -4.22746 19.6224
    endloop
  endfacet
  facet normal 0 0.923909 0.382613
    outer loop
      vertex 10 -7.22752 20.865
      vertex -10 -7.37764 21.2275
      vertex 10 -7.37764 21.2275
    endloop
  endfacet
  facet normal 0 0.923909 0.382613
    outer loop
      vertex -10 -7.37764 21.2275
      vertex 10 -7.22752 20.865
      vertex -10 -7.22752 20.865
    endloop
  endfacet
  facet normal 0 0.0785112 0.996913
    outer loop
      vertex 10.3148 -5 19.5
      vertex -10.0884 -5.39109 19.5308
      vertex 10.0884 -5.39109 19.5308
    endloop
  endfacet
  facet normal 0 0.0785112 0.996913
    outer loop
      vertex -10.0884 -5.39109 19.5308
      vertex 10.3148 -5 19.5
      vertex -10.3148 -5 19.5
    endloop
  endfacet
  facet normal 0 -0.852642 -0.522495
    outer loop
      vertex -11.5202 -2.77248 23.135
      vertex 11.3865 -2.97746 23.4695
      vertex -11.3865 -2.97746 23.4695
    endloop
  endfacet
  facet normal 0 -0.852642 -0.522495
    outer loop
      vertex 11.3865 -2.97746 23.4695
      vertex -11.5202 -2.77248 23.135
      vertex 11.5202 -2.77248 23.135
    endloop
  endfacet
  facet normal -0 0.382623 0.923904
    outer loop
      vertex -10 -5.77254 19.6224
      vertex 10 -6.13498 19.7725
      vertex 10 -5.77254 19.6224
    endloop
  endfacet
  facet normal 0 0.382623 0.923904
    outer loop
      vertex 10 -6.13498 19.7725
      vertex -10 -5.77254 19.6224
      vertex -10 -6.13498 19.7725
    endloop
  endfacet
  facet normal 0 -0.0785112 -0.996913
    outer loop
      vertex -10.3148 -5 24.5
      vertex 10.5411 -4.60891 24.4692
      vertex 10.3148 -5 24.5
    endloop
  endfacet
  facet normal -0 -0.0785112 -0.996913
    outer loop
      vertex 10.5411 -4.60891 24.4692
      vertex -10.3148 -5 24.5
      vertex -10.5411 -4.60891 24.4692
    endloop
  endfacet
  facet normal 0 -0.760409 0.649445
    outer loop
      vertex -11.3377 -3.23223 20.2322
      vertex 11.4852 -2.97746 20.5305
      vertex -11.4852 -2.97746 20.5305
    endloop
  endfacet
  facet normal 0 -0.760409 0.649445
    outer loop
      vertex 11.4852 -2.97746 20.5305
      vertex -11.3377 -3.23223 20.2322
      vertex 11.3377 -3.23223 20.2322
    endloop
  endfacet
  facet normal 0 0.923909 -0.382613
    outer loop
      vertex 10 -7.37764 22.7725
      vertex -10 -7.22752 23.135
      vertex 10 -7.22752 23.135
    endloop
  endfacet
  facet normal 0 0.923909 -0.382613
    outer loop
      vertex -10 -7.22752 23.135
      vertex 10 -7.37764 22.7725
      vertex -10 -7.37764 22.7725
    endloop
  endfacet
  facet normal 0.00838146 -0.971812 -0.235606
    outer loop
      vertex -11.7437 -2.53078 22.3911
      vertex -11.6409 -2.62236 22.7725
      vertex -11.7416 -2.53435 22.4059
    endloop
  endfacet
  facet normal 0 -0.972362 -0.233479
    outer loop
      vertex -11.6409 -2.62236 22.7725
      vertex -11.7437 -2.53078 22.3911
      vertex 11.6409 -2.62236 22.7725
    endloop
  endfacet
  facet normal -0 -0.972362 -0.233479
    outer loop
      vertex 11.7437 -2.53078 22.3911
      vertex 11.6409 -2.62236 22.7725
      vertex -11.7437 -2.53078 22.3911
    endloop
  endfacet
  facet normal -0.00838146 -0.971812 -0.235606
    outer loop
      vertex 11.6409 -2.62236 22.7725
      vertex 11.7437 -2.53078 22.3911
      vertex 11.7416 -2.53435 22.4059
    endloop
  endfacet
  facet normal 0 -0.852642 0.522495
    outer loop
      vertex -11.4852 -2.97746 20.5305
      vertex 11.6038 -2.77248 20.865
      vertex -11.6038 -2.77248 20.865
    endloop
  endfacet
  facet normal 0 -0.852642 0.522495
    outer loop
      vertex 11.6038 -2.77248 20.865
      vertex -11.4852 -2.97746 20.5305
      vertex 11.4852 -2.97746 20.5305
    endloop
  endfacet
  facet normal -0.000557854 -0.382388 -0.924002
    outer loop
      vertex 10.7618 -4.22746 24.3776
      vertex 10.9413 -3.86502 24.2275
      vertex 10.8639 -4.05097 24.3045
    endloop
  endfacet
  facet normal 0 -0.382623 -0.923904
    outer loop
      vertex -10.7618 -4.22746 24.3776
      vertex 10.9413 -3.86502 24.2275
      vertex 10.7618 -4.22746 24.3776
    endloop
  endfacet
  facet normal 0.000557854 -0.382388 -0.924002
    outer loop
      vertex -10.9413 -3.86502 24.2275
      vertex -10.7618 -4.22746 24.3776
      vertex -10.8639 -4.05097 24.3045
    endloop
  endfacet
  facet normal 0 -0.382623 -0.923904
    outer loop
      vertex -10.7618 -4.22746 24.3776
      vertex -10.9413 -3.86502 24.2275
      vertex 10.9413 -3.86502 24.2275
    endloop
  endfacet
  facet normal 0 0.852642 0.522495
    outer loop
      vertex 10 -7.02254 20.5305
      vertex -10 -7.22752 20.865
      vertex 10 -7.22752 20.865
    endloop
  endfacet
  facet normal 0 0.852642 0.522495
    outer loop
      vertex -10 -7.22752 20.865
      vertex 10 -7.02254 20.5305
      vertex -10 -7.02254 20.5305
    endloop
  endfacet
  facet normal 0 0.972362 -0.233479
    outer loop
      vertex 10 -7.46922 22.3911
      vertex -10 -7.37764 22.7725
      vertex 10 -7.37764 22.7725
    endloop
  endfacet
  facet normal 0 0.972362 -0.233479
    outer loop
      vertex -10 -7.37764 22.7725
      vertex 10 -7.46922 22.3911
      vertex -10 -7.46922 22.3911
    endloop
  endfacet
  facet normal 0 -0.522555 0.852606
    outer loop
      vertex 11.1651 -3.53054 19.9775
      vertex -10.9715 -3.86502 19.7725
      vertex 10.9715 -3.86502 19.7725
    endloop
  endfacet
  facet normal 0 -0.522555 0.852606
    outer loop
      vertex -10.9715 -3.86502 19.7725
      vertex 11.1651 -3.53054 19.9775
      vertex -11.1651 -3.53054 19.9775
    endloop
  endfacet
  facet normal 0 0.522555 -0.852606
    outer loop
      vertex -10 -6.46946 24.0225
      vertex 10 -6.13498 24.2275
      vertex 10 -6.46946 24.0225
    endloop
  endfacet
  facet normal 0 0.522555 -0.852606
    outer loop
      vertex 10 -6.13498 24.2275
      vertex -10 -6.46946 24.0225
      vertex -10 -6.13498 24.2275
    endloop
  endfacet
  facet normal 0 0.972362 0.233479
    outer loop
      vertex 10 -7.37764 21.2275
      vertex -10 -7.46922 21.6089
      vertex 10 -7.46922 21.6089
    endloop
  endfacet
  facet normal 0 0.972362 0.233479
    outer loop
      vertex -10 -7.46922 21.6089
      vertex 10 -7.37764 21.2275
      vertex -10 -7.37764 21.2275
    endloop
  endfacet
  facet normal 0 -0.972362 0.233479
    outer loop
      vertex -11.6907 -2.62236 21.2275
      vertex 11.7437 -2.53078 21.6089
      vertex -11.7437 -2.53078 21.6089
    endloop
  endfacet
  facet normal 0 -0.972362 0.233479
    outer loop
      vertex 11.7437 -2.53078 21.6089
      vertex -11.6907 -2.62236 21.2275
      vertex 11.6907 -2.62236 21.2275
    endloop
  endfacet
  facet normal 0 -0.522555 -0.852606
    outer loop
      vertex -10.9413 -3.86502 24.2275
      vertex 11.0934 -3.53054 24.0225
      vertex 10.9413 -3.86502 24.2275
    endloop
  endfacet
  facet normal -0 -0.522555 -0.852606
    outer loop
      vertex 11.0934 -3.53054 24.0225
      vertex -10.9413 -3.86502 24.2275
      vertex -11.0934 -3.53054 24.0225
    endloop
  endfacet
  facet normal 0 0.0785112 -0.996913
    outer loop
      vertex -10.0884 -5.39109 24.4692
      vertex 10.3148 -5 24.5
      vertex 10.0884 -5.39109 24.4692
    endloop
  endfacet
  facet normal 0 0.0785112 -0.996913
    outer loop
      vertex 10.3148 -5 24.5
      vertex -10.0884 -5.39109 24.4692
      vertex -10.3148 -5 24.5
    endloop
  endfacet
  facet normal 0 0.233489 -0.972359
    outer loop
      vertex 10 -5.77254 24.3776
      vertex -10 -5.77254 24.3776
      vertex 10 -5.54391 24.4325
    endloop
  endfacet
  facet normal 0 0.233489 -0.972359
    outer loop
      vertex -10 -5.54391 24.4325
      vertex 10 -5.54391 24.4325
      vertex -10 -5.77254 24.3776
    endloop
  endfacet
  facet normal 0 0.233513 -0.972354
    outer loop
      vertex 10 -5.54391 24.4325
      vertex -10 -5.54391 24.4325
      vertex 10.0884 -5.39109 24.4692
    endloop
  endfacet
  facet normal 0 0.233513 -0.972354
    outer loop
      vertex 10.0884 -5.39109 24.4692
      vertex -10 -5.54391 24.4325
      vertex -10.0884 -5.39109 24.4692
    endloop
  endfacet
  facet normal -0 0.649329 0.760508
    outer loop
      vertex -10 -6.46946 19.9775
      vertex 10 -6.76777 20.2322
      vertex 10 -6.46946 19.9775
    endloop
  endfacet
  facet normal 0 0.649329 0.760508
    outer loop
      vertex 10 -6.76777 20.2322
      vertex -10 -6.46946 19.9775
      vertex -10 -6.76777 20.2322
    endloop
  endfacet
  facet normal 0 0.233489 0.972359
    outer loop
      vertex 10 -5.54391 19.5675
      vertex -10 -5.54391 19.5675
      vertex 10 -5.77254 19.6224
    endloop
  endfacet
  facet normal 0 0.233513 0.972354
    outer loop
      vertex 10.0884 -5.39109 19.5308
      vertex -10 -5.54391 19.5675
      vertex 10 -5.54391 19.5675
    endloop
  endfacet
  facet normal 0 0.233513 0.972354
    outer loop
      vertex -10 -5.54391 19.5675
      vertex 10.0884 -5.39109 19.5308
      vertex -10.0884 -5.39109 19.5308
    endloop
  endfacet
  facet normal 0 0.233489 0.972359
    outer loop
      vertex 10 -5.77254 19.6224
      vertex -10 -5.54391 19.5675
      vertex -10 -5.77254 19.6224
    endloop
  endfacet
  facet normal 0 -0.233498 -0.972357
    outer loop
      vertex -10.5411 -4.60891 24.4692
      vertex 10.7618 -4.22746 24.3776
      vertex 10.5411 -4.60891 24.4692
    endloop
  endfacet
  facet normal -0 -0.233498 -0.972357
    outer loop
      vertex 10.7618 -4.22746 24.3776
      vertex -10.5411 -4.60891 24.4692
      vertex -10.7618 -4.22746 24.3776
    endloop
  endfacet
  facet normal 0 -0.996917 0.0784585
    outer loop
      vertex -11.7437 -2.53078 21.6089
      vertex 11.7615 -2.5 22
      vertex -11.7615 -2.5 22
    endloop
  endfacet
  facet normal 0 -0.996917 0.0784585
    outer loop
      vertex 11.7615 -2.5 22
      vertex -11.7437 -2.53078 21.6089
      vertex 11.7437 -2.53078 21.6089
    endloop
  endfacet
  facet normal 0 -0.996917 -0.0784585
    outer loop
      vertex -11.7615 -2.5 22
      vertex 11.7437 -2.53078 22.3911
      vertex -11.7437 -2.53078 22.3911
    endloop
  endfacet
  facet normal 0 -0.996917 -0.0784585
    outer loop
      vertex 11.7437 -2.53078 22.3911
      vertex -11.7615 -2.5 22
      vertex 11.7615 -2.5 22
    endloop
  endfacet
  facet normal 0 0.996917 -0.0784585
    outer loop
      vertex 10 -7.5 22
      vertex -10 -7.46922 22.3911
      vertex 10 -7.46922 22.3911
    endloop
  endfacet
  facet normal 0 0.996917 -0.0784585
    outer loop
      vertex -10 -7.46922 22.3911
      vertex 10 -7.5 22
      vertex -10 -7.5 22
    endloop
  endfacet
  facet normal 0 0.852642 -0.522495
    outer loop
      vertex 10 -7.22752 23.135
      vertex -10 -7.02254 23.4695
      vertex 10 -7.02254 23.4695
    endloop
  endfacet
  facet normal 0 0.852642 -0.522495
    outer loop
      vertex -10 -7.02254 23.4695
      vertex 10 -7.22752 23.135
      vertex -10 -7.22752 23.135
    endloop
  endfacet
endsolid OpenSCAD_Model
