solid OpenSCAD_Model
  facet normal 1 -0 0
    outer loop
      vertex 42 -27 4
      vertex 42 27 0
      vertex 42 27 4
    endloop
  endfacet
  facet normal 1 0 0
    outer loop
      vertex 42 27 0
      vertex 42 -27 4
      vertex 42 -27 0
    endloop
  endfacet
  facet normal 0 0 1
    outer loop
      vertex -25.55 -5 4
      vertex -26.55 -5 4
      vertex -25.55 -15.2 4
    endloop
  endfacet
  facet normal 0 0 1
    outer loop
      vertex 42 27 4
      vertex 36.1 0 4
      vertex 42 -27 4
    endloop
  endfacet
  facet normal 0 0 1
    outer loop
      vertex 42 27 4
      vertex 36.082 0.274104 4
      vertex 36.1 0 4
    endloop
  endfacet
  facet normal 0 0 1
    outer loop
      vertex 42 27 4
      vertex 36.0284 0.54352 4
      vertex 36.082 0.274104 4
    endloop
  endfacet
  facet normal 0 0 1
    outer loop
      vertex 42 27 4
      vertex 35.9401 0.803635 4
      vertex 36.0284 0.54352 4
    endloop
  endfacet
  facet normal 0 0 1
    outer loop
      vertex 42 27 4
      vertex 35.8187 1.05 4
      vertex 35.9401 0.803635 4
    endloop
  endfacet
  facet normal 0 0 1
    outer loop
      vertex 42 27 4
      vertex 35.666 1.2784 4
      vertex 35.8187 1.05 4
    endloop
  endfacet
  facet normal 0 0 1
    outer loop
      vertex 42 27 4
      vertex 35.4849 1.48492 4
      vertex 35.666 1.2784 4
    endloop
  endfacet
  facet normal 0 0 1
    outer loop
      vertex 42 27 4
      vertex 35.2784 1.66604 4
      vertex 35.4849 1.48492 4
    endloop
  endfacet
  facet normal 0 0 1
    outer loop
      vertex 42 27 4
      vertex 35.05 1.81865 4
      vertex 35.2784 1.66604 4
    endloop
  endfacet
  facet normal 0 0 1
    outer loop
      vertex 42 27 4
      vertex 34.8036 1.94015 4
      vertex 35.05 1.81865 4
    endloop
  endfacet
  facet normal 0 0 1
    outer loop
      vertex 42 27 4
      vertex 34.5435 2.02844 4
      vertex 34.8036 1.94015 4
    endloop
  endfacet
  facet normal -0 0 1
    outer loop
      vertex 25.55 15.2 4
      vertex 34.5435 2.02844 4
      vertex 42 27 4
    endloop
  endfacet
  facet normal 0 0 1
    outer loop
      vertex 34.5435 2.02844 4
      vertex 25.55 15.2 4
      vertex 34.2741 2.08203 4
    endloop
  endfacet
  facet normal 0 0 1
    outer loop
      vertex 34.2741 2.08203 4
      vertex 25.55 15.2 4
      vertex 34 2.1 4
    endloop
  endfacet
  facet normal 0 0 1
    outer loop
      vertex 34 2.1 4
      vertex 25.55 15.2 4
      vertex 33.7259 2.08203 4
    endloop
  endfacet
  facet normal 0 0 1
    outer loop
      vertex 33.7259 2.08203 4
      vertex 25.55 15.2 4
      vertex 33.4565 2.02844 4
    endloop
  endfacet
  facet normal 0 0 1
    outer loop
      vertex 33.4565 2.02844 4
      vertex 25.55 15.2 4
      vertex 33.1964 1.94015 4
    endloop
  endfacet
  facet normal 0 0 1
    outer loop
      vertex 33.1964 1.94015 4
      vertex 25.55 15.2 4
      vertex 32.95 1.81865 4
    endloop
  endfacet
  facet normal 0 0 1
    outer loop
      vertex 32.95 1.81865 4
      vertex 25.55 15.2 4
      vertex 32.7216 1.66604 4
    endloop
  endfacet
  facet normal 0 0 1
    outer loop
      vertex 32.7216 1.66604 4
      vertex 25.55 15.2 4
      vertex 32.5151 1.48492 4
    endloop
  endfacet
  facet normal 0 0 1
    outer loop
      vertex 32.5151 1.48492 4
      vertex 25.55 15.2 4
      vertex 32.334 1.2784 4
    endloop
  endfacet
  facet normal 0 0 1
    outer loop
      vertex 32.334 1.2784 4
      vertex 25.55 15.2 4
      vertex 32.1813 1.05 4
    endloop
  endfacet
  facet normal 0 0 1
    outer loop
      vertex 31.918 0.274104 4
      vertex 25.55 15.2 4
      vertex 31.9 0 4
    endloop
  endfacet
  facet normal 0 0 1
    outer loop
      vertex 31.9716 0.54352 4
      vertex 25.55 15.2 4
      vertex 31.918 0.274104 4
    endloop
  endfacet
  facet normal 0 0 1
    outer loop
      vertex 32.0599 0.803635 4
      vertex 25.55 15.2 4
      vertex 31.9716 0.54352 4
    endloop
  endfacet
  facet normal 0 0 1
    outer loop
      vertex 32.1813 1.05 4
      vertex 25.55 15.2 4
      vertex 32.0599 0.803635 4
    endloop
  endfacet
  facet normal 0 0 1
    outer loop
      vertex 42 27 4
      vertex -25.55 15.2 4
      vertex 25.55 15.2 4
    endloop
  endfacet
  facet normal 0 0 1
    outer loop
      vertex -25.55 15.2 4
      vertex -26.55 5 4
      vertex -25.55 5 4
    endloop
  endfacet
  facet normal 0 0 1
    outer loop
      vertex -26.55 5 4
      vertex -31.9 0 4
      vertex -26.55 -5 4
    endloop
  endfacet
  facet normal 0 0 1
    outer loop
      vertex -33.7259 2.08203 4
      vertex -26.55 5 4
      vertex -25.55 15.2 4
    endloop
  endfacet
  facet normal 0 0 1
    outer loop
      vertex -26.55 5 4
      vertex -31.918 0.274104 4
      vertex -31.9 0 4
    endloop
  endfacet
  facet normal 0 0 1
    outer loop
      vertex -26.55 5 4
      vertex -31.9716 0.54352 4
      vertex -31.918 0.274104 4
    endloop
  endfacet
  facet normal 0 0 1
    outer loop
      vertex -26.55 5 4
      vertex -32.0599 0.803635 4
      vertex -31.9716 0.54352 4
    endloop
  endfacet
  facet normal 0 0 1
    outer loop
      vertex -26.55 5 4
      vertex -32.1813 1.05 4
      vertex -32.0599 0.803635 4
    endloop
  endfacet
  facet normal 0 0 1
    outer loop
      vertex -26.55 5 4
      vertex -32.334 1.2784 4
      vertex -32.1813 1.05 4
    endloop
  endfacet
  facet normal 0 0 1
    outer loop
      vertex -26.55 5 4
      vertex -32.5151 1.48492 4
      vertex -32.334 1.2784 4
    endloop
  endfacet
  facet normal 0 0 1
    outer loop
      vertex -26.55 5 4
      vertex -32.7216 1.66604 4
      vertex -32.5151 1.48492 4
    endloop
  endfacet
  facet normal 0 0 1
    outer loop
      vertex -26.55 5 4
      vertex -32.95 1.81865 4
      vertex -32.7216 1.66604 4
    endloop
  endfacet
  facet normal 0 0 1
    outer loop
      vertex -26.55 5 4
      vertex -33.1964 1.94015 4
      vertex -32.95 1.81865 4
    endloop
  endfacet
  facet normal 0 0 1
    outer loop
      vertex -26.55 5 4
      vertex -33.4565 2.02844 4
      vertex -33.1964 1.94015 4
    endloop
  endfacet
  facet normal 0 0 1
    outer loop
      vertex -26.55 5 4
      vertex -33.7259 2.08203 4
      vertex -33.4565 2.02844 4
    endloop
  endfacet
  facet normal 0 0 1
    outer loop
      vertex -25.55 15.2 4
      vertex -34 2.1 4
      vertex -33.7259 2.08203 4
    endloop
  endfacet
  facet normal 0 0 1
    outer loop
      vertex -25.55 15.2 4
      vertex -34.2741 2.08203 4
      vertex -34 2.1 4
    endloop
  endfacet
  facet normal 0 0 1
    outer loop
      vertex -25.55 15.2 4
      vertex -34.5435 2.02844 4
      vertex -34.2741 2.08203 4
    endloop
  endfacet
  facet normal 0 0 1
    outer loop
      vertex -42 27 4
      vertex -34.5435 2.02844 4
      vertex -25.55 15.2 4
    endloop
  endfacet
  facet normal 0 0 1
    outer loop
      vertex -34.5435 2.02844 4
      vertex -42 27 4
      vertex -34.8036 1.94015 4
    endloop
  endfacet
  facet normal 0 0 1
    outer loop
      vertex -34.8036 1.94015 4
      vertex -42 27 4
      vertex -35.05 1.81865 4
    endloop
  endfacet
  facet normal 0 0 1
    outer loop
      vertex -35.05 1.81865 4
      vertex -42 27 4
      vertex -35.2784 1.66604 4
    endloop
  endfacet
  facet normal 0 0 1
    outer loop
      vertex -35.2784 1.66604 4
      vertex -42 27 4
      vertex -35.4849 1.48492 4
    endloop
  endfacet
  facet normal 0 0 1
    outer loop
      vertex -36.082 0.274104 4
      vertex -42 27 4
      vertex -36.1 0 4
    endloop
  endfacet
  facet normal 0 0 1
    outer loop
      vertex -36.0284 0.54352 4
      vertex -42 27 4
      vertex -36.082 0.274104 4
    endloop
  endfacet
  facet normal 0 0 1
    outer loop
      vertex -35.9401 0.803635 4
      vertex -42 27 4
      vertex -36.0284 0.54352 4
    endloop
  endfacet
  facet normal 0 0 1
    outer loop
      vertex -35.8187 1.05 4
      vertex -42 27 4
      vertex -35.9401 0.803635 4
    endloop
  endfacet
  facet normal 0 0 1
    outer loop
      vertex -35.666 1.2784 4
      vertex -42 27 4
      vertex -35.8187 1.05 4
    endloop
  endfacet
  facet normal 0 0 1
    outer loop
      vertex -35.4849 1.48492 4
      vertex -42 27 4
      vertex -35.666 1.2784 4
    endloop
  endfacet
  facet normal -0 0 1
    outer loop
      vertex -42 27 4
      vertex -25.55 15.2 4
      vertex 42 27 4
    endloop
  endfacet
  facet normal -0 0 1
    outer loop
      vertex 36.082 -0.274104 4
      vertex 42 -27 4
      vertex 36.1 0 4
    endloop
  endfacet
  facet normal -0 0 1
    outer loop
      vertex 36.0284 -0.54352 4
      vertex 42 -27 4
      vertex 36.082 -0.274104 4
    endloop
  endfacet
  facet normal -0 0 1
    outer loop
      vertex 35.9401 -0.803635 4
      vertex 42 -27 4
      vertex 36.0284 -0.54352 4
    endloop
  endfacet
  facet normal -0 0 1
    outer loop
      vertex 35.8187 -1.05 4
      vertex 42 -27 4
      vertex 35.9401 -0.803635 4
    endloop
  endfacet
  facet normal -0 0 1
    outer loop
      vertex 35.666 -1.2784 4
      vertex 42 -27 4
      vertex 35.8187 -1.05 4
    endloop
  endfacet
  facet normal -0 0 1
    outer loop
      vertex 35.4849 -1.48492 4
      vertex 42 -27 4
      vertex 35.666 -1.2784 4
    endloop
  endfacet
  facet normal -0 0 1
    outer loop
      vertex 35.2784 -1.66604 4
      vertex 42 -27 4
      vertex 35.4849 -1.48492 4
    endloop
  endfacet
  facet normal -0 0 1
    outer loop
      vertex 35.05 -1.81865 4
      vertex 42 -27 4
      vertex 35.2784 -1.66604 4
    endloop
  endfacet
  facet normal -0 0 1
    outer loop
      vertex 34.8036 -1.94015 4
      vertex 42 -27 4
      vertex 35.05 -1.81865 4
    endloop
  endfacet
  facet normal -0 0 1
    outer loop
      vertex 34.5435 -2.02844 4
      vertex 42 -27 4
      vertex 34.8036 -1.94015 4
    endloop
  endfacet
  facet normal 0 0 1
    outer loop
      vertex 25.55 -15.2 4
      vertex 34.5435 -2.02844 4
      vertex 34.2741 -2.08203 4
    endloop
  endfacet
  facet normal 0 0 1
    outer loop
      vertex 25.55 -15.2 4
      vertex 34.2741 -2.08203 4
      vertex 34 -2.1 4
    endloop
  endfacet
  facet normal 0 0 1
    outer loop
      vertex 25.55 -15.2 4
      vertex 34 -2.1 4
      vertex 33.7259 -2.08203 4
    endloop
  endfacet
  facet normal 0 0 1
    outer loop
      vertex 25.55 -15.2 4
      vertex 33.7259 -2.08203 4
      vertex 33.4565 -2.02844 4
    endloop
  endfacet
  facet normal 0 0 1
    outer loop
      vertex 25.55 -15.2 4
      vertex 33.4565 -2.02844 4
      vertex 33.1964 -1.94015 4
    endloop
  endfacet
  facet normal 0 0 1
    outer loop
      vertex 25.55 -15.2 4
      vertex 33.1964 -1.94015 4
      vertex 32.95 -1.81865 4
    endloop
  endfacet
  facet normal 0 0 1
    outer loop
      vertex 25.55 -15.2 4
      vertex 32.95 -1.81865 4
      vertex 32.7216 -1.66604 4
    endloop
  endfacet
  facet normal 0 0 1
    outer loop
      vertex 25.55 -15.2 4
      vertex 32.7216 -1.66604 4
      vertex 32.5151 -1.48492 4
    endloop
  endfacet
  facet normal 0 0 1
    outer loop
      vertex 25.55 -15.2 4
      vertex 32.5151 -1.48492 4
      vertex 32.334 -1.2784 4
    endloop
  endfacet
  facet normal 0 0 1
    outer loop
      vertex 25.55 -15.2 4
      vertex 32.334 -1.2784 4
      vertex 32.1813 -1.05 4
    endloop
  endfacet
  facet normal 0 0 1
    outer loop
      vertex 25.55 -15.2 4
      vertex 32.1813 -1.05 4
      vertex 32.0599 -0.803635 4
    endloop
  endfacet
  facet normal 0 0 1
    outer loop
      vertex 25.55 -15.2 4
      vertex 31.9 0 4
      vertex 25.55 15.2 4
    endloop
  endfacet
  facet normal 0 0 1
    outer loop
      vertex 31.9 0 4
      vertex 25.55 -15.2 4
      vertex 31.918 -0.274104 4
    endloop
  endfacet
  facet normal 0 0 1
    outer loop
      vertex 31.918 -0.274104 4
      vertex 25.55 -15.2 4
      vertex 31.9716 -0.54352 4
    endloop
  endfacet
  facet normal 0 0 1
    outer loop
      vertex 31.9716 -0.54352 4
      vertex 25.55 -15.2 4
      vertex 32.0599 -0.803635 4
    endloop
  endfacet
  facet normal 0 0 1
    outer loop
      vertex 34.5435 -2.02844 4
      vertex 25.55 -15.2 4
      vertex 42 -27 4
    endloop
  endfacet
  facet normal -0 0 1
    outer loop
      vertex -25.55 -15.2 4
      vertex 42 -27 4
      vertex 25.55 -15.2 4
    endloop
  endfacet
  facet normal -0 0 1
    outer loop
      vertex -31.918 -0.274104 4
      vertex -26.55 -5 4
      vertex -31.9 0 4
    endloop
  endfacet
  facet normal -0 0 1
    outer loop
      vertex -31.9716 -0.54352 4
      vertex -26.55 -5 4
      vertex -31.918 -0.274104 4
    endloop
  endfacet
  facet normal -0 0 1
    outer loop
      vertex -32.0599 -0.803635 4
      vertex -26.55 -5 4
      vertex -31.9716 -0.54352 4
    endloop
  endfacet
  facet normal -0 0 1
    outer loop
      vertex -32.1813 -1.05 4
      vertex -26.55 -5 4
      vertex -32.0599 -0.803635 4
    endloop
  endfacet
  facet normal -0 0 1
    outer loop
      vertex -32.334 -1.2784 4
      vertex -26.55 -5 4
      vertex -32.1813 -1.05 4
    endloop
  endfacet
  facet normal -0 0 1
    outer loop
      vertex -32.5151 -1.48492 4
      vertex -26.55 -5 4
      vertex -32.334 -1.2784 4
    endloop
  endfacet
  facet normal -0 0 1
    outer loop
      vertex -32.7216 -1.66604 4
      vertex -26.55 -5 4
      vertex -32.5151 -1.48492 4
    endloop
  endfacet
  facet normal -0 0 1
    outer loop
      vertex -32.95 -1.81865 4
      vertex -26.55 -5 4
      vertex -32.7216 -1.66604 4
    endloop
  endfacet
  facet normal -0 0 1
    outer loop
      vertex -33.1964 -1.94015 4
      vertex -26.55 -5 4
      vertex -32.95 -1.81865 4
    endloop
  endfacet
  facet normal -0 0 1
    outer loop
      vertex -33.4565 -2.02844 4
      vertex -26.55 -5 4
      vertex -33.1964 -1.94015 4
    endloop
  endfacet
  facet normal -0 0 1
    outer loop
      vertex -33.7259 -2.08203 4
      vertex -26.55 -5 4
      vertex -33.4565 -2.02844 4
    endloop
  endfacet
  facet normal 0 0 1
    outer loop
      vertex -26.55 -5 4
      vertex -33.7259 -2.08203 4
      vertex -25.55 -15.2 4
    endloop
  endfacet
  facet normal -0 0 1
    outer loop
      vertex -34 -2.1 4
      vertex -25.55 -15.2 4
      vertex -33.7259 -2.08203 4
    endloop
  endfacet
  facet normal 0 0 1
    outer loop
      vertex -34.2741 -2.08203 4
      vertex -25.55 -15.2 4
      vertex -34 -2.1 4
    endloop
  endfacet
  facet normal 0 0 1
    outer loop
      vertex -34.5435 -2.02844 4
      vertex -25.55 -15.2 4
      vertex -34.2741 -2.08203 4
    endloop
  endfacet
  facet normal 0 0 1
    outer loop
      vertex -42 -27 4
      vertex -34.5435 -2.02844 4
      vertex -34.8036 -1.94015 4
    endloop
  endfacet
  facet normal 0 0 1
    outer loop
      vertex -42 -27 4
      vertex -34.8036 -1.94015 4
      vertex -35.05 -1.81865 4
    endloop
  endfacet
  facet normal 0 0 1
    outer loop
      vertex -42 -27 4
      vertex -35.05 -1.81865 4
      vertex -35.2784 -1.66604 4
    endloop
  endfacet
  facet normal 0 0 1
    outer loop
      vertex -42 -27 4
      vertex -35.2784 -1.66604 4
      vertex -35.4849 -1.48492 4
    endloop
  endfacet
  facet normal 0 0 1
    outer loop
      vertex -42 -27 4
      vertex -35.4849 -1.48492 4
      vertex -35.666 -1.2784 4
    endloop
  endfacet
  facet normal 0 0 1
    outer loop
      vertex -42 -27 4
      vertex -36.1 0 4
      vertex -42 27 4
    endloop
  endfacet
  facet normal 0 0 1
    outer loop
      vertex -36.1 0 4
      vertex -42 -27 4
      vertex -36.082 -0.274104 4
    endloop
  endfacet
  facet normal 0 0 1
    outer loop
      vertex -25.55 -15.2 4
      vertex -42 -27 4
      vertex 42 -27 4
    endloop
  endfacet
  facet normal 0 0 1
    outer loop
      vertex -34.5435 -2.02844 4
      vertex -42 -27 4
      vertex -25.55 -15.2 4
    endloop
  endfacet
  facet normal 0 0 1
    outer loop
      vertex -35.8187 -1.05 4
      vertex -42 -27 4
      vertex -35.666 -1.2784 4
    endloop
  endfacet
  facet normal 0 0 1
    outer loop
      vertex -35.9401 -0.803635 4
      vertex -42 -27 4
      vertex -35.8187 -1.05 4
    endloop
  endfacet
  facet normal 0 0 1
    outer loop
      vertex -36.0284 -0.54352 4
      vertex -42 -27 4
      vertex -35.9401 -0.803635 4
    endloop
  endfacet
  facet normal 0 0 1
    outer loop
      vertex -36.082 -0.274104 4
      vertex -42 -27 4
      vertex -36.0284 -0.54352 4
    endloop
  endfacet
  facet normal -0 0 1
    outer loop
      vertex -25.55 5 4
      vertex -20.55 -5 4
      vertex -20.55 5 4
    endloop
  endfacet
  facet normal 0 0 1
    outer loop
      vertex -25.55 5 4
      vertex -25.55 -5 4
      vertex -20.55 -5 4
    endloop
  endfacet
  facet normal -0 0 1
    outer loop
      vertex -26.55 5 4
      vertex -25.55 -5 4
      vertex -25.55 5 4
    endloop
  endfacet
  facet normal 0 0 1
    outer loop
      vertex -25.55 -5 4
      vertex -26.55 5 4
      vertex -26.55 -5 4
    endloop
  endfacet
  facet normal 0 0 1
    outer loop
      vertex -20.55 5 4
      vertex 20.55 10.2 4
      vertex -20.55 10.2 4
    endloop
  endfacet
  facet normal 0 0 1
    outer loop
      vertex 20.55 10.2 4
      vertex -20.55 5 4
      vertex 20.55 -10.2 4
    endloop
  endfacet
  facet normal -0 0 1
    outer loop
      vertex -20.55 -5 4
      vertex 20.55 -10.2 4
      vertex -20.55 5 4
    endloop
  endfacet
  facet normal 0 0 1
    outer loop
      vertex 20.55 -10.2 4
      vertex -20.55 -5 4
      vertex -20.55 -10.2 4
    endloop
  endfacet
  facet normal 0 0 -1
    outer loop
      vertex 42 -27 0
      vertex 36.1 0 0
      vertex 42 27 0
    endloop
  endfacet
  facet normal 0 0 -1
    outer loop
      vertex 42 -27 0
      vertex 36.082 -0.274104 0
      vertex 36.1 0 0
    endloop
  endfacet
  facet normal 0 0 -1
    outer loop
      vertex 42 -27 0
      vertex 36.0284 -0.54352 0
      vertex 36.082 -0.274104 0
    endloop
  endfacet
  facet normal 0 0 -1
    outer loop
      vertex 42 -27 0
      vertex 35.9401 -0.803635 0
      vertex 36.0284 -0.54352 0
    endloop
  endfacet
  facet normal 0 0 -1
    outer loop
      vertex 42 -27 0
      vertex 35.8187 -1.05 0
      vertex 35.9401 -0.803635 0
    endloop
  endfacet
  facet normal 0 0 -1
    outer loop
      vertex 42 -27 0
      vertex 35.666 -1.2784 0
      vertex 35.8187 -1.05 0
    endloop
  endfacet
  facet normal 0 0 -1
    outer loop
      vertex 42 -27 0
      vertex 35.4849 -1.48492 0
      vertex 35.666 -1.2784 0
    endloop
  endfacet
  facet normal 0 0 -1
    outer loop
      vertex 42 -27 0
      vertex 35.2784 -1.66604 0
      vertex 35.4849 -1.48492 0
    endloop
  endfacet
  facet normal 0 0 -1
    outer loop
      vertex 42 -27 0
      vertex 35.05 -1.81865 0
      vertex 35.2784 -1.66604 0
    endloop
  endfacet
  facet normal 0 0 -1
    outer loop
      vertex 42 -27 0
      vertex 34.8036 -1.94015 0
      vertex 35.05 -1.81865 0
    endloop
  endfacet
  facet normal 0 0 -1
    outer loop
      vertex 42 -27 0
      vertex 34.5435 -2.02844 0
      vertex 34.8036 -1.94015 0
    endloop
  endfacet
  facet normal 0 0 -1
    outer loop
      vertex 42 -27 0
      vertex 34.2741 -2.08203 0
      vertex 34.5435 -2.02844 0
    endloop
  endfacet
  facet normal 0 0 -1
    outer loop
      vertex 42 -27 0
      vertex 34 -2.1 0
      vertex 34.2741 -2.08203 0
    endloop
  endfacet
  facet normal 0 0 -1
    outer loop
      vertex 42 -27 0
      vertex 33.7259 -2.08203 0
      vertex 34 -2.1 0
    endloop
  endfacet
  facet normal 0 0 -1
    outer loop
      vertex 42 -27 0
      vertex 33.4565 -2.02844 0
      vertex 33.7259 -2.08203 0
    endloop
  endfacet
  facet normal 0 0 -1
    outer loop
      vertex 42 -27 0
      vertex 33.1964 -1.94015 0
      vertex 33.4565 -2.02844 0
    endloop
  endfacet
  facet normal 0 0 -1
    outer loop
      vertex 42 -27 0
      vertex 32.95 -1.81865 0
      vertex 33.1964 -1.94015 0
    endloop
  endfacet
  facet normal 0 0 -1
    outer loop
      vertex 42 -27 0
      vertex 32.7216 -1.66604 0
      vertex 32.95 -1.81865 0
    endloop
  endfacet
  facet normal 0 0 -1
    outer loop
      vertex 42 -27 0
      vertex 32.5151 -1.48492 0
      vertex 32.7216 -1.66604 0
    endloop
  endfacet
  facet normal 0 0 -1
    outer loop
      vertex 42 -27 0
      vertex 32.334 -1.2784 0
      vertex 32.5151 -1.48492 0
    endloop
  endfacet
  facet normal 0 0 -1
    outer loop
      vertex -32.334 -1.2784 0
      vertex 32.334 -1.2784 0
      vertex 42 -27 0
    endloop
  endfacet
  facet normal 0 0 -1
    outer loop
      vertex 32.334 -1.2784 0
      vertex -32.334 -1.2784 0
      vertex 32.1813 -1.05 0
    endloop
  endfacet
  facet normal 0 0 -1
    outer loop
      vertex 31.918 -0.274104 0
      vertex -31.9 0 0
      vertex 31.9 0 0
    endloop
  endfacet
  facet normal 0 0 -1
    outer loop
      vertex -31.918 -0.274104 0
      vertex 31.918 -0.274104 0
      vertex 31.9716 -0.54352 0
    endloop
  endfacet
  facet normal 0 0 -1
    outer loop
      vertex -31.9716 -0.54352 0
      vertex 31.9716 -0.54352 0
      vertex 32.0599 -0.803635 0
    endloop
  endfacet
  facet normal 0 -0 -1
    outer loop
      vertex -32.1813 -1.05 0
      vertex 32.1813 -1.05 0
      vertex -32.334 -1.2784 0
    endloop
  endfacet
  facet normal 0 0 -1
    outer loop
      vertex 31.918 -0.274104 0
      vertex -31.918 -0.274104 0
      vertex -31.9 0 0
    endloop
  endfacet
  facet normal 0 0 -1
    outer loop
      vertex 31.9716 -0.54352 0
      vertex -31.9716 -0.54352 0
      vertex -31.918 -0.274104 0
    endloop
  endfacet
  facet normal 0 0 -1
    outer loop
      vertex 32.0599 -0.803635 0
      vertex -32.0599 -0.803635 0
      vertex -31.9716 -0.54352 0
    endloop
  endfacet
  facet normal -0 0 -1
    outer loop
      vertex 32.0599 -0.803635 0
      vertex -32.1813 -1.05 0
      vertex -32.0599 -0.803635 0
    endloop
  endfacet
  facet normal 0 0 -1
    outer loop
      vertex 32.1813 -1.05 0
      vertex -32.1813 -1.05 0
      vertex 32.0599 -0.803635 0
    endloop
  endfacet
  facet normal 0 0 -1
    outer loop
      vertex -42 -27 0
      vertex -32.334 -1.2784 0
      vertex 42 -27 0
    endloop
  endfacet
  facet normal 0 0 -1
    outer loop
      vertex -32.334 -1.2784 0
      vertex -42 -27 0
      vertex -32.5151 -1.48492 0
    endloop
  endfacet
  facet normal 0 0 -1
    outer loop
      vertex -32.5151 -1.48492 0
      vertex -42 -27 0
      vertex -32.7216 -1.66604 0
    endloop
  endfacet
  facet normal 0 0 -1
    outer loop
      vertex -32.7216 -1.66604 0
      vertex -42 -27 0
      vertex -32.95 -1.81865 0
    endloop
  endfacet
  facet normal 0 0 -1
    outer loop
      vertex -32.95 -1.81865 0
      vertex -42 -27 0
      vertex -33.1964 -1.94015 0
    endloop
  endfacet
  facet normal 0 0 -1
    outer loop
      vertex -33.1964 -1.94015 0
      vertex -42 -27 0
      vertex -33.4565 -2.02844 0
    endloop
  endfacet
  facet normal 0 0 -1
    outer loop
      vertex -33.4565 -2.02844 0
      vertex -42 -27 0
      vertex -33.7259 -2.08203 0
    endloop
  endfacet
  facet normal 0 0 -1
    outer loop
      vertex -33.7259 -2.08203 0
      vertex -42 -27 0
      vertex -34 -2.1 0
    endloop
  endfacet
  facet normal -0 0 -1
    outer loop
      vertex -34 -2.1 0
      vertex -42 -27 0
      vertex -34.2741 -2.08203 0
    endloop
  endfacet
  facet normal -0 0 -1
    outer loop
      vertex -36.082 -0.274104 0
      vertex -42 -27 0
      vertex -36.1 0 0
    endloop
  endfacet
  facet normal -0 0 -1
    outer loop
      vertex -36.0284 -0.54352 0
      vertex -42 -27 0
      vertex -36.082 -0.274104 0
    endloop
  endfacet
  facet normal -0 0 -1
    outer loop
      vertex -35.9401 -0.803635 0
      vertex -42 -27 0
      vertex -36.0284 -0.54352 0
    endloop
  endfacet
  facet normal -0 0 -1
    outer loop
      vertex -35.8187 -1.05 0
      vertex -42 -27 0
      vertex -35.9401 -0.803635 0
    endloop
  endfacet
  facet normal -0 0 -1
    outer loop
      vertex -35.666 -1.2784 0
      vertex -42 -27 0
      vertex -35.8187 -1.05 0
    endloop
  endfacet
  facet normal -0 0 -1
    outer loop
      vertex -35.4849 -1.48492 0
      vertex -42 -27 0
      vertex -35.666 -1.2784 0
    endloop
  endfacet
  facet normal -0 0 -1
    outer loop
      vertex -35.2784 -1.66604 0
      vertex -42 -27 0
      vertex -35.4849 -1.48492 0
    endloop
  endfacet
  facet normal -0 0 -1
    outer loop
      vertex -35.05 -1.81865 0
      vertex -42 -27 0
      vertex -35.2784 -1.66604 0
    endloop
  endfacet
  facet normal -0 0 -1
    outer loop
      vertex -34.8036 -1.94015 0
      vertex -42 -27 0
      vertex -35.05 -1.81865 0
    endloop
  endfacet
  facet normal -0 0 -1
    outer loop
      vertex -34.5435 -2.02844 0
      vertex -42 -27 0
      vertex -34.8036 -1.94015 0
    endloop
  endfacet
  facet normal -0 0 -1
    outer loop
      vertex -34.2741 -2.08203 0
      vertex -42 -27 0
      vertex -34.5435 -2.02844 0
    endloop
  endfacet
  facet normal 0 0 -1
    outer loop
      vertex 36.082 0.274104 0
      vertex 42 27 0
      vertex 36.1 0 0
    endloop
  endfacet
  facet normal 0 0 -1
    outer loop
      vertex 36.0284 0.54352 0
      vertex 42 27 0
      vertex 36.082 0.274104 0
    endloop
  endfacet
  facet normal 0 0 -1
    outer loop
      vertex 35.9401 0.803635 0
      vertex 42 27 0
      vertex 36.0284 0.54352 0
    endloop
  endfacet
  facet normal 0 0 -1
    outer loop
      vertex 35.8187 1.05 0
      vertex 42 27 0
      vertex 35.9401 0.803635 0
    endloop
  endfacet
  facet normal 0 0 -1
    outer loop
      vertex 35.666 1.2784 0
      vertex 42 27 0
      vertex 35.8187 1.05 0
    endloop
  endfacet
  facet normal 0 0 -1
    outer loop
      vertex 35.4849 1.48492 0
      vertex 42 27 0
      vertex 35.666 1.2784 0
    endloop
  endfacet
  facet normal 0 0 -1
    outer loop
      vertex 35.2784 1.66604 0
      vertex 42 27 0
      vertex 35.4849 1.48492 0
    endloop
  endfacet
  facet normal 0 0 -1
    outer loop
      vertex 35.05 1.81865 0
      vertex 42 27 0
      vertex 35.2784 1.66604 0
    endloop
  endfacet
  facet normal 0 0 -1
    outer loop
      vertex 34.8036 1.94015 0
      vertex 42 27 0
      vertex 35.05 1.81865 0
    endloop
  endfacet
  facet normal 0 0 -1
    outer loop
      vertex 34.5435 2.02844 0
      vertex 42 27 0
      vertex 34.8036 1.94015 0
    endloop
  endfacet
  facet normal 0 0 -1
    outer loop
      vertex 34.2741 2.08203 0
      vertex 42 27 0
      vertex 34.5435 2.02844 0
    endloop
  endfacet
  facet normal 0 0 -1
    outer loop
      vertex 34 2.1 0
      vertex 42 27 0
      vertex 34.2741 2.08203 0
    endloop
  endfacet
  facet normal 0 0 -1
    outer loop
      vertex 33.7259 2.08203 0
      vertex 42 27 0
      vertex 34 2.1 0
    endloop
  endfacet
  facet normal 0 0 -1
    outer loop
      vertex 33.4565 2.02844 0
      vertex 42 27 0
      vertex 33.7259 2.08203 0
    endloop
  endfacet
  facet normal 0 0 -1
    outer loop
      vertex 33.1964 1.94015 0
      vertex 42 27 0
      vertex 33.4565 2.02844 0
    endloop
  endfacet
  facet normal 0 0 -1
    outer loop
      vertex 32.95 1.81865 0
      vertex 42 27 0
      vertex 33.1964 1.94015 0
    endloop
  endfacet
  facet normal 0 0 -1
    outer loop
      vertex 32.7216 1.66604 0
      vertex 42 27 0
      vertex 32.95 1.81865 0
    endloop
  endfacet
  facet normal 0 0 -1
    outer loop
      vertex 32.5151 1.48492 0
      vertex 42 27 0
      vertex 32.7216 1.66604 0
    endloop
  endfacet
  facet normal 0 0 -1
    outer loop
      vertex 32.334 1.2784 0
      vertex 42 27 0
      vertex 32.5151 1.48492 0
    endloop
  endfacet
  facet normal 0 0 -1
    outer loop
      vertex -32.334 1.2784 0
      vertex 32.334 1.2784 0
      vertex 32.1813 1.05 0
    endloop
  endfacet
  facet normal 0 0 -1
    outer loop
      vertex -32.1813 1.05 0
      vertex 32.1813 1.05 0
      vertex 32.0599 0.803635 0
    endloop
  endfacet
  facet normal 0 0 -1
    outer loop
      vertex -31.9 0 0
      vertex 31.918 0.274104 0
      vertex 31.9 0 0
    endloop
  endfacet
  facet normal 0 0 -1
    outer loop
      vertex -31.918 0.274104 0
      vertex 31.918 0.274104 0
      vertex -31.9 0 0
    endloop
  endfacet
  facet normal 0 0 -1
    outer loop
      vertex 31.918 0.274104 0
      vertex -31.918 0.274104 0
      vertex 31.9716 0.54352 0
    endloop
  endfacet
  facet normal 0 0 -1
    outer loop
      vertex -31.9716 0.54352 0
      vertex 31.9716 0.54352 0
      vertex -31.918 0.274104 0
    endloop
  endfacet
  facet normal 0 0 -1
    outer loop
      vertex 31.9716 0.54352 0
      vertex -31.9716 0.54352 0
      vertex 32.0599 0.803635 0
    endloop
  endfacet
  facet normal 0 0 -1
    outer loop
      vertex -32.0599 0.803635 0
      vertex 32.0599 0.803635 0
      vertex -31.9716 0.54352 0
    endloop
  endfacet
  facet normal 0 0 -1
    outer loop
      vertex -32.1813 1.05 0
      vertex 32.0599 0.803635 0
      vertex -32.0599 0.803635 0
    endloop
  endfacet
  facet normal 0 0 -1
    outer loop
      vertex 32.1813 1.05 0
      vertex -32.1813 1.05 0
      vertex -32.334 1.2784 0
    endloop
  endfacet
  facet normal 0 0 -1
    outer loop
      vertex 32.334 1.2784 0
      vertex -32.334 1.2784 0
      vertex 42 27 0
    endloop
  endfacet
  facet normal 0 0 -1
    outer loop
      vertex -42 27 0
      vertex -32.334 1.2784 0
      vertex -32.5151 1.48492 0
    endloop
  endfacet
  facet normal 0 0 -1
    outer loop
      vertex -42 27 0
      vertex -32.5151 1.48492 0
      vertex -32.7216 1.66604 0
    endloop
  endfacet
  facet normal 0 0 -1
    outer loop
      vertex -42 27 0
      vertex -32.7216 1.66604 0
      vertex -32.95 1.81865 0
    endloop
  endfacet
  facet normal 0 0 -1
    outer loop
      vertex -42 27 0
      vertex -32.95 1.81865 0
      vertex -33.1964 1.94015 0
    endloop
  endfacet
  facet normal 0 0 -1
    outer loop
      vertex -42 27 0
      vertex -33.1964 1.94015 0
      vertex -33.4565 2.02844 0
    endloop
  endfacet
  facet normal 0 0 -1
    outer loop
      vertex -42 27 0
      vertex -33.4565 2.02844 0
      vertex -33.7259 2.08203 0
    endloop
  endfacet
  facet normal 0 0 -1
    outer loop
      vertex -42 27 0
      vertex -33.7259 2.08203 0
      vertex -34 2.1 0
    endloop
  endfacet
  facet normal 0 0 -1
    outer loop
      vertex -42 27 0
      vertex -34 2.1 0
      vertex -34.2741 2.08203 0
    endloop
  endfacet
  facet normal 0 0 -1
    outer loop
      vertex -42 27 0
      vertex -34.2741 2.08203 0
      vertex -34.5435 2.02844 0
    endloop
  endfacet
  facet normal 0 0 -1
    outer loop
      vertex -42 27 0
      vertex -36.1 0 0
      vertex -42 -27 0
    endloop
  endfacet
  facet normal 0 0 -1
    outer loop
      vertex -36.1 0 0
      vertex -42 27 0
      vertex -36.082 0.274104 0
    endloop
  endfacet
  facet normal 0 0 -1
    outer loop
      vertex -32.334 1.2784 0
      vertex -42 27 0
      vertex 42 27 0
    endloop
  endfacet
  facet normal 0 0 -1
    outer loop
      vertex -34.8036 1.94015 0
      vertex -42 27 0
      vertex -34.5435 2.02844 0
    endloop
  endfacet
  facet normal 0 0 -1
    outer loop
      vertex -35.05 1.81865 0
      vertex -42 27 0
      vertex -34.8036 1.94015 0
    endloop
  endfacet
  facet normal 0 0 -1
    outer loop
      vertex -35.2784 1.66604 0
      vertex -42 27 0
      vertex -35.05 1.81865 0
    endloop
  endfacet
  facet normal 0 0 -1
    outer loop
      vertex -35.4849 1.48492 0
      vertex -42 27 0
      vertex -35.2784 1.66604 0
    endloop
  endfacet
  facet normal 0 0 -1
    outer loop
      vertex -35.666 1.2784 0
      vertex -42 27 0
      vertex -35.4849 1.48492 0
    endloop
  endfacet
  facet normal 0 0 -1
    outer loop
      vertex -35.8187 1.05 0
      vertex -42 27 0
      vertex -35.666 1.2784 0
    endloop
  endfacet
  facet normal 0 0 -1
    outer loop
      vertex -35.9401 0.803635 0
      vertex -42 27 0
      vertex -35.8187 1.05 0
    endloop
  endfacet
  facet normal 0 0 -1
    outer loop
      vertex -36.0284 0.54352 0
      vertex -42 27 0
      vertex -35.9401 0.803635 0
    endloop
  endfacet
  facet normal 0 0 -1
    outer loop
      vertex -36.082 0.274104 0
      vertex -42 27 0
      vertex -36.0284 0.54352 0
    endloop
  endfacet
  facet normal -1 0 0
    outer loop
      vertex -42 -27 0
      vertex -42 27 4
      vertex -42 27 0
    endloop
  endfacet
  facet normal -1 -0 0
    outer loop
      vertex -42 27 4
      vertex -42 -27 0
      vertex -42 -27 4
    endloop
  endfacet
  facet normal 0 1 -0
    outer loop
      vertex 42 27 0
      vertex -42 27 4
      vertex 42 27 4
    endloop
  endfacet
  facet normal 0 1 0
    outer loop
      vertex -42 27 4
      vertex 42 27 0
      vertex -42 27 0
    endloop
  endfacet
  facet normal 0 -1 0
    outer loop
      vertex -42 -27 0
      vertex 42 -27 4
      vertex -42 -27 4
    endloop
  endfacet
  facet normal 0 -1 -0
    outer loop
      vertex 42 -27 4
      vertex -42 -27 0
      vertex 42 -27 0
    endloop
  endfacet
  facet normal 1 0 0
    outer loop
      vertex 25.55 -5.75252 31
      vertex 25.55 -15.2 31
      vertex 25.55 -5.75252 19
    endloop
  endfacet
  facet normal 1 0 0
    outer loop
      vertex 25.55 4.24748 31
      vertex 25.55 -4.24748 31
      vertex 25.55 4.24748 19
    endloop
  endfacet
  facet normal 1 0 0
    outer loop
      vertex 25.55 5.75252 19
      vertex 25.55 15.2 31
      vertex 25.55 5.75252 31
    endloop
  endfacet
  facet normal 1 0 0
    outer loop
      vertex 25.55 15.2 31
      vertex 25.55 5.75252 19
      vertex 25.55 15.2 4
    endloop
  endfacet
  facet normal 1 -0 0
    outer loop
      vertex 25.55 4.24748 19
      vertex 25.55 15.2 4
      vertex 25.55 5.75252 19
    endloop
  endfacet
  facet normal 1 0 0
    outer loop
      vertex 25.55 -4.24748 19
      vertex 25.55 4.24748 19
      vertex 25.55 -4.24748 31
    endloop
  endfacet
  facet normal 1 -0 0
    outer loop
      vertex 25.55 -4.24748 19
      vertex 25.55 15.2 4
      vertex 25.55 4.24748 19
    endloop
  endfacet
  facet normal 1 0 0
    outer loop
      vertex 25.55 -15.2 4
      vertex 25.55 -4.24748 19
      vertex 25.55 -5.75252 19
    endloop
  endfacet
  facet normal 1 0 0
    outer loop
      vertex 25.55 -4.24748 19
      vertex 25.55 -15.2 4
      vertex 25.55 15.2 4
    endloop
  endfacet
  facet normal 1 0 0
    outer loop
      vertex 25.55 -15.2 4
      vertex 25.55 -5.75252 19
      vertex 25.55 -15.2 31
    endloop
  endfacet
  facet normal 0 0 1
    outer loop
      vertex -23.6594 -5.14358 31
      vertex -20.55 -5 31
      vertex -23.65 -5 31
    endloop
  endfacet
  facet normal 0 0 1
    outer loop
      vertex 25.55 15.2 31
      vertex 25.5278 5.77782 31
      vertex 25.55 5.75252 31
    endloop
  endfacet
  facet normal 0 0 1
    outer loop
      vertex 25.55 15.2 31
      vertex 25.4196 5.87269 31
      vertex 25.5278 5.77782 31
    endloop
  endfacet
  facet normal 0 0 1
    outer loop
      vertex 25.55 15.2 31
      vertex 25.3 5.95263 31
      vertex 25.4196 5.87269 31
    endloop
  endfacet
  facet normal 0 0 1
    outer loop
      vertex 25.55 15.2 31
      vertex 25.171 6.01627 31
      vertex 25.3 5.95263 31
    endloop
  endfacet
  facet normal 0 0 1
    outer loop
      vertex 25.55 15.2 31
      vertex 25.0347 6.06252 31
      vertex 25.171 6.01627 31
    endloop
  endfacet
  facet normal 0 0 1
    outer loop
      vertex 25.55 15.2 31
      vertex 24.8936 6.09059 31
      vertex 25.0347 6.06252 31
    endloop
  endfacet
  facet normal 0 0 1
    outer loop
      vertex 25.55 15.2 31
      vertex 24.75 6.1 31
      vertex 24.8936 6.09059 31
    endloop
  endfacet
  facet normal -0 0 1
    outer loop
      vertex 20.55 10.2 31
      vertex 24.75 6.1 31
      vertex 25.55 15.2 31
    endloop
  endfacet
  facet normal 0 0 1
    outer loop
      vertex 24.75 6.1 31
      vertex 20.55 10.2 31
      vertex 24.6064 6.09059 31
    endloop
  endfacet
  facet normal 0 0 1
    outer loop
      vertex 24.6064 6.09059 31
      vertex 20.55 10.2 31
      vertex 24.4653 6.06252 31
    endloop
  endfacet
  facet normal 0 0 1
    outer loop
      vertex 24.4653 6.06252 31
      vertex 20.55 10.2 31
      vertex 24.329 6.01627 31
    endloop
  endfacet
  facet normal 0 0 1
    outer loop
      vertex 24.329 6.01627 31
      vertex 20.55 10.2 31
      vertex 24.2 5.95263 31
    endloop
  endfacet
  facet normal 0 0 1
    outer loop
      vertex 24.2 5.95263 31
      vertex 20.55 10.2 31
      vertex 24.0804 5.87269 31
    endloop
  endfacet
  facet normal 0 0 1
    outer loop
      vertex 24.0804 5.87269 31
      vertex 20.55 10.2 31
      vertex 23.9722 5.77782 31
    endloop
  endfacet
  facet normal 0 0 1
    outer loop
      vertex 23.9722 5.77782 31
      vertex 20.55 10.2 31
      vertex 23.8773 5.66964 31
    endloop
  endfacet
  facet normal 0 0 1
    outer loop
      vertex 23.8773 5.66964 31
      vertex 20.55 10.2 31
      vertex 23.7974 5.55 31
    endloop
  endfacet
  facet normal 0 0 1
    outer loop
      vertex 23.7974 5.55 31
      vertex 20.55 10.2 31
      vertex 23.7337 5.42095 31
    endloop
  endfacet
  facet normal 0 0 1
    outer loop
      vertex 23.7337 5.42095 31
      vertex 20.55 10.2 31
      vertex 23.6875 5.2847 31
    endloop
  endfacet
  facet normal 0 0 1
    outer loop
      vertex 23.6875 -4.7153 31
      vertex 20.55 -10.2 31
      vertex 23.6594 -4.85642 31
    endloop
  endfacet
  facet normal 0 0 1
    outer loop
      vertex 23.6594 5.14358 31
      vertex 20.55 10.2 31
      vertex 23.65 5 31
    endloop
  endfacet
  facet normal 0 0 1
    outer loop
      vertex 23.6875 5.2847 31
      vertex 20.55 10.2 31
      vertex 23.6594 5.14358 31
    endloop
  endfacet
  facet normal 0 0 1
    outer loop
      vertex 25.55 15.2 31
      vertex -20.55 10.2 31
      vertex 20.55 10.2 31
    endloop
  endfacet
  facet normal -0 0 1
    outer loop
      vertex -23.8773 5.66964 31
      vertex -20.55 5 31
      vertex -20.55 10.2 31
    endloop
  endfacet
  facet normal 0 0 1
    outer loop
      vertex -20.55 5 31
      vertex -23.6594 5.14358 31
      vertex -23.65 5 31
    endloop
  endfacet
  facet normal 0 0 1
    outer loop
      vertex -20.55 5 31
      vertex -23.6875 5.2847 31
      vertex -23.6594 5.14358 31
    endloop
  endfacet
  facet normal 0 0 1
    outer loop
      vertex -20.55 5 31
      vertex -23.7337 5.42095 31
      vertex -23.6875 5.2847 31
    endloop
  endfacet
  facet normal 0 0 1
    outer loop
      vertex -20.55 5 31
      vertex -23.7974 5.55 31
      vertex -23.7337 5.42095 31
    endloop
  endfacet
  facet normal 0 0 1
    outer loop
      vertex -20.55 5 31
      vertex -23.8773 5.66964 31
      vertex -23.7974 5.55 31
    endloop
  endfacet
  facet normal 0 0 1
    outer loop
      vertex -20.55 10.2 31
      vertex -23.9722 5.77782 31
      vertex -23.8773 5.66964 31
    endloop
  endfacet
  facet normal 0 0 1
    outer loop
      vertex -20.55 10.2 31
      vertex -24.0804 5.87269 31
      vertex -23.9722 5.77782 31
    endloop
  endfacet
  facet normal 0 0 1
    outer loop
      vertex -20.55 10.2 31
      vertex -24.2 5.95263 31
      vertex -24.0804 5.87269 31
    endloop
  endfacet
  facet normal 0 0 1
    outer loop
      vertex -20.55 10.2 31
      vertex -24.329 6.01627 31
      vertex -24.2 5.95263 31
    endloop
  endfacet
  facet normal 0 0 1
    outer loop
      vertex -20.55 10.2 31
      vertex -24.4653 6.06252 31
      vertex -24.329 6.01627 31
    endloop
  endfacet
  facet normal 0 0 1
    outer loop
      vertex -20.55 10.2 31
      vertex -24.6064 6.09059 31
      vertex -24.4653 6.06252 31
    endloop
  endfacet
  facet normal 0 0 1
    outer loop
      vertex -20.55 10.2 31
      vertex -24.75 6.1 31
      vertex -24.6064 6.09059 31
    endloop
  endfacet
  facet normal 0 0 1
    outer loop
      vertex -20.55 10.2 31
      vertex -24.8936 6.09059 31
      vertex -24.75 6.1 31
    endloop
  endfacet
  facet normal 0 0 1
    outer loop
      vertex -25.55 15.2 31
      vertex -24.8936 6.09059 31
      vertex -20.55 10.2 31
    endloop
  endfacet
  facet normal 0 0 1
    outer loop
      vertex -24.8936 6.09059 31
      vertex -25.55 15.2 31
      vertex -25.0347 6.06252 31
    endloop
  endfacet
  facet normal 0 0 1
    outer loop
      vertex -25.0347 6.06252 31
      vertex -25.55 15.2 31
      vertex -25.171 6.01627 31
    endloop
  endfacet
  facet normal 0 0 1
    outer loop
      vertex -25.171 6.01627 31
      vertex -25.55 15.2 31
      vertex -25.3 5.95263 31
    endloop
  endfacet
  facet normal 0 0 1
    outer loop
      vertex -25.3 5.95263 31
      vertex -25.55 15.2 31
      vertex -25.4196 5.87269 31
    endloop
  endfacet
  facet normal -0 0 1
    outer loop
      vertex -25.55 15.2 31
      vertex -20.55 10.2 31
      vertex 25.55 15.2 31
    endloop
  endfacet
  facet normal 0 0 1
    outer loop
      vertex -25.4196 5.87269 31
      vertex -25.55 15.2 31
      vertex -25.5278 5.77782 31
    endloop
  endfacet
  facet normal 0 0 1
    outer loop
      vertex -25.5278 5.77782 31
      vertex -25.55 15.2 31
      vertex -25.55 5.75252 31
    endloop
  endfacet
  facet normal -0 0 1
    outer loop
      vertex 25.5278 4.22218 31
      vertex 25.55 -4.24748 31
      vertex 25.55 4.24748 31
    endloop
  endfacet
  facet normal 0 0 1
    outer loop
      vertex 25.5278 4.22218 31
      vertex 25.5278 -4.22218 31
      vertex 25.55 -4.24748 31
    endloop
  endfacet
  facet normal -0 0 1
    outer loop
      vertex 25.4196 4.12731 31
      vertex 25.5278 -4.22218 31
      vertex 25.5278 4.22218 31
    endloop
  endfacet
  facet normal 0 0 1
    outer loop
      vertex 25.4196 4.12731 31
      vertex 25.4196 -4.12731 31
      vertex 25.5278 -4.22218 31
    endloop
  endfacet
  facet normal -0 0 1
    outer loop
      vertex 25.3 4.04737 31
      vertex 25.4196 -4.12731 31
      vertex 25.4196 4.12731 31
    endloop
  endfacet
  facet normal 0 0 1
    outer loop
      vertex 25.3 4.04737 31
      vertex 25.3 -4.04737 31
      vertex 25.4196 -4.12731 31
    endloop
  endfacet
  facet normal -0 0 1
    outer loop
      vertex 25.171 3.98373 31
      vertex 25.3 -4.04737 31
      vertex 25.3 4.04737 31
    endloop
  endfacet
  facet normal 0 0 1
    outer loop
      vertex 25.171 3.98373 31
      vertex 25.171 -3.98373 31
      vertex 25.3 -4.04737 31
    endloop
  endfacet
  facet normal -0 0 1
    outer loop
      vertex 25.0347 3.93748 31
      vertex 25.171 -3.98373 31
      vertex 25.171 3.98373 31
    endloop
  endfacet
  facet normal 0 0 1
    outer loop
      vertex 25.0347 3.93748 31
      vertex 25.0347 -3.93748 31
      vertex 25.171 -3.98373 31
    endloop
  endfacet
  facet normal -0 0 1
    outer loop
      vertex 24.8936 3.90941 31
      vertex 25.0347 -3.93748 31
      vertex 25.0347 3.93748 31
    endloop
  endfacet
  facet normal 0 0 1
    outer loop
      vertex 24.8936 3.90941 31
      vertex 24.8936 -3.90941 31
      vertex 25.0347 -3.93748 31
    endloop
  endfacet
  facet normal -0 0 1
    outer loop
      vertex 24.75 3.9 31
      vertex 24.8936 -3.90941 31
      vertex 24.8936 3.90941 31
    endloop
  endfacet
  facet normal 0 0 1
    outer loop
      vertex 24.75 3.9 31
      vertex 24.75 -3.9 31
      vertex 24.8936 -3.90941 31
    endloop
  endfacet
  facet normal 0 0 1
    outer loop
      vertex 24.6064 3.90941 31
      vertex 24.75 -3.9 31
      vertex 24.75 3.9 31
    endloop
  endfacet
  facet normal 0 0 1
    outer loop
      vertex 24.6064 3.90941 31
      vertex 24.6064 -3.90941 31
      vertex 24.75 -3.9 31
    endloop
  endfacet
  facet normal 0 0 1
    outer loop
      vertex 24.4653 3.93748 31
      vertex 24.6064 -3.90941 31
      vertex 24.6064 3.90941 31
    endloop
  endfacet
  facet normal 0 0 1
    outer loop
      vertex 24.4653 3.93748 31
      vertex 24.4653 -3.93748 31
      vertex 24.6064 -3.90941 31
    endloop
  endfacet
  facet normal 0 0 1
    outer loop
      vertex 24.329 3.98373 31
      vertex 24.4653 -3.93748 31
      vertex 24.4653 3.93748 31
    endloop
  endfacet
  facet normal 0 0 1
    outer loop
      vertex 24.329 3.98373 31
      vertex 24.329 -3.98373 31
      vertex 24.4653 -3.93748 31
    endloop
  endfacet
  facet normal 0 0 1
    outer loop
      vertex 24.2 4.04737 31
      vertex 24.329 -3.98373 31
      vertex 24.329 3.98373 31
    endloop
  endfacet
  facet normal 0 0 1
    outer loop
      vertex 24.2 4.04737 31
      vertex 24.2 -4.04737 31
      vertex 24.329 -3.98373 31
    endloop
  endfacet
  facet normal 0 0 1
    outer loop
      vertex 24.0804 4.12731 31
      vertex 24.2 -4.04737 31
      vertex 24.2 4.04737 31
    endloop
  endfacet
  facet normal 0 0 1
    outer loop
      vertex 24.0804 4.12731 31
      vertex 24.0804 -4.12731 31
      vertex 24.2 -4.04737 31
    endloop
  endfacet
  facet normal 0 0 1
    outer loop
      vertex 23.9722 4.22218 31
      vertex 24.0804 -4.12731 31
      vertex 24.0804 4.12731 31
    endloop
  endfacet
  facet normal 0 0 1
    outer loop
      vertex 23.9722 4.22218 31
      vertex 23.9722 -4.22218 31
      vertex 24.0804 -4.12731 31
    endloop
  endfacet
  facet normal 0 0 1
    outer loop
      vertex 23.8773 4.33036 31
      vertex 23.9722 -4.22218 31
      vertex 23.9722 4.22218 31
    endloop
  endfacet
  facet normal 0 0 1
    outer loop
      vertex 23.8773 4.33036 31
      vertex 23.8773 -4.33036 31
      vertex 23.9722 -4.22218 31
    endloop
  endfacet
  facet normal 0 0 1
    outer loop
      vertex 23.7974 4.45 31
      vertex 23.8773 -4.33036 31
      vertex 23.8773 4.33036 31
    endloop
  endfacet
  facet normal 0 0 1
    outer loop
      vertex 23.7974 4.45 31
      vertex 23.7974 -4.45 31
      vertex 23.8773 -4.33036 31
    endloop
  endfacet
  facet normal 0 0 1
    outer loop
      vertex 23.7337 4.57905 31
      vertex 23.7974 -4.45 31
      vertex 23.7974 4.45 31
    endloop
  endfacet
  facet normal 0 0 1
    outer loop
      vertex 23.7337 4.57905 31
      vertex 23.7337 -4.57905 31
      vertex 23.7974 -4.45 31
    endloop
  endfacet
  facet normal 0 0 1
    outer loop
      vertex 23.6875 4.7153 31
      vertex 23.7337 -4.57905 31
      vertex 23.7337 4.57905 31
    endloop
  endfacet
  facet normal 0 0 1
    outer loop
      vertex 23.6875 4.7153 31
      vertex 23.6875 -4.7153 31
      vertex 23.7337 -4.57905 31
    endloop
  endfacet
  facet normal 0 0 1
    outer loop
      vertex 20.55 10.2 31
      vertex 23.6875 4.7153 31
      vertex 23.6594 4.85642 31
    endloop
  endfacet
  facet normal 0 0 1
    outer loop
      vertex 23.6875 4.7153 31
      vertex 20.55 10.2 31
      vertex 23.6875 -4.7153 31
    endloop
  endfacet
  facet normal 0 0 1
    outer loop
      vertex 20.55 10.2 31
      vertex 23.6594 4.85642 31
      vertex 23.65 5 31
    endloop
  endfacet
  facet normal 0 0 1
    outer loop
      vertex 20.55 -10.2 31
      vertex 23.6875 -4.7153 31
      vertex 20.55 10.2 31
    endloop
  endfacet
  facet normal -0 0 1
    outer loop
      vertex 25.5278 -5.77782 31
      vertex 25.55 -15.2 31
      vertex 25.55 -5.75252 31
    endloop
  endfacet
  facet normal -0 0 1
    outer loop
      vertex 25.4196 -5.87269 31
      vertex 25.55 -15.2 31
      vertex 25.5278 -5.77782 31
    endloop
  endfacet
  facet normal -0 0 1
    outer loop
      vertex 25.3 -5.95263 31
      vertex 25.55 -15.2 31
      vertex 25.4196 -5.87269 31
    endloop
  endfacet
  facet normal -0 0 1
    outer loop
      vertex 25.171 -6.01627 31
      vertex 25.55 -15.2 31
      vertex 25.3 -5.95263 31
    endloop
  endfacet
  facet normal -0 0 1
    outer loop
      vertex 25.0347 -6.06252 31
      vertex 25.55 -15.2 31
      vertex 25.171 -6.01627 31
    endloop
  endfacet
  facet normal -0 0 1
    outer loop
      vertex 24.8936 -6.09059 31
      vertex 25.55 -15.2 31
      vertex 25.0347 -6.06252 31
    endloop
  endfacet
  facet normal -0 0 1
    outer loop
      vertex 24.75 -6.1 31
      vertex 25.55 -15.2 31
      vertex 24.8936 -6.09059 31
    endloop
  endfacet
  facet normal 0 0 1
    outer loop
      vertex 20.55 -10.2 31
      vertex 24.75 -6.1 31
      vertex 24.6064 -6.09059 31
    endloop
  endfacet
  facet normal 0 0 1
    outer loop
      vertex 20.55 -10.2 31
      vertex 24.6064 -6.09059 31
      vertex 24.4653 -6.06252 31
    endloop
  endfacet
  facet normal 0 0 1
    outer loop
      vertex 20.55 -10.2 31
      vertex 24.4653 -6.06252 31
      vertex 24.329 -6.01627 31
    endloop
  endfacet
  facet normal 0 0 1
    outer loop
      vertex 20.55 -10.2 31
      vertex 24.329 -6.01627 31
      vertex 24.2 -5.95263 31
    endloop
  endfacet
  facet normal 0 0 1
    outer loop
      vertex 20.55 -10.2 31
      vertex 24.2 -5.95263 31
      vertex 24.0804 -5.87269 31
    endloop
  endfacet
  facet normal 0 0 1
    outer loop
      vertex 20.55 -10.2 31
      vertex 24.0804 -5.87269 31
      vertex 23.9722 -5.77782 31
    endloop
  endfacet
  facet normal 0 0 1
    outer loop
      vertex 20.55 -10.2 31
      vertex 23.9722 -5.77782 31
      vertex 23.8773 -5.66964 31
    endloop
  endfacet
  facet normal 0 0 1
    outer loop
      vertex 20.55 -10.2 31
      vertex 23.8773 -5.66964 31
      vertex 23.7974 -5.55 31
    endloop
  endfacet
  facet normal 0 0 1
    outer loop
      vertex 20.55 -10.2 31
      vertex 23.7974 -5.55 31
      vertex 23.7337 -5.42095 31
    endloop
  endfacet
  facet normal 0 0 1
    outer loop
      vertex 20.55 -10.2 31
      vertex 23.7337 -5.42095 31
      vertex 23.6875 -5.2847 31
    endloop
  endfacet
  facet normal 0 0 1
    outer loop
      vertex 20.55 -10.2 31
      vertex 23.6875 -5.2847 31
      vertex 23.6594 -5.14358 31
    endloop
  endfacet
  facet normal 0 0 1
    outer loop
      vertex 23.6594 -4.85642 31
      vertex 20.55 -10.2 31
      vertex 23.65 -5 31
    endloop
  endfacet
  facet normal 0 0 1
    outer loop
      vertex 23.65 -5 31
      vertex 20.55 -10.2 31
      vertex 23.6594 -5.14358 31
    endloop
  endfacet
  facet normal 0 0 1
    outer loop
      vertex 24.75 -6.1 31
      vertex 20.55 -10.2 31
      vertex 25.55 -15.2 31
    endloop
  endfacet
  facet normal -0 0 1
    outer loop
      vertex -20.55 -10.2 31
      vertex 25.55 -15.2 31
      vertex 20.55 -10.2 31
    endloop
  endfacet
  facet normal 0 0 1
    outer loop
      vertex -23.6875 -5.2847 31
      vertex -20.55 -5 31
      vertex -23.6594 -5.14358 31
    endloop
  endfacet
  facet normal 0 0 1
    outer loop
      vertex -23.7337 -5.42095 31
      vertex -20.55 -5 31
      vertex -23.6875 -5.2847 31
    endloop
  endfacet
  facet normal 0 0 1
    outer loop
      vertex -23.7974 -5.55 31
      vertex -20.55 -5 31
      vertex -23.7337 -5.42095 31
    endloop
  endfacet
  facet normal 0 0 1
    outer loop
      vertex -23.8773 -5.66964 31
      vertex -20.55 -5 31
      vertex -23.7974 -5.55 31
    endloop
  endfacet
  facet normal 0 0 1
    outer loop
      vertex -20.55 -5 31
      vertex -23.8773 -5.66964 31
      vertex -20.55 -10.2 31
    endloop
  endfacet
  facet normal -0 0 1
    outer loop
      vertex -23.9722 -5.77782 31
      vertex -20.55 -10.2 31
      vertex -23.8773 -5.66964 31
    endloop
  endfacet
  facet normal -0 0 1
    outer loop
      vertex -24.0804 -5.87269 31
      vertex -20.55 -10.2 31
      vertex -23.9722 -5.77782 31
    endloop
  endfacet
  facet normal -0 0 1
    outer loop
      vertex -24.2 -5.95263 31
      vertex -20.55 -10.2 31
      vertex -24.0804 -5.87269 31
    endloop
  endfacet
  facet normal -0 0 1
    outer loop
      vertex -24.329 -6.01627 31
      vertex -20.55 -10.2 31
      vertex -24.2 -5.95263 31
    endloop
  endfacet
  facet normal -0 0 1
    outer loop
      vertex -24.4653 -6.06252 31
      vertex -20.55 -10.2 31
      vertex -24.329 -6.01627 31
    endloop
  endfacet
  facet normal -0 0 1
    outer loop
      vertex -24.6064 -6.09059 31
      vertex -20.55 -10.2 31
      vertex -24.4653 -6.06252 31
    endloop
  endfacet
  facet normal -0 0 1
    outer loop
      vertex -24.75 -6.1 31
      vertex -20.55 -10.2 31
      vertex -24.6064 -6.09059 31
    endloop
  endfacet
  facet normal 0 0 1
    outer loop
      vertex -24.8936 -6.09059 31
      vertex -20.55 -10.2 31
      vertex -24.75 -6.1 31
    endloop
  endfacet
  facet normal 0 0 1
    outer loop
      vertex -25.55 -15.2 31
      vertex -24.8936 -6.09059 31
      vertex -25.0347 -6.06252 31
    endloop
  endfacet
  facet normal 0 0 1
    outer loop
      vertex -25.55 -15.2 31
      vertex -25.0347 -6.06252 31
      vertex -25.171 -6.01627 31
    endloop
  endfacet
  facet normal 0 0 1
    outer loop
      vertex -25.55 -15.2 31
      vertex -25.171 -6.01627 31
      vertex -25.3 -5.95263 31
    endloop
  endfacet
  facet normal 0 0 1
    outer loop
      vertex -25.55 -15.2 31
      vertex -25.3 -5.95263 31
      vertex -25.4196 -5.87269 31
    endloop
  endfacet
  facet normal 0 0 1
    outer loop
      vertex -25.55 -15.2 31
      vertex -25.4196 -5.87269 31
      vertex -25.5278 -5.77782 31
    endloop
  endfacet
  facet normal 0 0 1
    outer loop
      vertex -20.55 -10.2 31
      vertex -25.55 -15.2 31
      vertex 25.55 -15.2 31
    endloop
  endfacet
  facet normal 0 0 1
    outer loop
      vertex -24.8936 -6.09059 31
      vertex -25.55 -15.2 31
      vertex -20.55 -10.2 31
    endloop
  endfacet
  facet normal 0 0 1
    outer loop
      vertex -25.55 -15.2 31
      vertex -25.5278 -5.77782 31
      vertex -25.55 -5.75252 31
    endloop
  endfacet
  facet normal -1 0 0
    outer loop
      vertex -25.55 15.2 4
      vertex -25.55 5.75252 19
      vertex -25.55 15.2 31
    endloop
  endfacet
  facet normal -1 0 0
    outer loop
      vertex -25.55 5 4
      vertex -25.55 5.75252 19
      vertex -25.55 15.2 4
    endloop
  endfacet
  facet normal -1 -0 0
    outer loop
      vertex -25.55 5.75252 19
      vertex -25.55 5 4
      vertex -25.55 5 19
    endloop
  endfacet
  facet normal -1 -0 0
    outer loop
      vertex -25.55 15.2 31
      vertex -25.55 5.75252 19
      vertex -25.55 5.75252 31
    endloop
  endfacet
  facet normal -1 0 0
    outer loop
      vertex -25.55 -5 4
      vertex -25.55 -5.75252 19
      vertex -25.55 -5 19
    endloop
  endfacet
  facet normal -1 0 0
    outer loop
      vertex -25.55 -15.2 4
      vertex -25.55 -5.75252 19
      vertex -25.55 -5 4
    endloop
  endfacet
  facet normal -1 0 0
    outer loop
      vertex -25.55 -15.2 31
      vertex -25.55 -5.75252 19
      vertex -25.55 -15.2 4
    endloop
  endfacet
  facet normal -1 0 0
    outer loop
      vertex -25.55 -5.75252 19
      vertex -25.55 -15.2 31
      vertex -25.55 -5.75252 31
    endloop
  endfacet
  facet normal 0 1 -0
    outer loop
      vertex 25.55 15.2 4
      vertex -25.55 15.2 31
      vertex 25.55 15.2 31
    endloop
  endfacet
  facet normal 0 1 0
    outer loop
      vertex -25.55 15.2 31
      vertex 25.55 15.2 4
      vertex -25.55 15.2 4
    endloop
  endfacet
  facet normal 0 -1 0
    outer loop
      vertex -25.55 -15.2 4
      vertex 25.55 -15.2 31
      vertex -25.55 -15.2 31
    endloop
  endfacet
  facet normal 0 -1 -0
    outer loop
      vertex 25.55 -15.2 31
      vertex -25.55 -15.2 4
      vertex 25.55 -15.2 4
    endloop
  endfacet
  facet normal 0.195113 0.980781 -0
    outer loop
      vertex -24.8936 -6.09059 19
      vertex -25.0347 -6.06252 31
      vertex -24.8936 -6.09059 31
    endloop
  endfacet
  facet normal 0.195113 0.980781 0
    outer loop
      vertex -25.0347 -6.06252 31
      vertex -24.8936 -6.09059 19
      vertex -25.0347 -6.06252 19
    endloop
  endfacet
  facet normal 0.659272 0.751905 -0
    outer loop
      vertex -25.4196 -5.87269 19
      vertex -25.5278 -5.77782 31
      vertex -25.4196 -5.87269 31
    endloop
  endfacet
  facet normal 0.659272 0.751905 0
    outer loop
      vertex -25.5278 -5.77782 31
      vertex -25.4196 -5.87269 19
      vertex -25.5278 -5.77782 19
    endloop
  endfacet
  facet normal -0.751741 0.659458 0
    outer loop
      vertex -23.9722 -5.77782 19
      vertex -23.8773 -5.66964 31
      vertex -23.8773 -5.66964 19
    endloop
  endfacet
  facet normal -0.751741 0.659458 0
    outer loop
      vertex -23.8773 -5.66964 31
      vertex -23.9722 -5.77782 19
      vertex -23.9722 -5.77782 31
    endloop
  endfacet
  facet normal -0.32133 0.946967 0
    outer loop
      vertex -24.329 -6.01627 19
      vertex -24.4653 -6.06252 31
      vertex -24.329 -6.01627 31
    endloop
  endfacet
  facet normal -0.32133 0.946967 0
    outer loop
      vertex -24.4653 -6.06252 31
      vertex -24.329 -6.01627 19
      vertex -24.4653 -6.06252 19
    endloop
  endfacet
  facet normal 0.065389 0.99786 -0
    outer loop
      vertex -24.75 -6.1 19
      vertex -24.8936 -6.09059 31
      vertex -24.75 -6.1 31
    endloop
  endfacet
  facet normal 0.065389 0.99786 0
    outer loop
      vertex -24.8936 -6.09059 31
      vertex -24.75 -6.1 19
      vertex -24.8936 -6.09059 19
    endloop
  endfacet
  facet normal -0.980746 0.195287 0
    outer loop
      vertex -23.6875 -5.2847 19
      vertex -23.6594 -5.14358 31
      vertex -23.6594 -5.14358 19
    endloop
  endfacet
  facet normal -0.980746 0.195287 0
    outer loop
      vertex -23.6594 -5.14358 31
      vertex -23.6875 -5.2847 19
      vertex -23.6875 -5.2847 31
    endloop
  endfacet
  facet normal -0.896708 0.442622 0
    outer loop
      vertex -23.7974 -5.55 19
      vertex -23.7337 -5.42095 31
      vertex -23.7337 -5.42095 19
    endloop
  endfacet
  facet normal -0.896708 0.442622 0
    outer loop
      vertex -23.7337 -5.42095 31
      vertex -23.7974 -5.55 19
      vertex -23.7974 -5.55 31
    endloop
  endfacet
  facet normal 0.751656 0.659556 0
    outer loop
      vertex -25.5278 -5.77782 31
      vertex -25.55 -5.75252 19
      vertex -25.55 -5.75252 31
    endloop
  endfacet
  facet normal 0.751656 0.659556 0
    outer loop
      vertex -25.55 -5.75252 19
      vertex -25.5278 -5.77782 31
      vertex -25.5278 -5.77782 19
    endloop
  endfacet
  facet normal -0.831601 0.555374 0
    outer loop
      vertex -23.8773 -5.66964 19
      vertex -23.7974 -5.55 31
      vertex -23.7974 -5.55 19
    endloop
  endfacet
  facet normal -0.831601 0.555374 0
    outer loop
      vertex -23.7974 -5.55 31
      vertex -23.8773 -5.66964 19
      vertex -23.8773 -5.66964 31
    endloop
  endfacet
  facet normal -0.659272 0.751905 0
    outer loop
      vertex -23.9722 -5.77782 19
      vertex -24.0804 -5.87269 31
      vertex -23.9722 -5.77782 31
    endloop
  endfacet
  facet normal -0.659272 0.751905 0
    outer loop
      vertex -24.0804 -5.87269 31
      vertex -23.9722 -5.77782 19
      vertex -24.0804 -5.87269 19
    endloop
  endfacet
  facet normal -0.997864 0.0653289 0
    outer loop
      vertex -23.6594 -5.14358 19
      vertex -23.65 -5 31
      vertex -23.65 -5 19
    endloop
  endfacet
  facet normal -0.997864 0.0653289 0
    outer loop
      vertex -23.65 -5 31
      vertex -23.6594 -5.14358 19
      vertex -23.6594 -5.14358 31
    endloop
  endfacet
  facet normal -0.065389 0.99786 0
    outer loop
      vertex -24.6064 -6.09059 19
      vertex -24.75 -6.1 31
      vertex -24.6064 -6.09059 31
    endloop
  endfacet
  facet normal -0.065389 0.99786 0
    outer loop
      vertex -24.75 -6.1 31
      vertex -24.6064 -6.09059 19
      vertex -24.75 -6.1 19
    endloop
  endfacet
  facet normal -0.195113 0.980781 0
    outer loop
      vertex -24.4653 -6.06252 19
      vertex -24.6064 -6.09059 31
      vertex -24.4653 -6.06252 31
    endloop
  endfacet
  facet normal -0.195113 0.980781 0
    outer loop
      vertex -24.6064 -6.09059 31
      vertex -24.4653 -6.06252 19
      vertex -24.6064 -6.09059 19
    endloop
  endfacet
  facet normal -0.555694 0.831387 0
    outer loop
      vertex -24.0804 -5.87269 19
      vertex -24.2 -5.95263 31
      vertex -24.0804 -5.87269 31
    endloop
  endfacet
  facet normal -0.555694 0.831387 0
    outer loop
      vertex -24.2 -5.95263 31
      vertex -24.0804 -5.87269 19
      vertex -24.2 -5.95263 19
    endloop
  endfacet
  facet normal -0.947037 0.321124 0
    outer loop
      vertex -23.7337 -5.42095 19
      vertex -23.6875 -5.2847 31
      vertex -23.6875 -5.2847 19
    endloop
  endfacet
  facet normal -0.947037 0.321124 0
    outer loop
      vertex -23.6875 -5.2847 31
      vertex -23.7337 -5.42095 19
      vertex -23.7337 -5.42095 31
    endloop
  endfacet
  facet normal 0.32133 0.946967 -0
    outer loop
      vertex -25.0347 -6.06252 19
      vertex -25.171 -6.01627 31
      vertex -25.0347 -6.06252 31
    endloop
  endfacet
  facet normal 0.32133 0.946967 0
    outer loop
      vertex -25.171 -6.01627 31
      vertex -25.0347 -6.06252 19
      vertex -25.171 -6.01627 19
    endloop
  endfacet
  facet normal -0.442424 0.896806 0
    outer loop
      vertex -24.2 -5.95263 19
      vertex -24.329 -6.01627 31
      vertex -24.2 -5.95263 31
    endloop
  endfacet
  facet normal -0.442424 0.896806 0
    outer loop
      vertex -24.329 -6.01627 31
      vertex -24.2 -5.95263 19
      vertex -24.329 -6.01627 19
    endloop
  endfacet
  facet normal 0.442424 0.896806 -0
    outer loop
      vertex -25.171 -6.01627 19
      vertex -25.3 -5.95263 31
      vertex -25.171 -6.01627 31
    endloop
  endfacet
  facet normal 0.442424 0.896806 0
    outer loop
      vertex -25.3 -5.95263 31
      vertex -25.171 -6.01627 19
      vertex -25.3 -5.95263 19
    endloop
  endfacet
  facet normal -0 0 1
    outer loop
      vertex -25.55 -5 19
      vertex -23.6594 -5.14358 19
      vertex -23.65 -5 19
    endloop
  endfacet
  facet normal 0 0 1
    outer loop
      vertex -23.6594 -5.14358 19
      vertex -25.55 -5 19
      vertex -23.6875 -5.2847 19
    endloop
  endfacet
  facet normal 0 0 1
    outer loop
      vertex -23.6875 -5.2847 19
      vertex -25.55 -5 19
      vertex -23.7337 -5.42095 19
    endloop
  endfacet
  facet normal 0 0 1
    outer loop
      vertex -23.7337 -5.42095 19
      vertex -25.55 -5 19
      vertex -23.7974 -5.55 19
    endloop
  endfacet
  facet normal 0 0 1
    outer loop
      vertex -23.7974 -5.55 19
      vertex -25.55 -5 19
      vertex -23.8773 -5.66964 19
    endloop
  endfacet
  facet normal 0 0 1
    outer loop
      vertex -23.8773 -5.66964 19
      vertex -25.55 -5 19
      vertex -23.9722 -5.77782 19
    endloop
  endfacet
  facet normal 0 0 1
    outer loop
      vertex -23.9722 -5.77782 19
      vertex -25.55 -5 19
      vertex -24.0804 -5.87269 19
    endloop
  endfacet
  facet normal 0 0 1
    outer loop
      vertex -24.0804 -5.87269 19
      vertex -25.55 -5 19
      vertex -24.2 -5.95263 19
    endloop
  endfacet
  facet normal 0 0 1
    outer loop
      vertex -24.2 -5.95263 19
      vertex -25.55 -5 19
      vertex -24.329 -6.01627 19
    endloop
  endfacet
  facet normal 0 0 1
    outer loop
      vertex -24.329 -6.01627 19
      vertex -25.55 -5 19
      vertex -24.4653 -6.06252 19
    endloop
  endfacet
  facet normal 0 0 1
    outer loop
      vertex -24.4653 -6.06252 19
      vertex -25.55 -5 19
      vertex -24.6064 -6.09059 19
    endloop
  endfacet
  facet normal 0 0 1
    outer loop
      vertex -24.6064 -6.09059 19
      vertex -25.55 -5 19
      vertex -24.75 -6.1 19
    endloop
  endfacet
  facet normal 0 0 1
    outer loop
      vertex -24.75 -6.1 19
      vertex -25.55 -5 19
      vertex -24.8936 -6.09059 19
    endloop
  endfacet
  facet normal 0 0 1
    outer loop
      vertex -24.8936 -6.09059 19
      vertex -25.55 -5 19
      vertex -25.0347 -6.06252 19
    endloop
  endfacet
  facet normal 0 0 1
    outer loop
      vertex -25.0347 -6.06252 19
      vertex -25.55 -5 19
      vertex -25.171 -6.01627 19
    endloop
  endfacet
  facet normal 0 0 1
    outer loop
      vertex -25.171 -6.01627 19
      vertex -25.55 -5 19
      vertex -25.3 -5.95263 19
    endloop
  endfacet
  facet normal 0 0 1
    outer loop
      vertex -25.3 -5.95263 19
      vertex -25.55 -5 19
      vertex -25.4196 -5.87269 19
    endloop
  endfacet
  facet normal 0 0 1
    outer loop
      vertex -25.4196 -5.87269 19
      vertex -25.55 -5 19
      vertex -25.5278 -5.77782 19
    endloop
  endfacet
  facet normal 0 0 1
    outer loop
      vertex -25.5278 -5.77782 19
      vertex -25.55 -5 19
      vertex -25.55 -5.75252 19
    endloop
  endfacet
  facet normal 0.555694 0.831387 -0
    outer loop
      vertex -25.3 -5.95263 19
      vertex -25.4196 -5.87269 31
      vertex -25.3 -5.95263 31
    endloop
  endfacet
  facet normal 0.555694 0.831387 0
    outer loop
      vertex -25.4196 -5.87269 31
      vertex -25.3 -5.95263 19
      vertex -25.4196 -5.87269 19
    endloop
  endfacet
  facet normal -0.980746 -0.195287 0
    outer loop
      vertex -23.6594 5.14358 19
      vertex -23.6875 5.2847 31
      vertex -23.6875 5.2847 19
    endloop
  endfacet
  facet normal -0.980746 -0.195287 0
    outer loop
      vertex -23.6875 5.2847 31
      vertex -23.6594 5.14358 19
      vertex -23.6594 5.14358 31
    endloop
  endfacet
  facet normal -0.997864 -0.0653289 0
    outer loop
      vertex -23.65 5 19
      vertex -23.6594 5.14358 31
      vertex -23.6594 5.14358 19
    endloop
  endfacet
  facet normal -0.997864 -0.0653289 0
    outer loop
      vertex -23.6594 5.14358 31
      vertex -23.65 5 19
      vertex -23.65 5 31
    endloop
  endfacet
  facet normal -0.065389 -0.99786 0
    outer loop
      vertex -24.75 6.1 19
      vertex -24.6064 6.09059 31
      vertex -24.75 6.1 31
    endloop
  endfacet
  facet normal -0.065389 -0.99786 -0
    outer loop
      vertex -24.6064 6.09059 31
      vertex -24.75 6.1 19
      vertex -24.6064 6.09059 19
    endloop
  endfacet
  facet normal 0.32133 -0.946967 0
    outer loop
      vertex -25.171 6.01627 19
      vertex -25.0347 6.06252 31
      vertex -25.171 6.01627 31
    endloop
  endfacet
  facet normal 0.32133 -0.946967 0
    outer loop
      vertex -25.0347 6.06252 31
      vertex -25.171 6.01627 19
      vertex -25.0347 6.06252 19
    endloop
  endfacet
  facet normal 0.555694 -0.831387 0
    outer loop
      vertex -25.4196 5.87269 19
      vertex -25.3 5.95263 31
      vertex -25.4196 5.87269 31
    endloop
  endfacet
  facet normal 0.555694 -0.831387 0
    outer loop
      vertex -25.3 5.95263 31
      vertex -25.4196 5.87269 19
      vertex -25.3 5.95263 19
    endloop
  endfacet
  facet normal -0.896708 -0.442622 0
    outer loop
      vertex -23.7337 5.42095 19
      vertex -23.7974 5.55 31
      vertex -23.7974 5.55 19
    endloop
  endfacet
  facet normal -0.896708 -0.442622 0
    outer loop
      vertex -23.7974 5.55 31
      vertex -23.7337 5.42095 19
      vertex -23.7337 5.42095 31
    endloop
  endfacet
  facet normal -0.831601 -0.555374 0
    outer loop
      vertex -23.7974 5.55 19
      vertex -23.8773 5.66964 31
      vertex -23.8773 5.66964 19
    endloop
  endfacet
  facet normal -0.831601 -0.555374 0
    outer loop
      vertex -23.8773 5.66964 31
      vertex -23.7974 5.55 19
      vertex -23.7974 5.55 31
    endloop
  endfacet
  facet normal -0.442424 -0.896806 0
    outer loop
      vertex -24.329 6.01627 19
      vertex -24.2 5.95263 31
      vertex -24.329 6.01627 31
    endloop
  endfacet
  facet normal -0.442424 -0.896806 -0
    outer loop
      vertex -24.2 5.95263 31
      vertex -24.329 6.01627 19
      vertex -24.2 5.95263 19
    endloop
  endfacet
  facet normal -0.751741 -0.659458 0
    outer loop
      vertex -23.8773 5.66964 19
      vertex -23.9722 5.77782 31
      vertex -23.9722 5.77782 19
    endloop
  endfacet
  facet normal -0.751741 -0.659458 0
    outer loop
      vertex -23.9722 5.77782 31
      vertex -23.8773 5.66964 19
      vertex -23.8773 5.66964 31
    endloop
  endfacet
  facet normal -0.555694 -0.831387 0
    outer loop
      vertex -24.2 5.95263 19
      vertex -24.0804 5.87269 31
      vertex -24.2 5.95263 31
    endloop
  endfacet
  facet normal -0.555694 -0.831387 -0
    outer loop
      vertex -24.0804 5.87269 31
      vertex -24.2 5.95263 19
      vertex -24.0804 5.87269 19
    endloop
  endfacet
  facet normal 0.195113 -0.980781 0
    outer loop
      vertex -25.0347 6.06252 19
      vertex -24.8936 6.09059 31
      vertex -25.0347 6.06252 31
    endloop
  endfacet
  facet normal 0.195113 -0.980781 0
    outer loop
      vertex -24.8936 6.09059 31
      vertex -25.0347 6.06252 19
      vertex -24.8936 6.09059 19
    endloop
  endfacet
  facet normal 0.659272 -0.751905 0
    outer loop
      vertex -25.5278 5.77782 19
      vertex -25.4196 5.87269 31
      vertex -25.5278 5.77782 31
    endloop
  endfacet
  facet normal 0.659272 -0.751905 0
    outer loop
      vertex -25.4196 5.87269 31
      vertex -25.5278 5.77782 19
      vertex -25.4196 5.87269 19
    endloop
  endfacet
  facet normal -0.659272 -0.751905 0
    outer loop
      vertex -24.0804 5.87269 19
      vertex -23.9722 5.77782 31
      vertex -24.0804 5.87269 31
    endloop
  endfacet
  facet normal -0.659272 -0.751905 -0
    outer loop
      vertex -23.9722 5.77782 31
      vertex -24.0804 5.87269 19
      vertex -23.9722 5.77782 19
    endloop
  endfacet
  facet normal -0.947037 -0.321124 0
    outer loop
      vertex -23.6875 5.2847 19
      vertex -23.7337 5.42095 31
      vertex -23.7337 5.42095 19
    endloop
  endfacet
  facet normal -0.947037 -0.321124 0
    outer loop
      vertex -23.7337 5.42095 31
      vertex -23.6875 5.2847 19
      vertex -23.6875 5.2847 31
    endloop
  endfacet
  facet normal 0.751656 -0.659556 0
    outer loop
      vertex -25.55 5.75252 31
      vertex -25.5278 5.77782 19
      vertex -25.5278 5.77782 31
    endloop
  endfacet
  facet normal 0.751656 -0.659556 0
    outer loop
      vertex -25.5278 5.77782 19
      vertex -25.55 5.75252 31
      vertex -25.55 5.75252 19
    endloop
  endfacet
  facet normal 0.065389 -0.99786 0
    outer loop
      vertex -24.8936 6.09059 19
      vertex -24.75 6.1 31
      vertex -24.8936 6.09059 31
    endloop
  endfacet
  facet normal 0.065389 -0.99786 0
    outer loop
      vertex -24.75 6.1 31
      vertex -24.8936 6.09059 19
      vertex -24.75 6.1 19
    endloop
  endfacet
  facet normal 0.442424 -0.896806 0
    outer loop
      vertex -25.3 5.95263 19
      vertex -25.171 6.01627 31
      vertex -25.3 5.95263 31
    endloop
  endfacet
  facet normal 0.442424 -0.896806 0
    outer loop
      vertex -25.171 6.01627 31
      vertex -25.3 5.95263 19
      vertex -25.171 6.01627 19
    endloop
  endfacet
  facet normal -0.32133 -0.946967 0
    outer loop
      vertex -24.4653 6.06252 19
      vertex -24.329 6.01627 31
      vertex -24.4653 6.06252 31
    endloop
  endfacet
  facet normal -0.32133 -0.946967 -0
    outer loop
      vertex -24.329 6.01627 31
      vertex -24.4653 6.06252 19
      vertex -24.329 6.01627 19
    endloop
  endfacet
  facet normal 0 0 1
    outer loop
      vertex -25.55 5 19
      vertex -23.6594 5.14358 19
      vertex -23.6875 5.2847 19
    endloop
  endfacet
  facet normal 0 0 1
    outer loop
      vertex -25.55 5 19
      vertex -23.6875 5.2847 19
      vertex -23.7337 5.42095 19
    endloop
  endfacet
  facet normal 0 0 1
    outer loop
      vertex -25.55 5 19
      vertex -23.7337 5.42095 19
      vertex -23.7974 5.55 19
    endloop
  endfacet
  facet normal 0 0 1
    outer loop
      vertex -25.55 5 19
      vertex -23.7974 5.55 19
      vertex -23.8773 5.66964 19
    endloop
  endfacet
  facet normal 0 0 1
    outer loop
      vertex -25.55 5 19
      vertex -23.8773 5.66964 19
      vertex -23.9722 5.77782 19
    endloop
  endfacet
  facet normal 0 0 1
    outer loop
      vertex -25.55 5 19
      vertex -23.9722 5.77782 19
      vertex -24.0804 5.87269 19
    endloop
  endfacet
  facet normal 0 0 1
    outer loop
      vertex -25.55 5 19
      vertex -24.0804 5.87269 19
      vertex -24.2 5.95263 19
    endloop
  endfacet
  facet normal 0 0 1
    outer loop
      vertex -25.55 5 19
      vertex -24.2 5.95263 19
      vertex -24.329 6.01627 19
    endloop
  endfacet
  facet normal 0 0 1
    outer loop
      vertex -25.55 5 19
      vertex -24.329 6.01627 19
      vertex -24.4653 6.06252 19
    endloop
  endfacet
  facet normal 0 0 1
    outer loop
      vertex -25.55 5 19
      vertex -24.4653 6.06252 19
      vertex -24.6064 6.09059 19
    endloop
  endfacet
  facet normal 0 0 1
    outer loop
      vertex -25.55 5 19
      vertex -24.6064 6.09059 19
      vertex -24.75 6.1 19
    endloop
  endfacet
  facet normal 0 0 1
    outer loop
      vertex -25.55 5 19
      vertex -24.75 6.1 19
      vertex -24.8936 6.09059 19
    endloop
  endfacet
  facet normal 0 0 1
    outer loop
      vertex -25.55 5 19
      vertex -24.8936 6.09059 19
      vertex -25.0347 6.06252 19
    endloop
  endfacet
  facet normal 0 0 1
    outer loop
      vertex -25.55 5 19
      vertex -25.0347 6.06252 19
      vertex -25.171 6.01627 19
    endloop
  endfacet
  facet normal 0 0 1
    outer loop
      vertex -25.55 5 19
      vertex -25.171 6.01627 19
      vertex -25.3 5.95263 19
    endloop
  endfacet
  facet normal 0 0 1
    outer loop
      vertex -25.55 5 19
      vertex -25.3 5.95263 19
      vertex -25.4196 5.87269 19
    endloop
  endfacet
  facet normal 0 0 1
    outer loop
      vertex -25.55 5 19
      vertex -25.4196 5.87269 19
      vertex -25.5278 5.77782 19
    endloop
  endfacet
  facet normal 0 0 1
    outer loop
      vertex -25.55 5 19
      vertex -25.5278 5.77782 19
      vertex -25.55 5.75252 19
    endloop
  endfacet
  facet normal 0 0 1
    outer loop
      vertex -23.6594 5.14358 19
      vertex -25.55 5 19
      vertex -23.65 5 19
    endloop
  endfacet
  facet normal -0.195113 -0.980781 0
    outer loop
      vertex -24.6064 6.09059 19
      vertex -24.4653 6.06252 31
      vertex -24.6064 6.09059 31
    endloop
  endfacet
  facet normal -0.195113 -0.980781 -0
    outer loop
      vertex -24.4653 6.06252 31
      vertex -24.6064 6.09059 19
      vertex -24.4653 6.06252 19
    endloop
  endfacet
  facet normal -0.32133 -0.946967 0
    outer loop
      vertex 25.0347 -3.93748 19
      vertex 25.171 -3.98373 31
      vertex 25.0347 -3.93748 31
    endloop
  endfacet
  facet normal -0.32133 -0.946967 -0
    outer loop
      vertex 25.171 -3.98373 31
      vertex 25.0347 -3.93748 19
      vertex 25.171 -3.98373 19
    endloop
  endfacet
  facet normal -0.555694 0.831387 0
    outer loop
      vertex 25.4196 -5.87269 19
      vertex 25.3 -5.95263 31
      vertex 25.4196 -5.87269 31
    endloop
  endfacet
  facet normal -0.555694 0.831387 0
    outer loop
      vertex 25.3 -5.95263 31
      vertex 25.4196 -5.87269 19
      vertex 25.3 -5.95263 19
    endloop
  endfacet
  facet normal -0.659272 -0.751905 0
    outer loop
      vertex 25.4196 -4.12731 19
      vertex 25.5278 -4.22218 31
      vertex 25.4196 -4.12731 31
    endloop
  endfacet
  facet normal -0.659272 -0.751905 -0
    outer loop
      vertex 25.5278 -4.22218 31
      vertex 25.4196 -4.12731 19
      vertex 25.5278 -4.22218 19
    endloop
  endfacet
  facet normal 0.195113 0.980781 -0
    outer loop
      vertex 24.6064 -6.09059 19
      vertex 24.4653 -6.06252 31
      vertex 24.6064 -6.09059 31
    endloop
  endfacet
  facet normal 0.195113 0.980781 0
    outer loop
      vertex 24.4653 -6.06252 31
      vertex 24.6064 -6.09059 19
      vertex 24.4653 -6.06252 19
    endloop
  endfacet
  facet normal -0.751656 0.659556 0
    outer loop
      vertex 25.5278 -5.77782 19
      vertex 25.55 -5.75252 31
      vertex 25.55 -5.75252 19
    endloop
  endfacet
  facet normal -0.751656 0.659556 0
    outer loop
      vertex 25.55 -5.75252 31
      vertex 25.5278 -5.77782 19
      vertex 25.5278 -5.77782 31
    endloop
  endfacet
  facet normal 0.947037 -0.321124 0
    outer loop
      vertex 23.6875 -4.7153 31
      vertex 23.7337 -4.57905 19
      vertex 23.7337 -4.57905 31
    endloop
  endfacet
  facet normal 0.947037 -0.321124 0
    outer loop
      vertex 23.7337 -4.57905 19
      vertex 23.6875 -4.7153 31
      vertex 23.6875 -4.7153 19
    endloop
  endfacet
  facet normal -0.065389 -0.99786 0
    outer loop
      vertex 24.75 -3.9 19
      vertex 24.8936 -3.90941 31
      vertex 24.75 -3.9 31
    endloop
  endfacet
  facet normal -0.065389 -0.99786 -0
    outer loop
      vertex 24.8936 -3.90941 31
      vertex 24.75 -3.9 19
      vertex 24.8936 -3.90941 19
    endloop
  endfacet
  facet normal 0.32133 -0.946967 0
    outer loop
      vertex 24.329 -3.98373 19
      vertex 24.4653 -3.93748 31
      vertex 24.329 -3.98373 31
    endloop
  endfacet
  facet normal 0.32133 -0.946967 0
    outer loop
      vertex 24.4653 -3.93748 31
      vertex 24.329 -3.98373 19
      vertex 24.4653 -3.93748 19
    endloop
  endfacet
  facet normal 0.997864 0.0653289 0
    outer loop
      vertex 23.6594 -5.14358 31
      vertex 23.65 -5 19
      vertex 23.65 -5 31
    endloop
  endfacet
  facet normal 0.997864 0.0653289 0
    outer loop
      vertex 23.65 -5 19
      vertex 23.6594 -5.14358 31
      vertex 23.6594 -5.14358 19
    endloop
  endfacet
  facet normal 0.065389 0.99786 -0
    outer loop
      vertex 24.75 -6.1 19
      vertex 24.6064 -6.09059 31
      vertex 24.75 -6.1 31
    endloop
  endfacet
  facet normal 0.065389 0.99786 0
    outer loop
      vertex 24.6064 -6.09059 31
      vertex 24.75 -6.1 19
      vertex 24.6064 -6.09059 19
    endloop
  endfacet
  facet normal -0.751656 -0.659556 0
    outer loop
      vertex 25.55 -4.24748 19
      vertex 25.5278 -4.22218 31
      vertex 25.5278 -4.22218 19
    endloop
  endfacet
  facet normal -0.751656 -0.659556 0
    outer loop
      vertex 25.5278 -4.22218 31
      vertex 25.55 -4.24748 19
      vertex 25.55 -4.24748 31
    endloop
  endfacet
  facet normal 0.947037 0.321124 0
    outer loop
      vertex 23.7337 -5.42095 31
      vertex 23.6875 -5.2847 19
      vertex 23.6875 -5.2847 31
    endloop
  endfacet
  facet normal 0.947037 0.321124 0
    outer loop
      vertex 23.6875 -5.2847 19
      vertex 23.7337 -5.42095 31
      vertex 23.7337 -5.42095 19
    endloop
  endfacet
  facet normal 0.980746 0.195287 0
    outer loop
      vertex 23.6875 -5.2847 31
      vertex 23.6594 -5.14358 19
      vertex 23.6594 -5.14358 31
    endloop
  endfacet
  facet normal 0.980746 0.195287 0
    outer loop
      vertex 23.6594 -5.14358 19
      vertex 23.6875 -5.2847 31
      vertex 23.6875 -5.2847 19
    endloop
  endfacet
  facet normal -0.195113 -0.980781 0
    outer loop
      vertex 24.8936 -3.90941 19
      vertex 25.0347 -3.93748 31
      vertex 24.8936 -3.90941 31
    endloop
  endfacet
  facet normal -0.195113 -0.980781 -0
    outer loop
      vertex 25.0347 -3.93748 31
      vertex 24.8936 -3.90941 19
      vertex 25.0347 -3.93748 19
    endloop
  endfacet
  facet normal 0.751741 0.659458 0
    outer loop
      vertex 23.9722 -5.77782 31
      vertex 23.8773 -5.66964 19
      vertex 23.8773 -5.66964 31
    endloop
  endfacet
  facet normal 0.751741 0.659458 0
    outer loop
      vertex 23.8773 -5.66964 19
      vertex 23.9722 -5.77782 31
      vertex 23.9722 -5.77782 19
    endloop
  endfacet
  facet normal 0.659272 -0.751905 0
    outer loop
      vertex 23.9722 -4.22218 19
      vertex 24.0804 -4.12731 31
      vertex 23.9722 -4.22218 31
    endloop
  endfacet
  facet normal 0.659272 -0.751905 0
    outer loop
      vertex 24.0804 -4.12731 31
      vertex 23.9722 -4.22218 19
      vertex 24.0804 -4.12731 19
    endloop
  endfacet
  facet normal 0.896708 -0.442622 0
    outer loop
      vertex 23.7337 -4.57905 31
      vertex 23.7974 -4.45 19
      vertex 23.7974 -4.45 31
    endloop
  endfacet
  facet normal 0.896708 -0.442622 0
    outer loop
      vertex 23.7974 -4.45 19
      vertex 23.7337 -4.57905 31
      vertex 23.7337 -4.57905 19
    endloop
  endfacet
  facet normal 0.751741 -0.659458 0
    outer loop
      vertex 23.8773 -4.33036 31
      vertex 23.9722 -4.22218 19
      vertex 23.9722 -4.22218 31
    endloop
  endfacet
  facet normal 0.751741 -0.659458 0
    outer loop
      vertex 23.9722 -4.22218 19
      vertex 23.8773 -4.33036 31
      vertex 23.8773 -4.33036 19
    endloop
  endfacet
  facet normal -0.659272 0.751905 0
    outer loop
      vertex 25.5278 -5.77782 19
      vertex 25.4196 -5.87269 31
      vertex 25.5278 -5.77782 31
    endloop
  endfacet
  facet normal -0.659272 0.751905 0
    outer loop
      vertex 25.4196 -5.87269 31
      vertex 25.5278 -5.77782 19
      vertex 25.4196 -5.87269 19
    endloop
  endfacet
  facet normal 0.831601 0.555374 0
    outer loop
      vertex 23.8773 -5.66964 31
      vertex 23.7974 -5.55 19
      vertex 23.7974 -5.55 31
    endloop
  endfacet
  facet normal 0.831601 0.555374 0
    outer loop
      vertex 23.7974 -5.55 19
      vertex 23.8773 -5.66964 31
      vertex 23.8773 -5.66964 19
    endloop
  endfacet
  facet normal 0.195113 -0.980781 0
    outer loop
      vertex 24.4653 -3.93748 19
      vertex 24.6064 -3.90941 31
      vertex 24.4653 -3.93748 31
    endloop
  endfacet
  facet normal 0.195113 -0.980781 0
    outer loop
      vertex 24.6064 -3.90941 31
      vertex 24.4653 -3.93748 19
      vertex 24.6064 -3.90941 19
    endloop
  endfacet
  facet normal -0.442424 -0.896806 0
    outer loop
      vertex 25.171 -3.98373 19
      vertex 25.3 -4.04737 31
      vertex 25.171 -3.98373 31
    endloop
  endfacet
  facet normal -0.442424 -0.896806 -0
    outer loop
      vertex 25.3 -4.04737 31
      vertex 25.171 -3.98373 19
      vertex 25.3 -4.04737 19
    endloop
  endfacet
  facet normal 0.065389 -0.99786 0
    outer loop
      vertex 24.6064 -3.90941 19
      vertex 24.75 -3.9 31
      vertex 24.6064 -3.90941 31
    endloop
  endfacet
  facet normal 0.065389 -0.99786 0
    outer loop
      vertex 24.75 -3.9 31
      vertex 24.6064 -3.90941 19
      vertex 24.75 -3.9 19
    endloop
  endfacet
  facet normal -0.065389 0.99786 0
    outer loop
      vertex 24.8936 -6.09059 19
      vertex 24.75 -6.1 31
      vertex 24.8936 -6.09059 31
    endloop
  endfacet
  facet normal -0.065389 0.99786 0
    outer loop
      vertex 24.75 -6.1 31
      vertex 24.8936 -6.09059 19
      vertex 24.75 -6.1 19
    endloop
  endfacet
  facet normal -0.555694 -0.831387 0
    outer loop
      vertex 25.3 -4.04737 19
      vertex 25.4196 -4.12731 31
      vertex 25.3 -4.04737 31
    endloop
  endfacet
  facet normal -0.555694 -0.831387 -0
    outer loop
      vertex 25.4196 -4.12731 31
      vertex 25.3 -4.04737 19
      vertex 25.4196 -4.12731 19
    endloop
  endfacet
  facet normal 0.896708 0.442622 0
    outer loop
      vertex 23.7974 -5.55 31
      vertex 23.7337 -5.42095 19
      vertex 23.7337 -5.42095 31
    endloop
  endfacet
  facet normal 0.896708 0.442622 0
    outer loop
      vertex 23.7337 -5.42095 19
      vertex 23.7974 -5.55 31
      vertex 23.7974 -5.55 19
    endloop
  endfacet
  facet normal 0.659272 0.751905 -0
    outer loop
      vertex 24.0804 -5.87269 19
      vertex 23.9722 -5.77782 31
      vertex 24.0804 -5.87269 31
    endloop
  endfacet
  facet normal 0.659272 0.751905 0
    outer loop
      vertex 23.9722 -5.77782 31
      vertex 24.0804 -5.87269 19
      vertex 23.9722 -5.77782 19
    endloop
  endfacet
  facet normal 0.980746 -0.195287 0
    outer loop
      vertex 23.6594 -4.85642 31
      vertex 23.6875 -4.7153 19
      vertex 23.6875 -4.7153 31
    endloop
  endfacet
  facet normal 0.980746 -0.195287 0
    outer loop
      vertex 23.6875 -4.7153 19
      vertex 23.6594 -4.85642 31
      vertex 23.6594 -4.85642 19
    endloop
  endfacet
  facet normal -0.195113 0.980781 0
    outer loop
      vertex 25.0347 -6.06252 19
      vertex 24.8936 -6.09059 31
      vertex 25.0347 -6.06252 31
    endloop
  endfacet
  facet normal -0.195113 0.980781 0
    outer loop
      vertex 24.8936 -6.09059 31
      vertex 25.0347 -6.06252 19
      vertex 24.8936 -6.09059 19
    endloop
  endfacet
  facet normal 0.555694 -0.831387 0
    outer loop
      vertex 24.0804 -4.12731 19
      vertex 24.2 -4.04737 31
      vertex 24.0804 -4.12731 31
    endloop
  endfacet
  facet normal 0.555694 -0.831387 0
    outer loop
      vertex 24.2 -4.04737 31
      vertex 24.0804 -4.12731 19
      vertex 24.2 -4.04737 19
    endloop
  endfacet
  facet normal -0.32133 0.946967 0
    outer loop
      vertex 25.171 -6.01627 19
      vertex 25.0347 -6.06252 31
      vertex 25.171 -6.01627 31
    endloop
  endfacet
  facet normal -0.32133 0.946967 0
    outer loop
      vertex 25.0347 -6.06252 31
      vertex 25.171 -6.01627 19
      vertex 25.0347 -6.06252 19
    endloop
  endfacet
  facet normal -0.442424 0.896806 0
    outer loop
      vertex 25.3 -5.95263 19
      vertex 25.171 -6.01627 31
      vertex 25.3 -5.95263 31
    endloop
  endfacet
  facet normal -0.442424 0.896806 0
    outer loop
      vertex 25.171 -6.01627 31
      vertex 25.3 -5.95263 19
      vertex 25.171 -6.01627 19
    endloop
  endfacet
  facet normal 0.997864 -0.0653289 0
    outer loop
      vertex 23.65 -5 31
      vertex 23.6594 -4.85642 19
      vertex 23.6594 -4.85642 31
    endloop
  endfacet
  facet normal 0.997864 -0.0653289 0
    outer loop
      vertex 23.6594 -4.85642 19
      vertex 23.65 -5 31
      vertex 23.65 -5 19
    endloop
  endfacet
  facet normal 0.32133 0.946967 -0
    outer loop
      vertex 24.4653 -6.06252 19
      vertex 24.329 -6.01627 31
      vertex 24.4653 -6.06252 31
    endloop
  endfacet
  facet normal 0.32133 0.946967 0
    outer loop
      vertex 24.329 -6.01627 31
      vertex 24.4653 -6.06252 19
      vertex 24.329 -6.01627 19
    endloop
  endfacet
  facet normal 0.442424 -0.896806 0
    outer loop
      vertex 24.2 -4.04737 19
      vertex 24.329 -3.98373 31
      vertex 24.2 -4.04737 31
    endloop
  endfacet
  facet normal 0.442424 -0.896806 0
    outer loop
      vertex 24.329 -3.98373 31
      vertex 24.2 -4.04737 19
      vertex 24.329 -3.98373 19
    endloop
  endfacet
  facet normal 0.831601 -0.555374 0
    outer loop
      vertex 23.7974 -4.45 31
      vertex 23.8773 -4.33036 19
      vertex 23.8773 -4.33036 31
    endloop
  endfacet
  facet normal 0.831601 -0.555374 0
    outer loop
      vertex 23.8773 -4.33036 19
      vertex 23.7974 -4.45 31
      vertex 23.7974 -4.45 19
    endloop
  endfacet
  facet normal 0.442424 0.896806 -0
    outer loop
      vertex 24.329 -6.01627 19
      vertex 24.2 -5.95263 31
      vertex 24.329 -6.01627 31
    endloop
  endfacet
  facet normal 0.442424 0.896806 0
    outer loop
      vertex 24.2 -5.95263 31
      vertex 24.329 -6.01627 19
      vertex 24.2 -5.95263 19
    endloop
  endfacet
  facet normal 0 0 1
    outer loop
      vertex 25.4196 -4.12731 19
      vertex 25.55 -4.24748 19
      vertex 25.5278 -4.22218 19
    endloop
  endfacet
  facet normal 0 0 1
    outer loop
      vertex 25.3 -4.04737 19
      vertex 25.55 -4.24748 19
      vertex 25.4196 -4.12731 19
    endloop
  endfacet
  facet normal 0 0 1
    outer loop
      vertex 25.55 -4.24748 19
      vertex 25.3 -4.04737 19
      vertex 25.55 -5.75252 19
    endloop
  endfacet
  facet normal 0 0 1
    outer loop
      vertex 25.55 -5.75252 19
      vertex 25.4196 -5.87269 19
      vertex 25.5278 -5.77782 19
    endloop
  endfacet
  facet normal 0 0 1
    outer loop
      vertex 25.3 -5.95263 19
      vertex 25.55 -5.75252 19
      vertex 25.3 -4.04737 19
    endloop
  endfacet
  facet normal 0 0 1
    outer loop
      vertex 25.55 -5.75252 19
      vertex 25.3 -5.95263 19
      vertex 25.4196 -5.87269 19
    endloop
  endfacet
  facet normal 0 0 1
    outer loop
      vertex 25.171 -3.98373 19
      vertex 25.3 -5.95263 19
      vertex 25.3 -4.04737 19
    endloop
  endfacet
  facet normal 0 0 1
    outer loop
      vertex 25.171 -3.98373 19
      vertex 25.171 -6.01627 19
      vertex 25.3 -5.95263 19
    endloop
  endfacet
  facet normal 0 0 1
    outer loop
      vertex 25.0347 -3.93748 19
      vertex 25.171 -6.01627 19
      vertex 25.171 -3.98373 19
    endloop
  endfacet
  facet normal 0 0 1
    outer loop
      vertex 25.0347 -3.93748 19
      vertex 25.0347 -6.06252 19
      vertex 25.171 -6.01627 19
    endloop
  endfacet
  facet normal 0 0 1
    outer loop
      vertex 24.8936 -3.90941 19
      vertex 25.0347 -6.06252 19
      vertex 25.0347 -3.93748 19
    endloop
  endfacet
  facet normal 0 0 1
    outer loop
      vertex 24.8936 -3.90941 19
      vertex 24.8936 -6.09059 19
      vertex 25.0347 -6.06252 19
    endloop
  endfacet
  facet normal 0 0 1
    outer loop
      vertex 24.75 -3.9 19
      vertex 24.8936 -6.09059 19
      vertex 24.8936 -3.90941 19
    endloop
  endfacet
  facet normal 0 0 1
    outer loop
      vertex 24.75 -3.9 19
      vertex 24.75 -6.1 19
      vertex 24.8936 -6.09059 19
    endloop
  endfacet
  facet normal -0 0 1
    outer loop
      vertex 24.6064 -3.90941 19
      vertex 24.75 -6.1 19
      vertex 24.75 -3.9 19
    endloop
  endfacet
  facet normal 0 0 1
    outer loop
      vertex 24.6064 -3.90941 19
      vertex 24.6064 -6.09059 19
      vertex 24.75 -6.1 19
    endloop
  endfacet
  facet normal -0 0 1
    outer loop
      vertex 24.4653 -3.93748 19
      vertex 24.6064 -6.09059 19
      vertex 24.6064 -3.90941 19
    endloop
  endfacet
  facet normal 0 0 1
    outer loop
      vertex 24.4653 -3.93748 19
      vertex 24.4653 -6.06252 19
      vertex 24.6064 -6.09059 19
    endloop
  endfacet
  facet normal -0 0 1
    outer loop
      vertex 24.329 -3.98373 19
      vertex 24.4653 -6.06252 19
      vertex 24.4653 -3.93748 19
    endloop
  endfacet
  facet normal 0 0 1
    outer loop
      vertex 24.329 -3.98373 19
      vertex 24.329 -6.01627 19
      vertex 24.4653 -6.06252 19
    endloop
  endfacet
  facet normal -0 0 1
    outer loop
      vertex 24.2 -4.04737 19
      vertex 24.329 -6.01627 19
      vertex 24.329 -3.98373 19
    endloop
  endfacet
  facet normal 0 0 1
    outer loop
      vertex 24.2 -4.04737 19
      vertex 24.2 -5.95263 19
      vertex 24.329 -6.01627 19
    endloop
  endfacet
  facet normal -0 0 1
    outer loop
      vertex 24.0804 -4.12731 19
      vertex 24.2 -5.95263 19
      vertex 24.2 -4.04737 19
    endloop
  endfacet
  facet normal 0 0 1
    outer loop
      vertex 24.0804 -4.12731 19
      vertex 24.0804 -5.87269 19
      vertex 24.2 -5.95263 19
    endloop
  endfacet
  facet normal -0 0 1
    outer loop
      vertex 23.9722 -4.22218 19
      vertex 24.0804 -5.87269 19
      vertex 24.0804 -4.12731 19
    endloop
  endfacet
  facet normal 0 0 1
    outer loop
      vertex 23.9722 -4.22218 19
      vertex 23.9722 -5.77782 19
      vertex 24.0804 -5.87269 19
    endloop
  endfacet
  facet normal -0 0 1
    outer loop
      vertex 23.8773 -4.33036 19
      vertex 23.9722 -5.77782 19
      vertex 23.9722 -4.22218 19
    endloop
  endfacet
  facet normal 0 0 1
    outer loop
      vertex 23.8773 -4.33036 19
      vertex 23.8773 -5.66964 19
      vertex 23.9722 -5.77782 19
    endloop
  endfacet
  facet normal -0 0 1
    outer loop
      vertex 23.7974 -4.45 19
      vertex 23.8773 -5.66964 19
      vertex 23.8773 -4.33036 19
    endloop
  endfacet
  facet normal 0 0 1
    outer loop
      vertex 23.7974 -4.45 19
      vertex 23.7974 -5.55 19
      vertex 23.8773 -5.66964 19
    endloop
  endfacet
  facet normal -0 0 1
    outer loop
      vertex 23.7337 -4.57905 19
      vertex 23.7974 -5.55 19
      vertex 23.7974 -4.45 19
    endloop
  endfacet
  facet normal 0 0 1
    outer loop
      vertex 23.7337 -4.57905 19
      vertex 23.7337 -5.42095 19
      vertex 23.7974 -5.55 19
    endloop
  endfacet
  facet normal -0 0 1
    outer loop
      vertex 23.6875 -4.7153 19
      vertex 23.7337 -5.42095 19
      vertex 23.7337 -4.57905 19
    endloop
  endfacet
  facet normal 0 0 1
    outer loop
      vertex 23.6875 -4.7153 19
      vertex 23.6875 -5.2847 19
      vertex 23.7337 -5.42095 19
    endloop
  endfacet
  facet normal -0 0 1
    outer loop
      vertex 23.6594 -4.85642 19
      vertex 23.6875 -5.2847 19
      vertex 23.6875 -4.7153 19
    endloop
  endfacet
  facet normal 0 0 1
    outer loop
      vertex 23.6594 -4.85642 19
      vertex 23.6594 -5.14358 19
      vertex 23.6875 -5.2847 19
    endloop
  endfacet
  facet normal 0 -0 1
    outer loop
      vertex 23.6594 -5.14358 19
      vertex 23.6594 -4.85642 19
      vertex 23.65 -5 19
    endloop
  endfacet
  facet normal 0.555694 0.831387 -0
    outer loop
      vertex 24.2 -5.95263 19
      vertex 24.0804 -5.87269 31
      vertex 24.2 -5.95263 31
    endloop
  endfacet
  facet normal 0.555694 0.831387 0
    outer loop
      vertex 24.0804 -5.87269 31
      vertex 24.2 -5.95263 19
      vertex 24.0804 -5.87269 19
    endloop
  endfacet
  facet normal -0.065389 0.99786 0
    outer loop
      vertex 24.8936 3.90941 19
      vertex 24.75 3.9 31
      vertex 24.8936 3.90941 31
    endloop
  endfacet
  facet normal -0.065389 0.99786 0
    outer loop
      vertex 24.75 3.9 31
      vertex 24.8936 3.90941 19
      vertex 24.75 3.9 19
    endloop
  endfacet
  facet normal -0.195113 -0.980781 0
    outer loop
      vertex 24.8936 6.09059 19
      vertex 25.0347 6.06252 31
      vertex 24.8936 6.09059 31
    endloop
  endfacet
  facet normal -0.195113 -0.980781 -0
    outer loop
      vertex 25.0347 6.06252 31
      vertex 24.8936 6.09059 19
      vertex 25.0347 6.06252 19
    endloop
  endfacet
  facet normal -0.065389 -0.99786 0
    outer loop
      vertex 24.75 6.1 19
      vertex 24.8936 6.09059 31
      vertex 24.75 6.1 31
    endloop
  endfacet
  facet normal -0.065389 -0.99786 -0
    outer loop
      vertex 24.8936 6.09059 31
      vertex 24.75 6.1 19
      vertex 24.8936 6.09059 19
    endloop
  endfacet
  facet normal 0.195113 0.980781 -0
    outer loop
      vertex 24.6064 3.90941 19
      vertex 24.4653 3.93748 31
      vertex 24.6064 3.90941 31
    endloop
  endfacet
  facet normal 0.195113 0.980781 0
    outer loop
      vertex 24.4653 3.93748 31
      vertex 24.6064 3.90941 19
      vertex 24.4653 3.93748 19
    endloop
  endfacet
  facet normal 0.32133 -0.946967 0
    outer loop
      vertex 24.329 6.01627 19
      vertex 24.4653 6.06252 31
      vertex 24.329 6.01627 31
    endloop
  endfacet
  facet normal 0.32133 -0.946967 0
    outer loop
      vertex 24.4653 6.06252 31
      vertex 24.329 6.01627 19
      vertex 24.4653 6.06252 19
    endloop
  endfacet
  facet normal -0.659272 0.751905 0
    outer loop
      vertex 25.5278 4.22218 19
      vertex 25.4196 4.12731 31
      vertex 25.5278 4.22218 31
    endloop
  endfacet
  facet normal -0.659272 0.751905 0
    outer loop
      vertex 25.4196 4.12731 31
      vertex 25.5278 4.22218 19
      vertex 25.4196 4.12731 19
    endloop
  endfacet
  facet normal 0.659272 -0.751905 0
    outer loop
      vertex 23.9722 5.77782 19
      vertex 24.0804 5.87269 31
      vertex 23.9722 5.77782 31
    endloop
  endfacet
  facet normal 0.659272 -0.751905 0
    outer loop
      vertex 24.0804 5.87269 31
      vertex 23.9722 5.77782 19
      vertex 24.0804 5.87269 19
    endloop
  endfacet
  facet normal 0.555694 -0.831387 0
    outer loop
      vertex 24.0804 5.87269 19
      vertex 24.2 5.95263 31
      vertex 24.0804 5.87269 31
    endloop
  endfacet
  facet normal 0.555694 -0.831387 0
    outer loop
      vertex 24.2 5.95263 31
      vertex 24.0804 5.87269 19
      vertex 24.2 5.95263 19
    endloop
  endfacet
  facet normal -0.195113 0.980781 0
    outer loop
      vertex 25.0347 3.93748 19
      vertex 24.8936 3.90941 31
      vertex 25.0347 3.93748 31
    endloop
  endfacet
  facet normal -0.195113 0.980781 0
    outer loop
      vertex 24.8936 3.90941 31
      vertex 25.0347 3.93748 19
      vertex 24.8936 3.90941 19
    endloop
  endfacet
  facet normal -0.442424 0.896806 0
    outer loop
      vertex 25.3 4.04737 19
      vertex 25.171 3.98373 31
      vertex 25.3 4.04737 31
    endloop
  endfacet
  facet normal -0.442424 0.896806 0
    outer loop
      vertex 25.171 3.98373 31
      vertex 25.3 4.04737 19
      vertex 25.171 3.98373 19
    endloop
  endfacet
  facet normal -0.32133 0.946967 0
    outer loop
      vertex 25.171 3.98373 19
      vertex 25.0347 3.93748 31
      vertex 25.171 3.98373 31
    endloop
  endfacet
  facet normal -0.32133 0.946967 0
    outer loop
      vertex 25.0347 3.93748 31
      vertex 25.171 3.98373 19
      vertex 25.0347 3.93748 19
    endloop
  endfacet
  facet normal 0.997864 0.0653289 0
    outer loop
      vertex 23.6594 4.85642 31
      vertex 23.65 5 19
      vertex 23.65 5 31
    endloop
  endfacet
  facet normal 0.997864 0.0653289 0
    outer loop
      vertex 23.65 5 19
      vertex 23.6594 4.85642 31
      vertex 23.6594 4.85642 19
    endloop
  endfacet
  facet normal -0.555694 0.831387 0
    outer loop
      vertex 25.4196 4.12731 19
      vertex 25.3 4.04737 31
      vertex 25.4196 4.12731 31
    endloop
  endfacet
  facet normal -0.555694 0.831387 0
    outer loop
      vertex 25.3 4.04737 31
      vertex 25.4196 4.12731 19
      vertex 25.3 4.04737 19
    endloop
  endfacet
  facet normal 0.659272 0.751905 -0
    outer loop
      vertex 24.0804 4.12731 19
      vertex 23.9722 4.22218 31
      vertex 24.0804 4.12731 31
    endloop
  endfacet
  facet normal 0.659272 0.751905 0
    outer loop
      vertex 23.9722 4.22218 31
      vertex 24.0804 4.12731 19
      vertex 23.9722 4.22218 19
    endloop
  endfacet
  facet normal 0.751741 0.659458 0
    outer loop
      vertex 23.9722 4.22218 31
      vertex 23.8773 4.33036 19
      vertex 23.8773 4.33036 31
    endloop
  endfacet
  facet normal 0.751741 0.659458 0
    outer loop
      vertex 23.8773 4.33036 19
      vertex 23.9722 4.22218 31
      vertex 23.9722 4.22218 19
    endloop
  endfacet
  facet normal 0.980746 -0.195287 0
    outer loop
      vertex 23.6594 5.14358 31
      vertex 23.6875 5.2847 19
      vertex 23.6875 5.2847 31
    endloop
  endfacet
  facet normal 0.980746 -0.195287 0
    outer loop
      vertex 23.6875 5.2847 19
      vertex 23.6594 5.14358 31
      vertex 23.6594 5.14358 19
    endloop
  endfacet
  facet normal 0.947037 0.321124 0
    outer loop
      vertex 23.7337 4.57905 31
      vertex 23.6875 4.7153 19
      vertex 23.6875 4.7153 31
    endloop
  endfacet
  facet normal 0.947037 0.321124 0
    outer loop
      vertex 23.6875 4.7153 19
      vertex 23.7337 4.57905 31
      vertex 23.7337 4.57905 19
    endloop
  endfacet
  facet normal -0.442424 -0.896806 0
    outer loop
      vertex 25.171 6.01627 19
      vertex 25.3 5.95263 31
      vertex 25.171 6.01627 31
    endloop
  endfacet
  facet normal -0.442424 -0.896806 -0
    outer loop
      vertex 25.3 5.95263 31
      vertex 25.171 6.01627 19
      vertex 25.3 5.95263 19
    endloop
  endfacet
  facet normal -0.751656 0.659556 0
    outer loop
      vertex 25.5278 4.22218 19
      vertex 25.55 4.24748 31
      vertex 25.55 4.24748 19
    endloop
  endfacet
  facet normal -0.751656 0.659556 0
    outer loop
      vertex 25.55 4.24748 31
      vertex 25.5278 4.22218 19
      vertex 25.5278 4.22218 31
    endloop
  endfacet
  facet normal -0.751656 -0.659556 0
    outer loop
      vertex 25.55 5.75252 19
      vertex 25.5278 5.77782 31
      vertex 25.5278 5.77782 19
    endloop
  endfacet
  facet normal -0.751656 -0.659556 0
    outer loop
      vertex 25.5278 5.77782 31
      vertex 25.55 5.75252 19
      vertex 25.55 5.75252 31
    endloop
  endfacet
  facet normal -0.555694 -0.831387 0
    outer loop
      vertex 25.3 5.95263 19
      vertex 25.4196 5.87269 31
      vertex 25.3 5.95263 31
    endloop
  endfacet
  facet normal -0.555694 -0.831387 -0
    outer loop
      vertex 25.4196 5.87269 31
      vertex 25.3 5.95263 19
      vertex 25.4196 5.87269 19
    endloop
  endfacet
  facet normal 0.831601 -0.555374 0
    outer loop
      vertex 23.7974 5.55 31
      vertex 23.8773 5.66964 19
      vertex 23.8773 5.66964 31
    endloop
  endfacet
  facet normal 0.831601 -0.555374 0
    outer loop
      vertex 23.8773 5.66964 19
      vertex 23.7974 5.55 31
      vertex 23.7974 5.55 19
    endloop
  endfacet
  facet normal 0.896708 -0.442622 0
    outer loop
      vertex 23.7337 5.42095 31
      vertex 23.7974 5.55 19
      vertex 23.7974 5.55 31
    endloop
  endfacet
  facet normal 0.896708 -0.442622 0
    outer loop
      vertex 23.7974 5.55 19
      vertex 23.7337 5.42095 31
      vertex 23.7337 5.42095 19
    endloop
  endfacet
  facet normal 0.195113 -0.980781 0
    outer loop
      vertex 24.4653 6.06252 19
      vertex 24.6064 6.09059 31
      vertex 24.4653 6.06252 31
    endloop
  endfacet
  facet normal 0.195113 -0.980781 0
    outer loop
      vertex 24.6064 6.09059 31
      vertex 24.4653 6.06252 19
      vertex 24.6064 6.09059 19
    endloop
  endfacet
  facet normal -0.659272 -0.751905 0
    outer loop
      vertex 25.4196 5.87269 19
      vertex 25.5278 5.77782 31
      vertex 25.4196 5.87269 31
    endloop
  endfacet
  facet normal -0.659272 -0.751905 -0
    outer loop
      vertex 25.5278 5.77782 31
      vertex 25.4196 5.87269 19
      vertex 25.5278 5.77782 19
    endloop
  endfacet
  facet normal 0.831601 0.555374 0
    outer loop
      vertex 23.8773 4.33036 31
      vertex 23.7974 4.45 19
      vertex 23.7974 4.45 31
    endloop
  endfacet
  facet normal 0.831601 0.555374 0
    outer loop
      vertex 23.7974 4.45 19
      vertex 23.8773 4.33036 31
      vertex 23.8773 4.33036 19
    endloop
  endfacet
  facet normal 0.751741 -0.659458 0
    outer loop
      vertex 23.8773 5.66964 31
      vertex 23.9722 5.77782 19
      vertex 23.9722 5.77782 31
    endloop
  endfacet
  facet normal 0.751741 -0.659458 0
    outer loop
      vertex 23.9722 5.77782 19
      vertex 23.8773 5.66964 31
      vertex 23.8773 5.66964 19
    endloop
  endfacet
  facet normal 0.065389 -0.99786 0
    outer loop
      vertex 24.6064 6.09059 19
      vertex 24.75 6.1 31
      vertex 24.6064 6.09059 31
    endloop
  endfacet
  facet normal 0.065389 -0.99786 0
    outer loop
      vertex 24.75 6.1 31
      vertex 24.6064 6.09059 19
      vertex 24.75 6.1 19
    endloop
  endfacet
  facet normal 0.980746 0.195287 0
    outer loop
      vertex 23.6875 4.7153 31
      vertex 23.6594 4.85642 19
      vertex 23.6594 4.85642 31
    endloop
  endfacet
  facet normal 0.980746 0.195287 0
    outer loop
      vertex 23.6594 4.85642 19
      vertex 23.6875 4.7153 31
      vertex 23.6875 4.7153 19
    endloop
  endfacet
  facet normal 0.442424 -0.896806 0
    outer loop
      vertex 24.2 5.95263 19
      vertex 24.329 6.01627 31
      vertex 24.2 5.95263 31
    endloop
  endfacet
  facet normal 0.442424 -0.896806 0
    outer loop
      vertex 24.329 6.01627 31
      vertex 24.2 5.95263 19
      vertex 24.329 6.01627 19
    endloop
  endfacet
  facet normal -0.32133 -0.946967 0
    outer loop
      vertex 25.0347 6.06252 19
      vertex 25.171 6.01627 31
      vertex 25.0347 6.06252 31
    endloop
  endfacet
  facet normal -0.32133 -0.946967 -0
    outer loop
      vertex 25.171 6.01627 31
      vertex 25.0347 6.06252 19
      vertex 25.171 6.01627 19
    endloop
  endfacet
  facet normal 0.997864 -0.0653289 0
    outer loop
      vertex 23.65 5 31
      vertex 23.6594 5.14358 19
      vertex 23.6594 5.14358 31
    endloop
  endfacet
  facet normal 0.997864 -0.0653289 0
    outer loop
      vertex 23.6594 5.14358 19
      vertex 23.65 5 31
      vertex 23.65 5 19
    endloop
  endfacet
  facet normal 0.947037 -0.321124 0
    outer loop
      vertex 23.6875 5.2847 31
      vertex 23.7337 5.42095 19
      vertex 23.7337 5.42095 31
    endloop
  endfacet
  facet normal 0.947037 -0.321124 0
    outer loop
      vertex 23.7337 5.42095 19
      vertex 23.6875 5.2847 31
      vertex 23.6875 5.2847 19
    endloop
  endfacet
  facet normal 0.32133 0.946967 -0
    outer loop
      vertex 24.4653 3.93748 19
      vertex 24.329 3.98373 31
      vertex 24.4653 3.93748 31
    endloop
  endfacet
  facet normal 0.32133 0.946967 0
    outer loop
      vertex 24.329 3.98373 31
      vertex 24.4653 3.93748 19
      vertex 24.329 3.98373 19
    endloop
  endfacet
  facet normal 0.442424 0.896806 -0
    outer loop
      vertex 24.329 3.98373 19
      vertex 24.2 4.04737 31
      vertex 24.329 3.98373 31
    endloop
  endfacet
  facet normal 0.442424 0.896806 0
    outer loop
      vertex 24.2 4.04737 31
      vertex 24.329 3.98373 19
      vertex 24.2 4.04737 19
    endloop
  endfacet
  facet normal 0.555694 0.831387 -0
    outer loop
      vertex 24.2 4.04737 19
      vertex 24.0804 4.12731 31
      vertex 24.2 4.04737 31
    endloop
  endfacet
  facet normal 0.555694 0.831387 0
    outer loop
      vertex 24.0804 4.12731 31
      vertex 24.2 4.04737 19
      vertex 24.0804 4.12731 19
    endloop
  endfacet
  facet normal 0.065389 0.99786 -0
    outer loop
      vertex 24.75 3.9 19
      vertex 24.6064 3.90941 31
      vertex 24.75 3.9 31
    endloop
  endfacet
  facet normal 0.065389 0.99786 0
    outer loop
      vertex 24.6064 3.90941 31
      vertex 24.75 3.9 19
      vertex 24.6064 3.90941 19
    endloop
  endfacet
  facet normal 0.896708 0.442622 0
    outer loop
      vertex 23.7974 4.45 31
      vertex 23.7337 4.57905 19
      vertex 23.7337 4.57905 31
    endloop
  endfacet
  facet normal 0.896708 0.442622 0
    outer loop
      vertex 23.7337 4.57905 19
      vertex 23.7974 4.45 31
      vertex 23.7974 4.45 19
    endloop
  endfacet
  facet normal 0 0 1
    outer loop
      vertex 25.4196 5.87269 19
      vertex 25.55 5.75252 19
      vertex 25.5278 5.77782 19
    endloop
  endfacet
  facet normal 0 0 1
    outer loop
      vertex 25.3 5.95263 19
      vertex 25.55 5.75252 19
      vertex 25.4196 5.87269 19
    endloop
  endfacet
  facet normal 0 0 1
    outer loop
      vertex 25.55 5.75252 19
      vertex 25.3 5.95263 19
      vertex 25.55 4.24748 19
    endloop
  endfacet
  facet normal 0 0 1
    outer loop
      vertex 25.55 4.24748 19
      vertex 25.4196 4.12731 19
      vertex 25.5278 4.22218 19
    endloop
  endfacet
  facet normal 0 0 1
    outer loop
      vertex 25.3 4.04737 19
      vertex 25.55 4.24748 19
      vertex 25.3 5.95263 19
    endloop
  endfacet
  facet normal 0 0 1
    outer loop
      vertex 25.55 4.24748 19
      vertex 25.3 4.04737 19
      vertex 25.4196 4.12731 19
    endloop
  endfacet
  facet normal 0 0 1
    outer loop
      vertex 25.171 6.01627 19
      vertex 25.3 4.04737 19
      vertex 25.3 5.95263 19
    endloop
  endfacet
  facet normal 0 0 1
    outer loop
      vertex 25.171 6.01627 19
      vertex 25.171 3.98373 19
      vertex 25.3 4.04737 19
    endloop
  endfacet
  facet normal 0 0 1
    outer loop
      vertex 25.0347 6.06252 19
      vertex 25.171 3.98373 19
      vertex 25.171 6.01627 19
    endloop
  endfacet
  facet normal 0 0 1
    outer loop
      vertex 25.0347 6.06252 19
      vertex 25.0347 3.93748 19
      vertex 25.171 3.98373 19
    endloop
  endfacet
  facet normal 0 0 1
    outer loop
      vertex 24.8936 6.09059 19
      vertex 25.0347 3.93748 19
      vertex 25.0347 6.06252 19
    endloop
  endfacet
  facet normal 0 0 1
    outer loop
      vertex 24.8936 6.09059 19
      vertex 24.8936 3.90941 19
      vertex 25.0347 3.93748 19
    endloop
  endfacet
  facet normal 0 0 1
    outer loop
      vertex 24.75 6.1 19
      vertex 24.8936 3.90941 19
      vertex 24.8936 6.09059 19
    endloop
  endfacet
  facet normal 0 0 1
    outer loop
      vertex 24.75 6.1 19
      vertex 24.75 3.9 19
      vertex 24.8936 3.90941 19
    endloop
  endfacet
  facet normal -0 0 1
    outer loop
      vertex 24.6064 6.09059 19
      vertex 24.75 3.9 19
      vertex 24.75 6.1 19
    endloop
  endfacet
  facet normal 0 0 1
    outer loop
      vertex 24.6064 6.09059 19
      vertex 24.6064 3.90941 19
      vertex 24.75 3.9 19
    endloop
  endfacet
  facet normal -0 0 1
    outer loop
      vertex 24.4653 6.06252 19
      vertex 24.6064 3.90941 19
      vertex 24.6064 6.09059 19
    endloop
  endfacet
  facet normal 0 0 1
    outer loop
      vertex 24.4653 6.06252 19
      vertex 24.4653 3.93748 19
      vertex 24.6064 3.90941 19
    endloop
  endfacet
  facet normal -0 0 1
    outer loop
      vertex 24.329 6.01627 19
      vertex 24.4653 3.93748 19
      vertex 24.4653 6.06252 19
    endloop
  endfacet
  facet normal 0 0 1
    outer loop
      vertex 24.329 6.01627 19
      vertex 24.329 3.98373 19
      vertex 24.4653 3.93748 19
    endloop
  endfacet
  facet normal -0 0 1
    outer loop
      vertex 24.2 5.95263 19
      vertex 24.329 3.98373 19
      vertex 24.329 6.01627 19
    endloop
  endfacet
  facet normal 0 0 1
    outer loop
      vertex 24.2 5.95263 19
      vertex 24.2 4.04737 19
      vertex 24.329 3.98373 19
    endloop
  endfacet
  facet normal -0 0 1
    outer loop
      vertex 24.0804 5.87269 19
      vertex 24.2 4.04737 19
      vertex 24.2 5.95263 19
    endloop
  endfacet
  facet normal 0 0 1
    outer loop
      vertex 24.0804 5.87269 19
      vertex 24.0804 4.12731 19
      vertex 24.2 4.04737 19
    endloop
  endfacet
  facet normal -0 0 1
    outer loop
      vertex 23.9722 5.77782 19
      vertex 24.0804 4.12731 19
      vertex 24.0804 5.87269 19
    endloop
  endfacet
  facet normal 0 0 1
    outer loop
      vertex 23.9722 5.77782 19
      vertex 23.9722 4.22218 19
      vertex 24.0804 4.12731 19
    endloop
  endfacet
  facet normal -0 0 1
    outer loop
      vertex 23.8773 5.66964 19
      vertex 23.9722 4.22218 19
      vertex 23.9722 5.77782 19
    endloop
  endfacet
  facet normal 0 0 1
    outer loop
      vertex 23.8773 5.66964 19
      vertex 23.8773 4.33036 19
      vertex 23.9722 4.22218 19
    endloop
  endfacet
  facet normal -0 0 1
    outer loop
      vertex 23.7974 5.55 19
      vertex 23.8773 4.33036 19
      vertex 23.8773 5.66964 19
    endloop
  endfacet
  facet normal 0 0 1
    outer loop
      vertex 23.7974 5.55 19
      vertex 23.7974 4.45 19
      vertex 23.8773 4.33036 19
    endloop
  endfacet
  facet normal -0 0 1
    outer loop
      vertex 23.7337 5.42095 19
      vertex 23.7974 4.45 19
      vertex 23.7974 5.55 19
    endloop
  endfacet
  facet normal 0 0 1
    outer loop
      vertex 23.7337 5.42095 19
      vertex 23.7337 4.57905 19
      vertex 23.7974 4.45 19
    endloop
  endfacet
  facet normal -0 0 1
    outer loop
      vertex 23.6875 5.2847 19
      vertex 23.7337 4.57905 19
      vertex 23.7337 5.42095 19
    endloop
  endfacet
  facet normal 0 0 1
    outer loop
      vertex 23.6875 5.2847 19
      vertex 23.6875 4.7153 19
      vertex 23.7337 4.57905 19
    endloop
  endfacet
  facet normal -0 0 1
    outer loop
      vertex 23.6594 5.14358 19
      vertex 23.6875 4.7153 19
      vertex 23.6875 5.2847 19
    endloop
  endfacet
  facet normal 0 0 1
    outer loop
      vertex 23.6594 5.14358 19
      vertex 23.6594 4.85642 19
      vertex 23.6875 4.7153 19
    endloop
  endfacet
  facet normal 0 -0 1
    outer loop
      vertex 23.6594 4.85642 19
      vertex 23.6594 5.14358 19
      vertex 23.65 5 19
    endloop
  endfacet
  facet normal -0.751864 0.659319 0
    outer loop
      vertex -32.5151 -1.48492 0
      vertex -32.334 -1.2784 4
      vertex -32.334 -1.2784 0
    endloop
  endfacet
  facet normal -0.751864 0.659319 0
    outer loop
      vertex -32.334 -1.2784 4
      vertex -32.5151 -1.48492 0
      vertex -32.5151 -1.48492 4
    endloop
  endfacet
  facet normal -0.980778 -0.195125 0
    outer loop
      vertex -31.918 0.274104 0
      vertex -31.9716 0.54352 4
      vertex -31.9716 0.54352 0
    endloop
  endfacet
  facet normal -0.980778 -0.195125 0
    outer loop
      vertex -31.9716 0.54352 4
      vertex -31.918 0.274104 0
      vertex -31.918 0.274104 4
    endloop
  endfacet
  facet normal -0.997851 -0.0655274 0
    outer loop
      vertex -31.9 0 0
      vertex -31.918 0.274104 4
      vertex -31.918 0.274104 0
    endloop
  endfacet
  facet normal -0.997851 -0.0655274 0
    outer loop
      vertex -31.918 0.274104 4
      vertex -31.9 0 0
      vertex -31.9 0 4
    endloop
  endfacet
  facet normal -0.946927 -0.321449 0
    outer loop
      vertex -31.9716 0.54352 0
      vertex -32.0599 0.803635 4
      vertex -32.0599 0.803635 0
    endloop
  endfacet
  facet normal -0.946927 -0.321449 0
    outer loop
      vertex -32.0599 0.803635 4
      vertex -31.9716 0.54352 0
      vertex -31.9716 0.54352 4
    endloop
  endfacet
  facet normal -0.831322 -0.555792 0
    outer loop
      vertex -32.1813 1.05 0
      vertex -32.334 1.2784 4
      vertex -32.334 1.2784 0
    endloop
  endfacet
  facet normal -0.831322 -0.555792 0
    outer loop
      vertex -32.334 1.2784 4
      vertex -32.1813 1.05 0
      vertex -32.1813 1.05 4
    endloop
  endfacet
  facet normal 0.555565 0.831473 -0
    outer loop
      vertex -35.05 -1.81865 0
      vertex -35.2784 -1.66604 4
      vertex -35.05 -1.81865 4
    endloop
  endfacet
  facet normal 0.555565 0.831473 0
    outer loop
      vertex -35.2784 -1.66604 4
      vertex -35.05 -1.81865 0
      vertex -35.2784 -1.66604 0
    endloop
  endfacet
  facet normal -0.195101 -0.980783 0
    outer loop
      vertex -33.7259 2.08203 0
      vertex -33.4565 2.02844 4
      vertex -33.7259 2.08203 4
    endloop
  endfacet
  facet normal -0.195101 -0.980783 -0
    outer loop
      vertex -33.4565 2.02844 4
      vertex -33.7259 2.08203 0
      vertex -33.4565 2.02844 0
    endloop
  endfacet
  facet normal -0.997851 0.0655274 0
    outer loop
      vertex -31.918 -0.274104 0
      vertex -31.9 0 4
      vertex -31.9 0 0
    endloop
  endfacet
  facet normal -0.997851 0.0655274 0
    outer loop
      vertex -31.9 0 4
      vertex -31.918 -0.274104 0
      vertex -31.918 -0.274104 4
    endloop
  endfacet
  facet normal -0.897008 -0.442014 0
    outer loop
      vertex -32.0599 0.803635 0
      vertex -32.1813 1.05 4
      vertex -32.1813 1.05 0
    endloop
  endfacet
  facet normal -0.897008 -0.442014 0
    outer loop
      vertex -32.1813 1.05 4
      vertex -32.0599 0.803635 0
      vertex -32.0599 0.803635 4
    endloop
  endfacet
  facet normal 0.946927 0.321449 0
    outer loop
      vertex -35.9401 -0.803635 4
      vertex -36.0284 -0.54352 0
      vertex -36.0284 -0.54352 4
    endloop
  endfacet
  facet normal 0.946927 0.321449 0
    outer loop
      vertex -36.0284 -0.54352 0
      vertex -35.9401 -0.803635 4
      vertex -35.9401 -0.803635 0
    endloop
  endfacet
  facet normal 0.980778 -0.195125 0
    outer loop
      vertex -36.082 0.274104 4
      vertex -36.0284 0.54352 0
      vertex -36.0284 0.54352 4
    endloop
  endfacet
  facet normal 0.980778 -0.195125 0
    outer loop
      vertex -36.0284 0.54352 0
      vertex -36.082 0.274104 4
      vertex -36.082 0.274104 0
    endloop
  endfacet
  facet normal 0.659396 0.751796 -0
    outer loop
      vertex -35.2784 -1.66604 0
      vertex -35.4849 -1.48492 4
      vertex -35.2784 -1.66604 4
    endloop
  endfacet
  facet normal 0.659396 0.751796 0
    outer loop
      vertex -35.4849 -1.48492 4
      vertex -35.2784 -1.66604 0
      vertex -35.4849 -1.48492 0
    endloop
  endfacet
  facet normal 0.195101 -0.980783 0
    outer loop
      vertex -34.5435 2.02844 0
      vertex -34.2741 2.08203 4
      vertex -34.5435 2.02844 4
    endloop
  endfacet
  facet normal 0.195101 -0.980783 0
    outer loop
      vertex -34.2741 2.08203 4
      vertex -34.5435 2.02844 0
      vertex -34.2741 2.08203 0
    endloop
  endfacet
  facet normal -0.195101 0.980783 0
    outer loop
      vertex -33.4565 -2.02844 0
      vertex -33.7259 -2.08203 4
      vertex -33.4565 -2.02844 4
    endloop
  endfacet
  facet normal -0.195101 0.980783 0
    outer loop
      vertex -33.7259 -2.08203 4
      vertex -33.4565 -2.02844 0
      vertex -33.7259 -2.08203 0
    endloop
  endfacet
  facet normal -0.442256 0.896889 0
    outer loop
      vertex -32.95 -1.81865 0
      vertex -33.1964 -1.94015 4
      vertex -32.95 -1.81865 4
    endloop
  endfacet
  facet normal -0.442256 0.896889 0
    outer loop
      vertex -33.1964 -1.94015 4
      vertex -32.95 -1.81865 0
      vertex -33.1964 -1.94015 0
    endloop
  endfacet
  facet normal 0.831322 -0.555792 0
    outer loop
      vertex -35.8187 1.05 4
      vertex -35.666 1.2784 0
      vertex -35.666 1.2784 4
    endloop
  endfacet
  facet normal 0.831322 -0.555792 0
    outer loop
      vertex -35.666 1.2784 0
      vertex -35.8187 1.05 4
      vertex -35.8187 1.05 0
    endloop
  endfacet
  facet normal -0.555565 -0.831473 0
    outer loop
      vertex -32.95 1.81865 0
      vertex -32.7216 1.66604 4
      vertex -32.95 1.81865 4
    endloop
  endfacet
  facet normal -0.555565 -0.831473 -0
    outer loop
      vertex -32.7216 1.66604 4
      vertex -32.95 1.81865 0
      vertex -32.7216 1.66604 0
    endloop
  endfacet
  facet normal -0.831322 0.555792 0
    outer loop
      vertex -32.334 -1.2784 0
      vertex -32.1813 -1.05 4
      vertex -32.1813 -1.05 0
    endloop
  endfacet
  facet normal -0.831322 0.555792 0
    outer loop
      vertex -32.1813 -1.05 4
      vertex -32.334 -1.2784 0
      vertex -32.334 -1.2784 4
    endloop
  endfacet
  facet normal -0.442256 -0.896889 0
    outer loop
      vertex -33.1964 1.94015 0
      vertex -32.95 1.81865 4
      vertex -33.1964 1.94015 4
    endloop
  endfacet
  facet normal -0.442256 -0.896889 -0
    outer loop
      vertex -32.95 1.81865 4
      vertex -33.1964 1.94015 0
      vertex -32.95 1.81865 0
    endloop
  endfacet
  facet normal -0.980778 0.195125 0
    outer loop
      vertex -31.9716 -0.54352 0
      vertex -31.918 -0.274104 4
      vertex -31.918 -0.274104 0
    endloop
  endfacet
  facet normal -0.980778 0.195125 0
    outer loop
      vertex -31.918 -0.274104 4
      vertex -31.9716 -0.54352 0
      vertex -31.9716 -0.54352 4
    endloop
  endfacet
  facet normal 0.321433 -0.946932 0
    outer loop
      vertex -34.8036 1.94015 0
      vertex -34.5435 2.02844 4
      vertex -34.8036 1.94015 4
    endloop
  endfacet
  facet normal 0.321433 -0.946932 0
    outer loop
      vertex -34.5435 2.02844 4
      vertex -34.8036 1.94015 0
      vertex -34.5435 2.02844 0
    endloop
  endfacet
  facet normal 0.442256 -0.896889 0
    outer loop
      vertex -35.05 1.81865 0
      vertex -34.8036 1.94015 4
      vertex -35.05 1.81865 4
    endloop
  endfacet
  facet normal 0.442256 -0.896889 0
    outer loop
      vertex -34.8036 1.94015 4
      vertex -35.05 1.81865 0
      vertex -34.8036 1.94015 0
    endloop
  endfacet
  facet normal 0.555565 -0.831473 0
    outer loop
      vertex -35.2784 1.66604 0
      vertex -35.05 1.81865 4
      vertex -35.2784 1.66604 4
    endloop
  endfacet
  facet normal 0.555565 -0.831473 0
    outer loop
      vertex -35.05 1.81865 4
      vertex -35.2784 1.66604 0
      vertex -35.05 1.81865 0
    endloop
  endfacet
  facet normal -0.659396 0.751796 0
    outer loop
      vertex -32.5151 -1.48492 0
      vertex -32.7216 -1.66604 4
      vertex -32.5151 -1.48492 4
    endloop
  endfacet
  facet normal -0.659396 0.751796 0
    outer loop
      vertex -32.7216 -1.66604 4
      vertex -32.5151 -1.48492 0
      vertex -32.7216 -1.66604 0
    endloop
  endfacet
  facet normal 0.751864 -0.659319 0
    outer loop
      vertex -35.666 1.2784 4
      vertex -35.4849 1.48492 0
      vertex -35.4849 1.48492 4
    endloop
  endfacet
  facet normal 0.751864 -0.659319 0
    outer loop
      vertex -35.4849 1.48492 0
      vertex -35.666 1.2784 4
      vertex -35.666 1.2784 0
    endloop
  endfacet
  facet normal -0.0654196 -0.997858 0
    outer loop
      vertex -34 2.1 0
      vertex -33.7259 2.08203 4
      vertex -34 2.1 4
    endloop
  endfacet
  facet normal -0.0654196 -0.997858 -0
    outer loop
      vertex -33.7259 2.08203 4
      vertex -34 2.1 0
      vertex -33.7259 2.08203 0
    endloop
  endfacet
  facet normal -0.321433 0.946932 0
    outer loop
      vertex -33.1964 -1.94015 0
      vertex -33.4565 -2.02844 4
      vertex -33.1964 -1.94015 4
    endloop
  endfacet
  facet normal -0.321433 0.946932 0
    outer loop
      vertex -33.4565 -2.02844 4
      vertex -33.1964 -1.94015 0
      vertex -33.4565 -2.02844 0
    endloop
  endfacet
  facet normal 0.321433 0.946932 -0
    outer loop
      vertex -34.5435 -2.02844 0
      vertex -34.8036 -1.94015 4
      vertex -34.5435 -2.02844 4
    endloop
  endfacet
  facet normal 0.321433 0.946932 0
    outer loop
      vertex -34.8036 -1.94015 4
      vertex -34.5435 -2.02844 0
      vertex -34.8036 -1.94015 0
    endloop
  endfacet
  facet normal 0.751864 0.659319 0
    outer loop
      vertex -35.4849 -1.48492 4
      vertex -35.666 -1.2784 0
      vertex -35.666 -1.2784 4
    endloop
  endfacet
  facet normal 0.751864 0.659319 0
    outer loop
      vertex -35.666 -1.2784 0
      vertex -35.4849 -1.48492 4
      vertex -35.4849 -1.48492 0
    endloop
  endfacet
  facet normal 0.897008 -0.442014 0
    outer loop
      vertex -35.9401 0.803635 4
      vertex -35.8187 1.05 0
      vertex -35.8187 1.05 4
    endloop
  endfacet
  facet normal 0.897008 -0.442014 0
    outer loop
      vertex -35.8187 1.05 0
      vertex -35.9401 0.803635 4
      vertex -35.9401 0.803635 0
    endloop
  endfacet
  facet normal -0.897008 0.442014 0
    outer loop
      vertex -32.1813 -1.05 0
      vertex -32.0599 -0.803635 4
      vertex -32.0599 -0.803635 0
    endloop
  endfacet
  facet normal -0.897008 0.442014 0
    outer loop
      vertex -32.0599 -0.803635 4
      vertex -32.1813 -1.05 0
      vertex -32.1813 -1.05 4
    endloop
  endfacet
  facet normal 0.0654196 -0.997858 0
    outer loop
      vertex -34.2741 2.08203 0
      vertex -34 2.1 4
      vertex -34.2741 2.08203 4
    endloop
  endfacet
  facet normal 0.0654196 -0.997858 0
    outer loop
      vertex -34 2.1 4
      vertex -34.2741 2.08203 0
      vertex -34 2.1 0
    endloop
  endfacet
  facet normal 0.946927 -0.321449 0
    outer loop
      vertex -36.0284 0.54352 4
      vertex -35.9401 0.803635 0
      vertex -35.9401 0.803635 4
    endloop
  endfacet
  facet normal 0.946927 -0.321449 0
    outer loop
      vertex -35.9401 0.803635 0
      vertex -36.0284 0.54352 4
      vertex -36.0284 0.54352 0
    endloop
  endfacet
  facet normal -0.321433 -0.946932 0
    outer loop
      vertex -33.4565 2.02844 0
      vertex -33.1964 1.94015 4
      vertex -33.4565 2.02844 4
    endloop
  endfacet
  facet normal -0.321433 -0.946932 -0
    outer loop
      vertex -33.1964 1.94015 4
      vertex -33.4565 2.02844 0
      vertex -33.1964 1.94015 0
    endloop
  endfacet
  facet normal -0.946927 0.321449 0
    outer loop
      vertex -32.0599 -0.803635 0
      vertex -31.9716 -0.54352 4
      vertex -31.9716 -0.54352 0
    endloop
  endfacet
  facet normal -0.946927 0.321449 0
    outer loop
      vertex -31.9716 -0.54352 4
      vertex -32.0599 -0.803635 0
      vertex -32.0599 -0.803635 4
    endloop
  endfacet
  facet normal 0.980778 0.195125 0
    outer loop
      vertex -36.0284 -0.54352 4
      vertex -36.082 -0.274104 0
      vertex -36.082 -0.274104 4
    endloop
  endfacet
  facet normal 0.980778 0.195125 0
    outer loop
      vertex -36.082 -0.274104 0
      vertex -36.0284 -0.54352 4
      vertex -36.0284 -0.54352 0
    endloop
  endfacet
  facet normal -0.751864 -0.659319 0
    outer loop
      vertex -32.334 1.2784 0
      vertex -32.5151 1.48492 4
      vertex -32.5151 1.48492 0
    endloop
  endfacet
  facet normal -0.751864 -0.659319 0
    outer loop
      vertex -32.5151 1.48492 4
      vertex -32.334 1.2784 0
      vertex -32.334 1.2784 4
    endloop
  endfacet
  facet normal 0.659396 -0.751796 0
    outer loop
      vertex -35.4849 1.48492 0
      vertex -35.2784 1.66604 4
      vertex -35.4849 1.48492 4
    endloop
  endfacet
  facet normal 0.659396 -0.751796 0
    outer loop
      vertex -35.2784 1.66604 4
      vertex -35.4849 1.48492 0
      vertex -35.2784 1.66604 0
    endloop
  endfacet
  facet normal 0.897008 0.442014 0
    outer loop
      vertex -35.8187 -1.05 4
      vertex -35.9401 -0.803635 0
      vertex -35.9401 -0.803635 4
    endloop
  endfacet
  facet normal 0.897008 0.442014 0
    outer loop
      vertex -35.9401 -0.803635 0
      vertex -35.8187 -1.05 4
      vertex -35.8187 -1.05 0
    endloop
  endfacet
  facet normal -0.0654196 0.997858 0
    outer loop
      vertex -33.7259 -2.08203 0
      vertex -34 -2.1 4
      vertex -33.7259 -2.08203 4
    endloop
  endfacet
  facet normal -0.0654196 0.997858 0
    outer loop
      vertex -34 -2.1 4
      vertex -33.7259 -2.08203 0
      vertex -34 -2.1 0
    endloop
  endfacet
  facet normal 0.0654196 0.997858 -0
    outer loop
      vertex -34 -2.1 0
      vertex -34.2741 -2.08203 4
      vertex -34 -2.1 4
    endloop
  endfacet
  facet normal 0.0654196 0.997858 0
    outer loop
      vertex -34.2741 -2.08203 4
      vertex -34 -2.1 0
      vertex -34.2741 -2.08203 0
    endloop
  endfacet
  facet normal 0.997851 -0.0655274 0
    outer loop
      vertex -36.1 0 4
      vertex -36.082 0.274104 0
      vertex -36.082 0.274104 4
    endloop
  endfacet
  facet normal 0.997851 -0.0655274 0
    outer loop
      vertex -36.082 0.274104 0
      vertex -36.1 0 4
      vertex -36.1 0 0
    endloop
  endfacet
  facet normal -0.659396 -0.751796 0
    outer loop
      vertex -32.7216 1.66604 0
      vertex -32.5151 1.48492 4
      vertex -32.7216 1.66604 4
    endloop
  endfacet
  facet normal -0.659396 -0.751796 -0
    outer loop
      vertex -32.5151 1.48492 4
      vertex -32.7216 1.66604 0
      vertex -32.5151 1.48492 0
    endloop
  endfacet
  facet normal 0.831322 0.555792 0
    outer loop
      vertex -35.666 -1.2784 4
      vertex -35.8187 -1.05 0
      vertex -35.8187 -1.05 4
    endloop
  endfacet
  facet normal 0.831322 0.555792 0
    outer loop
      vertex -35.8187 -1.05 0
      vertex -35.666 -1.2784 4
      vertex -35.666 -1.2784 0
    endloop
  endfacet
  facet normal -0.555565 0.831473 0
    outer loop
      vertex -32.7216 -1.66604 0
      vertex -32.95 -1.81865 4
      vertex -32.7216 -1.66604 4
    endloop
  endfacet
  facet normal -0.555565 0.831473 0
    outer loop
      vertex -32.95 -1.81865 4
      vertex -32.7216 -1.66604 0
      vertex -32.95 -1.81865 0
    endloop
  endfacet
  facet normal 0.997851 0.0655274 0
    outer loop
      vertex -36.082 -0.274104 4
      vertex -36.1 0 0
      vertex -36.1 0 4
    endloop
  endfacet
  facet normal 0.997851 0.0655274 0
    outer loop
      vertex -36.1 0 0
      vertex -36.082 -0.274104 4
      vertex -36.082 -0.274104 0
    endloop
  endfacet
  facet normal 0.195101 0.980783 -0
    outer loop
      vertex -34.2741 -2.08203 0
      vertex -34.5435 -2.02844 4
      vertex -34.2741 -2.08203 4
    endloop
  endfacet
  facet normal 0.195101 0.980783 0
    outer loop
      vertex -34.5435 -2.02844 4
      vertex -34.2741 -2.08203 0
      vertex -34.5435 -2.02844 0
    endloop
  endfacet
  facet normal 0.442256 0.896889 -0
    outer loop
      vertex -34.8036 -1.94015 0
      vertex -35.05 -1.81865 4
      vertex -34.8036 -1.94015 4
    endloop
  endfacet
  facet normal 0.442256 0.896889 0
    outer loop
      vertex -35.05 -1.81865 4
      vertex -34.8036 -1.94015 0
      vertex -35.05 -1.81865 0
    endloop
  endfacet
  facet normal -0.751864 0.659319 0
    outer loop
      vertex 35.4849 -1.48492 0
      vertex 35.666 -1.2784 4
      vertex 35.666 -1.2784 0
    endloop
  endfacet
  facet normal -0.751864 0.659319 0
    outer loop
      vertex 35.666 -1.2784 4
      vertex 35.4849 -1.48492 0
      vertex 35.4849 -1.48492 4
    endloop
  endfacet
  facet normal -0.980778 -0.195125 0
    outer loop
      vertex 36.082 0.274104 0
      vertex 36.0284 0.54352 4
      vertex 36.0284 0.54352 0
    endloop
  endfacet
  facet normal -0.980778 -0.195125 0
    outer loop
      vertex 36.0284 0.54352 4
      vertex 36.082 0.274104 0
      vertex 36.082 0.274104 4
    endloop
  endfacet
  facet normal -0.997851 -0.0655274 0
    outer loop
      vertex 36.1 0 0
      vertex 36.082 0.274104 4
      vertex 36.082 0.274104 0
    endloop
  endfacet
  facet normal -0.997851 -0.0655274 0
    outer loop
      vertex 36.082 0.274104 4
      vertex 36.1 0 0
      vertex 36.1 0 4
    endloop
  endfacet
  facet normal -0.946927 -0.321449 0
    outer loop
      vertex 36.0284 0.54352 0
      vertex 35.9401 0.803635 4
      vertex 35.9401 0.803635 0
    endloop
  endfacet
  facet normal -0.946927 -0.321449 0
    outer loop
      vertex 35.9401 0.803635 4
      vertex 36.0284 0.54352 0
      vertex 36.0284 0.54352 4
    endloop
  endfacet
  facet normal -0.831322 -0.555792 0
    outer loop
      vertex 35.8187 1.05 0
      vertex 35.666 1.2784 4
      vertex 35.666 1.2784 0
    endloop
  endfacet
  facet normal -0.831322 -0.555792 0
    outer loop
      vertex 35.666 1.2784 4
      vertex 35.8187 1.05 0
      vertex 35.8187 1.05 4
    endloop
  endfacet
  facet normal 0.555565 0.831473 -0
    outer loop
      vertex 32.95 -1.81865 0
      vertex 32.7216 -1.66604 4
      vertex 32.95 -1.81865 4
    endloop
  endfacet
  facet normal 0.555565 0.831473 0
    outer loop
      vertex 32.7216 -1.66604 4
      vertex 32.95 -1.81865 0
      vertex 32.7216 -1.66604 0
    endloop
  endfacet
  facet normal -0.195101 -0.980783 0
    outer loop
      vertex 34.2741 2.08203 0
      vertex 34.5435 2.02844 4
      vertex 34.2741 2.08203 4
    endloop
  endfacet
  facet normal -0.195101 -0.980783 -0
    outer loop
      vertex 34.5435 2.02844 4
      vertex 34.2741 2.08203 0
      vertex 34.5435 2.02844 0
    endloop
  endfacet
  facet normal -0.997851 0.0655274 0
    outer loop
      vertex 36.082 -0.274104 0
      vertex 36.1 0 4
      vertex 36.1 0 0
    endloop
  endfacet
  facet normal -0.997851 0.0655274 0
    outer loop
      vertex 36.1 0 4
      vertex 36.082 -0.274104 0
      vertex 36.082 -0.274104 4
    endloop
  endfacet
  facet normal -0.897008 -0.442014 0
    outer loop
      vertex 35.9401 0.803635 0
      vertex 35.8187 1.05 4
      vertex 35.8187 1.05 0
    endloop
  endfacet
  facet normal -0.897008 -0.442014 0
    outer loop
      vertex 35.8187 1.05 4
      vertex 35.9401 0.803635 0
      vertex 35.9401 0.803635 4
    endloop
  endfacet
  facet normal 0.946927 0.321449 0
    outer loop
      vertex 32.0599 -0.803635 4
      vertex 31.9716 -0.54352 0
      vertex 31.9716 -0.54352 4
    endloop
  endfacet
  facet normal 0.946927 0.321449 0
    outer loop
      vertex 31.9716 -0.54352 0
      vertex 32.0599 -0.803635 4
      vertex 32.0599 -0.803635 0
    endloop
  endfacet
  facet normal 0.980778 -0.195125 0
    outer loop
      vertex 31.918 0.274104 4
      vertex 31.9716 0.54352 0
      vertex 31.9716 0.54352 4
    endloop
  endfacet
  facet normal 0.980778 -0.195125 0
    outer loop
      vertex 31.9716 0.54352 0
      vertex 31.918 0.274104 4
      vertex 31.918 0.274104 0
    endloop
  endfacet
  facet normal 0.659396 0.751796 -0
    outer loop
      vertex 32.7216 -1.66604 0
      vertex 32.5151 -1.48492 4
      vertex 32.7216 -1.66604 4
    endloop
  endfacet
  facet normal 0.659396 0.751796 0
    outer loop
      vertex 32.5151 -1.48492 4
      vertex 32.7216 -1.66604 0
      vertex 32.5151 -1.48492 0
    endloop
  endfacet
  facet normal 0.195101 -0.980783 0
    outer loop
      vertex 33.4565 2.02844 0
      vertex 33.7259 2.08203 4
      vertex 33.4565 2.02844 4
    endloop
  endfacet
  facet normal 0.195101 -0.980783 0
    outer loop
      vertex 33.7259 2.08203 4
      vertex 33.4565 2.02844 0
      vertex 33.7259 2.08203 0
    endloop
  endfacet
  facet normal -0.195101 0.980783 0
    outer loop
      vertex 34.5435 -2.02844 0
      vertex 34.2741 -2.08203 4
      vertex 34.5435 -2.02844 4
    endloop
  endfacet
  facet normal -0.195101 0.980783 0
    outer loop
      vertex 34.2741 -2.08203 4
      vertex 34.5435 -2.02844 0
      vertex 34.2741 -2.08203 0
    endloop
  endfacet
  facet normal -0.442256 0.896889 0
    outer loop
      vertex 35.05 -1.81865 0
      vertex 34.8036 -1.94015 4
      vertex 35.05 -1.81865 4
    endloop
  endfacet
  facet normal -0.442256 0.896889 0
    outer loop
      vertex 34.8036 -1.94015 4
      vertex 35.05 -1.81865 0
      vertex 34.8036 -1.94015 0
    endloop
  endfacet
  facet normal 0.831322 -0.555792 0
    outer loop
      vertex 32.1813 1.05 4
      vertex 32.334 1.2784 0
      vertex 32.334 1.2784 4
    endloop
  endfacet
  facet normal 0.831322 -0.555792 0
    outer loop
      vertex 32.334 1.2784 0
      vertex 32.1813 1.05 4
      vertex 32.1813 1.05 0
    endloop
  endfacet
  facet normal -0.555565 -0.831473 0
    outer loop
      vertex 35.05 1.81865 0
      vertex 35.2784 1.66604 4
      vertex 35.05 1.81865 4
    endloop
  endfacet
  facet normal -0.555565 -0.831473 -0
    outer loop
      vertex 35.2784 1.66604 4
      vertex 35.05 1.81865 0
      vertex 35.2784 1.66604 0
    endloop
  endfacet
  facet normal -0.831322 0.555792 0
    outer loop
      vertex 35.666 -1.2784 0
      vertex 35.8187 -1.05 4
      vertex 35.8187 -1.05 0
    endloop
  endfacet
  facet normal -0.831322 0.555792 0
    outer loop
      vertex 35.8187 -1.05 4
      vertex 35.666 -1.2784 0
      vertex 35.666 -1.2784 4
    endloop
  endfacet
  facet normal -0.442256 -0.896889 0
    outer loop
      vertex 34.8036 1.94015 0
      vertex 35.05 1.81865 4
      vertex 34.8036 1.94015 4
    endloop
  endfacet
  facet normal -0.442256 -0.896889 -0
    outer loop
      vertex 35.05 1.81865 4
      vertex 34.8036 1.94015 0
      vertex 35.05 1.81865 0
    endloop
  endfacet
  facet normal -0.980778 0.195125 0
    outer loop
      vertex 36.0284 -0.54352 0
      vertex 36.082 -0.274104 4
      vertex 36.082 -0.274104 0
    endloop
  endfacet
  facet normal -0.980778 0.195125 0
    outer loop
      vertex 36.082 -0.274104 4
      vertex 36.0284 -0.54352 0
      vertex 36.0284 -0.54352 4
    endloop
  endfacet
  facet normal 0.321433 -0.946932 0
    outer loop
      vertex 33.1964 1.94015 0
      vertex 33.4565 2.02844 4
      vertex 33.1964 1.94015 4
    endloop
  endfacet
  facet normal 0.321433 -0.946932 0
    outer loop
      vertex 33.4565 2.02844 4
      vertex 33.1964 1.94015 0
      vertex 33.4565 2.02844 0
    endloop
  endfacet
  facet normal 0.442256 -0.896889 0
    outer loop
      vertex 32.95 1.81865 0
      vertex 33.1964 1.94015 4
      vertex 32.95 1.81865 4
    endloop
  endfacet
  facet normal 0.442256 -0.896889 0
    outer loop
      vertex 33.1964 1.94015 4
      vertex 32.95 1.81865 0
      vertex 33.1964 1.94015 0
    endloop
  endfacet
  facet normal 0.555565 -0.831473 0
    outer loop
      vertex 32.7216 1.66604 0
      vertex 32.95 1.81865 4
      vertex 32.7216 1.66604 4
    endloop
  endfacet
  facet normal 0.555565 -0.831473 0
    outer loop
      vertex 32.95 1.81865 4
      vertex 32.7216 1.66604 0
      vertex 32.95 1.81865 0
    endloop
  endfacet
  facet normal -0.659396 0.751796 0
    outer loop
      vertex 35.4849 -1.48492 0
      vertex 35.2784 -1.66604 4
      vertex 35.4849 -1.48492 4
    endloop
  endfacet
  facet normal -0.659396 0.751796 0
    outer loop
      vertex 35.2784 -1.66604 4
      vertex 35.4849 -1.48492 0
      vertex 35.2784 -1.66604 0
    endloop
  endfacet
  facet normal 0.751864 -0.659319 0
    outer loop
      vertex 32.334 1.2784 4
      vertex 32.5151 1.48492 0
      vertex 32.5151 1.48492 4
    endloop
  endfacet
  facet normal 0.751864 -0.659319 0
    outer loop
      vertex 32.5151 1.48492 0
      vertex 32.334 1.2784 4
      vertex 32.334 1.2784 0
    endloop
  endfacet
  facet normal -0.0654196 -0.997858 0
    outer loop
      vertex 34 2.1 0
      vertex 34.2741 2.08203 4
      vertex 34 2.1 4
    endloop
  endfacet
  facet normal -0.0654196 -0.997858 -0
    outer loop
      vertex 34.2741 2.08203 4
      vertex 34 2.1 0
      vertex 34.2741 2.08203 0
    endloop
  endfacet
  facet normal -0.321433 0.946932 0
    outer loop
      vertex 34.8036 -1.94015 0
      vertex 34.5435 -2.02844 4
      vertex 34.8036 -1.94015 4
    endloop
  endfacet
  facet normal -0.321433 0.946932 0
    outer loop
      vertex 34.5435 -2.02844 4
      vertex 34.8036 -1.94015 0
      vertex 34.5435 -2.02844 0
    endloop
  endfacet
  facet normal 0.321433 0.946932 -0
    outer loop
      vertex 33.4565 -2.02844 0
      vertex 33.1964 -1.94015 4
      vertex 33.4565 -2.02844 4
    endloop
  endfacet
  facet normal 0.321433 0.946932 0
    outer loop
      vertex 33.1964 -1.94015 4
      vertex 33.4565 -2.02844 0
      vertex 33.1964 -1.94015 0
    endloop
  endfacet
  facet normal 0.751864 0.659319 0
    outer loop
      vertex 32.5151 -1.48492 4
      vertex 32.334 -1.2784 0
      vertex 32.334 -1.2784 4
    endloop
  endfacet
  facet normal 0.751864 0.659319 0
    outer loop
      vertex 32.334 -1.2784 0
      vertex 32.5151 -1.48492 4
      vertex 32.5151 -1.48492 0
    endloop
  endfacet
  facet normal 0.897008 -0.442014 0
    outer loop
      vertex 32.0599 0.803635 4
      vertex 32.1813 1.05 0
      vertex 32.1813 1.05 4
    endloop
  endfacet
  facet normal 0.897008 -0.442014 0
    outer loop
      vertex 32.1813 1.05 0
      vertex 32.0599 0.803635 4
      vertex 32.0599 0.803635 0
    endloop
  endfacet
  facet normal -0.897008 0.442014 0
    outer loop
      vertex 35.8187 -1.05 0
      vertex 35.9401 -0.803635 4
      vertex 35.9401 -0.803635 0
    endloop
  endfacet
  facet normal -0.897008 0.442014 0
    outer loop
      vertex 35.9401 -0.803635 4
      vertex 35.8187 -1.05 0
      vertex 35.8187 -1.05 4
    endloop
  endfacet
  facet normal 0.0654196 -0.997858 0
    outer loop
      vertex 33.7259 2.08203 0
      vertex 34 2.1 4
      vertex 33.7259 2.08203 4
    endloop
  endfacet
  facet normal 0.0654196 -0.997858 0
    outer loop
      vertex 34 2.1 4
      vertex 33.7259 2.08203 0
      vertex 34 2.1 0
    endloop
  endfacet
  facet normal 0.946927 -0.321449 0
    outer loop
      vertex 31.9716 0.54352 4
      vertex 32.0599 0.803635 0
      vertex 32.0599 0.803635 4
    endloop
  endfacet
  facet normal 0.946927 -0.321449 0
    outer loop
      vertex 32.0599 0.803635 0
      vertex 31.9716 0.54352 4
      vertex 31.9716 0.54352 0
    endloop
  endfacet
  facet normal -0.321433 -0.946932 0
    outer loop
      vertex 34.5435 2.02844 0
      vertex 34.8036 1.94015 4
      vertex 34.5435 2.02844 4
    endloop
  endfacet
  facet normal -0.321433 -0.946932 -0
    outer loop
      vertex 34.8036 1.94015 4
      vertex 34.5435 2.02844 0
      vertex 34.8036 1.94015 0
    endloop
  endfacet
  facet normal -0.946927 0.321449 0
    outer loop
      vertex 35.9401 -0.803635 0
      vertex 36.0284 -0.54352 4
      vertex 36.0284 -0.54352 0
    endloop
  endfacet
  facet normal -0.946927 0.321449 0
    outer loop
      vertex 36.0284 -0.54352 4
      vertex 35.9401 -0.803635 0
      vertex 35.9401 -0.803635 4
    endloop
  endfacet
  facet normal 0.980778 0.195125 0
    outer loop
      vertex 31.9716 -0.54352 4
      vertex 31.918 -0.274104 0
      vertex 31.918 -0.274104 4
    endloop
  endfacet
  facet normal 0.980778 0.195125 0
    outer loop
      vertex 31.918 -0.274104 0
      vertex 31.9716 -0.54352 4
      vertex 31.9716 -0.54352 0
    endloop
  endfacet
  facet normal -0.751864 -0.659319 0
    outer loop
      vertex 35.666 1.2784 0
      vertex 35.4849 1.48492 4
      vertex 35.4849 1.48492 0
    endloop
  endfacet
  facet normal -0.751864 -0.659319 0
    outer loop
      vertex 35.4849 1.48492 4
      vertex 35.666 1.2784 0
      vertex 35.666 1.2784 4
    endloop
  endfacet
  facet normal 0.659396 -0.751796 0
    outer loop
      vertex 32.5151 1.48492 0
      vertex 32.7216 1.66604 4
      vertex 32.5151 1.48492 4
    endloop
  endfacet
  facet normal 0.659396 -0.751796 0
    outer loop
      vertex 32.7216 1.66604 4
      vertex 32.5151 1.48492 0
      vertex 32.7216 1.66604 0
    endloop
  endfacet
  facet normal 0.897008 0.442014 0
    outer loop
      vertex 32.1813 -1.05 4
      vertex 32.0599 -0.803635 0
      vertex 32.0599 -0.803635 4
    endloop
  endfacet
  facet normal 0.897008 0.442014 0
    outer loop
      vertex 32.0599 -0.803635 0
      vertex 32.1813 -1.05 4
      vertex 32.1813 -1.05 0
    endloop
  endfacet
  facet normal -0.0654196 0.997858 0
    outer loop
      vertex 34.2741 -2.08203 0
      vertex 34 -2.1 4
      vertex 34.2741 -2.08203 4
    endloop
  endfacet
  facet normal -0.0654196 0.997858 0
    outer loop
      vertex 34 -2.1 4
      vertex 34.2741 -2.08203 0
      vertex 34 -2.1 0
    endloop
  endfacet
  facet normal 0.0654196 0.997858 -0
    outer loop
      vertex 34 -2.1 0
      vertex 33.7259 -2.08203 4
      vertex 34 -2.1 4
    endloop
  endfacet
  facet normal 0.0654196 0.997858 0
    outer loop
      vertex 33.7259 -2.08203 4
      vertex 34 -2.1 0
      vertex 33.7259 -2.08203 0
    endloop
  endfacet
  facet normal 0.997851 -0.0655274 0
    outer loop
      vertex 31.9 0 4
      vertex 31.918 0.274104 0
      vertex 31.918 0.274104 4
    endloop
  endfacet
  facet normal 0.997851 -0.0655274 0
    outer loop
      vertex 31.918 0.274104 0
      vertex 31.9 0 4
      vertex 31.9 0 0
    endloop
  endfacet
  facet normal -0.659396 -0.751796 0
    outer loop
      vertex 35.2784 1.66604 0
      vertex 35.4849 1.48492 4
      vertex 35.2784 1.66604 4
    endloop
  endfacet
  facet normal -0.659396 -0.751796 -0
    outer loop
      vertex 35.4849 1.48492 4
      vertex 35.2784 1.66604 0
      vertex 35.4849 1.48492 0
    endloop
  endfacet
  facet normal 0.831322 0.555792 0
    outer loop
      vertex 32.334 -1.2784 4
      vertex 32.1813 -1.05 0
      vertex 32.1813 -1.05 4
    endloop
  endfacet
  facet normal 0.831322 0.555792 0
    outer loop
      vertex 32.1813 -1.05 0
      vertex 32.334 -1.2784 4
      vertex 32.334 -1.2784 0
    endloop
  endfacet
  facet normal -0.555565 0.831473 0
    outer loop
      vertex 35.2784 -1.66604 0
      vertex 35.05 -1.81865 4
      vertex 35.2784 -1.66604 4
    endloop
  endfacet
  facet normal -0.555565 0.831473 0
    outer loop
      vertex 35.05 -1.81865 4
      vertex 35.2784 -1.66604 0
      vertex 35.05 -1.81865 0
    endloop
  endfacet
  facet normal 0.997851 0.0655274 0
    outer loop
      vertex 31.918 -0.274104 4
      vertex 31.9 0 0
      vertex 31.9 0 4
    endloop
  endfacet
  facet normal 0.997851 0.0655274 0
    outer loop
      vertex 31.9 0 0
      vertex 31.918 -0.274104 4
      vertex 31.918 -0.274104 0
    endloop
  endfacet
  facet normal 0.195101 0.980783 -0
    outer loop
      vertex 33.7259 -2.08203 0
      vertex 33.4565 -2.02844 4
      vertex 33.7259 -2.08203 4
    endloop
  endfacet
  facet normal 0.195101 0.980783 0
    outer loop
      vertex 33.4565 -2.02844 4
      vertex 33.7259 -2.08203 0
      vertex 33.4565 -2.02844 0
    endloop
  endfacet
  facet normal 0.442256 0.896889 -0
    outer loop
      vertex 33.1964 -1.94015 0
      vertex 32.95 -1.81865 4
      vertex 33.1964 -1.94015 4
    endloop
  endfacet
  facet normal 0.442256 0.896889 0
    outer loop
      vertex 32.95 -1.81865 4
      vertex 33.1964 -1.94015 0
      vertex 32.95 -1.81865 0
    endloop
  endfacet
  facet normal -1 0 0
    outer loop
      vertex 20.55 -10.2 4
      vertex 20.55 10.2 31
      vertex 20.55 10.2 4
    endloop
  endfacet
  facet normal -1 -0 0
    outer loop
      vertex 20.55 10.2 31
      vertex 20.55 -10.2 4
      vertex 20.55 -10.2 31
    endloop
  endfacet
  facet normal 1 -0 0
    outer loop
      vertex -20.55 -10.2 31
      vertex -20.55 -5 4
      vertex -20.55 -5 31
    endloop
  endfacet
  facet normal 1 0 0
    outer loop
      vertex -20.55 -5 4
      vertex -20.55 -10.2 31
      vertex -20.55 -10.2 4
    endloop
  endfacet
  facet normal 1 -0 0
    outer loop
      vertex -20.55 5 31
      vertex -20.55 10.2 4
      vertex -20.55 10.2 31
    endloop
  endfacet
  facet normal 1 0 0
    outer loop
      vertex -20.55 10.2 4
      vertex -20.55 5 31
      vertex -20.55 5 4
    endloop
  endfacet
  facet normal 0 -1 0
    outer loop
      vertex -20.55 10.2 4
      vertex 20.55 10.2 31
      vertex -20.55 10.2 31
    endloop
  endfacet
  facet normal 0 -1 -0
    outer loop
      vertex 20.55 10.2 31
      vertex -20.55 10.2 4
      vertex 20.55 10.2 4
    endloop
  endfacet
  facet normal 0 1 -0
    outer loop
      vertex 20.55 -10.2 4
      vertex -20.55 -10.2 31
      vertex 20.55 -10.2 31
    endloop
  endfacet
  facet normal 0 1 0
    outer loop
      vertex -20.55 -10.2 31
      vertex 20.55 -10.2 4
      vertex -20.55 -10.2 4
    endloop
  endfacet
  facet normal 0 -1 0
    outer loop
      vertex -25.55 5 19
      vertex -25.55 5 4
      vertex -23.65 5 19
    endloop
  endfacet
  facet normal 0 -1 0
    outer loop
      vertex -23.65 5 19
      vertex -20.55 5 31
      vertex -23.65 5 31
    endloop
  endfacet
  facet normal 0 -1 0
    outer loop
      vertex -20.55 5 4
      vertex -23.65 5 19
      vertex -25.55 5 4
    endloop
  endfacet
  facet normal 0 -1 0
    outer loop
      vertex -23.65 5 19
      vertex -20.55 5 4
      vertex -20.55 5 31
    endloop
  endfacet
  facet normal 0 1 0
    outer loop
      vertex -20.55 -5 31
      vertex -23.65 -5 19
      vertex -23.65 -5 31
    endloop
  endfacet
  facet normal 0 1 -0
    outer loop
      vertex -20.55 -5 4
      vertex -23.65 -5 19
      vertex -20.55 -5 31
    endloop
  endfacet
  facet normal 0 1 0
    outer loop
      vertex -25.55 -5 4
      vertex -23.65 -5 19
      vertex -20.55 -5 4
    endloop
  endfacet
  facet normal 0 1 0
    outer loop
      vertex -23.65 -5 19
      vertex -25.55 -5 4
      vertex -25.55 -5 19
    endloop
  endfacet
endsolid OpenSCAD_Model
