solid OpenSCAD_Model
  facet normal 0 0.160293 0.987069
    outer loop
      vertex 14.25 5.6 97.9282
      vertex -8.94697 0 98.8376
      vertex 8.94697 0 98.8376
    endloop
  endfacet
  facet normal 0 0.160293 0.987069
    outer loop
      vertex -8.94697 0 98.8376
      vertex 14.25 5.6 97.9282
      vertex -14.25 5.6 97.9282
    endloop
  endfacet
  facet normal 0.000338775 0.866133 0.499813
    outer loop
      vertex -9.72188 10.028 90.2587
      vertex -14.25 13.6 84.0718
      vertex -9.85921 10.0445 90.2302
    endloop
  endfacet
  facet normal -0.000249927 0.866101 0.499869
    outer loop
      vertex 10.1408 10.0445 90.2302
      vertex 14.25 13.6 84.0718
      vertex 10 10.05 90.2206
    endloop
  endfacet
  facet normal 0.000253536 0.865955 0.500121
    outer loop
      vertex 14.25 13.6 84.0718
      vertex 10.1408 10.0445 90.2302
      vertex 10.2781 10.028 90.2587
    endloop
  endfacet
  facet normal -0.000338775 0.866133 0.499813
    outer loop
      vertex 14.25 13.6 84.0718
      vertex 9.72188 10.028 90.2587
      vertex 9.85921 10.0445 90.2302
    endloop
  endfacet
  facet normal 0 0.866026 0.499999
    outer loop
      vertex 9.72188 10.028 90.2587
      vertex 14.25 13.6 84.0718
      vertex -9.72188 10.028 90.2587
    endloop
  endfacet
  facet normal 0.00027462 0.865944 0.500141
    outer loop
      vertex 14.25 13.6 84.0718
      vertex 9.85921 10.0445 90.2302
      vertex 10 10.05 90.2206
    endloop
  endfacet
  facet normal -0 0.866026 0.499999
    outer loop
      vertex -14.25 13.6 84.0718
      vertex -9.72188 10.028 90.2587
      vertex 14.25 13.6 84.0718
    endloop
  endfacet
  facet normal -0.00027462 0.865944 0.500141
    outer loop
      vertex -9.85921 10.0445 90.2302
      vertex -14.25 13.6 84.0718
      vertex -10 10.05 90.2206
    endloop
  endfacet
  facet normal 0.000249927 0.866101 0.499869
    outer loop
      vertex -10 10.05 90.2206
      vertex -14.25 13.6 84.0718
      vertex -10.1408 10.0445 90.2302
    endloop
  endfacet
  facet normal -0.000253536 0.865955 0.500121
    outer loop
      vertex -10.1408 10.0445 90.2302
      vertex -14.25 13.6 84.0718
      vertex -10.2781 10.028 90.2587
    endloop
  endfacet
  facet normal -0.169015 0 0.985613
    outer loop
      vertex -10 0 98.657
      vertex -14.25 5.6 97.9282
      vertex -10 -4.328 98.657
    endloop
  endfacet
  facet normal -0.169037 -1.7004e-05 0.98561
    outer loop
      vertex -14.25 5.6 97.9282
      vertex -10 0 98.657
      vertex -8.94697 0 98.8376
    endloop
  endfacet
  facet normal -0.000526024 0.865908 0.500203
    outer loop
      vertex 14.25 5.6 97.9282
      vertex 10.856 9.46094 91.2409
      vertex 10.8227 9.42083 91.3103
    endloop
  endfacet
  facet normal 0.000419027 0.866116 0.499843
    outer loop
      vertex 14.25 5.6 97.9282
      vertex 10.8889 9.5296 91.1219
      vertex 10.856 9.46094 91.2409
    endloop
  endfacet
  facet normal -0.000259255 0.865971 0.500094
    outer loop
      vertex 14.25 5.6 97.9282
      vertex 10.9 9.6 91
      vertex 10.8889 9.5296 91.1219
    endloop
  endfacet
  facet normal 0 0.866025 0.5
    outer loop
      vertex 14.25 13.6 84.0718
      vertex 10.9 9.6 91
      vertex 14.25 5.6 97.9282
    endloop
  endfacet
  facet normal 0.000135624 0.865997 0.500049
    outer loop
      vertex 10.9 9.6 91
      vertex 14.25 13.6 84.0718
      vertex 10.8889 9.67039 90.8781
    endloop
  endfacet
  facet normal -0.000107508 0.866056 0.499947
    outer loop
      vertex 10.4086 10.001 90.3055
      vertex 14.25 13.6 84.0718
      vertex 10.2781 10.028 90.2587
    endloop
  endfacet
  facet normal 0.000258029 0.865958 0.500116
    outer loop
      vertex 10.529 9.96406 90.3694
      vertex 14.25 13.6 84.0718
      vertex 10.4086 10.001 90.3055
    endloop
  endfacet
  facet normal -0.000222087 0.866081 0.499904
    outer loop
      vertex 10.6364 9.9182 90.4489
      vertex 14.25 13.6 84.0718
      vertex 10.529 9.96406 90.3694
    endloop
  endfacet
  facet normal 4.03175e-05 0.866017 0.500015
    outer loop
      vertex 10.7281 9.8645 90.5419
      vertex 14.25 13.6 84.0718
      vertex 10.6364 9.9182 90.4489
    endloop
  endfacet
  facet normal 0.000267559 0.865963 0.500108
    outer loop
      vertex 10.8019 9.8043 90.6461
      vertex 14.25 13.6 84.0718
      vertex 10.7281 9.8645 90.5419
    endloop
  endfacet
  facet normal -7.86425e-06 0.866026 0.499999
    outer loop
      vertex 10.856 9.73906 90.7591
      vertex 14.25 13.6 84.0718
      vertex 10.8019 9.8043 90.6461
    endloop
  endfacet
  facet normal -0.000326184 0.866096 0.499878
    outer loop
      vertex 10.8889 9.67039 90.8781
      vertex 14.25 13.6 84.0718
      vertex 10.856 9.73906 90.7591
    endloop
  endfacet
  facet normal 0.000526024 0.865908 0.500203
    outer loop
      vertex -10.856 9.46094 91.2409
      vertex -14.25 5.6 97.9282
      vertex -10.8227 9.42083 91.3103
    endloop
  endfacet
  facet normal -0.000419027 0.866116 0.499843
    outer loop
      vertex -10.8889 9.5296 91.1219
      vertex -14.25 5.6 97.9282
      vertex -10.856 9.46094 91.2409
    endloop
  endfacet
  facet normal 0.000259255 0.865971 0.500094
    outer loop
      vertex -10.9 9.6 91
      vertex -14.25 5.6 97.9282
      vertex -10.8889 9.5296 91.1219
    endloop
  endfacet
  facet normal -0.000135624 0.865997 0.500049
    outer loop
      vertex -14.25 13.6 84.0718
      vertex -10.9 9.6 91
      vertex -10.8889 9.67039 90.8781
    endloop
  endfacet
  facet normal 0.000326184 0.866096 0.499878
    outer loop
      vertex -14.25 13.6 84.0718
      vertex -10.8889 9.67039 90.8781
      vertex -10.856 9.73906 90.7591
    endloop
  endfacet
  facet normal 0 0.866025 0.5
    outer loop
      vertex -10.9 9.6 91
      vertex -14.25 13.6 84.0718
      vertex -14.25 5.6 97.9282
    endloop
  endfacet
  facet normal 7.86425e-06 0.866026 0.499999
    outer loop
      vertex -10.8019 9.8043 90.6461
      vertex -14.25 13.6 84.0718
      vertex -10.856 9.73906 90.7591
    endloop
  endfacet
  facet normal -0.000267559 0.865963 0.500108
    outer loop
      vertex -10.7281 9.8645 90.5419
      vertex -14.25 13.6 84.0718
      vertex -10.8019 9.8043 90.6461
    endloop
  endfacet
  facet normal -4.03175e-05 0.866017 0.500015
    outer loop
      vertex -10.6364 9.9182 90.4489
      vertex -14.25 13.6 84.0718
      vertex -10.7281 9.8645 90.5419
    endloop
  endfacet
  facet normal 0.000222087 0.866081 0.499904
    outer loop
      vertex -10.529 9.96406 90.3694
      vertex -14.25 13.6 84.0718
      vertex -10.6364 9.9182 90.4489
    endloop
  endfacet
  facet normal -0.000258029 0.865958 0.500116
    outer loop
      vertex -10.4086 10.001 90.3055
      vertex -14.25 13.6 84.0718
      vertex -10.529 9.96406 90.3694
    endloop
  endfacet
  facet normal 0.000107508 0.866056 0.499947
    outer loop
      vertex -14.25 13.6 84.0718
      vertex -10.4086 10.001 90.3055
      vertex -10.2781 10.028 90.2587
    endloop
  endfacet
  facet normal -0.797862 -5.57593e-06 -0.60284
    outer loop
      vertex -10 0 76.647
      vertex -14.25 10.4823 82.2718
      vertex -8.54432 0 74.7204
    endloop
  endfacet
  facet normal -0.797857 0 -0.602847
    outer loop
      vertex -14.25 10.4823 82.2718
      vertex -10 0 76.647
      vertex -10 -2.76566 76.647
    endloop
  endfacet
  facet normal 0.797857 0 -0.602847
    outer loop
      vertex 14.25 10.4823 82.2718
      vertex 10 -2.76566 76.647
      vertex 10 0 76.647
    endloop
  endfacet
  facet normal 0.797862 -5.57593e-06 -0.60284
    outer loop
      vertex 14.25 10.4823 82.2718
      vertex 10 0 76.647
      vertex 8.54432 0 74.7204
    endloop
  endfacet
  facet normal -0.222299 0.487334 -0.844446
    outer loop
      vertex -14.25 10.4823 82.2718
      vertex -8.42808 0 74.6898
      vertex -8.54432 0 74.7204
    endloop
  endfacet
  facet normal -0.221925 0.487531 -0.844431
    outer loop
      vertex -8.42808 0 74.6898
      vertex -14.25 10.4823 82.2718
      vertex -14.25 13.6 84.0718
    endloop
  endfacet
  facet normal 8.92853e-05 0.866053 0.499952
    outer loop
      vertex 9.59141 9.19905 91.6945
      vertex 14.25 5.6 97.9282
      vertex 9.72188 9.17202 91.7413
    endloop
  endfacet
  facet normal 1.64283e-05 0.866021 0.500007
    outer loop
      vertex -14.25 5.6 97.9282
      vertex -9.85921 9.15554 91.7698
      vertex -10 9.15 91.7794
    endloop
  endfacet
  facet normal -3.46078e-05 0.866013 0.500022
    outer loop
      vertex 9.47099 9.23594 91.6306
      vertex 14.25 5.6 97.9282
      vertex 9.59141 9.19905 91.6945
    endloop
  endfacet
  facet normal -0.00018935 0.866085 0.499897
    outer loop
      vertex -14.25 5.6 97.9282
      vertex -9.72188 9.17202 91.7413
      vertex -9.85921 9.15554 91.7698
    endloop
  endfacet
  facet normal -0.000728267 0.865785 0.500416
    outer loop
      vertex 9.3636 9.2818 91.5511
      vertex 14.25 5.6 97.9282
      vertex 9.47099 9.23594 91.6306
    endloop
  endfacet
  facet normal -8.92853e-05 0.866053 0.499952
    outer loop
      vertex -14.25 5.6 97.9282
      vertex -9.59141 9.19905 91.6945
      vertex -9.72188 9.17202 91.7413
    endloop
  endfacet
  facet normal 0 0.866027 0.499998
    outer loop
      vertex 14.25 5.6 97.9282
      vertex 9.3636 9.2818 91.5511
      vertex -14.25 5.6 97.9282
    endloop
  endfacet
  facet normal 3.46078e-05 0.866013 0.500022
    outer loop
      vertex -14.25 5.6 97.9282
      vertex -9.47099 9.23594 91.6306
      vertex -9.59141 9.19905 91.6945
    endloop
  endfacet
  facet normal -0 0.866027 0.499998
    outer loop
      vertex -9.3636 9.2818 91.5511
      vertex -14.25 5.6 97.9282
      vertex 9.3636 9.2818 91.5511
    endloop
  endfacet
  facet normal 0.000728267 0.865785 0.500416
    outer loop
      vertex -14.25 5.6 97.9282
      vertex -9.3636 9.2818 91.5511
      vertex -9.47099 9.23594 91.6306
    endloop
  endfacet
  facet normal 0 0.865999 0.500045
    outer loop
      vertex 9.27188 9.3355 91.4581
      vertex -9.3636 9.2818 91.5511
      vertex 9.3636 9.2818 91.5511
    endloop
  endfacet
  facet normal 0 0.865999 0.500045
    outer loop
      vertex 9.27188 9.3355 91.4581
      vertex -9.27188 9.3355 91.4581
      vertex -9.3636 9.2818 91.5511
    endloop
  endfacet
  facet normal 0 0.865881 0.50025
    outer loop
      vertex 9.19809 9.3957 91.3539
      vertex -9.27188 9.3355 91.4581
      vertex 9.27188 9.3355 91.4581
    endloop
  endfacet
  facet normal 0 0.865881 0.50025
    outer loop
      vertex 9.19809 9.3957 91.3539
      vertex -9.19809 9.3957 91.3539
      vertex -9.27188 9.3355 91.4581
    endloop
  endfacet
  facet normal 0 0.866027 0.499997
    outer loop
      vertex 9.14405 9.46094 91.2409
      vertex -9.19809 9.3957 91.3539
      vertex 9.19809 9.3957 91.3539
    endloop
  endfacet
  facet normal 0 0.866027 0.499997
    outer loop
      vertex 9.14405 9.46094 91.2409
      vertex -9.14405 9.46094 91.2409
      vertex -9.19809 9.3957 91.3539
    endloop
  endfacet
  facet normal 0 0.866166 0.499756
    outer loop
      vertex 9.11108 9.5296 91.1219
      vertex -9.14405 9.46094 91.2409
      vertex 9.14405 9.46094 91.2409
    endloop
  endfacet
  facet normal 0 0.866166 0.499756
    outer loop
      vertex 9.11108 9.5296 91.1219
      vertex -9.11108 9.5296 91.1219
      vertex -9.14405 9.46094 91.2409
    endloop
  endfacet
  facet normal 0 0.865961 0.500112
    outer loop
      vertex 9.1 9.6 91
      vertex -9.11108 9.5296 91.1219
      vertex 9.11108 9.5296 91.1219
    endloop
  endfacet
  facet normal 0 0.865961 0.500112
    outer loop
      vertex 9.1 9.6 91
      vertex -9.1 9.6 91
      vertex -9.11108 9.5296 91.1219
    endloop
  endfacet
  facet normal 0 0.865992 0.500059
    outer loop
      vertex 9.11108 9.67039 90.8781
      vertex -9.1 9.6 91
      vertex 9.1 9.6 91
    endloop
  endfacet
  facet normal 0 0.865992 0.500059
    outer loop
      vertex 9.11108 9.67039 90.8781
      vertex -9.11108 9.67039 90.8781
      vertex -9.1 9.6 91
    endloop
  endfacet
  facet normal 0 0.866135 0.499811
    outer loop
      vertex 9.14405 9.73906 90.7591
      vertex -9.11108 9.67039 90.8781
      vertex 9.11108 9.67039 90.8781
    endloop
  endfacet
  facet normal 0 0.866135 0.499811
    outer loop
      vertex 9.14405 9.73906 90.7591
      vertex -9.14405 9.73906 90.7591
      vertex -9.11108 9.67039 90.8781
    endloop
  endfacet
  facet normal 0 0.866027 0.499997
    outer loop
      vertex 9.19809 9.8043 90.6461
      vertex -9.14405 9.73906 90.7591
      vertex 9.14405 9.73906 90.7591
    endloop
  endfacet
  facet normal 0 0.866027 0.499997
    outer loop
      vertex 9.19809 9.8043 90.6461
      vertex -9.19809 9.8043 90.6461
      vertex -9.14405 9.73906 90.7591
    endloop
  endfacet
  facet normal 0 0.865881 0.50025
    outer loop
      vertex 9.27188 9.8645 90.5419
      vertex -9.19809 9.8043 90.6461
      vertex 9.19809 9.8043 90.6461
    endloop
  endfacet
  facet normal 0 0.865881 0.50025
    outer loop
      vertex 9.27188 9.8645 90.5419
      vertex -9.27188 9.8645 90.5419
      vertex -9.19809 9.8043 90.6461
    endloop
  endfacet
  facet normal 0 0.865999 0.500045
    outer loop
      vertex 9.3636 9.9182 90.4489
      vertex -9.27188 9.8645 90.5419
      vertex 9.27188 9.8645 90.5419
    endloop
  endfacet
  facet normal 0 0.865999 0.500045
    outer loop
      vertex 9.3636 9.9182 90.4489
      vertex -9.3636 9.9182 90.4489
      vertex -9.27188 9.8645 90.5419
    endloop
  endfacet
  facet normal 0 0.866211 0.499678
    outer loop
      vertex 9.47099 9.96406 90.3694
      vertex -9.3636 9.9182 90.4489
      vertex 9.3636 9.9182 90.4489
    endloop
  endfacet
  facet normal 0 0.866211 0.499678
    outer loop
      vertex 9.47099 9.96406 90.3694
      vertex -9.47099 9.96406 90.3694
      vertex -9.3636 9.9182 90.4489
    endloop
  endfacet
  facet normal 0 0.865748 0.500481
    outer loop
      vertex 9.59141 10.001 90.3055
      vertex -9.47099 9.96406 90.3694
      vertex 9.47099 9.96406 90.3694
    endloop
  endfacet
  facet normal 0 0.865748 0.500481
    outer loop
      vertex 9.59141 10.001 90.3055
      vertex -9.59141 10.001 90.3055
      vertex -9.47099 9.96406 90.3694
    endloop
  endfacet
  facet normal 0 0.866186 0.499722
    outer loop
      vertex 9.72188 10.028 90.2587
      vertex -9.59141 10.001 90.3055
      vertex 9.59141 10.001 90.3055
    endloop
  endfacet
  facet normal 0 0.866186 0.499722
    outer loop
      vertex -9.59141 10.001 90.3055
      vertex 9.72188 10.028 90.2587
      vertex -9.72188 10.028 90.2587
    endloop
  endfacet
  facet normal -1.64283e-05 0.866021 0.500007
    outer loop
      vertex 9.85921 9.15554 91.7698
      vertex 14.25 5.6 97.9282
      vertex 10 9.15 91.7794
    endloop
  endfacet
  facet normal 1.49486e-05 0.866031 0.499991
    outer loop
      vertex 14.25 5.6 97.9282
      vertex 10.1408 9.15554 91.7698
      vertex 10 9.15 91.7794
    endloop
  endfacet
  facet normal -0.000141721 0.865985 0.500069
    outer loop
      vertex 14.25 5.6 97.9282
      vertex 10.2781 9.17202 91.7413
      vertex 10.1408 9.15554 91.7698
    endloop
  endfacet
  facet normal -5.35077e-05 0.86601 0.500027
    outer loop
      vertex 14.25 5.6 97.9282
      vertex 10.4086 9.19905 91.6945
      vertex 10.2781 9.17202 91.7413
    endloop
  endfacet
  facet normal 1.57398e-05 0.866028 0.499995
    outer loop
      vertex 14.25 5.6 97.9282
      vertex 10.529 9.23594 91.6306
      vertex 10.4086 9.19905 91.6945
    endloop
  endfacet
  facet normal 0.000222087 0.866081 0.499904
    outer loop
      vertex 14.25 5.6 97.9282
      vertex 10.6364 9.2818 91.5511
      vertex 10.529 9.23594 91.6306
    endloop
  endfacet
  facet normal -4.03175e-05 0.866017 0.500015
    outer loop
      vertex 14.25 5.6 97.9282
      vertex 10.7281 9.3355 91.4581
      vertex 10.6364 9.2818 91.5511
    endloop
  endfacet
  facet normal -0.000267559 0.865963 0.500108
    outer loop
      vertex 14.25 5.6 97.9282
      vertex 10.8019 9.3957 91.3539
      vertex 10.7281 9.3355 91.4581
    endloop
  endfacet
  facet normal 0.000845935 0.866216 0.49967
    outer loop
      vertex 10.8019 9.3957 91.3539
      vertex 14.25 5.6 97.9282
      vertex 10.8227 9.42083 91.3103
    endloop
  endfacet
  facet normal 0.00018935 0.866085 0.499897
    outer loop
      vertex 9.72188 9.17202 91.7413
      vertex 14.25 5.6 97.9282
      vertex 9.85921 9.15554 91.7698
    endloop
  endfacet
  facet normal -1.49486e-05 0.866031 0.499991
    outer loop
      vertex -10.1408 9.15554 91.7698
      vertex -14.25 5.6 97.9282
      vertex -10 9.15 91.7794
    endloop
  endfacet
  facet normal 0.000141721 0.865985 0.500069
    outer loop
      vertex -10.2781 9.17202 91.7413
      vertex -14.25 5.6 97.9282
      vertex -10.1408 9.15554 91.7698
    endloop
  endfacet
  facet normal 5.35077e-05 0.86601 0.500027
    outer loop
      vertex -10.4086 9.19905 91.6945
      vertex -14.25 5.6 97.9282
      vertex -10.2781 9.17202 91.7413
    endloop
  endfacet
  facet normal -1.57398e-05 0.866028 0.499995
    outer loop
      vertex -10.529 9.23594 91.6306
      vertex -14.25 5.6 97.9282
      vertex -10.4086 9.19905 91.6945
    endloop
  endfacet
  facet normal -0.000222087 0.866081 0.499904
    outer loop
      vertex -10.6364 9.2818 91.5511
      vertex -14.25 5.6 97.9282
      vertex -10.529 9.23594 91.6306
    endloop
  endfacet
  facet normal 4.03175e-05 0.866017 0.500015
    outer loop
      vertex -10.7281 9.3355 91.4581
      vertex -14.25 5.6 97.9282
      vertex -10.6364 9.2818 91.5511
    endloop
  endfacet
  facet normal 0.000267559 0.865963 0.500108
    outer loop
      vertex -10.8019 9.3957 91.3539
      vertex -14.25 5.6 97.9282
      vertex -10.7281 9.3355 91.4581
    endloop
  endfacet
  facet normal -0.000845935 0.866216 0.49967
    outer loop
      vertex -14.25 5.6 97.9282
      vertex -10.8019 9.3957 91.3539
      vertex -10.8227 9.42083 91.3103
    endloop
  endfacet
  facet normal -0.878368 -0.477985 -0.000113075
    outer loop
      vertex -14.25 2.48231 96.1282
      vertex -11.5213 -2.53078 90.6089
      vertex -11.5381 -2.5 91
    endloop
  endfacet
  facet normal -0.878391 -0.477943 -0.00016165
    outer loop
      vertex -14.25 2.48231 96.1282
      vertex -11.4714 -2.62236 90.2275
      vertex -11.5213 -2.53078 90.6089
    endloop
  endfacet
  facet normal -0.87828 -0.478146 6.54575e-05
    outer loop
      vertex -14.25 2.48231 96.1282
      vertex -11.3897 -2.77248 89.865
      vertex -11.4714 -2.62236 90.2275
    endloop
  endfacet
  facet normal -0.878309 -0.478093 8.12571e-06
    outer loop
      vertex -10 -5.32566 81.081
      vertex -11.3897 -2.77248 89.865
      vertex -14.25 2.48231 96.1282
    endloop
  endfacet
  facet normal -0.878564 -0.477625 -0.000168134
    outer loop
      vertex -11.3897 -2.77248 89.865
      vertex -10 -5.32566 81.081
      vertex -11.2782 -2.97746 89.5305
    endloop
  endfacet
  facet normal -0.878266 -0.478173 2.92265e-05
    outer loop
      vertex -10 -5.32566 81.081
      vertex -11.1395 -3.23223 89.2322
      vertex -11.2782 -2.97746 89.5305
    endloop
  endfacet
  facet normal -0.878276 -0.478153 2.2571e-05
    outer loop
      vertex -10 -5.32566 81.081
      vertex -10.9771 -3.53054 88.9775
      vertex -11.1395 -3.23223 89.2322
    endloop
  endfacet
  facet normal -0.878268 -0.47817 2.74095e-05
    outer loop
      vertex -10 -5.32566 81.081
      vertex -10.795 -3.86502 88.7725
      vertex -10.9771 -3.53054 88.9775
    endloop
  endfacet
  facet normal -0.878405 -0.477917 -3.47441e-05
    outer loop
      vertex -10 -5.32566 81.081
      vertex -10.5978 -4.22746 88.6224
      vertex -10.795 -3.86502 88.7725
    endloop
  endfacet
  facet normal -0.878245 -0.478211 2.0668e-05
    outer loop
      vertex -10 -5.32566 81.081
      vertex -10.3901 -4.60891 88.5308
      vertex -10.5978 -4.22746 88.6224
    endloop
  endfacet
  facet normal -0.878388 -0.477948 -1.20934e-05
    outer loop
      vertex -10 -5.32566 81.081
      vertex -10.1773 -5 88.5
      vertex -10.3901 -4.60891 88.5308
    endloop
  endfacet
  facet normal -0.878273 -0.47816 0
    outer loop
      vertex -10.1773 -5 88.5
      vertex -10 -5.32566 81.081
      vertex -10 -5.32566 88.5256
    endloop
  endfacet
  facet normal -0.878278 -0.478151 9.61181e-05
    outer loop
      vertex -11.5213 -2.53078 91.3911
      vertex -14.25 2.48231 96.1282
      vertex -11.5381 -2.5 91
    endloop
  endfacet
  facet normal -0.878278 -0.478151 9.6912e-05
    outer loop
      vertex -11.4714 -2.62236 91.7725
      vertex -14.25 2.48231 96.1282
      vertex -11.5213 -2.53078 91.3911
    endloop
  endfacet
  facet normal -0.878321 -0.478071 -2.52145e-05
    outer loop
      vertex -11.3897 -2.77248 92.135
      vertex -14.25 2.48231 96.1282
      vertex -11.4714 -2.62236 91.7725
    endloop
  endfacet
  facet normal -0.878356 -0.478007 -0.000134744
    outer loop
      vertex -11.2782 -2.97746 92.4695
      vertex -14.25 2.48231 96.1282
      vertex -11.3897 -2.77248 92.135
    endloop
  endfacet
  facet normal -0.878304 -0.478102 4.95999e-05
    outer loop
      vertex -11.1395 -3.23223 92.7678
      vertex -14.25 2.48231 96.1282
      vertex -11.2782 -2.97746 92.4695
    endloop
  endfacet
  facet normal -0.878304 -0.478103 5.29001e-05
    outer loop
      vertex -10.9771 -3.53054 93.0225
      vertex -14.25 2.48231 96.1282
      vertex -11.1395 -3.23223 92.7678
    endloop
  endfacet
  facet normal -0.878297 -0.478116 8.52197e-05
    outer loop
      vertex -10.795 -3.86502 93.2275
      vertex -14.25 2.48231 96.1282
      vertex -10.9771 -3.53054 93.0225
    endloop
  endfacet
  facet normal -0.878409 -0.47791 5.79529e-05
    outer loop
      vertex -10 -5.32566 98.081
      vertex -10.795 -3.86502 93.2275
      vertex -10.5978 -4.22746 93.3776
    endloop
  endfacet
  facet normal -0.878244 -0.478213 -3.38796e-05
    outer loop
      vertex -10 -5.32566 98.081
      vertex -10.5978 -4.22746 93.3776
      vertex -10.3901 -4.60891 93.4692
    endloop
  endfacet
  facet normal -0.878388 -0.477947 1.96277e-05
    outer loop
      vertex -10 -5.32566 98.081
      vertex -10.3901 -4.60891 93.4692
      vertex -10.1773 -5 93.5
    endloop
  endfacet
  facet normal -0.878273 -0.47816 -0
    outer loop
      vertex -10 -5.32566 98.081
      vertex -10.1773 -5 93.5
      vertex -10 -5.32566 93.4744
    endloop
  endfacet
  facet normal -0.878315 -0.478083 -9.62061e-06
    outer loop
      vertex -10.795 -3.86502 93.2275
      vertex -10 -5.32566 98.081
      vertex -14.25 2.48231 96.1282
    endloop
  endfacet
  facet normal -0.796321 -0.302437 0.523836
    outer loop
      vertex -14.25 2.48231 96.1282
      vertex -10 -4.328 98.657
      vertex -14.25 5.6 97.9282
    endloop
  endfacet
  facet normal -0.796321 -0.302437 0.523836
    outer loop
      vertex -10 -4.328 98.657
      vertex -14.25 2.48231 96.1282
      vertex -10 -5.32566 98.081
    endloop
  endfacet
  facet normal 0.878278 -0.478151 9.61181e-05
    outer loop
      vertex 14.25 2.48231 96.1282
      vertex 11.5213 -2.53078 91.3911
      vertex 11.5381 -2.5 91
    endloop
  endfacet
  facet normal 0.878278 -0.478151 9.6912e-05
    outer loop
      vertex 14.25 2.48231 96.1282
      vertex 11.4714 -2.62236 91.7725
      vertex 11.5213 -2.53078 91.3911
    endloop
  endfacet
  facet normal 0.878321 -0.478071 -2.52145e-05
    outer loop
      vertex 14.25 2.48231 96.1282
      vertex 11.3897 -2.77248 92.135
      vertex 11.4714 -2.62236 91.7725
    endloop
  endfacet
  facet normal 0.878356 -0.478007 -0.000134744
    outer loop
      vertex 14.25 2.48231 96.1282
      vertex 11.2782 -2.97746 92.4695
      vertex 11.3897 -2.77248 92.135
    endloop
  endfacet
  facet normal 0.878304 -0.478102 4.95999e-05
    outer loop
      vertex 14.25 2.48231 96.1282
      vertex 11.1395 -3.23223 92.7678
      vertex 11.2782 -2.97746 92.4695
    endloop
  endfacet
  facet normal 0.878304 -0.478103 5.29001e-05
    outer loop
      vertex 14.25 2.48231 96.1282
      vertex 10.9771 -3.53054 93.0225
      vertex 11.1395 -3.23223 92.7678
    endloop
  endfacet
  facet normal 0.878297 -0.478116 8.52197e-05
    outer loop
      vertex 14.25 2.48231 96.1282
      vertex 10.795 -3.86502 93.2275
      vertex 10.9771 -3.53054 93.0225
    endloop
  endfacet
  facet normal 0.878315 -0.478083 -9.62061e-06
    outer loop
      vertex 10 -5.32566 98.081
      vertex 10.795 -3.86502 93.2275
      vertex 14.25 2.48231 96.1282
    endloop
  endfacet
  facet normal 0.878409 -0.47791 5.79529e-05
    outer loop
      vertex 10.795 -3.86502 93.2275
      vertex 10 -5.32566 98.081
      vertex 10.5978 -4.22746 93.3776
    endloop
  endfacet
  facet normal 0.878244 -0.478213 -3.38796e-05
    outer loop
      vertex 10.5978 -4.22746 93.3776
      vertex 10 -5.32566 98.081
      vertex 10.3901 -4.60891 93.4692
    endloop
  endfacet
  facet normal 0.878388 -0.477947 1.96277e-05
    outer loop
      vertex 10.3901 -4.60891 93.4692
      vertex 10 -5.32566 98.081
      vertex 10.1773 -5 93.5
    endloop
  endfacet
  facet normal 0.878273 -0.47816 0
    outer loop
      vertex 10.1773 -5 93.5
      vertex 10 -5.32566 98.081
      vertex 10 -5.32566 93.4744
    endloop
  endfacet
  facet normal 0.878368 -0.477985 -0.000113075
    outer loop
      vertex 11.5213 -2.53078 90.6089
      vertex 14.25 2.48231 96.1282
      vertex 11.5381 -2.5 91
    endloop
  endfacet
  facet normal 0.878391 -0.477943 -0.00016165
    outer loop
      vertex 11.4714 -2.62236 90.2275
      vertex 14.25 2.48231 96.1282
      vertex 11.5213 -2.53078 90.6089
    endloop
  endfacet
  facet normal 0.87828 -0.478146 6.54575e-05
    outer loop
      vertex 11.3897 -2.77248 89.865
      vertex 14.25 2.48231 96.1282
      vertex 11.4714 -2.62236 90.2275
    endloop
  endfacet
  facet normal 0.878564 -0.477625 -0.000168134
    outer loop
      vertex 10 -5.32566 81.081
      vertex 11.3897 -2.77248 89.865
      vertex 11.2782 -2.97746 89.5305
    endloop
  endfacet
  facet normal 0.878309 -0.478093 8.12571e-06
    outer loop
      vertex 11.3897 -2.77248 89.865
      vertex 10 -5.32566 81.081
      vertex 14.25 2.48231 96.1282
    endloop
  endfacet
  facet normal 0.878266 -0.478173 2.92265e-05
    outer loop
      vertex 11.1395 -3.23223 89.2322
      vertex 10 -5.32566 81.081
      vertex 11.2782 -2.97746 89.5305
    endloop
  endfacet
  facet normal 0.878276 -0.478153 2.2571e-05
    outer loop
      vertex 10.9771 -3.53054 88.9775
      vertex 10 -5.32566 81.081
      vertex 11.1395 -3.23223 89.2322
    endloop
  endfacet
  facet normal 0.878268 -0.47817 2.74095e-05
    outer loop
      vertex 10.795 -3.86502 88.7725
      vertex 10 -5.32566 81.081
      vertex 10.9771 -3.53054 88.9775
    endloop
  endfacet
  facet normal 0.878405 -0.477917 -3.47441e-05
    outer loop
      vertex 10.5978 -4.22746 88.6224
      vertex 10 -5.32566 81.081
      vertex 10.795 -3.86502 88.7725
    endloop
  endfacet
  facet normal 0.878245 -0.478211 2.0668e-05
    outer loop
      vertex 10.3901 -4.60891 88.5308
      vertex 10 -5.32566 81.081
      vertex 10.5978 -4.22746 88.6224
    endloop
  endfacet
  facet normal 0.878388 -0.477948 -1.20934e-05
    outer loop
      vertex 10.1773 -5 88.5
      vertex 10 -5.32566 81.081
      vertex 10.3901 -4.60891 88.5308
    endloop
  endfacet
  facet normal 0.878273 -0.47816 0
    outer loop
      vertex 10 -5.32566 81.081
      vertex 10.1773 -5 88.5
      vertex 10 -5.32566 88.5256
    endloop
  endfacet
  facet normal 1 0 0
    outer loop
      vertex 14.25 5.6 97.9282
      vertex 14.25 10.4823 82.2718
      vertex 14.25 13.6 84.0718
    endloop
  endfacet
  facet normal 1 0 0
    outer loop
      vertex 14.25 10.4823 82.2718
      vertex 14.25 5.6 97.9282
      vertex 14.25 2.48231 96.1282
    endloop
  endfacet
  facet normal 0.958482 -0.24695 -0.142576
    outer loop
      vertex 10 -5.32566 81.081
      vertex 14.25 10.4823 82.2718
      vertex 14.25 2.48231 96.1282
    endloop
  endfacet
  facet normal 0.958482 -0.246949 -0.142578
    outer loop
      vertex 14.25 10.4823 82.2718
      vertex 10 -5.32566 81.081
      vertex 10 -2.76566 76.647
    endloop
  endfacet
  facet normal 0.169037 -1.7004e-05 0.98561
    outer loop
      vertex 14.25 5.6 97.9282
      vertex 8.94697 0 98.8376
      vertex 10 0 98.657
    endloop
  endfacet
  facet normal 0.169015 0 0.985613
    outer loop
      vertex 14.25 5.6 97.9282
      vertex 10 0 98.657
      vertex 10 -4.328 98.657
    endloop
  endfacet
  facet normal 0 0.567843 -0.823137
    outer loop
      vertex -8.42808 0 74.6898
      vertex 14.25 13.6 84.0718
      vertex 8.42808 0 74.6898
    endloop
  endfacet
  facet normal 0 0.567843 -0.823137
    outer loop
      vertex 14.25 13.6 84.0718
      vertex -8.42808 0 74.6898
      vertex -14.25 13.6 84.0718
    endloop
  endfacet
  facet normal 0.796321 -0.302437 0.523836
    outer loop
      vertex 10 -4.328 98.657
      vertex 14.25 2.48231 96.1282
      vertex 14.25 5.6 97.9282
    endloop
  endfacet
  facet normal 0.796321 -0.302437 0.523836
    outer loop
      vertex 14.25 2.48231 96.1282
      vertex 10 -4.328 98.657
      vertex 10 -5.32566 98.081
    endloop
  endfacet
  facet normal 0.222299 0.487334 -0.844446
    outer loop
      vertex 8.42808 0 74.6898
      vertex 14.25 10.4823 82.2718
      vertex 8.54432 0 74.7204
    endloop
  endfacet
  facet normal 0.221925 0.487531 -0.844431
    outer loop
      vertex 14.25 10.4823 82.2718
      vertex 8.42808 0 74.6898
      vertex 14.25 13.6 84.0718
    endloop
  endfacet
  facet normal -0.958482 -0.246949 -0.142578
    outer loop
      vertex -10 -5.32566 81.081
      vertex -14.25 10.4823 82.2718
      vertex -10 -2.76566 76.647
    endloop
  endfacet
  facet normal -0.958482 -0.24695 -0.142576
    outer loop
      vertex -14.25 10.4823 82.2718
      vertex -10 -5.32566 81.081
      vertex -14.25 2.48231 96.1282
    endloop
  endfacet
  facet normal -1 0 0
    outer loop
      vertex -14.25 10.4823 82.2718
      vertex -14.25 5.6 97.9282
      vertex -14.25 13.6 84.0718
    endloop
  endfacet
  facet normal -1 0 -0
    outer loop
      vertex -14.25 5.6 97.9282
      vertex -14.25 10.4823 82.2718
      vertex -14.25 2.48231 96.1282
    endloop
  endfacet
  facet normal -5.6101e-06 0.939691 0.342024
    outer loop
      vertex 14.25 12.3362 57.4825
      vertex 10.9 9.6 65
      vertex 14.25 6.86384 72.5175
    endloop
  endfacet
  facet normal -0.894247 -0.447573 -0.000216148
    outer loop
      vertex -14.25 3.48095 71.2863
      vertex -11.2395 -2.53078 64.6089
      vertex -11.255 -2.5 65
    endloop
  endfacet
  facet normal -0.894065 -0.447937 0.000193747
    outer loop
      vertex -14.25 3.48095 71.2863
      vertex -11.1937 -2.62236 64.2275
      vertex -11.2395 -2.53078 64.6089
    endloop
  endfacet
  facet normal -0.894211 -0.447645 -0.000121906
    outer loop
      vertex -14.25 3.48095 71.2863
      vertex -11.1185 -2.77248 63.865
      vertex -11.1937 -2.62236 64.2275
    endloop
  endfacet
  facet normal -0.894152 -0.447764 2.96696e-06
    outer loop
      vertex -10 -5.0061 55.4516
      vertex -11.1185 -2.77248 63.865
      vertex -14.25 3.48095 71.2863
    endloop
  endfacet
  facet normal -0.894295 -0.447477 -9.21512e-05
    outer loop
      vertex -11.1185 -2.77248 63.865
      vertex -10 -5.0061 55.4516
      vertex -11.0159 -2.97746 63.5305
    endloop
  endfacet
  facet normal -0.894115 -0.447836 2.06873e-05
    outer loop
      vertex -10 -5.0061 55.4516
      vertex -10.8883 -3.23223 63.2322
      vertex -11.0159 -2.97746 63.5305
    endloop
  endfacet
  facet normal -0.894129 -0.44781 1.3109e-05
    outer loop
      vertex -10 -5.0061 55.4516
      vertex -10.7389 -3.53054 62.9775
      vertex -10.8883 -3.23223 63.2322
    endloop
  endfacet
  facet normal -0.894148 -0.447771 3.64478e-06
    outer loop
      vertex -10 -5.0061 55.4516
      vertex -10.5714 -3.86502 62.7725
      vertex -10.7389 -3.53054 62.9775
    endloop
  endfacet
  facet normal -0.89415 -0.447767 2.8113e-06
    outer loop
      vertex -10 -5.0061 55.4516
      vertex -10.3899 -4.22746 62.6224
      vertex -10.5714 -3.86502 62.7725
    endloop
  endfacet
  facet normal -0.894169 -0.447729 -2.38816e-06
    outer loop
      vertex -10 -5.0061 55.4516
      vertex -10.1989 -4.60891 62.5308
      vertex -10.3899 -4.22746 62.6224
    endloop
  endfacet
  facet normal -0.894194 -0.44768 -5.83905e-06
    outer loop
      vertex -10 -5.0061 55.4516
      vertex -10.0031 -5 62.5
      vertex -10.1989 -4.60891 62.5308
    endloop
  endfacet
  facet normal -0.891485 -0.45305 0
    outer loop
      vertex -10.0031 -5 62.5
      vertex -10 -5.0061 55.4516
      vertex -10 -5.0061 62.5005
    endloop
  endfacet
  facet normal -0.894079 -0.447909 0.000183086
    outer loop
      vertex -11.2395 -2.53078 65.3911
      vertex -14.25 3.48095 71.2863
      vertex -11.255 -2.5 65
    endloop
  endfacet
  facet normal -0.894196 -0.447675 -0.000115014
    outer loop
      vertex -11.1937 -2.62236 65.7725
      vertex -14.25 3.48095 71.2863
      vertex -11.2395 -2.53078 65.3911
    endloop
  endfacet
  facet normal -0.894138 -0.447791 4.62207e-05
    outer loop
      vertex -11.1185 -2.77248 66.135
      vertex -14.25 3.48095 71.2863
      vertex -11.1937 -2.62236 65.7725
    endloop
  endfacet
  facet normal -0.894181 -0.447706 -8.32205e-05
    outer loop
      vertex -11.0159 -2.97746 66.4695
      vertex -14.25 3.48095 71.2863
      vertex -11.1185 -2.77248 66.135
    endloop
  endfacet
  facet normal -0.894144 -0.44778 4.01065e-05
    outer loop
      vertex -10.8883 -3.23223 66.7678
      vertex -14.25 3.48095 71.2863
      vertex -11.0159 -2.97746 66.4695
    endloop
  endfacet
  facet normal -0.894145 -0.447777 3.51969e-05
    outer loop
      vertex -10.7389 -3.53054 67.0225
      vertex -14.25 3.48095 71.2863
      vertex -10.8883 -3.23223 66.7678
    endloop
  endfacet
  facet normal -0.894148 -0.447772 -5.3338e-06
    outer loop
      vertex -10 -5.0061 72.4516
      vertex -10.7389 -3.53054 67.0225
      vertex -10.5714 -3.86502 67.2275
    endloop
  endfacet
  facet normal -0.89415 -0.447767 -4.05189e-06
    outer loop
      vertex -10 -5.0061 72.4516
      vertex -10.5714 -3.86502 67.2275
      vertex -10.3899 -4.22746 67.3776
    endloop
  endfacet
  facet normal -0.89417 -0.447729 3.41282e-06
    outer loop
      vertex -10 -5.0061 72.4516
      vertex -10.3899 -4.22746 67.3776
      vertex -10.1989 -4.60891 67.4692
    endloop
  endfacet
  facet normal -0.894194 -0.447679 8.3119e-06
    outer loop
      vertex -10 -5.0061 72.4516
      vertex -10.1989 -4.60891 67.4692
      vertex -10.0031 -5 67.5
    endloop
  endfacet
  facet normal -0.891485 -0.45305 -0
    outer loop
      vertex -10 -5.0061 72.4516
      vertex -10.0031 -5 67.5
      vertex -10 -5.0061 67.4995
    endloop
  endfacet
  facet normal -0.894154 -0.447759 -9.82797e-07
    outer loop
      vertex -10.7389 -3.53054 67.0225
      vertex -10 -5.0061 72.4516
      vertex -14.25 3.48095 71.2863
    endloop
  endfacet
  facet normal -2.65162e-05 0.939685 0.342042
    outer loop
      vertex -9.72188 9.89275 64.1957
      vertex -14.25 12.3362 57.4825
      vertex -9.85921 9.90403 64.1647
    endloop
  endfacet
  facet normal 2.95876e-05 0.939685 0.342042
    outer loop
      vertex 10.1408 9.90403 64.1647
      vertex 14.25 12.3362 57.4825
      vertex 10 9.90782 64.1543
    endloop
  endfacet
  facet normal -1.98344e-05 0.939694 0.342015
    outer loop
      vertex 10.2781 9.89275 64.1957
      vertex 14.25 12.3362 57.4825
      vertex 10.1408 9.90403 64.1647
    endloop
  endfacet
  facet normal -5.86953e-05 0.939702 0.341995
    outer loop
      vertex 10.4086 9.87427 64.2465
      vertex 14.25 12.3362 57.4825
      vertex 10.2781 9.89275 64.1957
    endloop
  endfacet
  facet normal 9.70557e-05 0.939673 0.342073
    outer loop
      vertex 10.529 9.84903 64.3158
      vertex 14.25 12.3362 57.4825
      vertex 10.4086 9.87427 64.2465
    endloop
  endfacet
  facet normal -2.9789e-05 0.939696 0.342012
    outer loop
      vertex 10.6364 9.81766 64.402
      vertex 14.25 12.3362 57.4825
      vertex 10.529 9.84903 64.3158
    endloop
  endfacet
  facet normal 3.06124e-05 0.939685 0.34204
    outer loop
      vertex 10.7281 9.78093 64.5029
      vertex 14.25 12.3362 57.4825
      vertex 10.6364 9.81766 64.402
    endloop
  endfacet
  facet normal -0.000160406 0.939716 0.341955
    outer loop
      vertex 10.8019 9.73975 64.6161
      vertex 14.25 12.3362 57.4825
      vertex 10.7281 9.78093 64.5029
    endloop
  endfacet
  facet normal 5.55421e-05 0.939683 0.342048
    outer loop
      vertex 10.856 9.69512 64.7387
      vertex 14.25 12.3362 57.4825
      vertex 10.8019 9.73975 64.6161
    endloop
  endfacet
  facet normal 0.00017277 0.939665 0.342096
    outer loop
      vertex 10.8889 9.64815 64.8677
      vertex 14.25 12.3362 57.4825
      vertex 10.856 9.69512 64.7387
    endloop
  endfacet
  facet normal -5.64462e-05 0.939699 0.342004
    outer loop
      vertex 14.25 12.3362 57.4825
      vertex 10.8889 9.64815 64.8677
      vertex 10.9 9.6 65
    endloop
  endfacet
  facet normal 0 0.9397 0.342
    outer loop
      vertex 9.11108 9.64815 64.8677
      vertex -9.1 9.6 65
      vertex 9.1 9.6 65
    endloop
  endfacet
  facet normal 0 0.9397 0.342
    outer loop
      vertex 9.11108 9.64815 64.8677
      vertex -9.11108 9.64815 64.8677
      vertex -9.1 9.6 65
    endloop
  endfacet
  facet normal 0 0.939651 0.342135
    outer loop
      vertex 9.14405 9.69512 64.7387
      vertex -9.11108 9.64815 64.8677
      vertex 9.11108 9.64815 64.8677
    endloop
  endfacet
  facet normal 0 0.939651 0.342135
    outer loop
      vertex 9.14405 9.69512 64.7387
      vertex -9.14405 9.69512 64.7387
      vertex -9.11108 9.64815 64.8677
    endloop
  endfacet
  facet normal 0 0.939675 0.342069
    outer loop
      vertex 9.19809 9.73975 64.6161
      vertex -9.14405 9.69512 64.7387
      vertex 9.14405 9.69512 64.7387
    endloop
  endfacet
  facet normal 0 0.939675 0.342069
    outer loop
      vertex 9.19809 9.73975 64.6161
      vertex -9.19809 9.73975 64.6161
      vertex -9.14405 9.69512 64.7387
    endloop
  endfacet
  facet normal 0 0.93975 0.341863
    outer loop
      vertex 9.27188 9.78093 64.5029
      vertex -9.19809 9.73975 64.6161
      vertex 9.19809 9.73975 64.6161
    endloop
  endfacet
  facet normal 0 0.93975 0.341863
    outer loop
      vertex 9.27188 9.78093 64.5029
      vertex -9.27188 9.78093 64.5029
      vertex -9.19809 9.73975 64.6161
    endloop
  endfacet
  facet normal 0 0.939676 0.342065
    outer loop
      vertex 9.3636 9.81766 64.402
      vertex -9.27188 9.78093 64.5029
      vertex 9.27188 9.78093 64.5029
    endloop
  endfacet
  facet normal 0 0.939676 0.342065
    outer loop
      vertex 9.3636 9.81766 64.402
      vertex -9.3636 9.81766 64.402
      vertex -9.27188 9.78093 64.5029
    endloop
  endfacet
  facet normal 0 0.939707 0.341979
    outer loop
      vertex 9.47099 9.84903 64.3158
      vertex -9.3636 9.81766 64.402
      vertex 9.3636 9.81766 64.402
    endloop
  endfacet
  facet normal 0 0.939707 0.341979
    outer loop
      vertex 9.47099 9.84903 64.3158
      vertex -9.47099 9.84903 64.3158
      vertex -9.3636 9.81766 64.402
    endloop
  endfacet
  facet normal -0.00021332 0.939738 0.341895
    outer loop
      vertex 14.25 12.3362 57.4825
      vertex 9.47099 9.84903 64.3158
      vertex 9.59141 9.87427 64.2465
    endloop
  endfacet
  facet normal 0 0.93969 0.342026
    outer loop
      vertex 9.47099 9.84903 64.3158
      vertex 14.25 12.3362 57.4825
      vertex -9.47099 9.84903 64.3158
    endloop
  endfacet
  facet normal 9.79531e-05 0.939669 0.342084
    outer loop
      vertex 14.25 12.3362 57.4825
      vertex 9.59141 9.87427 64.2465
      vertex 9.72188 9.89275 64.1957
    endloop
  endfacet
  facet normal -0 0.93969 0.342026
    outer loop
      vertex -14.25 12.3362 57.4825
      vertex -9.47099 9.84903 64.3158
      vertex 14.25 12.3362 57.4825
    endloop
  endfacet
  facet normal 2.65162e-05 0.939685 0.342042
    outer loop
      vertex 14.25 12.3362 57.4825
      vertex 9.72188 9.89275 64.1957
      vertex 9.85921 9.90403 64.1647
    endloop
  endfacet
  facet normal 0.00021332 0.939738 0.341895
    outer loop
      vertex -9.47099 9.84903 64.3158
      vertex -14.25 12.3362 57.4825
      vertex -9.59141 9.87427 64.2465
    endloop
  endfacet
  facet normal -3.25122e-05 0.939697 0.342007
    outer loop
      vertex 14.25 12.3362 57.4825
      vertex 9.85921 9.90403 64.1647
      vertex 10 9.90782 64.1543
    endloop
  endfacet
  facet normal -9.79531e-05 0.939669 0.342084
    outer loop
      vertex -9.59141 9.87427 64.2465
      vertex -14.25 12.3362 57.4825
      vertex -9.72188 9.89275 64.1957
    endloop
  endfacet
  facet normal 3.25122e-05 0.939697 0.342007
    outer loop
      vertex -9.85921 9.90403 64.1647
      vertex -14.25 12.3362 57.4825
      vertex -10 9.90782 64.1543
    endloop
  endfacet
  facet normal -2.95876e-05 0.939685 0.342042
    outer loop
      vertex -10 9.90782 64.1543
      vertex -14.25 12.3362 57.4825
      vertex -10.1408 9.90403 64.1647
    endloop
  endfacet
  facet normal 5.64462e-05 0.939699 0.342004
    outer loop
      vertex -10.8889 9.64815 64.8677
      vertex -14.25 12.3362 57.4825
      vertex -10.9 9.6 65
    endloop
  endfacet
  facet normal -0.00017277 0.939665 0.342096
    outer loop
      vertex -10.856 9.69512 64.7387
      vertex -14.25 12.3362 57.4825
      vertex -10.8889 9.64815 64.8677
    endloop
  endfacet
  facet normal -5.55421e-05 0.939683 0.342048
    outer loop
      vertex -10.8019 9.73975 64.6161
      vertex -14.25 12.3362 57.4825
      vertex -10.856 9.69512 64.7387
    endloop
  endfacet
  facet normal 0.000160406 0.939716 0.341955
    outer loop
      vertex -10.7281 9.78093 64.5029
      vertex -14.25 12.3362 57.4825
      vertex -10.8019 9.73975 64.6161
    endloop
  endfacet
  facet normal -3.06124e-05 0.939685 0.34204
    outer loop
      vertex -10.6364 9.81766 64.402
      vertex -14.25 12.3362 57.4825
      vertex -10.7281 9.78093 64.5029
    endloop
  endfacet
  facet normal 2.9789e-05 0.939696 0.342012
    outer loop
      vertex -10.529 9.84903 64.3158
      vertex -14.25 12.3362 57.4825
      vertex -10.6364 9.81766 64.402
    endloop
  endfacet
  facet normal -9.70557e-05 0.939673 0.342073
    outer loop
      vertex -10.4086 9.87427 64.2465
      vertex -14.25 12.3362 57.4825
      vertex -10.529 9.84903 64.3158
    endloop
  endfacet
  facet normal 5.86953e-05 0.939702 0.341995
    outer loop
      vertex -10.2781 9.89275 64.1957
      vertex -14.25 12.3362 57.4825
      vertex -10.4086 9.87427 64.2465
    endloop
  endfacet
  facet normal 1.98344e-05 0.939694 0.342015
    outer loop
      vertex -10.1408 9.90403 64.1647
      vertex -14.25 12.3362 57.4825
      vertex -10.2781 9.89275 64.1957
    endloop
  endfacet
  facet normal 1 0 0
    outer loop
      vertex 14.25 6.86384 72.5175
      vertex 14.25 8.95327 56.2512
      vertex 14.25 12.3362 57.4825
    endloop
  endfacet
  facet normal 1 0 0
    outer loop
      vertex 14.25 8.95327 56.2512
      vertex 14.25 6.86384 72.5175
      vertex 14.25 3.48095 71.2863
    endloop
  endfacet
  facet normal -0.68515 -0.249115 0.684479
    outer loop
      vertex -14.25 3.48095 71.2863
      vertex -10 -3.92357 72.8456
      vertex -14.25 6.86384 72.5175
    endloop
  endfacet
  facet normal -0.685157 -0.249121 0.68447
    outer loop
      vertex -10 -3.92357 72.8456
      vertex -14.25 3.48095 71.2863
      vertex -10 -5.0061 72.4516
    endloop
  endfacet
  facet normal -9.49969e-05 0.939672 0.342077
    outer loop
      vertex 9.59141 9.32573 65.7535
      vertex 14.25 6.86384 72.5175
      vertex 9.72188 9.30725 65.8043
    endloop
  endfacet
  facet normal -3.2949e-05 0.939699 0.342002
    outer loop
      vertex -14.25 6.86384 72.5175
      vertex -9.85921 9.29597 65.8353
      vertex -10 9.29218 65.8457
    endloop
  endfacet
  facet normal 0.000218618 0.939741 0.341887
    outer loop
      vertex 9.47099 9.35097 65.6842
      vertex 14.25 6.86384 72.5175
      vertex 9.59141 9.32573 65.7535
    endloop
  endfacet
  facet normal 2.50254e-05 0.939687 0.342036
    outer loop
      vertex -14.25 6.86384 72.5175
      vertex -9.72188 9.30725 65.8043
      vertex -9.85921 9.29597 65.8353
    endloop
  endfacet
  facet normal 0 0.939692 0.342022
    outer loop
      vertex 14.25 6.86384 72.5175
      vertex 9.47099 9.35097 65.6842
      vertex -14.25 6.86384 72.5175
    endloop
  endfacet
  facet normal 9.49969e-05 0.939672 0.342077
    outer loop
      vertex -14.25 6.86384 72.5175
      vertex -9.59141 9.32573 65.7535
      vertex -9.72188 9.30725 65.8043
    endloop
  endfacet
  facet normal -0 0.939692 0.342022
    outer loop
      vertex -9.47099 9.35097 65.6842
      vertex -14.25 6.86384 72.5175
      vertex 9.47099 9.35097 65.6842
    endloop
  endfacet
  facet normal -0.000218618 0.939741 0.341887
    outer loop
      vertex -14.25 6.86384 72.5175
      vertex -9.47099 9.35097 65.6842
      vertex -9.59141 9.32573 65.7535
    endloop
  endfacet
  facet normal 0 0.939707 0.341979
    outer loop
      vertex 9.3636 9.38234 65.598
      vertex -9.47099 9.35097 65.6842
      vertex 9.47099 9.35097 65.6842
    endloop
  endfacet
  facet normal 0 0.939707 0.341979
    outer loop
      vertex 9.3636 9.38234 65.598
      vertex -9.3636 9.38234 65.598
      vertex -9.47099 9.35097 65.6842
    endloop
  endfacet
  facet normal 0 0.939676 0.342065
    outer loop
      vertex 9.27188 9.41907 65.4971
      vertex -9.3636 9.38234 65.598
      vertex 9.3636 9.38234 65.598
    endloop
  endfacet
  facet normal 0 0.939676 0.342065
    outer loop
      vertex 9.27188 9.41907 65.4971
      vertex -9.27188 9.41907 65.4971
      vertex -9.3636 9.38234 65.598
    endloop
  endfacet
  facet normal 0 0.93975 0.341863
    outer loop
      vertex 9.19809 9.46025 65.3839
      vertex -9.27188 9.41907 65.4971
      vertex 9.27188 9.41907 65.4971
    endloop
  endfacet
  facet normal 0 0.93975 0.341863
    outer loop
      vertex 9.19809 9.46025 65.3839
      vertex -9.19809 9.46025 65.3839
      vertex -9.27188 9.41907 65.4971
    endloop
  endfacet
  facet normal 0 0.939675 0.342069
    outer loop
      vertex 9.14405 9.50488 65.2613
      vertex -9.19809 9.46025 65.3839
      vertex 9.19809 9.46025 65.3839
    endloop
  endfacet
  facet normal 0 0.939675 0.342069
    outer loop
      vertex 9.14405 9.50488 65.2613
      vertex -9.14405 9.50488 65.2613
      vertex -9.19809 9.46025 65.3839
    endloop
  endfacet
  facet normal 0 0.939651 0.342135
    outer loop
      vertex 9.11108 9.55185 65.1323
      vertex -9.14405 9.50488 65.2613
      vertex 9.14405 9.50488 65.2613
    endloop
  endfacet
  facet normal 0 0.939651 0.342135
    outer loop
      vertex 9.11108 9.55185 65.1323
      vertex -9.11108 9.55185 65.1323
      vertex -9.14405 9.50488 65.2613
    endloop
  endfacet
  facet normal 0 0.9397 0.342
    outer loop
      vertex 9.1 9.6 65
      vertex -9.11108 9.55185 65.1323
      vertex 9.11108 9.55185 65.1323
    endloop
  endfacet
  facet normal 0 0.9397 0.342
    outer loop
      vertex -9.11108 9.55185 65.1323
      vertex 9.1 9.6 65
      vertex -9.1 9.6 65
    endloop
  endfacet
  facet normal 3.2949e-05 0.939699 0.342002
    outer loop
      vertex 9.85921 9.29597 65.8353
      vertex 14.25 6.86384 72.5175
      vertex 10 9.29218 65.8457
    endloop
  endfacet
  facet normal -2.99851e-05 0.939686 0.342037
    outer loop
      vertex 14.25 6.86384 72.5175
      vertex 10.1408 9.29597 65.8353
      vertex 10 9.29218 65.8457
    endloop
  endfacet
  facet normal 1.87192e-05 0.939696 0.342011
    outer loop
      vertex 14.25 6.86384 72.5175
      vertex 10.2781 9.30725 65.8043
      vertex 10.1408 9.29597 65.8353
    endloop
  endfacet
  facet normal 5.69239e-05 0.939703 0.341991
    outer loop
      vertex 14.25 6.86384 72.5175
      vertex 10.4086 9.32573 65.7535
      vertex 10.2781 9.30725 65.8043
    endloop
  endfacet
  facet normal -9.94664e-05 0.939675 0.342069
    outer loop
      vertex 14.25 6.86384 72.5175
      vertex 10.529 9.35097 65.6842
      vertex 10.4086 9.32573 65.7535
    endloop
  endfacet
  facet normal 2.67168e-05 0.939697 0.342009
    outer loop
      vertex 14.25 6.86384 72.5175
      vertex 10.6364 9.38234 65.598
      vertex 10.529 9.35097 65.6842
    endloop
  endfacet
  facet normal -3.44084e-05 0.939686 0.342037
    outer loop
      vertex 14.25 6.86384 72.5175
      vertex 10.7281 9.41907 65.4971
      vertex 10.6364 9.38234 65.598
    endloop
  endfacet
  facet normal 0.000155765 0.939717 0.341953
    outer loop
      vertex 14.25 6.86384 72.5175
      vertex 10.8019 9.46025 65.3839
      vertex 10.7281 9.41907 65.4971
    endloop
  endfacet
  facet normal -6.12407e-05 0.939683 0.342045
    outer loop
      vertex 14.25 6.86384 72.5175
      vertex 10.856 9.50488 65.2613
      vertex 10.8019 9.46025 65.3839
    endloop
  endfacet
  facet normal -0.000179937 0.939666 0.342094
    outer loop
      vertex 14.25 6.86384 72.5175
      vertex 10.8889 9.55185 65.1323
      vertex 10.856 9.50488 65.2613
    endloop
  endfacet
  facet normal 4.70037e-05 0.939699 0.342003
    outer loop
      vertex 10.8889 9.55185 65.1323
      vertex 14.25 6.86384 72.5175
      vertex 10.9 9.6 65
    endloop
  endfacet
  facet normal -2.50254e-05 0.939687 0.342036
    outer loop
      vertex 9.72188 9.30725 65.8043
      vertex 14.25 6.86384 72.5175
      vertex 9.85921 9.29597 65.8353
    endloop
  endfacet
  facet normal 2.99851e-05 0.939686 0.342037
    outer loop
      vertex -10.1408 9.29597 65.8353
      vertex -14.25 6.86384 72.5175
      vertex -10 9.29218 65.8457
    endloop
  endfacet
  facet normal -1.87192e-05 0.939696 0.342011
    outer loop
      vertex -10.2781 9.30725 65.8043
      vertex -14.25 6.86384 72.5175
      vertex -10.1408 9.29597 65.8353
    endloop
  endfacet
  facet normal -5.69239e-05 0.939703 0.341991
    outer loop
      vertex -10.4086 9.32573 65.7535
      vertex -14.25 6.86384 72.5175
      vertex -10.2781 9.30725 65.8043
    endloop
  endfacet
  facet normal 9.94664e-05 0.939675 0.342069
    outer loop
      vertex -10.529 9.35097 65.6842
      vertex -14.25 6.86384 72.5175
      vertex -10.4086 9.32573 65.7535
    endloop
  endfacet
  facet normal -2.67168e-05 0.939697 0.342009
    outer loop
      vertex -10.6364 9.38234 65.598
      vertex -14.25 6.86384 72.5175
      vertex -10.529 9.35097 65.6842
    endloop
  endfacet
  facet normal 3.44084e-05 0.939686 0.342037
    outer loop
      vertex -10.7281 9.41907 65.4971
      vertex -14.25 6.86384 72.5175
      vertex -10.6364 9.38234 65.598
    endloop
  endfacet
  facet normal -0.000155765 0.939717 0.341953
    outer loop
      vertex -10.8019 9.46025 65.3839
      vertex -14.25 6.86384 72.5175
      vertex -10.7281 9.41907 65.4971
    endloop
  endfacet
  facet normal 6.12407e-05 0.939683 0.342045
    outer loop
      vertex -10.856 9.50488 65.2613
      vertex -14.25 6.86384 72.5175
      vertex -10.8019 9.46025 65.3839
    endloop
  endfacet
  facet normal 0.000179937 0.939666 0.342094
    outer loop
      vertex -10.8889 9.55185 65.1323
      vertex -14.25 6.86384 72.5175
      vertex -10.856 9.50488 65.2613
    endloop
  endfacet
  facet normal -4.70037e-05 0.939699 0.342003
    outer loop
      vertex -14.25 6.86384 72.5175
      vertex -10.8889 9.55185 65.1323
      vertex -10.9 9.6 65
    endloop
  endfacet
  facet normal 0.953147 -0.284264 -0.103463
    outer loop
      vertex 10 -5.0061 55.4516
      vertex 14.25 8.95327 56.2512
      vertex 14.25 3.48095 71.2863
    endloop
  endfacet
  facet normal 0.953147 -0.284264 -0.103465
    outer loop
      vertex 14.25 8.95327 56.2512
      vertex 10 -5.0061 55.4516
      vertex 10 -3.25495 50.6404
    endloop
  endfacet
  facet normal 0 0.0612499 0.998122
    outer loop
      vertex 14.25 6.86384 72.5175
      vertex -8.79478 0 72.9387
      vertex 8.79478 0 72.9387
    endloop
  endfacet
  facet normal 0 0.0612499 0.998122
    outer loop
      vertex -8.79478 0 72.9387
      vertex 14.25 6.86384 72.5175
      vertex -14.25 6.86384 72.5175
    endloop
  endfacet
  facet normal 5.6101e-06 0.939691 0.342024
    outer loop
      vertex -14.25 12.3362 57.4825
      vertex -14.25 6.86384 72.5175
      vertex -10.9 9.6 65
    endloop
  endfacet
  facet normal 0.894079 -0.447909 0.000183086
    outer loop
      vertex 14.25 3.48095 71.2863
      vertex 11.2395 -2.53078 65.3911
      vertex 11.255 -2.5 65
    endloop
  endfacet
  facet normal 0.894196 -0.447675 -0.000115014
    outer loop
      vertex 14.25 3.48095 71.2863
      vertex 11.1937 -2.62236 65.7725
      vertex 11.2395 -2.53078 65.3911
    endloop
  endfacet
  facet normal 0.894138 -0.447791 4.62207e-05
    outer loop
      vertex 14.25 3.48095 71.2863
      vertex 11.1185 -2.77248 66.135
      vertex 11.1937 -2.62236 65.7725
    endloop
  endfacet
  facet normal 0.894181 -0.447706 -8.32205e-05
    outer loop
      vertex 14.25 3.48095 71.2863
      vertex 11.0159 -2.97746 66.4695
      vertex 11.1185 -2.77248 66.135
    endloop
  endfacet
  facet normal 0.894144 -0.44778 4.01065e-05
    outer loop
      vertex 14.25 3.48095 71.2863
      vertex 10.8883 -3.23223 66.7678
      vertex 11.0159 -2.97746 66.4695
    endloop
  endfacet
  facet normal 0.894145 -0.447777 3.51969e-05
    outer loop
      vertex 14.25 3.48095 71.2863
      vertex 10.7389 -3.53054 67.0225
      vertex 10.8883 -3.23223 66.7678
    endloop
  endfacet
  facet normal 0.894154 -0.447759 -9.82797e-07
    outer loop
      vertex 10 -5.0061 72.4516
      vertex 10.7389 -3.53054 67.0225
      vertex 14.25 3.48095 71.2863
    endloop
  endfacet
  facet normal 0.894148 -0.447772 -5.3338e-06
    outer loop
      vertex 10.7389 -3.53054 67.0225
      vertex 10 -5.0061 72.4516
      vertex 10.5714 -3.86502 67.2275
    endloop
  endfacet
  facet normal 0.89415 -0.447767 -4.05189e-06
    outer loop
      vertex 10.5714 -3.86502 67.2275
      vertex 10 -5.0061 72.4516
      vertex 10.3899 -4.22746 67.3776
    endloop
  endfacet
  facet normal 0.89417 -0.447729 3.41282e-06
    outer loop
      vertex 10.3899 -4.22746 67.3776
      vertex 10 -5.0061 72.4516
      vertex 10.1989 -4.60891 67.4692
    endloop
  endfacet
  facet normal 0.894194 -0.447679 8.3119e-06
    outer loop
      vertex 10.1989 -4.60891 67.4692
      vertex 10 -5.0061 72.4516
      vertex 10.0031 -5 67.5
    endloop
  endfacet
  facet normal 0.891485 -0.45305 0
    outer loop
      vertex 10.0031 -5 67.5
      vertex 10 -5.0061 72.4516
      vertex 10 -5.0061 67.4995
    endloop
  endfacet
  facet normal 0.894247 -0.447573 -0.000216148
    outer loop
      vertex 11.2395 -2.53078 64.6089
      vertex 14.25 3.48095 71.2863
      vertex 11.255 -2.5 65
    endloop
  endfacet
  facet normal 0.894065 -0.447937 0.000193747
    outer loop
      vertex 11.1937 -2.62236 64.2275
      vertex 14.25 3.48095 71.2863
      vertex 11.2395 -2.53078 64.6089
    endloop
  endfacet
  facet normal 0.894211 -0.447645 -0.000121906
    outer loop
      vertex 11.1185 -2.77248 63.865
      vertex 14.25 3.48095 71.2863
      vertex 11.1937 -2.62236 64.2275
    endloop
  endfacet
  facet normal 0.894295 -0.447477 -9.21512e-05
    outer loop
      vertex 10 -5.0061 55.4516
      vertex 11.1185 -2.77248 63.865
      vertex 11.0159 -2.97746 63.5305
    endloop
  endfacet
  facet normal 0.894152 -0.447764 2.96696e-06
    outer loop
      vertex 11.1185 -2.77248 63.865
      vertex 10 -5.0061 55.4516
      vertex 14.25 3.48095 71.2863
    endloop
  endfacet
  facet normal 0.894115 -0.447836 2.06873e-05
    outer loop
      vertex 10.8883 -3.23223 63.2322
      vertex 10 -5.0061 55.4516
      vertex 11.0159 -2.97746 63.5305
    endloop
  endfacet
  facet normal 0.894129 -0.44781 1.3109e-05
    outer loop
      vertex 10.7389 -3.53054 62.9775
      vertex 10 -5.0061 55.4516
      vertex 10.8883 -3.23223 63.2322
    endloop
  endfacet
  facet normal 0.894148 -0.447771 3.64478e-06
    outer loop
      vertex 10.5714 -3.86502 62.7725
      vertex 10 -5.0061 55.4516
      vertex 10.7389 -3.53054 62.9775
    endloop
  endfacet
  facet normal 0.89415 -0.447767 2.8113e-06
    outer loop
      vertex 10.3899 -4.22746 62.6224
      vertex 10 -5.0061 55.4516
      vertex 10.5714 -3.86502 62.7725
    endloop
  endfacet
  facet normal 0.894169 -0.447729 -2.38816e-06
    outer loop
      vertex 10.1989 -4.60891 62.5308
      vertex 10 -5.0061 55.4516
      vertex 10.3899 -4.22746 62.6224
    endloop
  endfacet
  facet normal 0.894194 -0.44768 -5.83905e-06
    outer loop
      vertex 10.0031 -5 62.5
      vertex 10 -5.0061 55.4516
      vertex 10.1989 -4.60891 62.5308
    endloop
  endfacet
  facet normal 0.891485 -0.45305 0
    outer loop
      vertex 10 -5.0061 55.4516
      vertex 10.0031 -5 62.5
      vertex 10 -5.0061 62.5005
    endloop
  endfacet
  facet normal 0.68515 -0.249115 0.684479
    outer loop
      vertex 10 -3.92357 72.8456
      vertex 14.25 3.48095 71.2863
      vertex 14.25 6.86384 72.5175
    endloop
  endfacet
  facet normal 0.685157 -0.249121 0.68447
    outer loop
      vertex 14.25 3.48095 71.2863
      vertex 10 -3.92357 72.8456
      vertex 10 -5.0061 72.4516
    endloop
  endfacet
  facet normal 0.797134 0 -0.603803
    outer loop
      vertex 14.25 8.95327 56.2512
      vertex 10 -3.25495 50.6404
      vertex 10 0 50.6404
    endloop
  endfacet
  facet normal 0.797135 -1.94856e-06 -0.603801
    outer loop
      vertex 14.25 8.95327 56.2512
      vertex 10 0 50.6404
      vertex 8.62793 0 48.829
    endloop
  endfacet
  facet normal 0.571364 0.280577 -0.771245
    outer loop
      vertex 8.46865 0 48.711
      vertex 14.25 8.95327 56.2512
      vertex 8.62793 0 48.829
    endloop
  endfacet
  facet normal 0.571201 0.280737 -0.771309
    outer loop
      vertex 14.25 8.95327 56.2512
      vertex 8.46865 0 48.711
      vertex 14.25 12.3362 57.4825
    endloop
  endfacet
  facet normal 0 0.579484 -0.814984
    outer loop
      vertex -8.46865 0 48.711
      vertex 14.25 12.3362 57.4825
      vertex 8.46865 0 48.711
    endloop
  endfacet
  facet normal 0 0.579484 -0.814984
    outer loop
      vertex 14.25 12.3362 57.4825
      vertex -8.46865 0 48.711
      vertex -14.25 12.3362 57.4825
    endloop
  endfacet
  facet normal -1 0 0
    outer loop
      vertex -14.25 8.95327 56.2512
      vertex -14.25 6.86384 72.5175
      vertex -14.25 12.3362 57.4825
    endloop
  endfacet
  facet normal -1 0 -0
    outer loop
      vertex -14.25 6.86384 72.5175
      vertex -14.25 8.95327 56.2512
      vertex -14.25 3.48095 71.2863
    endloop
  endfacet
  facet normal -0.953147 -0.284264 -0.103465
    outer loop
      vertex -10 -5.0061 55.4516
      vertex -14.25 8.95327 56.2512
      vertex -10 -3.25495 50.6404
    endloop
  endfacet
  facet normal -0.953147 -0.284264 -0.103463
    outer loop
      vertex -14.25 8.95327 56.2512
      vertex -10 -5.0061 55.4516
      vertex -14.25 3.48095 71.2863
    endloop
  endfacet
  facet normal -0.076971 0 0.997033
    outer loop
      vertex -10 0 72.8456
      vertex -14.25 6.86384 72.5175
      vertex -10 -3.92357 72.8456
    endloop
  endfacet
  facet normal -0.0770179 -2.92052e-05 0.99703
    outer loop
      vertex -14.25 6.86384 72.5175
      vertex -10 0 72.8456
      vertex -8.79478 0 72.9387
    endloop
  endfacet
  facet normal 0.0770179 -2.92052e-05 0.99703
    outer loop
      vertex 14.25 6.86384 72.5175
      vertex 8.79478 0 72.9387
      vertex 10 0 72.8456
    endloop
  endfacet
  facet normal 0.076971 0 0.997033
    outer loop
      vertex 14.25 6.86384 72.5175
      vertex 10 0 72.8456
      vertex 10 -3.92357 72.8456
    endloop
  endfacet
  facet normal -0.571364 0.280577 -0.771245
    outer loop
      vertex -14.25 8.95327 56.2512
      vertex -8.46865 0 48.711
      vertex -8.62793 0 48.829
    endloop
  endfacet
  facet normal -0.571201 0.280737 -0.771309
    outer loop
      vertex -8.46865 0 48.711
      vertex -14.25 8.95327 56.2512
      vertex -14.25 12.3362 57.4825
    endloop
  endfacet
  facet normal -0.797135 -1.94856e-06 -0.603801
    outer loop
      vertex -10 0 50.6404
      vertex -14.25 8.95327 56.2512
      vertex -8.62793 0 48.829
    endloop
  endfacet
  facet normal -0.797134 0 -0.603803
    outer loop
      vertex -14.25 8.95327 56.2512
      vertex -10 0 50.6404
      vertex -10 -3.25495 50.6404
    endloop
  endfacet
  facet normal 0.741191 0.11659 -0.661092
    outer loop
      vertex 8.5213 0 22.7608
      vertex 14.25 7.44388 30.4964
      vertex 8.74018 0 23.0062
    endloop
  endfacet
  facet normal 0.74121 0.116559 -0.661076
    outer loop
      vertex 14.25 7.44388 30.4964
      vertex 8.5213 0 22.7608
      vertex 14.25 10.9892 31.1215
    endloop
  endfacet
  facet normal -0.74121 0.116559 -0.661076
    outer loop
      vertex -8.5213 0 22.7608
      vertex -14.25 7.44388 30.4964
      vertex -14.25 10.9892 31.1215
    endloop
  endfacet
  facet normal -0.741191 0.11659 -0.661092
    outer loop
      vertex -14.25 7.44388 30.4964
      vertex -8.5213 0 22.7608
      vertex -8.74018 0 23.0062
    endloop
  endfacet
  facet normal -0.805526 1.17547e-05 -0.59256
    outer loop
      vertex -10 0 24.7188
      vertex -14.25 7.44388 30.4964
      vertex -8.74018 0 23.0062
    endloop
  endfacet
  facet normal -0.805534 0 -0.59255
    outer loop
      vertex -14.25 7.44388 30.4964
      vertex -10 0 24.7188
      vertex -10 -3.73796 24.7188
    endloop
  endfacet
  facet normal 0.909382 -0.415962 4.85319e-05
    outer loop
      vertex 14.25 4.66551 46.2533
      vertex 10.9587 -2.53078 39.3911
      vertex 10.9728 -2.5 39
    endloop
  endfacet
  facet normal 0.909459 -0.415793 -0.000165097
    outer loop
      vertex 14.25 4.66551 46.2533
      vertex 10.9169 -2.62236 39.7725
      vertex 10.9587 -2.53078 39.3911
    endloop
  endfacet
  facet normal 0.909377 -0.415972 7.84149e-05
    outer loop
      vertex 14.25 4.66551 46.2533
      vertex 10.8482 -2.77248 40.135
      vertex 10.9169 -2.62236 39.7725
    endloop
  endfacet
  facet normal 0.909373 -0.415982 9.29504e-05
    outer loop
      vertex 14.25 4.66551 46.2533
      vertex 10.7544 -2.97746 40.4695
      vertex 10.8482 -2.77248 40.135
    endloop
  endfacet
  facet normal 0.909411 -0.415899 -4.0706e-05
    outer loop
      vertex 14.25 4.66551 46.2533
      vertex 10.6379 -3.23223 40.7678
      vertex 10.7544 -2.97746 40.4695
    endloop
  endfacet
  facet normal 0.909401 -0.41592 -3.71891e-06
    outer loop
      vertex 10 -4.62704 46.7611
      vertex 10.6379 -3.23223 40.7678
      vertex 14.25 4.66551 46.2533
    endloop
  endfacet
  facet normal 0.909448 -0.415817 2.53072e-05
    outer loop
      vertex 10.6379 -3.23223 40.7678
      vertex 10 -4.62704 46.7611
      vertex 10.5015 -3.53054 41.0225
    endloop
  endfacet
  facet normal 0.909374 -0.415979 -1.2224e-05
    outer loop
      vertex 10.5015 -3.53054 41.0225
      vertex 10 -4.62704 46.7611
      vertex 10.3485 -3.86502 41.2275
    endloop
  endfacet
  facet normal 0.909465 -0.41578 2.09792e-05
    outer loop
      vertex 10.3485 -3.86502 41.2275
      vertex 10 -4.62704 46.7611
      vertex 10.1828 -4.22746 41.3776
    endloop
  endfacet
  facet normal 0.909364 -0.416002 1.05953e-06
    outer loop
      vertex 10.1828 -4.22746 41.3776
      vertex 10 -4.62704 46.7611
      vertex 10.0083 -4.60891 41.4692
    endloop
  endfacet
  facet normal 0.909247 -0.416257 0
    outer loop
      vertex 10.0083 -4.60891 41.4692
      vertex 10 -4.62704 46.7611
      vertex 10 -4.62704 41.4706
    endloop
  endfacet
  facet normal 0.909422 -0.415874 -5.69364e-05
    outer loop
      vertex 10.9587 -2.53078 38.6089
      vertex 14.25 4.66551 46.2533
      vertex 10.9728 -2.5 39
    endloop
  endfacet
  facet normal 0.90929 -0.416163 0.000272322
    outer loop
      vertex 10.9169 -2.62236 38.2275
      vertex 14.25 4.66551 46.2533
      vertex 10.9587 -2.53078 38.6089
    endloop
  endfacet
  facet normal 0.909486 -0.415735 -0.000197272
    outer loop
      vertex 10.8482 -2.77248 37.865
      vertex 14.25 4.66551 46.2533
      vertex 10.9169 -2.62236 38.2275
    endloop
  endfacet
  facet normal 0.909265 -0.416218 8.18523e-05
    outer loop
      vertex 10 -4.62704 29.7611
      vertex 10.8482 -2.77248 37.865
      vertex 10.7544 -2.97746 37.5305
    endloop
  endfacet
  facet normal 0.909435 -0.415846 -1.37075e-05
    outer loop
      vertex 10 -4.62704 29.7611
      vertex 10.7544 -2.97746 37.5305
      vertex 10.6379 -3.23223 37.2322
    endloop
  endfacet
  facet normal 0.909402 -0.415918 -1.23863e-06
    outer loop
      vertex 10.8482 -2.77248 37.865
      vertex 10 -4.62704 29.7611
      vertex 14.25 4.66551 46.2533
    endloop
  endfacet
  facet normal 0.909446 -0.415821 -1.93521e-05
    outer loop
      vertex 10.5015 -3.53054 36.9775
      vertex 10 -4.62704 29.7611
      vertex 10.6379 -3.23223 37.2322
    endloop
  endfacet
  facet normal 0.909375 -0.415978 9.46366e-06
    outer loop
      vertex 10.3485 -3.86502 36.7725
      vertex 10 -4.62704 29.7611
      vertex 10.5015 -3.53054 36.9775
    endloop
  endfacet
  facet normal 0.909465 -0.415781 -1.6349e-05
    outer loop
      vertex 10.1828 -4.22746 36.6224
      vertex 10 -4.62704 29.7611
      vertex 10.3485 -3.86502 36.7725
    endloop
  endfacet
  facet normal 0.909364 -0.416002 -8.28091e-07
    outer loop
      vertex 10.0083 -4.60891 36.5308
      vertex 10 -4.62704 29.7611
      vertex 10.1828 -4.22746 36.6224
    endloop
  endfacet
  facet normal 0.909247 -0.416257 0
    outer loop
      vertex 10 -4.62704 29.7611
      vertex 10.0083 -4.60891 36.5308
      vertex 10 -4.62704 36.5294
    endloop
  endfacet
  facet normal -5.6205e-06 0.984807 0.173651
    outer loop
      vertex 9.59141 9.46075 39.7897
      vertex 14.25 8.21081 46.8785
      vertex 9.72188 9.45137 39.8429
    endloop
  endfacet
  facet normal 1.43767e-05 0.984806 0.173656
    outer loop
      vertex -14.25 8.21081 46.8785
      vertex -9.85921 9.44564 39.8754
      vertex -10 9.44372 39.8863
    endloop
  endfacet
  facet normal 0.000118243 0.984821 0.173572
    outer loop
      vertex 9.47099 9.47356 39.7171
      vertex 14.25 8.21081 46.8785
      vertex 9.59141 9.46075 39.7897
    endloop
  endfacet
  facet normal 5.06451e-06 0.984807 0.173651
    outer loop
      vertex -14.25 8.21081 46.8785
      vertex -9.72188 9.45137 39.8429
      vertex -9.85921 9.44564 39.8754
    endloop
  endfacet
  facet normal 0 0.984808 0.173648
    outer loop
      vertex 14.25 8.21081 46.8785
      vertex 9.47099 9.47356 39.7171
      vertex -14.25 8.21081 46.8785
    endloop
  endfacet
  facet normal 5.6205e-06 0.984807 0.173651
    outer loop
      vertex -14.25 8.21081 46.8785
      vertex -9.59141 9.46075 39.7897
      vertex -9.72188 9.45137 39.8429
    endloop
  endfacet
  facet normal -0 0.984808 0.173648
    outer loop
      vertex -9.47099 9.47356 39.7171
      vertex -14.25 8.21081 46.8785
      vertex 9.47099 9.47356 39.7171
    endloop
  endfacet
  facet normal -0.000118243 0.984821 0.173572
    outer loop
      vertex -14.25 8.21081 46.8785
      vertex -9.47099 9.47356 39.7171
      vertex -9.59141 9.46075 39.7897
    endloop
  endfacet
  facet normal 0 0.984826 0.173543
    outer loop
      vertex 9.3636 9.48949 39.6267
      vertex -9.47099 9.47356 39.7171
      vertex 9.47099 9.47356 39.7171
    endloop
  endfacet
  facet normal 0 0.984826 0.173543
    outer loop
      vertex 9.3636 9.48949 39.6267
      vertex -9.3636 9.48949 39.6267
      vertex -9.47099 9.47356 39.7171
    endloop
  endfacet
  facet normal 0 0.984788 0.173759
    outer loop
      vertex 9.27188 9.50814 39.521
      vertex -9.3636 9.48949 39.6267
      vertex 9.3636 9.48949 39.6267
    endloop
  endfacet
  facet normal 0 0.984788 0.173759
    outer loop
      vertex 9.27188 9.50814 39.521
      vertex -9.27188 9.50814 39.521
      vertex -9.3636 9.48949 39.6267
    endloop
  endfacet
  facet normal 0 0.984811 0.173629
    outer loop
      vertex 9.19809 9.52905 39.4024
      vertex -9.27188 9.50814 39.521
      vertex 9.27188 9.50814 39.521
    endloop
  endfacet
  facet normal 0 0.984811 0.173629
    outer loop
      vertex 9.19809 9.52905 39.4024
      vertex -9.19809 9.52905 39.4024
      vertex -9.27188 9.50814 39.521
    endloop
  endfacet
  facet normal 0 0.984805 0.173663
    outer loop
      vertex 9.14405 9.55171 39.2739
      vertex -9.19809 9.52905 39.4024
      vertex 9.19809 9.52905 39.4024
    endloop
  endfacet
  facet normal 0 0.984805 0.173663
    outer loop
      vertex 9.14405 9.55171 39.2739
      vertex -9.14405 9.55171 39.2739
      vertex -9.19809 9.52905 39.4024
    endloop
  endfacet
  facet normal 0 0.984807 0.173652
    outer loop
      vertex 9.11108 9.57555 39.1387
      vertex -9.14405 9.55171 39.2739
      vertex 9.14405 9.55171 39.2739
    endloop
  endfacet
  facet normal 0 0.984807 0.173652
    outer loop
      vertex 9.11108 9.57555 39.1387
      vertex -9.11108 9.57555 39.1387
      vertex -9.14405 9.55171 39.2739
    endloop
  endfacet
  facet normal 0 0.984816 0.173603
    outer loop
      vertex 9.1 9.6 39
      vertex -9.11108 9.57555 39.1387
      vertex 9.11108 9.57555 39.1387
    endloop
  endfacet
  facet normal 0 0.984816 0.173603
    outer loop
      vertex 9.1 9.6 39
      vertex -9.1 9.6 39
      vertex -9.11108 9.57555 39.1387
    endloop
  endfacet
  facet normal 0 0.984816 0.173603
    outer loop
      vertex 9.11108 9.62445 38.8613
      vertex -9.1 9.6 39
      vertex 9.1 9.6 39
    endloop
  endfacet
  facet normal 0 0.984816 0.173603
    outer loop
      vertex 9.11108 9.62445 38.8613
      vertex -9.11108 9.62445 38.8613
      vertex -9.1 9.6 39
    endloop
  endfacet
  facet normal 0 0.984807 0.173652
    outer loop
      vertex 9.14405 9.64829 38.7261
      vertex -9.11108 9.62445 38.8613
      vertex 9.11108 9.62445 38.8613
    endloop
  endfacet
  facet normal 0 0.984807 0.173652
    outer loop
      vertex 9.14405 9.64829 38.7261
      vertex -9.14405 9.64829 38.7261
      vertex -9.11108 9.62445 38.8613
    endloop
  endfacet
  facet normal 0 0.984805 0.173663
    outer loop
      vertex 9.19809 9.67095 38.5976
      vertex -9.14405 9.64829 38.7261
      vertex 9.14405 9.64829 38.7261
    endloop
  endfacet
  facet normal 0 0.984805 0.173663
    outer loop
      vertex 9.19809 9.67095 38.5976
      vertex -9.19809 9.67095 38.5976
      vertex -9.14405 9.64829 38.7261
    endloop
  endfacet
  facet normal 0 0.984811 0.173629
    outer loop
      vertex 9.27188 9.69186 38.479
      vertex -9.19809 9.67095 38.5976
      vertex 9.19809 9.67095 38.5976
    endloop
  endfacet
  facet normal 0 0.984811 0.173629
    outer loop
      vertex 9.27188 9.69186 38.479
      vertex -9.27188 9.69186 38.479
      vertex -9.19809 9.67095 38.5976
    endloop
  endfacet
  facet normal 0 0.984788 0.173759
    outer loop
      vertex 9.3636 9.71051 38.3733
      vertex -9.27188 9.69186 38.479
      vertex 9.27188 9.69186 38.479
    endloop
  endfacet
  facet normal 0 0.984788 0.173759
    outer loop
      vertex 9.3636 9.71051 38.3733
      vertex -9.3636 9.71051 38.3733
      vertex -9.27188 9.69186 38.479
    endloop
  endfacet
  facet normal 0 0.984826 0.173543
    outer loop
      vertex 9.47099 9.72644 38.2829
      vertex -9.3636 9.71051 38.3733
      vertex 9.3636 9.71051 38.3733
    endloop
  endfacet
  facet normal 0 0.984826 0.173543
    outer loop
      vertex 9.47099 9.72644 38.2829
      vertex -9.47099 9.72644 38.2829
      vertex -9.3636 9.71051 38.3733
    endloop
  endfacet
  facet normal -0.000116856 0.984821 0.173574
    outer loop
      vertex 14.25 10.9892 31.1215
      vertex 9.47099 9.72644 38.2829
      vertex 9.59141 9.73925 38.2103
    endloop
  endfacet
  facet normal 0 0.984807 0.17365
    outer loop
      vertex 9.47099 9.72644 38.2829
      vertex 14.25 10.9892 31.1215
      vertex -9.47099 9.72644 38.2829
    endloop
  endfacet
  facet normal 6.39433e-06 0.984807 0.173653
    outer loop
      vertex 14.25 10.9892 31.1215
      vertex 9.59141 9.73925 38.2103
      vertex 9.72188 9.74863 38.1571
    endloop
  endfacet
  facet normal -0 0.984807 0.17365
    outer loop
      vertex -14.25 10.9892 31.1215
      vertex -9.47099 9.72644 38.2829
      vertex 14.25 10.9892 31.1215
    endloop
  endfacet
  facet normal 5.45529e-06 0.984807 0.173652
    outer loop
      vertex 14.25 10.9892 31.1215
      vertex 9.72188 9.74863 38.1571
      vertex 9.85921 9.75436 38.1246
    endloop
  endfacet
  facet normal 0.000116856 0.984821 0.173574
    outer loop
      vertex -9.47099 9.72644 38.2829
      vertex -14.25 10.9892 31.1215
      vertex -9.59141 9.73925 38.2103
    endloop
  endfacet
  facet normal 1.44912e-05 0.984806 0.173658
    outer loop
      vertex 14.25 10.9892 31.1215
      vertex 9.85921 9.75436 38.1246
      vertex 10 9.75628 38.1137
    endloop
  endfacet
  facet normal -6.39433e-06 0.984807 0.173653
    outer loop
      vertex -9.59141 9.73925 38.2103
      vertex -14.25 10.9892 31.1215
      vertex -9.72188 9.74863 38.1571
    endloop
  endfacet
  facet normal -1.43767e-05 0.984806 0.173656
    outer loop
      vertex 9.85921 9.44564 39.8754
      vertex 14.25 8.21081 46.8785
      vertex 10 9.44372 39.8863
    endloop
  endfacet
  facet normal 1.30836e-05 0.984809 0.17364
    outer loop
      vertex 14.25 8.21081 46.8785
      vertex 10.1408 9.44564 39.8754
      vertex 10 9.44372 39.8863
    endloop
  endfacet
  facet normal 3.78788e-06 0.984808 0.173645
    outer loop
      vertex 14.25 8.21081 46.8785
      vertex 10.2781 9.45137 39.8429
      vertex 10.1408 9.44564 39.8754
    endloop
  endfacet
  facet normal 3.36916e-06 0.984808 0.173646
    outer loop
      vertex 14.25 8.21081 46.8785
      vertex 10.4086 9.46075 39.7897
      vertex 10.2781 9.45137 39.8429
    endloop
  endfacet
  facet normal -5.38191e-05 0.984803 0.173676
    outer loop
      vertex 14.25 8.21081 46.8785
      vertex 10.529 9.47356 39.7171
      vertex 10.4086 9.46075 39.7897
    endloop
  endfacet
  facet normal 6.36919e-05 0.984813 0.173616
    outer loop
      vertex 14.25 8.21081 46.8785
      vertex 10.6364 9.48949 39.6267
      vertex 10.529 9.47356 39.7171
    endloop
  endfacet
  facet normal -8.42757e-05 0.984801 0.173688
    outer loop
      vertex 14.25 8.21081 46.8785
      vertex 10.7281 9.50814 39.521
      vertex 10.6364 9.48949 39.6267
    endloop
  endfacet
  facet normal 1.84654e-05 0.984809 0.17364
    outer loop
      vertex 14.25 8.21081 46.8785
      vertex 10.8019 9.52905 39.4024
      vertex 10.7281 9.50814 39.521
    endloop
  endfacet
  facet normal -1.69484e-05 0.984806 0.173656
    outer loop
      vertex 14.25 8.21081 46.8785
      vertex 10.856 9.55171 39.2739
      vertex 10.8019 9.52905 39.4024
    endloop
  endfacet
  facet normal -5.53334e-06 0.984807 0.173651
    outer loop
      vertex 14.25 8.21081 46.8785
      vertex 10.8889 9.57555 39.1387
      vertex 10.856 9.55171 39.2739
    endloop
  endfacet
  facet normal 9.15575e-05 0.984814 0.17361
    outer loop
      vertex 14.25 8.21081 46.8785
      vertex 10.9 9.6 39
      vertex 10.8889 9.57555 39.1387
    endloop
  endfacet
  facet normal -1.46986e-06 0.984808 0.173649
    outer loop
      vertex 14.25 10.9892 31.1215
      vertex 10.9 9.6 39
      vertex 14.25 8.21081 46.8785
    endloop
  endfacet
  facet normal -9.40316e-05 0.984814 0.17361
    outer loop
      vertex 10.9 9.6 39
      vertex 14.25 10.9892 31.1215
      vertex 10.8889 9.62445 38.8613
    endloop
  endfacet
  facet normal -5.45529e-06 0.984807 0.173652
    outer loop
      vertex -9.72188 9.74863 38.1571
      vertex -14.25 10.9892 31.1215
      vertex -9.85921 9.75436 38.1246
    endloop
  endfacet
  facet normal -1.31878e-05 0.984809 0.173641
    outer loop
      vertex 10.1408 9.75436 38.1246
      vertex 14.25 10.9892 31.1215
      vertex 10 9.75628 38.1137
    endloop
  endfacet
  facet normal -4.08015e-06 0.984808 0.173646
    outer loop
      vertex 10.2781 9.74863 38.1571
      vertex 14.25 10.9892 31.1215
      vertex 10.1408 9.75436 38.1246
    endloop
  endfacet
  facet normal -3.83303e-06 0.984808 0.173647
    outer loop
      vertex 10.4086 9.73925 38.2103
      vertex 14.25 10.9892 31.1215
      vertex 10.2781 9.74863 38.1571
    endloop
  endfacet
  facet normal 5.31877e-05 0.984803 0.173677
    outer loop
      vertex 10.529 9.72644 38.2829
      vertex 14.25 10.9892 31.1215
      vertex 10.4086 9.73925 38.2103
    endloop
  endfacet
  facet normal -6.44972e-05 0.984813 0.173617
    outer loop
      vertex 10.6364 9.71051 38.3733
      vertex 14.25 10.9892 31.1215
      vertex 10.529 9.72644 38.2829
    endloop
  endfacet
  facet normal 8.32814e-05 0.984801 0.173689
    outer loop
      vertex 10.7281 9.69186 38.479
      vertex 14.25 10.9892 31.1215
      vertex 10.6364 9.71051 38.3733
    endloop
  endfacet
  facet normal -1.96812e-05 0.984809 0.173641
    outer loop
      vertex 10.8019 9.67095 38.5976
      vertex 14.25 10.9892 31.1215
      vertex 10.7281 9.69186 38.479
    endloop
  endfacet
  facet normal 1.54552e-05 0.984806 0.173657
    outer loop
      vertex 10.856 9.64829 38.7261
      vertex 14.25 10.9892 31.1215
      vertex 10.8019 9.67095 38.5976
    endloop
  endfacet
  facet normal 3.65556e-06 0.984807 0.173651
    outer loop
      vertex 10.8889 9.62445 38.8613
      vertex 14.25 10.9892 31.1215
      vertex 10.856 9.64829 38.7261
    endloop
  endfacet
  facet normal -5.06451e-06 0.984807 0.173651
    outer loop
      vertex 9.72188 9.45137 39.8429
      vertex 14.25 8.21081 46.8785
      vertex 9.85921 9.44564 39.8754
    endloop
  endfacet
  facet normal -1.30836e-05 0.984809 0.17364
    outer loop
      vertex -10.1408 9.44564 39.8754
      vertex -14.25 8.21081 46.8785
      vertex -10 9.44372 39.8863
    endloop
  endfacet
  facet normal -3.78788e-06 0.984808 0.173645
    outer loop
      vertex -10.2781 9.45137 39.8429
      vertex -14.25 8.21081 46.8785
      vertex -10.1408 9.44564 39.8754
    endloop
  endfacet
  facet normal -3.36916e-06 0.984808 0.173646
    outer loop
      vertex -10.4086 9.46075 39.7897
      vertex -14.25 8.21081 46.8785
      vertex -10.2781 9.45137 39.8429
    endloop
  endfacet
  facet normal 5.38191e-05 0.984803 0.173676
    outer loop
      vertex -10.529 9.47356 39.7171
      vertex -14.25 8.21081 46.8785
      vertex -10.4086 9.46075 39.7897
    endloop
  endfacet
  facet normal -6.36919e-05 0.984813 0.173616
    outer loop
      vertex -10.6364 9.48949 39.6267
      vertex -14.25 8.21081 46.8785
      vertex -10.529 9.47356 39.7171
    endloop
  endfacet
  facet normal 8.42757e-05 0.984801 0.173688
    outer loop
      vertex -10.7281 9.50814 39.521
      vertex -14.25 8.21081 46.8785
      vertex -10.6364 9.48949 39.6267
    endloop
  endfacet
  facet normal -1.84654e-05 0.984809 0.17364
    outer loop
      vertex -10.8019 9.52905 39.4024
      vertex -14.25 8.21081 46.8785
      vertex -10.7281 9.50814 39.521
    endloop
  endfacet
  facet normal 1.69484e-05 0.984806 0.173656
    outer loop
      vertex -10.856 9.55171 39.2739
      vertex -14.25 8.21081 46.8785
      vertex -10.8019 9.52905 39.4024
    endloop
  endfacet
  facet normal 5.53334e-06 0.984807 0.173651
    outer loop
      vertex -10.8889 9.57555 39.1387
      vertex -14.25 8.21081 46.8785
      vertex -10.856 9.55171 39.2739
    endloop
  endfacet
  facet normal -9.15575e-05 0.984814 0.17361
    outer loop
      vertex -10.9 9.6 39
      vertex -14.25 8.21081 46.8785
      vertex -10.8889 9.57555 39.1387
    endloop
  endfacet
  facet normal 9.40316e-05 0.984814 0.17361
    outer loop
      vertex -14.25 10.9892 31.1215
      vertex -10.9 9.6 39
      vertex -10.8889 9.62445 38.8613
    endloop
  endfacet
  facet normal -3.65556e-06 0.984807 0.173651
    outer loop
      vertex -14.25 10.9892 31.1215
      vertex -10.8889 9.62445 38.8613
      vertex -10.856 9.64829 38.7261
    endloop
  endfacet
  facet normal -1.44912e-05 0.984806 0.173658
    outer loop
      vertex -9.85921 9.75436 38.1246
      vertex -14.25 10.9892 31.1215
      vertex -10 9.75628 38.1137
    endloop
  endfacet
  facet normal 1.31878e-05 0.984809 0.173641
    outer loop
      vertex -10 9.75628 38.1137
      vertex -14.25 10.9892 31.1215
      vertex -10.1408 9.75436 38.1246
    endloop
  endfacet
  facet normal 1.46986e-06 0.984808 0.173649
    outer loop
      vertex -10.9 9.6 39
      vertex -14.25 10.9892 31.1215
      vertex -14.25 8.21081 46.8785
    endloop
  endfacet
  facet normal -1.54552e-05 0.984806 0.173657
    outer loop
      vertex -10.8019 9.67095 38.5976
      vertex -14.25 10.9892 31.1215
      vertex -10.856 9.64829 38.7261
    endloop
  endfacet
  facet normal 1.96812e-05 0.984809 0.173641
    outer loop
      vertex -10.7281 9.69186 38.479
      vertex -14.25 10.9892 31.1215
      vertex -10.8019 9.67095 38.5976
    endloop
  endfacet
  facet normal -8.32814e-05 0.984801 0.173689
    outer loop
      vertex -10.6364 9.71051 38.3733
      vertex -14.25 10.9892 31.1215
      vertex -10.7281 9.69186 38.479
    endloop
  endfacet
  facet normal 6.44972e-05 0.984813 0.173617
    outer loop
      vertex -10.529 9.72644 38.2829
      vertex -14.25 10.9892 31.1215
      vertex -10.6364 9.71051 38.3733
    endloop
  endfacet
  facet normal -5.31877e-05 0.984803 0.173677
    outer loop
      vertex -10.4086 9.73925 38.2103
      vertex -14.25 10.9892 31.1215
      vertex -10.529 9.72644 38.2829
    endloop
  endfacet
  facet normal 3.83303e-06 0.984808 0.173647
    outer loop
      vertex -10.2781 9.74863 38.1571
      vertex -14.25 10.9892 31.1215
      vertex -10.4086 9.73925 38.2103
    endloop
  endfacet
  facet normal 4.08015e-06 0.984808 0.173646
    outer loop
      vertex -10.1408 9.75436 38.1246
      vertex -14.25 10.9892 31.1215
      vertex -10.2781 9.74863 38.1571
    endloop
  endfacet
  facet normal 0.445329 -0.155495 0.881761
    outer loop
      vertex 10 -3.49254 46.9611
      vertex 14.25 4.66551 46.2533
      vertex 14.25 8.21081 46.8785
    endloop
  endfacet
  facet normal 0.445255 -0.155453 0.881806
    outer loop
      vertex 14.25 4.66551 46.2533
      vertex 10 -3.49254 46.9611
      vertex 10 -4.62704 46.7611
    endloop
  endfacet
  facet normal 0.805534 0 -0.59255
    outer loop
      vertex 14.25 7.44388 30.4964
      vertex 10 -3.73796 24.7188
      vertex 10 0 24.7188
    endloop
  endfacet
  facet normal 0.805526 1.17547e-05 -0.59256
    outer loop
      vertex 14.25 7.44388 30.4964
      vertex 10 0 24.7188
      vertex 8.74018 0 23.0062
    endloop
  endfacet
  facet normal 0.94276 -0.328405 -0.0579068
    outer loop
      vertex 10 -4.62704 29.7611
      vertex 14.25 7.44388 30.4964
      vertex 14.25 4.66551 46.2533
    endloop
  endfacet
  facet normal 0.94276 -0.328405 -0.0579058
    outer loop
      vertex 14.25 7.44388 30.4964
      vertex 10 -4.62704 29.7611
      vertex 10 -3.73796 24.7188
    endloop
  endfacet
  facet normal 1 0 0
    outer loop
      vertex 14.25 8.21081 46.8785
      vertex 14.25 7.44388 30.4964
      vertex 14.25 10.9892 31.1215
    endloop
  endfacet
  facet normal 1 0 -0
    outer loop
      vertex 14.25 7.44388 30.4964
      vertex 14.25 8.21081 46.8785
      vertex 14.25 4.66551 46.2533
    endloop
  endfacet
  facet normal 0.0194447 -6.74792e-06 0.999811
    outer loop
      vertex 14.25 8.21081 46.8785
      vertex 8.67855 0 46.9868
      vertex 10 0 46.9611
    endloop
  endfacet
  facet normal 0.0194316 0 0.999811
    outer loop
      vertex 14.25 8.21081 46.8785
      vertex 10 0 46.9611
      vertex 10 -3.49254 46.9611
    endloop
  endfacet
  facet normal 0 0.605492 -0.795851
    outer loop
      vertex -8.5213 0 22.7608
      vertex 14.25 10.9892 31.1215
      vertex 8.5213 0 22.7608
    endloop
  endfacet
  facet normal 0 0.605492 -0.795851
    outer loop
      vertex 14.25 10.9892 31.1215
      vertex -8.5213 0 22.7608
      vertex -14.25 10.9892 31.1215
    endloop
  endfacet
  facet normal -0.445329 -0.155495 0.881761
    outer loop
      vertex -14.25 4.66551 46.2533
      vertex -10 -3.49254 46.9611
      vertex -14.25 8.21081 46.8785
    endloop
  endfacet
  facet normal -0.445255 -0.155453 0.881806
    outer loop
      vertex -10 -3.49254 46.9611
      vertex -14.25 4.66551 46.2533
      vertex -10 -4.62704 46.7611
    endloop
  endfacet
  facet normal -0.909422 -0.415874 -5.69364e-05
    outer loop
      vertex -14.25 4.66551 46.2533
      vertex -10.9587 -2.53078 38.6089
      vertex -10.9728 -2.5 39
    endloop
  endfacet
  facet normal -0.90929 -0.416163 0.000272322
    outer loop
      vertex -14.25 4.66551 46.2533
      vertex -10.9169 -2.62236 38.2275
      vertex -10.9587 -2.53078 38.6089
    endloop
  endfacet
  facet normal -0.909486 -0.415735 -0.000197272
    outer loop
      vertex -14.25 4.66551 46.2533
      vertex -10.8482 -2.77248 37.865
      vertex -10.9169 -2.62236 38.2275
    endloop
  endfacet
  facet normal -0.909402 -0.415918 -1.23863e-06
    outer loop
      vertex -10 -4.62704 29.7611
      vertex -10.8482 -2.77248 37.865
      vertex -14.25 4.66551 46.2533
    endloop
  endfacet
  facet normal -0.909265 -0.416218 8.18523e-05
    outer loop
      vertex -10.8482 -2.77248 37.865
      vertex -10 -4.62704 29.7611
      vertex -10.7544 -2.97746 37.5305
    endloop
  endfacet
  facet normal -0.909435 -0.415846 -1.37075e-05
    outer loop
      vertex -10.7544 -2.97746 37.5305
      vertex -10 -4.62704 29.7611
      vertex -10.6379 -3.23223 37.2322
    endloop
  endfacet
  facet normal -0.909446 -0.415821 -1.93521e-05
    outer loop
      vertex -10 -4.62704 29.7611
      vertex -10.5015 -3.53054 36.9775
      vertex -10.6379 -3.23223 37.2322
    endloop
  endfacet
  facet normal -0.909375 -0.415978 9.46366e-06
    outer loop
      vertex -10 -4.62704 29.7611
      vertex -10.3485 -3.86502 36.7725
      vertex -10.5015 -3.53054 36.9775
    endloop
  endfacet
  facet normal -0.909465 -0.415781 -1.6349e-05
    outer loop
      vertex -10 -4.62704 29.7611
      vertex -10.1828 -4.22746 36.6224
      vertex -10.3485 -3.86502 36.7725
    endloop
  endfacet
  facet normal -0.909364 -0.416002 -8.28091e-07
    outer loop
      vertex -10 -4.62704 29.7611
      vertex -10.0083 -4.60891 36.5308
      vertex -10.1828 -4.22746 36.6224
    endloop
  endfacet
  facet normal -0.909247 -0.416257 0
    outer loop
      vertex -10.0083 -4.60891 36.5308
      vertex -10 -4.62704 29.7611
      vertex -10 -4.62704 36.5294
    endloop
  endfacet
  facet normal -0.909382 -0.415962 4.85319e-05
    outer loop
      vertex -10.9587 -2.53078 39.3911
      vertex -14.25 4.66551 46.2533
      vertex -10.9728 -2.5 39
    endloop
  endfacet
  facet normal -0.909459 -0.415793 -0.000165097
    outer loop
      vertex -10.9169 -2.62236 39.7725
      vertex -14.25 4.66551 46.2533
      vertex -10.9587 -2.53078 39.3911
    endloop
  endfacet
  facet normal -0.909377 -0.415972 7.84149e-05
    outer loop
      vertex -10.8482 -2.77248 40.135
      vertex -14.25 4.66551 46.2533
      vertex -10.9169 -2.62236 39.7725
    endloop
  endfacet
  facet normal -0.909373 -0.415982 9.29504e-05
    outer loop
      vertex -10.7544 -2.97746 40.4695
      vertex -14.25 4.66551 46.2533
      vertex -10.8482 -2.77248 40.135
    endloop
  endfacet
  facet normal -0.909411 -0.415899 -4.0706e-05
    outer loop
      vertex -10.6379 -3.23223 40.7678
      vertex -14.25 4.66551 46.2533
      vertex -10.7544 -2.97746 40.4695
    endloop
  endfacet
  facet normal -0.909448 -0.415817 2.53072e-05
    outer loop
      vertex -10 -4.62704 46.7611
      vertex -10.6379 -3.23223 40.7678
      vertex -10.5015 -3.53054 41.0225
    endloop
  endfacet
  facet normal -0.909374 -0.415979 -1.2224e-05
    outer loop
      vertex -10 -4.62704 46.7611
      vertex -10.5015 -3.53054 41.0225
      vertex -10.3485 -3.86502 41.2275
    endloop
  endfacet
  facet normal -0.909465 -0.41578 2.09792e-05
    outer loop
      vertex -10 -4.62704 46.7611
      vertex -10.3485 -3.86502 41.2275
      vertex -10.1828 -4.22746 41.3776
    endloop
  endfacet
  facet normal -0.909364 -0.416002 1.05953e-06
    outer loop
      vertex -10 -4.62704 46.7611
      vertex -10.1828 -4.22746 41.3776
      vertex -10.0083 -4.60891 41.4692
    endloop
  endfacet
  facet normal -0.909247 -0.416257 -0
    outer loop
      vertex -10 -4.62704 46.7611
      vertex -10.0083 -4.60891 41.4692
      vertex -10 -4.62704 41.4706
    endloop
  endfacet
  facet normal -0.909401 -0.41592 -3.71891e-06
    outer loop
      vertex -10.6379 -3.23223 40.7678
      vertex -10 -4.62704 46.7611
      vertex -14.25 4.66551 46.2533
    endloop
  endfacet
  facet normal -0.94276 -0.328405 -0.0579058
    outer loop
      vertex -10 -4.62704 29.7611
      vertex -14.25 7.44388 30.4964
      vertex -10 -3.73796 24.7188
    endloop
  endfacet
  facet normal -0.94276 -0.328405 -0.0579068
    outer loop
      vertex -14.25 7.44388 30.4964
      vertex -10 -4.62704 29.7611
      vertex -14.25 4.66551 46.2533
    endloop
  endfacet
  facet normal -1 0 0
    outer loop
      vertex -14.25 7.44388 30.4964
      vertex -14.25 8.21081 46.8785
      vertex -14.25 10.9892 31.1215
    endloop
  endfacet
  facet normal -1 0 0
    outer loop
      vertex -14.25 8.21081 46.8785
      vertex -14.25 7.44388 30.4964
      vertex -14.25 4.66551 46.2533
    endloop
  endfacet
  facet normal -0.0194316 0 0.999811
    outer loop
      vertex -10 0 46.9611
      vertex -14.25 8.21081 46.8785
      vertex -10 -3.49254 46.9611
    endloop
  endfacet
  facet normal -0.0194447 -6.74792e-06 0.999811
    outer loop
      vertex -14.25 8.21081 46.8785
      vertex -10 0 46.9611
      vertex -8.67855 0 46.9868
    endloop
  endfacet
  facet normal 0 0.0131888 0.999913
    outer loop
      vertex 14.25 8.21081 46.8785
      vertex -8.67855 0 46.9868
      vertex 8.67855 0 46.9868
    endloop
  endfacet
  facet normal 0 0.0131888 0.999913
    outer loop
      vertex -8.67855 0 46.9868
      vertex 14.25 8.21081 46.8785
      vertex -14.25 8.21081 46.8785
    endloop
  endfacet
  facet normal 0 1 0
    outer loop
      vertex 9.59141 9.6 13.8019
      vertex 14.25 9.6 21
      vertex 9.72188 9.6 13.856
    endloop
  endfacet
  facet normal 0 1 0
    outer loop
      vertex -14.25 9.6 21
      vertex -9.85921 9.6 13.8889
      vertex -10 9.6 13.9
    endloop
  endfacet
  facet normal 0 1 0
    outer loop
      vertex 9.47099 9.6 13.7281
      vertex 14.25 9.6 21
      vertex 9.59141 9.6 13.8019
    endloop
  endfacet
  facet normal 0 1 0
    outer loop
      vertex -14.25 9.6 21
      vertex -9.72188 9.6 13.856
      vertex -9.85921 9.6 13.8889
    endloop
  endfacet
  facet normal 0 1 0
    outer loop
      vertex 14.25 9.6 21
      vertex 9.47099 9.6 13.7281
      vertex -14.25 9.6 21
    endloop
  endfacet
  facet normal 0 1 0
    outer loop
      vertex -14.25 9.6 21
      vertex -9.59141 9.6 13.8019
      vertex -9.72188 9.6 13.856
    endloop
  endfacet
  facet normal 0 1 -0
    outer loop
      vertex -9.47099 9.6 13.7281
      vertex -14.25 9.6 21
      vertex 9.47099 9.6 13.7281
    endloop
  endfacet
  facet normal 0 1 0
    outer loop
      vertex -14.25 9.6 21
      vertex -9.47099 9.6 13.7281
      vertex -9.59141 9.6 13.8019
    endloop
  endfacet
  facet normal 0 1 -0
    outer loop
      vertex 9.3636 9.6 13.6364
      vertex -9.47099 9.6 13.7281
      vertex 9.47099 9.6 13.7281
    endloop
  endfacet
  facet normal 0 1 0
    outer loop
      vertex 9.3636 9.6 13.6364
      vertex -9.3636 9.6 13.6364
      vertex -9.47099 9.6 13.7281
    endloop
  endfacet
  facet normal 0 1 -0
    outer loop
      vertex 9.27188 9.6 13.529
      vertex -9.3636 9.6 13.6364
      vertex 9.3636 9.6 13.6364
    endloop
  endfacet
  facet normal 0 1 0
    outer loop
      vertex 9.27188 9.6 13.529
      vertex -9.27188 9.6 13.529
      vertex -9.3636 9.6 13.6364
    endloop
  endfacet
  facet normal 0 1 -0
    outer loop
      vertex 9.19809 9.6 13.4086
      vertex -9.27188 9.6 13.529
      vertex 9.27188 9.6 13.529
    endloop
  endfacet
  facet normal 0 1 0
    outer loop
      vertex 9.19809 9.6 13.4086
      vertex -9.19809 9.6 13.4086
      vertex -9.27188 9.6 13.529
    endloop
  endfacet
  facet normal 0 1 -0
    outer loop
      vertex 9.14405 9.6 13.2781
      vertex -9.19809 9.6 13.4086
      vertex 9.19809 9.6 13.4086
    endloop
  endfacet
  facet normal 0 1 0
    outer loop
      vertex 9.14405 9.6 13.2781
      vertex -9.14405 9.6 13.2781
      vertex -9.19809 9.6 13.4086
    endloop
  endfacet
  facet normal 0 1 -0
    outer loop
      vertex 9.11108 9.6 13.1408
      vertex -9.14405 9.6 13.2781
      vertex 9.14405 9.6 13.2781
    endloop
  endfacet
  facet normal 0 1 0
    outer loop
      vertex 9.11108 9.6 13.1408
      vertex -9.11108 9.6 13.1408
      vertex -9.14405 9.6 13.2781
    endloop
  endfacet
  facet normal 0 1 -0
    outer loop
      vertex 9.1 9.6 13
      vertex -9.11108 9.6 13.1408
      vertex 9.11108 9.6 13.1408
    endloop
  endfacet
  facet normal 0 1 0
    outer loop
      vertex 9.1 9.6 13
      vertex -9.1 9.6 13
      vertex -9.11108 9.6 13.1408
    endloop
  endfacet
  facet normal 0 1 0
    outer loop
      vertex 9.11108 9.6 12.8592
      vertex -9.1 9.6 13
      vertex 9.1 9.6 13
    endloop
  endfacet
  facet normal 0 1 0
    outer loop
      vertex 9.11108 9.6 12.8592
      vertex -9.11108 9.6 12.8592
      vertex -9.1 9.6 13
    endloop
  endfacet
  facet normal 0 1 0
    outer loop
      vertex 9.14405 9.6 12.7219
      vertex -9.11108 9.6 12.8592
      vertex 9.11108 9.6 12.8592
    endloop
  endfacet
  facet normal 0 1 0
    outer loop
      vertex 9.14405 9.6 12.7219
      vertex -9.14405 9.6 12.7219
      vertex -9.11108 9.6 12.8592
    endloop
  endfacet
  facet normal 0 1 0
    outer loop
      vertex 9.19809 9.6 12.5914
      vertex -9.14405 9.6 12.7219
      vertex 9.14405 9.6 12.7219
    endloop
  endfacet
  facet normal 0 1 0
    outer loop
      vertex 9.19809 9.6 12.5914
      vertex -9.19809 9.6 12.5914
      vertex -9.14405 9.6 12.7219
    endloop
  endfacet
  facet normal 0 1 0
    outer loop
      vertex 9.27188 9.6 12.471
      vertex -9.19809 9.6 12.5914
      vertex 9.19809 9.6 12.5914
    endloop
  endfacet
  facet normal 0 1 0
    outer loop
      vertex 9.27188 9.6 12.471
      vertex -9.27188 9.6 12.471
      vertex -9.19809 9.6 12.5914
    endloop
  endfacet
  facet normal 0 1 0
    outer loop
      vertex 9.3636 9.6 12.3636
      vertex -9.27188 9.6 12.471
      vertex 9.27188 9.6 12.471
    endloop
  endfacet
  facet normal 0 1 0
    outer loop
      vertex 9.3636 9.6 12.3636
      vertex -9.3636 9.6 12.3636
      vertex -9.27188 9.6 12.471
    endloop
  endfacet
  facet normal 0 1 0
    outer loop
      vertex 9.47099 9.6 12.2719
      vertex -9.3636 9.6 12.3636
      vertex 9.3636 9.6 12.3636
    endloop
  endfacet
  facet normal 0 1 0
    outer loop
      vertex 9.47099 9.6 12.2719
      vertex -9.47099 9.6 12.2719
      vertex -9.3636 9.6 12.3636
    endloop
  endfacet
  facet normal 0 1 0
    outer loop
      vertex 14.25 9.6 5
      vertex 9.47099 9.6 12.2719
      vertex 9.59141 9.6 12.1981
    endloop
  endfacet
  facet normal 0 1 0
    outer loop
      vertex 9.47099 9.6 12.2719
      vertex 14.25 9.6 5
      vertex -9.47099 9.6 12.2719
    endloop
  endfacet
  facet normal 0 1 0
    outer loop
      vertex 14.25 9.6 5
      vertex 9.59141 9.6 12.1981
      vertex 9.72188 9.6 12.144
    endloop
  endfacet
  facet normal 0 1 0
    outer loop
      vertex -14.25 9.6 5
      vertex -9.47099 9.6 12.2719
      vertex 14.25 9.6 5
    endloop
  endfacet
  facet normal 0 1 0
    outer loop
      vertex 14.25 9.6 5
      vertex 9.72188 9.6 12.144
      vertex 9.85921 9.6 12.1111
    endloop
  endfacet
  facet normal 0 1 0
    outer loop
      vertex -9.47099 9.6 12.2719
      vertex -14.25 9.6 5
      vertex -9.59141 9.6 12.1981
    endloop
  endfacet
  facet normal 0 1 0
    outer loop
      vertex 14.25 9.6 5
      vertex 9.85921 9.6 12.1111
      vertex 10 9.6 12.1
    endloop
  endfacet
  facet normal 0 1 0
    outer loop
      vertex -9.59141 9.6 12.1981
      vertex -14.25 9.6 5
      vertex -9.72188 9.6 12.144
    endloop
  endfacet
  facet normal 0 1 0
    outer loop
      vertex 9.85921 9.6 13.8889
      vertex 14.25 9.6 21
      vertex 10 9.6 13.9
    endloop
  endfacet
  facet normal 0 1 0
    outer loop
      vertex 14.25 9.6 21
      vertex 10.1408 9.6 13.8889
      vertex 10 9.6 13.9
    endloop
  endfacet
  facet normal 0 1 0
    outer loop
      vertex 14.25 9.6 21
      vertex 10.2781 9.6 13.856
      vertex 10.1408 9.6 13.8889
    endloop
  endfacet
  facet normal 0 1 0
    outer loop
      vertex 14.25 9.6 21
      vertex 10.4086 9.6 13.8019
      vertex 10.2781 9.6 13.856
    endloop
  endfacet
  facet normal 0 1 0
    outer loop
      vertex 14.25 9.6 21
      vertex 10.529 9.6 13.7281
      vertex 10.4086 9.6 13.8019
    endloop
  endfacet
  facet normal 0 1 0
    outer loop
      vertex 14.25 9.6 21
      vertex 10.6364 9.6 13.6364
      vertex 10.529 9.6 13.7281
    endloop
  endfacet
  facet normal 0 1 0
    outer loop
      vertex 14.25 9.6 21
      vertex 10.7281 9.6 13.529
      vertex 10.6364 9.6 13.6364
    endloop
  endfacet
  facet normal 0 1 0
    outer loop
      vertex 14.25 9.6 21
      vertex 10.8019 9.6 13.4086
      vertex 10.7281 9.6 13.529
    endloop
  endfacet
  facet normal 0 1 0
    outer loop
      vertex 14.25 9.6 21
      vertex 10.856 9.6 13.2781
      vertex 10.8019 9.6 13.4086
    endloop
  endfacet
  facet normal 0 1 0
    outer loop
      vertex 14.25 9.6 21
      vertex 10.8889 9.6 13.1408
      vertex 10.856 9.6 13.2781
    endloop
  endfacet
  facet normal 0 1 0
    outer loop
      vertex 14.25 9.6 21
      vertex 10.9 9.6 13
      vertex 10.8889 9.6 13.1408
    endloop
  endfacet
  facet normal 0 1 -0
    outer loop
      vertex 14.25 9.6 5
      vertex 10.9 9.6 13
      vertex 14.25 9.6 21
    endloop
  endfacet
  facet normal 0 1 0
    outer loop
      vertex 10.9 9.6 13
      vertex 14.25 9.6 5
      vertex 10.8889 9.6 12.8592
    endloop
  endfacet
  facet normal 0 1 0
    outer loop
      vertex -9.72188 9.6 12.144
      vertex -14.25 9.6 5
      vertex -9.85921 9.6 12.1111
    endloop
  endfacet
  facet normal 0 1 0
    outer loop
      vertex 10.1408 9.6 12.1111
      vertex 14.25 9.6 5
      vertex 10 9.6 12.1
    endloop
  endfacet
  facet normal 0 1 0
    outer loop
      vertex 10.2781 9.6 12.144
      vertex 14.25 9.6 5
      vertex 10.1408 9.6 12.1111
    endloop
  endfacet
  facet normal 0 1 0
    outer loop
      vertex 10.4086 9.6 12.1981
      vertex 14.25 9.6 5
      vertex 10.2781 9.6 12.144
    endloop
  endfacet
  facet normal 0 1 0
    outer loop
      vertex 10.529 9.6 12.2719
      vertex 14.25 9.6 5
      vertex 10.4086 9.6 12.1981
    endloop
  endfacet
  facet normal 0 1 0
    outer loop
      vertex 10.6364 9.6 12.3636
      vertex 14.25 9.6 5
      vertex 10.529 9.6 12.2719
    endloop
  endfacet
  facet normal 0 1 0
    outer loop
      vertex 10.7281 9.6 12.471
      vertex 14.25 9.6 5
      vertex 10.6364 9.6 12.3636
    endloop
  endfacet
  facet normal 0 1 0
    outer loop
      vertex 10.8019 9.6 12.5914
      vertex 14.25 9.6 5
      vertex 10.7281 9.6 12.471
    endloop
  endfacet
  facet normal 0 1 0
    outer loop
      vertex 10.856 9.6 12.7219
      vertex 14.25 9.6 5
      vertex 10.8019 9.6 12.5914
    endloop
  endfacet
  facet normal 0 1 0
    outer loop
      vertex 10.8889 9.6 12.8592
      vertex 14.25 9.6 5
      vertex 10.856 9.6 12.7219
    endloop
  endfacet
  facet normal 0 1 0
    outer loop
      vertex 9.72188 9.6 13.856
      vertex 14.25 9.6 21
      vertex 9.85921 9.6 13.8889
    endloop
  endfacet
  facet normal 0 1 -0
    outer loop
      vertex -10.1408 9.6 13.8889
      vertex -14.25 9.6 21
      vertex -10 9.6 13.9
    endloop
  endfacet
  facet normal 0 1 -0
    outer loop
      vertex -10.2781 9.6 13.856
      vertex -14.25 9.6 21
      vertex -10.1408 9.6 13.8889
    endloop
  endfacet
  facet normal 0 1 -0
    outer loop
      vertex -10.4086 9.6 13.8019
      vertex -14.25 9.6 21
      vertex -10.2781 9.6 13.856
    endloop
  endfacet
  facet normal 0 1 -0
    outer loop
      vertex -10.529 9.6 13.7281
      vertex -14.25 9.6 21
      vertex -10.4086 9.6 13.8019
    endloop
  endfacet
  facet normal 0 1 -0
    outer loop
      vertex -10.6364 9.6 13.6364
      vertex -14.25 9.6 21
      vertex -10.529 9.6 13.7281
    endloop
  endfacet
  facet normal 0 1 -0
    outer loop
      vertex -10.7281 9.6 13.529
      vertex -14.25 9.6 21
      vertex -10.6364 9.6 13.6364
    endloop
  endfacet
  facet normal 0 1 -0
    outer loop
      vertex -10.8019 9.6 13.4086
      vertex -14.25 9.6 21
      vertex -10.7281 9.6 13.529
    endloop
  endfacet
  facet normal 0 1 -0
    outer loop
      vertex -10.856 9.6 13.2781
      vertex -14.25 9.6 21
      vertex -10.8019 9.6 13.4086
    endloop
  endfacet
  facet normal 0 1 -0
    outer loop
      vertex -10.8889 9.6 13.1408
      vertex -14.25 9.6 21
      vertex -10.856 9.6 13.2781
    endloop
  endfacet
  facet normal 0 1 -0
    outer loop
      vertex -10.9 9.6 13
      vertex -14.25 9.6 21
      vertex -10.8889 9.6 13.1408
    endloop
  endfacet
  facet normal 0 1 0
    outer loop
      vertex -14.25 9.6 5
      vertex -10.9 9.6 13
      vertex -10.8889 9.6 12.8592
    endloop
  endfacet
  facet normal 0 1 0
    outer loop
      vertex -14.25 9.6 5
      vertex -10.8889 9.6 12.8592
      vertex -10.856 9.6 12.7219
    endloop
  endfacet
  facet normal 0 1 0
    outer loop
      vertex -9.85921 9.6 12.1111
      vertex -14.25 9.6 5
      vertex -10 9.6 12.1
    endloop
  endfacet
  facet normal 0 1 0
    outer loop
      vertex -10 9.6 12.1
      vertex -14.25 9.6 5
      vertex -10.1408 9.6 12.1111
    endloop
  endfacet
  facet normal 0 1 0
    outer loop
      vertex -10.9 9.6 13
      vertex -14.25 9.6 5
      vertex -14.25 9.6 21
    endloop
  endfacet
  facet normal 0 1 0
    outer loop
      vertex -10.8019 9.6 12.5914
      vertex -14.25 9.6 5
      vertex -10.856 9.6 12.7219
    endloop
  endfacet
  facet normal 0 1 0
    outer loop
      vertex -10.7281 9.6 12.471
      vertex -14.25 9.6 5
      vertex -10.8019 9.6 12.5914
    endloop
  endfacet
  facet normal 0 1 0
    outer loop
      vertex -10.6364 9.6 12.3636
      vertex -14.25 9.6 5
      vertex -10.7281 9.6 12.471
    endloop
  endfacet
  facet normal 0 1 0
    outer loop
      vertex -10.529 9.6 12.2719
      vertex -14.25 9.6 5
      vertex -10.6364 9.6 12.3636
    endloop
  endfacet
  facet normal 0 1 0
    outer loop
      vertex -10.4086 9.6 12.1981
      vertex -14.25 9.6 5
      vertex -10.529 9.6 12.2719
    endloop
  endfacet
  facet normal 0 1 0
    outer loop
      vertex -10.2781 9.6 12.144
      vertex -14.25 9.6 5
      vertex -10.4086 9.6 12.1981
    endloop
  endfacet
  facet normal 0 1 0
    outer loop
      vertex -10.1408 9.6 12.1111
      vertex -14.25 9.6 5
      vertex -10.2781 9.6 12.144
    endloop
  endfacet
  facet normal -1 0 0
    outer loop
      vertex -14.25 6 5
      vertex -14.25 9.6 21
      vertex -14.25 9.6 5
    endloop
  endfacet
  facet normal -1 -0 0
    outer loop
      vertex -14.25 9.6 21
      vertex -14.25 6 5
      vertex -14.25 6 21
    endloop
  endfacet
  facet normal 1 -0 0
    outer loop
      vertex 14.25 6 21
      vertex 14.25 9.6 5
      vertex 14.25 9.6 21
    endloop
  endfacet
  facet normal 1 0 0
    outer loop
      vertex 14.25 9.6 5
      vertex 14.25 6 21
      vertex 14.25 6 5
    endloop
  endfacet
  facet normal 0 0.647231 -0.762294
    outer loop
      vertex -10.7778 3.71111 0
      vertex 14.25 9.6 5
      vertex 10.7778 3.71111 0
    endloop
  endfacet
  facet normal 0 0.647231 -0.762294
    outer loop
      vertex 14.25 9.6 5
      vertex -10.7778 3.71111 0
      vertex -14.25 9.6 5
    endloop
  endfacet
  facet normal -0.923094 -0.384574 5.52022e-05
    outer loop
      vertex -14.25 6 5
      vertex -10.6955 -2.53078 12.6089
      vertex -10.7083 -2.5 13
    endloop
  endfacet
  facet normal -0.923113 -0.384528 0.00011646
    outer loop
      vertex -14.25 6 5
      vertex -10.6574 -2.62236 12.2275
      vertex -10.6955 -2.53078 12.6089
    endloop
  endfacet
  facet normal -0.92305 -0.384679 -9.61555e-05
    outer loop
      vertex -14.25 6 5
      vertex -10.5948 -2.77248 11.865
      vertex -10.6574 -2.62236 12.2275
    endloop
  endfacet
  facet normal -0.923081 -0.384605 1.55429e-05
    outer loop
      vertex -14.25 6 5
      vertex -10.5094 -2.97746 11.5305
      vertex -10.5948 -2.77248 11.865
    endloop
  endfacet
  facet normal -0.923055 -0.384669 -8.79291e-05
    outer loop
      vertex -14.25 6 5
      vertex -10.4032 -3.23223 11.2322
      vertex -10.5094 -2.97746 11.5305
    endloop
  endfacet
  facet normal -0.923074 -0.384622 -5.98075e-06
    outer loop
      vertex -14.25 6 5
      vertex -10.2789 -3.53054 10.9775
      vertex -10.4032 -3.23223 11.2322
    endloop
  endfacet
  facet normal -0.923137 -0.384471 2.37358e-05
    outer loop
      vertex -10.7778 -2.33333 0
      vertex -10.1396 -3.86502 10.7725
      vertex -10.2789 -3.53054 10.9775
    endloop
  endfacet
  facet normal -0.923073 -0.384624 -0
    outer loop
      vertex -10 -4.2 10.6337
      vertex -10.7778 -2.33333 0
      vertex -10 -4.2 0
    endloop
  endfacet
  facet normal -0.923054 -0.384671 -9.58716e-06
    outer loop
      vertex -10.7778 -2.33333 0
      vertex -10 -4.2 10.6337
      vertex -10.1396 -3.86502 10.7725
    endloop
  endfacet
  facet normal -0.923077 -0.384616 5.16894e-06
    outer loop
      vertex -10.2789 -3.53054 10.9775
      vertex -14.25 6 5
      vertex -10.7778 -2.33333 0
    endloop
  endfacet
  facet normal -0.923076 -0.384618 0
    outer loop
      vertex -14.25 6 5
      vertex -10.7083 -2.5 13
      vertex -14.25 6 21
    endloop
  endfacet
  facet normal -0.923094 -0.384574 -5.52022e-05
    outer loop
      vertex -10.6955 -2.53078 13.3911
      vertex -14.25 6 21
      vertex -10.7083 -2.5 13
    endloop
  endfacet
  facet normal -0.923113 -0.384528 -0.00011646
    outer loop
      vertex -10.6574 -2.62236 13.7725
      vertex -14.25 6 21
      vertex -10.6955 -2.53078 13.3911
    endloop
  endfacet
  facet normal -0.92305 -0.384679 9.61555e-05
    outer loop
      vertex -10.5948 -2.77248 14.135
      vertex -14.25 6 21
      vertex -10.6574 -2.62236 13.7725
    endloop
  endfacet
  facet normal -0.923081 -0.384605 -1.55429e-05
    outer loop
      vertex -10.5094 -2.97746 14.4695
      vertex -14.25 6 21
      vertex -10.5948 -2.77248 14.135
    endloop
  endfacet
  facet normal -0.923055 -0.384669 8.79291e-05
    outer loop
      vertex -10.4032 -3.23223 14.7678
      vertex -14.25 6 21
      vertex -10.5094 -2.97746 14.4695
    endloop
  endfacet
  facet normal -0.92307 -0.384633 -8.71132e-06
    outer loop
      vertex -10 -4.2 21
      vertex -10.4032 -3.23223 14.7678
      vertex -10.2789 -3.53054 15.0225
    endloop
  endfacet
  facet normal -0.923146 -0.384451 1.52166e-05
    outer loop
      vertex -10 -4.2 21
      vertex -10.2789 -3.53054 15.0225
      vertex -10.1396 -3.86502 15.2275
    endloop
  endfacet
  facet normal -0.923052 -0.384674 -0
    outer loop
      vertex -10 -4.2 21
      vertex -10.1396 -3.86502 15.2275
      vertex -10 -4.2 15.3663
    endloop
  endfacet
  facet normal -0.923077 -0.384615 -5.55428e-06
    outer loop
      vertex -10.4032 -3.23223 14.7678
      vertex -10 -4.2 21
      vertex -14.25 6 21
    endloop
  endfacet
  facet normal -0.821372 0 -0.570393
    outer loop
      vertex -10.7778 3.71111 0
      vertex -14.25 6 5
      vertex -14.25 9.6 5
    endloop
  endfacet
  facet normal -0.821372 0 -0.570393
    outer loop
      vertex -14.25 6 5
      vertex -10.7778 3.71111 0
      vertex -10.7778 -2.33333 0
    endloop
  endfacet
  facet normal 0 0 1
    outer loop
      vertex 14.25 9.6 21
      vertex 10 0 21
      vertex 14.25 6 21
    endloop
  endfacet
  facet normal 0 0 1
    outer loop
      vertex 14.25 9.6 21
      vertex -10 0 21
      vertex 10 0 21
    endloop
  endfacet
  facet normal -0 0 1
    outer loop
      vertex -14.25 9.6 21
      vertex -10 0 21
      vertex 14.25 9.6 21
    endloop
  endfacet
  facet normal -0 0 1
    outer loop
      vertex -14.25 6 21
      vertex -10 0 21
      vertex -14.25 9.6 21
    endloop
  endfacet
  facet normal 0 0 1
    outer loop
      vertex -10 0 21
      vertex -14.25 6 21
      vertex -10 -4.2 21
    endloop
  endfacet
  facet normal 0 0 1
    outer loop
      vertex 14.25 6 21
      vertex 10 0 21
      vertex 10 -4.2 21
    endloop
  endfacet
  facet normal 0.923076 -0.384618 0
    outer loop
      vertex 10.7083 -2.5 13
      vertex 14.25 6 5
      vertex 14.25 6 21
    endloop
  endfacet
  facet normal 0.923094 -0.384574 5.52022e-05
    outer loop
      vertex 14.25 6 5
      vertex 10.7083 -2.5 13
      vertex 10.6955 -2.53078 12.6089
    endloop
  endfacet
  facet normal 0.923094 -0.384574 -5.52022e-05
    outer loop
      vertex 14.25 6 21
      vertex 10.6955 -2.53078 13.3911
      vertex 10.7083 -2.5 13
    endloop
  endfacet
  facet normal 0.923113 -0.384528 -0.00011646
    outer loop
      vertex 14.25 6 21
      vertex 10.6574 -2.62236 13.7725
      vertex 10.6955 -2.53078 13.3911
    endloop
  endfacet
  facet normal 0.92305 -0.384679 9.61555e-05
    outer loop
      vertex 14.25 6 21
      vertex 10.5948 -2.77248 14.135
      vertex 10.6574 -2.62236 13.7725
    endloop
  endfacet
  facet normal 0.923081 -0.384605 -1.55429e-05
    outer loop
      vertex 14.25 6 21
      vertex 10.5094 -2.97746 14.4695
      vertex 10.5948 -2.77248 14.135
    endloop
  endfacet
  facet normal 0.923055 -0.384669 8.79291e-05
    outer loop
      vertex 14.25 6 21
      vertex 10.4032 -3.23223 14.7678
      vertex 10.5094 -2.97746 14.4695
    endloop
  endfacet
  facet normal 0.923077 -0.384615 -5.55428e-06
    outer loop
      vertex 10 -4.2 21
      vertex 10.4032 -3.23223 14.7678
      vertex 14.25 6 21
    endloop
  endfacet
  facet normal 0.92307 -0.384633 -8.71132e-06
    outer loop
      vertex 10.4032 -3.23223 14.7678
      vertex 10 -4.2 21
      vertex 10.2789 -3.53054 15.0225
    endloop
  endfacet
  facet normal 0.923146 -0.384451 1.52166e-05
    outer loop
      vertex 10.2789 -3.53054 15.0225
      vertex 10 -4.2 21
      vertex 10.1396 -3.86502 15.2275
    endloop
  endfacet
  facet normal 0.923052 -0.384674 0
    outer loop
      vertex 10.1396 -3.86502 15.2275
      vertex 10 -4.2 21
      vertex 10 -4.2 15.3663
    endloop
  endfacet
  facet normal 0.923113 -0.384528 0.00011646
    outer loop
      vertex 14.25 6 5
      vertex 10.6955 -2.53078 12.6089
      vertex 10.6574 -2.62236 12.2275
    endloop
  endfacet
  facet normal 0.92305 -0.384679 -9.61555e-05
    outer loop
      vertex 10.5948 -2.77248 11.865
      vertex 14.25 6 5
      vertex 10.6574 -2.62236 12.2275
    endloop
  endfacet
  facet normal 0.923081 -0.384605 1.55429e-05
    outer loop
      vertex 10.5094 -2.97746 11.5305
      vertex 14.25 6 5
      vertex 10.5948 -2.77248 11.865
    endloop
  endfacet
  facet normal 0.923055 -0.384669 -8.79291e-05
    outer loop
      vertex 10.4032 -3.23223 11.2322
      vertex 14.25 6 5
      vertex 10.5094 -2.97746 11.5305
    endloop
  endfacet
  facet normal 0.923074 -0.384622 -5.98075e-06
    outer loop
      vertex 10.2789 -3.53054 10.9775
      vertex 14.25 6 5
      vertex 10.4032 -3.23223 11.2322
    endloop
  endfacet
  facet normal 0.923077 -0.384616 5.16894e-06
    outer loop
      vertex 14.25 6 5
      vertex 10.2789 -3.53054 10.9775
      vertex 10.7778 -2.33333 0
    endloop
  endfacet
  facet normal 0.923137 -0.384471 2.37358e-05
    outer loop
      vertex 10.1396 -3.86502 10.7725
      vertex 10.7778 -2.33333 0
      vertex 10.2789 -3.53054 10.9775
    endloop
  endfacet
  facet normal 0.923054 -0.384671 -9.58716e-06
    outer loop
      vertex 10 -4.2 10.6337
      vertex 10.7778 -2.33333 0
      vertex 10.1396 -3.86502 10.7725
    endloop
  endfacet
  facet normal 0.923073 -0.384624 0
    outer loop
      vertex 10.7778 -2.33333 0
      vertex 10 -4.2 10.6337
      vertex 10 -4.2 0
    endloop
  endfacet
  facet normal 0.821372 0 -0.570393
    outer loop
      vertex 14.25 6 5
      vertex 10.7778 3.71111 0
      vertex 14.25 9.6 5
    endloop
  endfacet
  facet normal 0.821372 0 -0.570393
    outer loop
      vertex 10.7778 3.71111 0
      vertex 14.25 6 5
      vertex 10.7778 -2.33333 0
    endloop
  endfacet
  facet normal 1 0 0
    outer loop
      vertex 10 0 107
      vertex 10 -4.328 98.657
      vertex 10 0 98.657
    endloop
  endfacet
  facet normal 1 -0 0
    outer loop
      vertex 10 -10 107
      vertex 10 -4.328 98.657
      vertex 10 0 107
    endloop
  endfacet
  facet normal 1 0 0
    outer loop
      vertex 10 -5.32566 98.081
      vertex 10 -5.39109 93.4692
      vertex 10 -5.32566 93.4744
    endloop
  endfacet
  facet normal 1 0 0
    outer loop
      vertex 10 -5.32566 98.081
      vertex 10 -5.77254 93.3776
      vertex 10 -5.39109 93.4692
    endloop
  endfacet
  facet normal 1 0 0
    outer loop
      vertex 10 -5.32566 98.081
      vertex 10 -6.13498 93.2275
      vertex 10 -5.77254 93.3776
    endloop
  endfacet
  facet normal 1 0 0
    outer loop
      vertex 10 -5.32566 98.081
      vertex 10 -6.46946 93.0225
      vertex 10 -6.13498 93.2275
    endloop
  endfacet
  facet normal 1 0 0
    outer loop
      vertex 10 -5.32566 98.081
      vertex 10 -6.76777 92.7678
      vertex 10 -6.46946 93.0225
    endloop
  endfacet
  facet normal 1 0 0
    outer loop
      vertex 10 -5.32566 98.081
      vertex 10 -7.02254 92.4695
      vertex 10 -6.76777 92.7678
    endloop
  endfacet
  facet normal 1 0 0
    outer loop
      vertex 10 -10 107
      vertex 10 -7.02254 92.4695
      vertex 10 -5.32566 98.081
    endloop
  endfacet
  facet normal 1 0 0
    outer loop
      vertex 10 -7.02254 92.4695
      vertex 10 -10 107
      vertex 10 -7.22752 92.135
    endloop
  endfacet
  facet normal 1 0 0
    outer loop
      vertex 10 -7.46922 65.3911
      vertex 10 -10 107
      vertex 10 -7.5 65
    endloop
  endfacet
  facet normal 1 0 0
    outer loop
      vertex 10 -7.5 65
      vertex 10 -10 107
      vertex 10 -7.5 39
    endloop
  endfacet
  facet normal 1 0 0
    outer loop
      vertex 10 -7.5 39
      vertex 10 -10 107
      vertex 10 -10 0
    endloop
  endfacet
  facet normal 1 0 0
    outer loop
      vertex 10 -7.46922 91.3911
      vertex 10 -10 107
      vertex 10 -7.5 91
    endloop
  endfacet
  facet normal 1 0 0
    outer loop
      vertex 10 -7.37764 91.7725
      vertex 10 -10 107
      vertex 10 -7.46922 91.3911
    endloop
  endfacet
  facet normal 1 0 0
    outer loop
      vertex 10 -7.22752 92.135
      vertex 10 -10 107
      vertex 10 -7.37764 91.7725
    endloop
  endfacet
  facet normal 1 0 0
    outer loop
      vertex 10 -4.328 98.657
      vertex 10 -10 107
      vertex 10 -5.32566 98.081
    endloop
  endfacet
  facet normal 1 0 0
    outer loop
      vertex 10 -5.32566 88.5256
      vertex 10 -5.39109 88.5308
      vertex 10 -5.32566 81.081
    endloop
  endfacet
  facet normal 1 0 0
    outer loop
      vertex 10 -5.0061 62.5005
      vertex 10 -5.39109 62.5308
      vertex 10 -5.0061 55.4516
    endloop
  endfacet
  facet normal 1 0 0
    outer loop
      vertex 10 -4.62704 36.5294
      vertex 10 -5 36.5
      vertex 10 -4.62704 29.7611
    endloop
  endfacet
  facet normal 1 -0 0
    outer loop
      vertex 10 -3.73796 24.7188
      vertex 10 0 21
      vertex 10 0 24.7188
    endloop
  endfacet
  facet normal 1 0 0
    outer loop
      vertex 10 -3.73796 24.7188
      vertex 10 -4.2 21
      vertex 10 0 21
    endloop
  endfacet
  facet normal 1 0 0
    outer loop
      vertex 10 -4.2 21
      vertex 10 -4.22746 15.3776
      vertex 10 -4.2 15.3663
    endloop
  endfacet
  facet normal 1 0 0
    outer loop
      vertex 10 -4.2 21
      vertex 10 -4.60891 15.4692
      vertex 10 -4.22746 15.3776
    endloop
  endfacet
  facet normal 1 0 0
    outer loop
      vertex 10 -4.62704 29.7611
      vertex 10 -4.2 21
      vertex 10 -3.73796 24.7188
    endloop
  endfacet
  facet normal 1 0 0
    outer loop
      vertex 10 -7.02254 14.4695
      vertex 10 -4.2 21
      vertex 10 -4.62704 29.7611
    endloop
  endfacet
  facet normal 1 0 0
    outer loop
      vertex 10 -5.39109 36.5308
      vertex 10 -4.62704 29.7611
      vertex 10 -5 36.5
    endloop
  endfacet
  facet normal 1 0 0
    outer loop
      vertex 10 -4.2 21
      vertex 10 -5 15.5
      vertex 10 -4.60891 15.4692
    endloop
  endfacet
  facet normal 1 0 0
    outer loop
      vertex 10 -5.77254 36.6224
      vertex 10 -4.62704 29.7611
      vertex 10 -5.39109 36.5308
    endloop
  endfacet
  facet normal 1 0 0
    outer loop
      vertex 10 -4.2 21
      vertex 10 -5.39109 15.4692
      vertex 10 -5 15.5
    endloop
  endfacet
  facet normal 1 0 0
    outer loop
      vertex 10 -6.13498 36.7725
      vertex 10 -4.62704 29.7611
      vertex 10 -5.77254 36.6224
    endloop
  endfacet
  facet normal 1 0 0
    outer loop
      vertex 10 -4.2 21
      vertex 10 -5.77254 15.3776
      vertex 10 -5.39109 15.4692
    endloop
  endfacet
  facet normal 1 0 0
    outer loop
      vertex 10 -6.46946 36.9775
      vertex 10 -4.62704 29.7611
      vertex 10 -6.13498 36.7725
    endloop
  endfacet
  facet normal 1 0 0
    outer loop
      vertex 10 -4.2 21
      vertex 10 -6.13498 15.2275
      vertex 10 -5.77254 15.3776
    endloop
  endfacet
  facet normal 1 0 0
    outer loop
      vertex 10 -6.76777 37.2322
      vertex 10 -4.62704 29.7611
      vertex 10 -6.46946 36.9775
    endloop
  endfacet
  facet normal 1 0 0
    outer loop
      vertex 10 -4.2 21
      vertex 10 -6.46946 15.0225
      vertex 10 -6.13498 15.2275
    endloop
  endfacet
  facet normal 1 0 0
    outer loop
      vertex 10 -7.02254 37.5305
      vertex 10 -4.62704 29.7611
      vertex 10 -6.76777 37.2322
    endloop
  endfacet
  facet normal 1 0 0
    outer loop
      vertex 10 -4.2 21
      vertex 10 -6.76777 14.7678
      vertex 10 -6.46946 15.0225
    endloop
  endfacet
  facet normal 1 0 0
    outer loop
      vertex 10 -7.22752 37.865
      vertex 10 -4.62704 29.7611
      vertex 10 -7.02254 37.5305
    endloop
  endfacet
  facet normal 1 0 0
    outer loop
      vertex 10 -4.2 21
      vertex 10 -7.02254 14.4695
      vertex 10 -6.76777 14.7678
    endloop
  endfacet
  facet normal 1 0 0
    outer loop
      vertex 10 -7.22752 14.135
      vertex 10 -4.62704 29.7611
      vertex 10 -7.22752 37.865
    endloop
  endfacet
  facet normal 1 0 0
    outer loop
      vertex 10 -4.62704 29.7611
      vertex 10 -7.22752 14.135
      vertex 10 -7.02254 14.4695
    endloop
  endfacet
  facet normal 1 0 0
    outer loop
      vertex 10 -7.37764 38.2275
      vertex 10 -7.22752 14.135
      vertex 10 -7.22752 37.865
    endloop
  endfacet
  facet normal 1 0 0
    outer loop
      vertex 10 -7.37764 38.2275
      vertex 10 -7.37764 13.7725
      vertex 10 -7.22752 14.135
    endloop
  endfacet
  facet normal 1 0 0
    outer loop
      vertex 10 -7.46922 38.6089
      vertex 10 -7.37764 13.7725
      vertex 10 -7.37764 38.2275
    endloop
  endfacet
  facet normal 1 0 0
    outer loop
      vertex 10 -7.46922 38.6089
      vertex 10 -7.46922 13.3911
      vertex 10 -7.37764 13.7725
    endloop
  endfacet
  facet normal 1 0 0
    outer loop
      vertex 10 -7.5 39
      vertex 10 -7.46922 13.3911
      vertex 10 -7.46922 38.6089
    endloop
  endfacet
  facet normal 1 0 0
    outer loop
      vertex 10 -7.46922 13.3911
      vertex 10 -7.5 39
      vertex 10 -7.5 13
    endloop
  endfacet
  facet normal 1 -0 0
    outer loop
      vertex 10 -3.25495 50.6404
      vertex 10 0 46.9611
      vertex 10 0 50.6404
    endloop
  endfacet
  facet normal 1 0 0
    outer loop
      vertex 10 -3.25495 50.6404
      vertex 10 -3.49254 46.9611
      vertex 10 0 46.9611
    endloop
  endfacet
  facet normal 1 0 0
    outer loop
      vertex 10 -3.25495 50.6404
      vertex 10 -4.62704 46.7611
      vertex 10 -3.49254 46.9611
    endloop
  endfacet
  facet normal 1 0 0
    outer loop
      vertex 10 -4.62704 46.7611
      vertex 10 -5 41.5
      vertex 10 -4.62704 41.4706
    endloop
  endfacet
  facet normal 1 0 0
    outer loop
      vertex 10 -5.0061 55.4516
      vertex 10 -4.62704 46.7611
      vertex 10 -3.25495 50.6404
    endloop
  endfacet
  facet normal 1 0 0
    outer loop
      vertex 10 -7.02254 40.4695
      vertex 10 -4.62704 46.7611
      vertex 10 -5.0061 55.4516
    endloop
  endfacet
  facet normal 1 0 0
    outer loop
      vertex 10 -5.77254 62.6224
      vertex 10 -5.0061 55.4516
      vertex 10 -5.39109 62.5308
    endloop
  endfacet
  facet normal 1 0 0
    outer loop
      vertex 10 -4.62704 46.7611
      vertex 10 -5.39109 41.4692
      vertex 10 -5 41.5
    endloop
  endfacet
  facet normal 1 0 0
    outer loop
      vertex 10 -6.13498 62.7725
      vertex 10 -5.0061 55.4516
      vertex 10 -5.77254 62.6224
    endloop
  endfacet
  facet normal 1 0 0
    outer loop
      vertex 10 -4.62704 46.7611
      vertex 10 -5.77254 41.3776
      vertex 10 -5.39109 41.4692
    endloop
  endfacet
  facet normal 1 0 0
    outer loop
      vertex 10 -6.46946 62.9775
      vertex 10 -5.0061 55.4516
      vertex 10 -6.13498 62.7725
    endloop
  endfacet
  facet normal 1 0 0
    outer loop
      vertex 10 -4.62704 46.7611
      vertex 10 -6.13498 41.2275
      vertex 10 -5.77254 41.3776
    endloop
  endfacet
  facet normal 1 0 0
    outer loop
      vertex 10 -6.76777 63.2322
      vertex 10 -5.0061 55.4516
      vertex 10 -6.46946 62.9775
    endloop
  endfacet
  facet normal 1 0 0
    outer loop
      vertex 10 -4.62704 46.7611
      vertex 10 -6.46946 41.0225
      vertex 10 -6.13498 41.2275
    endloop
  endfacet
  facet normal 1 0 0
    outer loop
      vertex 10 -7.02254 63.5305
      vertex 10 -5.0061 55.4516
      vertex 10 -6.76777 63.2322
    endloop
  endfacet
  facet normal 1 0 0
    outer loop
      vertex 10 -4.62704 46.7611
      vertex 10 -6.76777 40.7678
      vertex 10 -6.46946 41.0225
    endloop
  endfacet
  facet normal 1 0 0
    outer loop
      vertex 10 -7.22752 63.865
      vertex 10 -5.0061 55.4516
      vertex 10 -7.02254 63.5305
    endloop
  endfacet
  facet normal 1 0 0
    outer loop
      vertex 10 -4.62704 46.7611
      vertex 10 -7.02254 40.4695
      vertex 10 -6.76777 40.7678
    endloop
  endfacet
  facet normal 1 0 0
    outer loop
      vertex 10 -7.22752 40.135
      vertex 10 -5.0061 55.4516
      vertex 10 -7.22752 63.865
    endloop
  endfacet
  facet normal 1 0 0
    outer loop
      vertex 10 -5.0061 55.4516
      vertex 10 -7.22752 40.135
      vertex 10 -7.02254 40.4695
    endloop
  endfacet
  facet normal 1 0 0
    outer loop
      vertex 10 -7.37764 64.2275
      vertex 10 -7.22752 40.135
      vertex 10 -7.22752 63.865
    endloop
  endfacet
  facet normal 1 0 0
    outer loop
      vertex 10 -7.37764 64.2275
      vertex 10 -7.37764 39.7725
      vertex 10 -7.22752 40.135
    endloop
  endfacet
  facet normal 1 0 0
    outer loop
      vertex 10 -7.46922 64.6089
      vertex 10 -7.37764 39.7725
      vertex 10 -7.37764 64.2275
    endloop
  endfacet
  facet normal 1 0 0
    outer loop
      vertex 10 -7.46922 64.6089
      vertex 10 -7.46922 39.3911
      vertex 10 -7.37764 39.7725
    endloop
  endfacet
  facet normal 1 0 0
    outer loop
      vertex 10 -7.5 65
      vertex 10 -7.46922 39.3911
      vertex 10 -7.46922 64.6089
    endloop
  endfacet
  facet normal 1 0 0
    outer loop
      vertex 10 -7.46922 39.3911
      vertex 10 -7.5 65
      vertex 10 -7.5 39
    endloop
  endfacet
  facet normal 1 -0 0
    outer loop
      vertex 10 -2.76566 76.647
      vertex 10 0 72.8456
      vertex 10 0 76.647
    endloop
  endfacet
  facet normal 1 0 0
    outer loop
      vertex 10 -2.76566 76.647
      vertex 10 -3.92357 72.8456
      vertex 10 0 72.8456
    endloop
  endfacet
  facet normal 1 0 0
    outer loop
      vertex 10 -2.76566 76.647
      vertex 10 -5.0061 72.4516
      vertex 10 -3.92357 72.8456
    endloop
  endfacet
  facet normal 1 0 0
    outer loop
      vertex 10 -5.32566 81.081
      vertex 10 -5.0061 72.4516
      vertex 10 -2.76566 76.647
    endloop
  endfacet
  facet normal 1 0 0
    outer loop
      vertex 10 -7.22752 66.135
      vertex 10 -5.0061 72.4516
      vertex 10 -5.32566 81.081
    endloop
  endfacet
  facet normal 1 0 0
    outer loop
      vertex 10 -5.0061 72.4516
      vertex 10 -5.39109 67.4692
      vertex 10 -5.0061 67.4995
    endloop
  endfacet
  facet normal 1 0 0
    outer loop
      vertex 10 -5.77254 88.6224
      vertex 10 -5.32566 81.081
      vertex 10 -5.39109 88.5308
    endloop
  endfacet
  facet normal 1 0 0
    outer loop
      vertex 10 -6.13498 88.7725
      vertex 10 -5.32566 81.081
      vertex 10 -5.77254 88.6224
    endloop
  endfacet
  facet normal 1 0 0
    outer loop
      vertex 10 -5.0061 72.4516
      vertex 10 -5.77254 67.3776
      vertex 10 -5.39109 67.4692
    endloop
  endfacet
  facet normal 1 0 0
    outer loop
      vertex 10 -6.46946 88.9775
      vertex 10 -5.32566 81.081
      vertex 10 -6.13498 88.7725
    endloop
  endfacet
  facet normal 1 0 0
    outer loop
      vertex 10 -5.0061 72.4516
      vertex 10 -6.13498 67.2275
      vertex 10 -5.77254 67.3776
    endloop
  endfacet
  facet normal 1 0 0
    outer loop
      vertex 10 -6.76777 89.2322
      vertex 10 -5.32566 81.081
      vertex 10 -6.46946 88.9775
    endloop
  endfacet
  facet normal 1 0 0
    outer loop
      vertex 10 -5.0061 72.4516
      vertex 10 -6.46946 67.0225
      vertex 10 -6.13498 67.2275
    endloop
  endfacet
  facet normal 1 0 0
    outer loop
      vertex 10 -7.02254 89.5305
      vertex 10 -5.32566 81.081
      vertex 10 -6.76777 89.2322
    endloop
  endfacet
  facet normal 1 0 0
    outer loop
      vertex 10 -5.0061 72.4516
      vertex 10 -6.76777 66.7678
      vertex 10 -6.46946 67.0225
    endloop
  endfacet
  facet normal 1 0 0
    outer loop
      vertex 10 -7.22752 89.865
      vertex 10 -5.32566 81.081
      vertex 10 -7.02254 89.5305
    endloop
  endfacet
  facet normal 1 0 0
    outer loop
      vertex 10 -5.0061 72.4516
      vertex 10 -7.02254 66.4695
      vertex 10 -6.76777 66.7678
    endloop
  endfacet
  facet normal 1 0 0
    outer loop
      vertex 10 -7.37764 90.2275
      vertex 10 -5.32566 81.081
      vertex 10 -7.22752 89.865
    endloop
  endfacet
  facet normal 1 0 0
    outer loop
      vertex 10 -5.0061 72.4516
      vertex 10 -7.22752 66.135
      vertex 10 -7.02254 66.4695
    endloop
  endfacet
  facet normal 1 0 0
    outer loop
      vertex 10 -7.37764 65.7725
      vertex 10 -5.32566 81.081
      vertex 10 -7.37764 90.2275
    endloop
  endfacet
  facet normal 1 0 0
    outer loop
      vertex 10 -5.32566 81.081
      vertex 10 -7.37764 65.7725
      vertex 10 -7.22752 66.135
    endloop
  endfacet
  facet normal 1 0 0
    outer loop
      vertex 10 -7.46922 90.6089
      vertex 10 -7.37764 65.7725
      vertex 10 -7.37764 90.2275
    endloop
  endfacet
  facet normal 1 0 0
    outer loop
      vertex 10 -7.46922 90.6089
      vertex 10 -7.46922 65.3911
      vertex 10 -7.37764 65.7725
    endloop
  endfacet
  facet normal 1 0 0
    outer loop
      vertex 10 -10 107
      vertex 10 -7.46922 90.6089
      vertex 10 -7.5 91
    endloop
  endfacet
  facet normal 1 0 0
    outer loop
      vertex 10 -7.46922 90.6089
      vertex 10 -10 107
      vertex 10 -7.46922 65.3911
    endloop
  endfacet
  facet normal 1 -0 0
    outer loop
      vertex 10 -4.22746 10.6224
      vertex 10 -4.2 0
      vertex 10 -4.2 10.6337
    endloop
  endfacet
  facet normal 1 -0 0
    outer loop
      vertex 10 -4.60891 10.5308
      vertex 10 -4.2 0
      vertex 10 -4.22746 10.6224
    endloop
  endfacet
  facet normal 1 -0 0
    outer loop
      vertex 10 -5 10.5
      vertex 10 -4.2 0
      vertex 10 -4.60891 10.5308
    endloop
  endfacet
  facet normal 1 0 0
    outer loop
      vertex 10 -5.39109 10.5308
      vertex 10 -4.2 0
      vertex 10 -5 10.5
    endloop
  endfacet
  facet normal 1 0 0
    outer loop
      vertex 10 -5.77254 10.6224
      vertex 10 -4.2 0
      vertex 10 -5.39109 10.5308
    endloop
  endfacet
  facet normal 1 0 0
    outer loop
      vertex 10 -10 0
      vertex 10 -5.77254 10.6224
      vertex 10 -6.13498 10.7725
    endloop
  endfacet
  facet normal 1 0 0
    outer loop
      vertex 10 -10 0
      vertex 10 -6.13498 10.7725
      vertex 10 -6.46946 10.9775
    endloop
  endfacet
  facet normal 1 0 0
    outer loop
      vertex 10 -10 0
      vertex 10 -6.46946 10.9775
      vertex 10 -6.76777 11.2322
    endloop
  endfacet
  facet normal 1 0 0
    outer loop
      vertex 10 -10 0
      vertex 10 -6.76777 11.2322
      vertex 10 -7.02254 11.5305
    endloop
  endfacet
  facet normal 1 0 0
    outer loop
      vertex 10 -10 0
      vertex 10 -7.02254 11.5305
      vertex 10 -7.22752 11.865
    endloop
  endfacet
  facet normal 1 0 0
    outer loop
      vertex 10 -10 0
      vertex 10 -7.22752 11.865
      vertex 10 -7.37764 12.2275
    endloop
  endfacet
  facet normal 1 0 0
    outer loop
      vertex 10 -5.77254 10.6224
      vertex 10 -10 0
      vertex 10 -4.2 0
    endloop
  endfacet
  facet normal 1 0 0
    outer loop
      vertex 10 -7.46922 12.6089
      vertex 10 -10 0
      vertex 10 -7.37764 12.2275
    endloop
  endfacet
  facet normal 1 0 0
    outer loop
      vertex 10 -7.5 13
      vertex 10 -10 0
      vertex 10 -7.46922 12.6089
    endloop
  endfacet
  facet normal 1 0 0
    outer loop
      vertex 10 -7.5 39
      vertex 10 -10 0
      vertex 10 -7.5 13
    endloop
  endfacet
  facet normal -0 0 1
    outer loop
      vertex -10 0 107
      vertex 10 -10 107
      vertex 10 0 107
    endloop
  endfacet
  facet normal 0 0 1
    outer loop
      vertex 10 -10 107
      vertex -10 0 107
      vertex -10 -10 107
    endloop
  endfacet
  facet normal -1 0 0
    outer loop
      vertex -10 -4.2 0
      vertex -10 -4.22746 10.6224
      vertex -10 -4.2 10.6337
    endloop
  endfacet
  facet normal -1 0 0
    outer loop
      vertex -10 -4.2 0
      vertex -10 -4.60891 10.5308
      vertex -10 -4.22746 10.6224
    endloop
  endfacet
  facet normal -1 0 0
    outer loop
      vertex -10 -4.2 0
      vertex -10 -5 10.5
      vertex -10 -4.60891 10.5308
    endloop
  endfacet
  facet normal -1 0 0
    outer loop
      vertex -10 -4.2 0
      vertex -10 -5.39109 10.5308
      vertex -10 -5 10.5
    endloop
  endfacet
  facet normal -1 0 0
    outer loop
      vertex -10 -4.2 0
      vertex -10 -5.77254 10.6224
      vertex -10 -5.39109 10.5308
    endloop
  endfacet
  facet normal -1 0 0
    outer loop
      vertex -10 -10 0
      vertex -10 -5.77254 10.6224
      vertex -10 -4.2 0
    endloop
  endfacet
  facet normal -1 -0 0
    outer loop
      vertex -10 -5.77254 10.6224
      vertex -10 -10 0
      vertex -10 -6.13498 10.7725
    endloop
  endfacet
  facet normal -1 -0 0
    outer loop
      vertex -10 -6.13498 10.7725
      vertex -10 -10 0
      vertex -10 -6.46946 10.9775
    endloop
  endfacet
  facet normal -1 -0 0
    outer loop
      vertex -10 -6.46946 10.9775
      vertex -10 -10 0
      vertex -10 -6.76777 11.2322
    endloop
  endfacet
  facet normal -1 -0 0
    outer loop
      vertex -10 -6.76777 11.2322
      vertex -10 -10 0
      vertex -10 -7.02254 11.5305
    endloop
  endfacet
  facet normal -1 -0 0
    outer loop
      vertex -10 -7.02254 11.5305
      vertex -10 -10 0
      vertex -10 -7.22752 11.865
    endloop
  endfacet
  facet normal -1 -0 0
    outer loop
      vertex -10 -7.46922 38.6089
      vertex -10 -10 0
      vertex -10 -7.5 39
    endloop
  endfacet
  facet normal -1 -0 0
    outer loop
      vertex -10 -7.5 39
      vertex -10 -10 0
      vertex -10 -7.5 65
    endloop
  endfacet
  facet normal -1 0 0
    outer loop
      vertex -10 -10 107
      vertex -10 -7.5 65
      vertex -10 -10 0
    endloop
  endfacet
  facet normal -1 -0 0
    outer loop
      vertex -10 -7.46922 12.6089
      vertex -10 -10 0
      vertex -10 -7.5 13
    endloop
  endfacet
  facet normal -1 -0 0
    outer loop
      vertex -10 -7.37764 12.2275
      vertex -10 -10 0
      vertex -10 -7.46922 12.6089
    endloop
  endfacet
  facet normal -1 -0 0
    outer loop
      vertex -10 -7.22752 11.865
      vertex -10 -10 0
      vertex -10 -7.37764 12.2275
    endloop
  endfacet
  facet normal -1 0 0
    outer loop
      vertex -10 -5.39109 67.4692
      vertex -10 -5.0061 72.4516
      vertex -10 -5.0061 67.4995
    endloop
  endfacet
  facet normal -1 0 0
    outer loop
      vertex -10 -5.77254 67.3776
      vertex -10 -5.0061 72.4516
      vertex -10 -5.39109 67.4692
    endloop
  endfacet
  facet normal -1 0 0
    outer loop
      vertex -10 -6.13498 67.2275
      vertex -10 -5.0061 72.4516
      vertex -10 -5.77254 67.3776
    endloop
  endfacet
  facet normal -1 0 0
    outer loop
      vertex -10 -5.32566 81.081
      vertex -10 -5.39109 88.5308
      vertex -10 -5.32566 88.5256
    endloop
  endfacet
  facet normal -1 0 0
    outer loop
      vertex -10 -6.46946 67.0225
      vertex -10 -5.0061 72.4516
      vertex -10 -6.13498 67.2275
    endloop
  endfacet
  facet normal -1 0 0
    outer loop
      vertex -10 -5.32566 81.081
      vertex -10 -5.77254 88.6224
      vertex -10 -5.39109 88.5308
    endloop
  endfacet
  facet normal -1 0 0
    outer loop
      vertex -10 -6.76777 66.7678
      vertex -10 -5.0061 72.4516
      vertex -10 -6.46946 67.0225
    endloop
  endfacet
  facet normal -1 0 0
    outer loop
      vertex -10 -5.32566 81.081
      vertex -10 -6.13498 88.7725
      vertex -10 -5.77254 88.6224
    endloop
  endfacet
  facet normal -1 0 0
    outer loop
      vertex -10 -7.02254 66.4695
      vertex -10 -5.0061 72.4516
      vertex -10 -6.76777 66.7678
    endloop
  endfacet
  facet normal -1 0 0
    outer loop
      vertex -10 -5.32566 81.081
      vertex -10 -6.46946 88.9775
      vertex -10 -6.13498 88.7725
    endloop
  endfacet
  facet normal -1 0 0
    outer loop
      vertex -10 -7.22752 66.135
      vertex -10 -5.0061 72.4516
      vertex -10 -7.02254 66.4695
    endloop
  endfacet
  facet normal -1 0 0
    outer loop
      vertex -10 -5.32566 81.081
      vertex -10 -6.76777 89.2322
      vertex -10 -6.46946 88.9775
    endloop
  endfacet
  facet normal -1 -0 0
    outer loop
      vertex -10 -5.0061 72.4516
      vertex -10 -7.22752 66.135
      vertex -10 -5.32566 81.081
    endloop
  endfacet
  facet normal -1 0 0
    outer loop
      vertex -10 -5.32566 81.081
      vertex -10 -7.02254 89.5305
      vertex -10 -6.76777 89.2322
    endloop
  endfacet
  facet normal -1 0 0
    outer loop
      vertex -10 -7.37764 65.7725
      vertex -10 -5.32566 81.081
      vertex -10 -7.22752 66.135
    endloop
  endfacet
  facet normal -1 0 0
    outer loop
      vertex -10 -5.32566 81.081
      vertex -10 -7.22752 89.865
      vertex -10 -7.02254 89.5305
    endloop
  endfacet
  facet normal -1 0 0
    outer loop
      vertex -10 -7.37764 90.2275
      vertex -10 -5.32566 81.081
      vertex -10 -7.37764 65.7725
    endloop
  endfacet
  facet normal -1 0 0
    outer loop
      vertex -10 -5.32566 81.081
      vertex -10 -7.37764 90.2275
      vertex -10 -7.22752 89.865
    endloop
  endfacet
  facet normal -1 0 0
    outer loop
      vertex -10 -7.46922 65.3911
      vertex -10 -7.37764 90.2275
      vertex -10 -7.37764 65.7725
    endloop
  endfacet
  facet normal -1 0 0
    outer loop
      vertex -10 -7.46922 65.3911
      vertex -10 -7.46922 90.6089
      vertex -10 -7.37764 90.2275
    endloop
  endfacet
  facet normal -1 0 0
    outer loop
      vertex -10 -7.5 65
      vertex -10 -7.46922 90.6089
      vertex -10 -7.46922 65.3911
    endloop
  endfacet
  facet normal -1 -0 0
    outer loop
      vertex -10 -7.46922 90.6089
      vertex -10 -7.5 65
      vertex -10 -7.5 91
    endloop
  endfacet
  facet normal -1 0 0
    outer loop
      vertex -10 0 72.8456
      vertex -10 -2.76566 76.647
      vertex -10 0 76.647
    endloop
  endfacet
  facet normal -1 0 0
    outer loop
      vertex -10 -3.92357 72.8456
      vertex -10 -2.76566 76.647
      vertex -10 0 72.8456
    endloop
  endfacet
  facet normal -1 0 0
    outer loop
      vertex -10 -5.0061 72.4516
      vertex -10 -2.76566 76.647
      vertex -10 -3.92357 72.8456
    endloop
  endfacet
  facet normal -1 -0 0
    outer loop
      vertex -10 -2.76566 76.647
      vertex -10 -5.0061 72.4516
      vertex -10 -5.32566 81.081
    endloop
  endfacet
  facet normal -1 -0 0
    outer loop
      vertex -10 -5.32566 93.4744
      vertex -10 -5.39109 93.4692
      vertex -10 -5.32566 98.081
    endloop
  endfacet
  facet normal -1 0 0
    outer loop
      vertex -10 -4.62704 41.4706
      vertex -10 -5 41.5
      vertex -10 -4.62704 46.7611
    endloop
  endfacet
  facet normal -1 0 0
    outer loop
      vertex -10 -4.2 15.3663
      vertex -10 -4.22746 15.3776
      vertex -10 -4.2 21
    endloop
  endfacet
  facet normal -1 0 0
    outer loop
      vertex -10 0 21
      vertex -10 -3.73796 24.7188
      vertex -10 0 24.7188
    endloop
  endfacet
  facet normal -1 0 0
    outer loop
      vertex -10 -4.2 21
      vertex -10 -3.73796 24.7188
      vertex -10 0 21
    endloop
  endfacet
  facet normal -1 0 0
    outer loop
      vertex -10 -4.60891 15.4692
      vertex -10 -4.2 21
      vertex -10 -4.22746 15.3776
    endloop
  endfacet
  facet normal -1 0 0
    outer loop
      vertex -10 -4.2 21
      vertex -10 -4.62704 29.7611
      vertex -10 -3.73796 24.7188
    endloop
  endfacet
  facet normal -1 0 0
    outer loop
      vertex -10 -5 15.5
      vertex -10 -4.2 21
      vertex -10 -4.60891 15.4692
    endloop
  endfacet
  facet normal -1 0 0
    outer loop
      vertex -10 -5.39109 15.4692
      vertex -10 -4.2 21
      vertex -10 -5 15.5
    endloop
  endfacet
  facet normal -1 0 0
    outer loop
      vertex -10 -5.77254 15.3776
      vertex -10 -4.2 21
      vertex -10 -5.39109 15.4692
    endloop
  endfacet
  facet normal -1 0 0
    outer loop
      vertex -10 -4.62704 29.7611
      vertex -10 -5 36.5
      vertex -10 -4.62704 36.5294
    endloop
  endfacet
  facet normal -1 0 0
    outer loop
      vertex -10 -6.13498 15.2275
      vertex -10 -4.2 21
      vertex -10 -5.77254 15.3776
    endloop
  endfacet
  facet normal -1 0 0
    outer loop
      vertex -10 -4.62704 29.7611
      vertex -10 -5.39109 36.5308
      vertex -10 -5 36.5
    endloop
  endfacet
  facet normal -1 0 0
    outer loop
      vertex -10 -6.46946 15.0225
      vertex -10 -4.2 21
      vertex -10 -6.13498 15.2275
    endloop
  endfacet
  facet normal -1 0 0
    outer loop
      vertex -10 -4.62704 29.7611
      vertex -10 -5.77254 36.6224
      vertex -10 -5.39109 36.5308
    endloop
  endfacet
  facet normal -1 0 0
    outer loop
      vertex -10 -6.76777 14.7678
      vertex -10 -4.2 21
      vertex -10 -6.46946 15.0225
    endloop
  endfacet
  facet normal -1 0 0
    outer loop
      vertex -10 -4.62704 29.7611
      vertex -10 -6.13498 36.7725
      vertex -10 -5.77254 36.6224
    endloop
  endfacet
  facet normal -1 0 0
    outer loop
      vertex -10 -7.02254 14.4695
      vertex -10 -4.2 21
      vertex -10 -6.76777 14.7678
    endloop
  endfacet
  facet normal -1 0 0
    outer loop
      vertex -10 -4.62704 29.7611
      vertex -10 -6.46946 36.9775
      vertex -10 -6.13498 36.7725
    endloop
  endfacet
  facet normal -1 -0 0
    outer loop
      vertex -10 -4.2 21
      vertex -10 -7.02254 14.4695
      vertex -10 -4.62704 29.7611
    endloop
  endfacet
  facet normal -1 0 0
    outer loop
      vertex -10 -4.62704 29.7611
      vertex -10 -6.76777 37.2322
      vertex -10 -6.46946 36.9775
    endloop
  endfacet
  facet normal -1 0 0
    outer loop
      vertex -10 -7.22752 14.135
      vertex -10 -4.62704 29.7611
      vertex -10 -7.02254 14.4695
    endloop
  endfacet
  facet normal -1 0 0
    outer loop
      vertex -10 -4.62704 29.7611
      vertex -10 -7.02254 37.5305
      vertex -10 -6.76777 37.2322
    endloop
  endfacet
  facet normal -1 0 0
    outer loop
      vertex -10 -7.22752 37.865
      vertex -10 -4.62704 29.7611
      vertex -10 -7.22752 14.135
    endloop
  endfacet
  facet normal -1 0 0
    outer loop
      vertex -10 -4.62704 29.7611
      vertex -10 -7.22752 37.865
      vertex -10 -7.02254 37.5305
    endloop
  endfacet
  facet normal -1 0 0
    outer loop
      vertex -10 -7.37764 13.7725
      vertex -10 -7.22752 37.865
      vertex -10 -7.22752 14.135
    endloop
  endfacet
  facet normal -1 0 0
    outer loop
      vertex -10 -7.37764 13.7725
      vertex -10 -7.37764 38.2275
      vertex -10 -7.22752 37.865
    endloop
  endfacet
  facet normal -1 0 0
    outer loop
      vertex -10 -7.46922 13.3911
      vertex -10 -7.37764 38.2275
      vertex -10 -7.37764 13.7725
    endloop
  endfacet
  facet normal -1 0 0
    outer loop
      vertex -10 -7.46922 13.3911
      vertex -10 -7.46922 38.6089
      vertex -10 -7.37764 38.2275
    endloop
  endfacet
  facet normal -1 0 0
    outer loop
      vertex -10 -10 0
      vertex -10 -7.46922 13.3911
      vertex -10 -7.5 13
    endloop
  endfacet
  facet normal -1 -0 0
    outer loop
      vertex -10 -7.46922 13.3911
      vertex -10 -10 0
      vertex -10 -7.46922 38.6089
    endloop
  endfacet
  facet normal -1 0 0
    outer loop
      vertex -10 0 46.9611
      vertex -10 -3.25495 50.6404
      vertex -10 0 50.6404
    endloop
  endfacet
  facet normal -1 0 0
    outer loop
      vertex -10 -3.49254 46.9611
      vertex -10 -3.25495 50.6404
      vertex -10 0 46.9611
    endloop
  endfacet
  facet normal -1 0 0
    outer loop
      vertex -10 -4.62704 46.7611
      vertex -10 -3.25495 50.6404
      vertex -10 -3.49254 46.9611
    endloop
  endfacet
  facet normal -1 0 0
    outer loop
      vertex -10 -4.62704 46.7611
      vertex -10 -5.0061 55.4516
      vertex -10 -3.25495 50.6404
    endloop
  endfacet
  facet normal -1 0 0
    outer loop
      vertex -10 -5.39109 41.4692
      vertex -10 -4.62704 46.7611
      vertex -10 -5 41.5
    endloop
  endfacet
  facet normal -1 0 0
    outer loop
      vertex -10 -5.77254 41.3776
      vertex -10 -4.62704 46.7611
      vertex -10 -5.39109 41.4692
    endloop
  endfacet
  facet normal -1 0 0
    outer loop
      vertex -10 -6.13498 41.2275
      vertex -10 -4.62704 46.7611
      vertex -10 -5.77254 41.3776
    endloop
  endfacet
  facet normal -1 0 0
    outer loop
      vertex -10 -5.0061 55.4516
      vertex -10 -5.39109 62.5308
      vertex -10 -5.0061 62.5005
    endloop
  endfacet
  facet normal -1 0 0
    outer loop
      vertex -10 -6.46946 41.0225
      vertex -10 -4.62704 46.7611
      vertex -10 -6.13498 41.2275
    endloop
  endfacet
  facet normal -1 0 0
    outer loop
      vertex -10 -5.0061 55.4516
      vertex -10 -5.77254 62.6224
      vertex -10 -5.39109 62.5308
    endloop
  endfacet
  facet normal -1 0 0
    outer loop
      vertex -10 -6.76777 40.7678
      vertex -10 -4.62704 46.7611
      vertex -10 -6.46946 41.0225
    endloop
  endfacet
  facet normal -1 0 0
    outer loop
      vertex -10 -5.0061 55.4516
      vertex -10 -6.13498 62.7725
      vertex -10 -5.77254 62.6224
    endloop
  endfacet
  facet normal -1 0 0
    outer loop
      vertex -10 -7.02254 40.4695
      vertex -10 -4.62704 46.7611
      vertex -10 -6.76777 40.7678
    endloop
  endfacet
  facet normal -1 0 0
    outer loop
      vertex -10 -5.0061 55.4516
      vertex -10 -6.46946 62.9775
      vertex -10 -6.13498 62.7725
    endloop
  endfacet
  facet normal -1 -0 0
    outer loop
      vertex -10 -4.62704 46.7611
      vertex -10 -7.02254 40.4695
      vertex -10 -5.0061 55.4516
    endloop
  endfacet
  facet normal -1 0 0
    outer loop
      vertex -10 -5.0061 55.4516
      vertex -10 -6.76777 63.2322
      vertex -10 -6.46946 62.9775
    endloop
  endfacet
  facet normal -1 0 0
    outer loop
      vertex -10 -7.22752 40.135
      vertex -10 -5.0061 55.4516
      vertex -10 -7.02254 40.4695
    endloop
  endfacet
  facet normal -1 0 0
    outer loop
      vertex -10 -5.0061 55.4516
      vertex -10 -7.02254 63.5305
      vertex -10 -6.76777 63.2322
    endloop
  endfacet
  facet normal -1 0 0
    outer loop
      vertex -10 -7.22752 63.865
      vertex -10 -5.0061 55.4516
      vertex -10 -7.22752 40.135
    endloop
  endfacet
  facet normal -1 0 0
    outer loop
      vertex -10 -5.0061 55.4516
      vertex -10 -7.22752 63.865
      vertex -10 -7.02254 63.5305
    endloop
  endfacet
  facet normal -1 0 0
    outer loop
      vertex -10 -7.37764 39.7725
      vertex -10 -7.22752 63.865
      vertex -10 -7.22752 40.135
    endloop
  endfacet
  facet normal -1 0 0
    outer loop
      vertex -10 -7.37764 39.7725
      vertex -10 -7.37764 64.2275
      vertex -10 -7.22752 63.865
    endloop
  endfacet
  facet normal -1 0 0
    outer loop
      vertex -10 -7.46922 39.3911
      vertex -10 -7.37764 64.2275
      vertex -10 -7.37764 39.7725
    endloop
  endfacet
  facet normal -1 0 0
    outer loop
      vertex -10 -7.46922 39.3911
      vertex -10 -7.46922 64.6089
      vertex -10 -7.37764 64.2275
    endloop
  endfacet
  facet normal -1 0 0
    outer loop
      vertex -10 -7.5 39
      vertex -10 -7.46922 64.6089
      vertex -10 -7.46922 39.3911
    endloop
  endfacet
  facet normal -1 -0 0
    outer loop
      vertex -10 -7.46922 64.6089
      vertex -10 -7.5 39
      vertex -10 -7.5 65
    endloop
  endfacet
  facet normal -1 0 0
    outer loop
      vertex -10 -4.328 98.657
      vertex -10 0 107
      vertex -10 0 98.657
    endloop
  endfacet
  facet normal -1 0 0
    outer loop
      vertex -10 -10 107
      vertex -10 -4.328 98.657
      vertex -10 -5.32566 98.081
    endloop
  endfacet
  facet normal -1 0 0
    outer loop
      vertex -10 -5.77254 93.3776
      vertex -10 -5.32566 98.081
      vertex -10 -5.39109 93.4692
    endloop
  endfacet
  facet normal -1 0 0
    outer loop
      vertex -10 -6.13498 93.2275
      vertex -10 -5.32566 98.081
      vertex -10 -5.77254 93.3776
    endloop
  endfacet
  facet normal -1 0 0
    outer loop
      vertex -10 -6.46946 93.0225
      vertex -10 -5.32566 98.081
      vertex -10 -6.13498 93.2275
    endloop
  endfacet
  facet normal -1 0 0
    outer loop
      vertex -10 -6.76777 92.7678
      vertex -10 -5.32566 98.081
      vertex -10 -6.46946 93.0225
    endloop
  endfacet
  facet normal -1 0 0
    outer loop
      vertex -10 -7.02254 92.4695
      vertex -10 -5.32566 98.081
      vertex -10 -6.76777 92.7678
    endloop
  endfacet
  facet normal -1 0 0
    outer loop
      vertex -10 -10 107
      vertex -10 -7.02254 92.4695
      vertex -10 -7.22752 92.135
    endloop
  endfacet
  facet normal -1 0 0
    outer loop
      vertex -10 -10 107
      vertex -10 -7.22752 92.135
      vertex -10 -7.37764 91.7725
    endloop
  endfacet
  facet normal -1 0 0
    outer loop
      vertex -10 -4.328 98.657
      vertex -10 -10 107
      vertex -10 0 107
    endloop
  endfacet
  facet normal -1 0 0
    outer loop
      vertex -10 -7.02254 92.4695
      vertex -10 -10 107
      vertex -10 -5.32566 98.081
    endloop
  endfacet
  facet normal -1 0 0
    outer loop
      vertex -10 -7.46922 91.3911
      vertex -10 -10 107
      vertex -10 -7.37764 91.7725
    endloop
  endfacet
  facet normal -1 0 0
    outer loop
      vertex -10 -7.5 91
      vertex -10 -10 107
      vertex -10 -7.46922 91.3911
    endloop
  endfacet
  facet normal -1 0 0
    outer loop
      vertex -10 -7.5 65
      vertex -10 -10 107
      vertex -10 -7.5 91
    endloop
  endfacet
  facet normal 0 1 0
    outer loop
      vertex 10 0 107
      vertex 8.94697 0 98.8376
      vertex -10 0 107
    endloop
  endfacet
  facet normal -0 1 0
    outer loop
      vertex 8.94697 0 98.8376
      vertex 10 0 107
      vertex 10 0 98.657
    endloop
  endfacet
  facet normal 0 1 -0
    outer loop
      vertex -8.94697 0 98.8376
      vertex -10 0 107
      vertex 8.94697 0 98.8376
    endloop
  endfacet
  facet normal 0 1 0
    outer loop
      vertex -10 0 107
      vertex -8.94697 0 98.8376
      vertex -10 0 98.657
    endloop
  endfacet
  facet normal 0 1 0
    outer loop
      vertex 8.5213 0 22.7608
      vertex 10 0 21
      vertex -8.5213 0 22.7608
    endloop
  endfacet
  facet normal 0 1 0
    outer loop
      vertex 8.74018 0 23.0062
      vertex 10 0 21
      vertex 8.5213 0 22.7608
    endloop
  endfacet
  facet normal 0 1 -0
    outer loop
      vertex 10 0 21
      vertex 8.74018 0 23.0062
      vertex 10 0 24.7188
    endloop
  endfacet
  facet normal 0 1 0
    outer loop
      vertex -8.74018 0 23.0062
      vertex -10 0 21
      vertex -10 0 24.7188
    endloop
  endfacet
  facet normal 0 1 0
    outer loop
      vertex -8.5213 0 22.7608
      vertex -10 0 21
      vertex -8.74018 0 23.0062
    endloop
  endfacet
  facet normal 0 1 0
    outer loop
      vertex -10 0 21
      vertex -8.5213 0 22.7608
      vertex 10 0 21
    endloop
  endfacet
  facet normal 0 1 0
    outer loop
      vertex 8.42808 0 74.6898
      vertex 8.79478 0 72.9387
      vertex -8.42808 0 74.6898
    endloop
  endfacet
  facet normal 0 1 0
    outer loop
      vertex 8.54432 0 74.7204
      vertex 8.79478 0 72.9387
      vertex 8.42808 0 74.6898
    endloop
  endfacet
  facet normal 0 1 -0
    outer loop
      vertex 10 0 72.8456
      vertex 8.54432 0 74.7204
      vertex 10 0 76.647
    endloop
  endfacet
  facet normal 0 1 0
    outer loop
      vertex 8.54432 0 74.7204
      vertex 10 0 72.8456
      vertex 8.79478 0 72.9387
    endloop
  endfacet
  facet normal 0 1 0
    outer loop
      vertex -8.79478 0 72.9387
      vertex -8.42808 0 74.6898
      vertex 8.79478 0 72.9387
    endloop
  endfacet
  facet normal 0 1 0
    outer loop
      vertex -8.79478 0 72.9387
      vertex -8.54432 0 74.7204
      vertex -8.42808 0 74.6898
    endloop
  endfacet
  facet normal 0 1 0
    outer loop
      vertex -10 0 72.8456
      vertex -8.54432 0 74.7204
      vertex -8.79478 0 72.9387
    endloop
  endfacet
  facet normal 0 1 0
    outer loop
      vertex -8.54432 0 74.7204
      vertex -10 0 72.8456
      vertex -10 0 76.647
    endloop
  endfacet
  facet normal 0 1 0
    outer loop
      vertex 8.46865 0 48.711
      vertex 8.67855 0 46.9868
      vertex -8.46865 0 48.711
    endloop
  endfacet
  facet normal 0 1 0
    outer loop
      vertex 8.62793 0 48.829
      vertex 8.67855 0 46.9868
      vertex 8.46865 0 48.711
    endloop
  endfacet
  facet normal 0 1 -0
    outer loop
      vertex 10 0 46.9611
      vertex 8.62793 0 48.829
      vertex 10 0 50.6404
    endloop
  endfacet
  facet normal 0 1 0
    outer loop
      vertex 8.62793 0 48.829
      vertex 10 0 46.9611
      vertex 8.67855 0 46.9868
    endloop
  endfacet
  facet normal 0 1 0
    outer loop
      vertex -8.67855 0 46.9868
      vertex -8.46865 0 48.711
      vertex 8.67855 0 46.9868
    endloop
  endfacet
  facet normal 0 1 0
    outer loop
      vertex -8.67855 0 46.9868
      vertex -8.62793 0 48.829
      vertex -8.46865 0 48.711
    endloop
  endfacet
  facet normal 0 1 0
    outer loop
      vertex -10 0 46.9611
      vertex -8.62793 0 48.829
      vertex -8.67855 0 46.9868
    endloop
  endfacet
  facet normal 0 1 0
    outer loop
      vertex -8.62793 0 48.829
      vertex -10 0 46.9611
      vertex -10 0 50.6404
    endloop
  endfacet
  facet normal 0 -1 0
    outer loop
      vertex -10 -10 0
      vertex 10 -10 107
      vertex -10 -10 107
    endloop
  endfacet
  facet normal 0 -1 -0
    outer loop
      vertex 10 -10 107
      vertex -10 -10 0
      vertex 10 -10 0
    endloop
  endfacet
  facet normal -0.760406 0.324724 -0.562438
    outer loop
      vertex -9.27188 -0.710397 85.6581
      vertex -9.3636 9.2818 91.5511
      vertex -9.27188 9.3355 91.4581
    endloop
  endfacet
  facet normal -0.760399 0.324728 -0.562446
    outer loop
      vertex -9.3636 9.2818 91.5511
      vertex -9.27188 -0.710397 85.6581
      vertex -9.3636 -0.764092 85.7511
    endloop
  endfacet
  facet normal -0.972392 0.116677 -0.20209
    outer loop
      vertex -9.11108 -0.51629 85.3219
      vertex -9.14405 9.46094 91.2409
      vertex -9.11108 9.5296 91.1219
    endloop
  endfacet
  facet normal -0.972392 0.116676 -0.202089
    outer loop
      vertex -9.14405 9.46094 91.2409
      vertex -9.11108 -0.51629 85.3219
      vertex -9.14405 -0.584952 85.4409
    endloop
  endfacet
  facet normal -0.972394 -0.116673 0.202083
    outer loop
      vertex -9.14405 -0.306837 84.9591
      vertex -9.11108 9.67039 90.8781
      vertex -9.14405 9.73906 90.7591
    endloop
  endfacet
  facet normal -0.972392 -0.116676 0.202089
    outer loop
      vertex -9.11108 9.67039 90.8781
      vertex -9.14405 -0.306837 84.9591
      vertex -9.11108 -0.375499 85.0781
    endloop
  endfacet
  facet normal -0.522463 0.426331 -0.738427
    outer loop
      vertex -9.59141 9.19905 91.6945
      vertex -9.47099 -0.809952 85.8306
      vertex -9.59141 -0.846847 85.8945
    endloop
  endfacet
  facet normal -0.52245 0.426335 -0.738434
    outer loop
      vertex -9.47099 -0.809952 85.8306
      vertex -9.59141 9.19905 91.6945
      vertex -9.47099 9.23594 91.6306
    endloop
  endfacet
  facet normal -0.382608 -0.461955 0.800131
    outer loop
      vertex -9.72188 -0.017919 84.4587
      vertex -9.59141 10.001 90.3055
      vertex -9.72188 10.028 90.2587
    endloop
  endfacet
  facet normal -0.382676 -0.46194 0.800107
    outer loop
      vertex -9.59141 10.001 90.3055
      vertex -9.72188 -0.017919 84.4587
      vertex -9.59141 -0.0449414 84.5055
    endloop
  endfacet
  facet normal -0.923897 0.191321 -0.331377
    outer loop
      vertex -9.14405 -0.584952 85.4409
      vertex -9.19809 9.3957 91.3539
      vertex -9.14405 9.46094 91.2409
    endloop
  endfacet
  facet normal -0.923806 0.191433 -0.331566
    outer loop
      vertex -9.19809 9.3957 91.3539
      vertex -9.14405 -0.584952 85.4409
      vertex -9.19809 -0.65019 85.5538
    endloop
  endfacet
  facet normal -0.760406 -0.324724 0.562438
    outer loop
      vertex -9.3636 -0.127696 84.6489
      vertex -9.27188 9.8645 90.5419
      vertex -9.3636 9.9182 90.4489
    endloop
  endfacet
  facet normal -0.760399 -0.324728 0.562446
    outer loop
      vertex -9.27188 9.8645 90.5419
      vertex -9.3636 -0.127696 84.6489
      vertex -9.27188 -0.181391 84.7419
    endloop
  endfacet
  facet normal 0.760476 -0.324683 0.562367
    outer loop
      vertex -10.7281 9.8645 90.5419
      vertex -10.6364 -0.127696 84.6489
      vertex -10.6364 9.9182 90.4489
    endloop
  endfacet
  facet normal 0.760469 -0.324687 0.562375
    outer loop
      vertex -10.6364 -0.127696 84.6489
      vertex -10.7281 9.8645 90.5419
      vertex -10.7281 -0.181391 84.7419
    endloop
  endfacet
  facet normal 0.923747 -0.191499 0.331693
    outer loop
      vertex -10.856 9.73906 90.7591
      vertex -10.8019 -0.241599 84.8462
      vertex -10.8019 9.8043 90.6461
    endloop
  endfacet
  facet normal 0.923656 -0.191612 0.331881
    outer loop
      vertex -10.8019 -0.241599 84.8462
      vertex -10.856 9.73906 90.7591
      vertex -10.856 -0.306837 84.9591
    endloop
  endfacet
  facet normal -0.996916 -0.0392355 0.0679578
    outer loop
      vertex -9.11108 -0.375499 85.0781
      vertex -9.1 9.6 91
      vertex -9.11108 9.67039 90.8781
    endloop
  endfacet
  facet normal -0.996917 -0.0392347 0.0679566
    outer loop
      vertex -9.1 9.6 91
      vertex -9.11108 -0.375499 85.0781
      vertex -9.1 -0.445894 85.2
    endloop
  endfacet
  facet normal 0.649656 -0.380114 0.658377
    outer loop
      vertex -10.6364 9.9182 90.4489
      vertex -10.529 -0.0818366 84.5694
      vertex -10.529 9.96406 90.3694
    endloop
  endfacet
  facet normal 0.649655 -0.380115 0.658378
    outer loop
      vertex -10.529 -0.0818366 84.5694
      vertex -10.6364 9.9182 90.4489
      vertex -10.6364 -0.127696 84.6489
    endloop
  endfacet
  facet normal -0.923897 -0.191318 0.331379
    outer loop
      vertex -9.19809 -0.241599 84.8462
      vertex -9.14405 9.73906 90.7591
      vertex -9.19809 9.8043 90.6461
    endloop
  endfacet
  facet normal -0.923806 -0.19143 0.331567
    outer loop
      vertex -9.14405 9.73906 90.7591
      vertex -9.19809 -0.241599 84.8462
      vertex -9.14405 -0.306837 84.9591
    endloop
  endfacet
  facet normal 0.522642 -0.426275 0.738333
    outer loop
      vertex -10.529 9.96406 90.3694
      vertex -10.4086 -0.0449414 84.5055
      vertex -10.4086 10.001 90.3055
    endloop
  endfacet
  facet normal 0.522526 -0.426311 0.738393
    outer loop
      vertex -10.4086 -0.0449414 84.5055
      vertex -10.529 9.96406 90.3694
      vertex -10.529 -0.0818366 84.5694
    endloop
  endfacet
  facet normal -0.0783425 -0.498463 0.863364
    outer loop
      vertex -10 0.00410562 84.4206
      vertex -9.85921 10.0445 90.2302
      vertex -10 10.05 90.2206
    endloop
  endfacet
  facet normal -0.0784845 -0.498456 0.863355
    outer loop
      vertex -9.85921 10.0445 90.2302
      vertex -10 0.00410562 84.4206
      vertex -9.85921 -0.00143475 84.4302
    endloop
  endfacet
  facet normal -0.0784832 0.498458 -0.863354
    outer loop
      vertex -10 9.15 91.7794
      vertex -9.85921 -0.890354 85.9698
      vertex -10 -0.895894 85.9794
    endloop
  endfacet
  facet normal -0.0784832 0.498458 -0.863354
    outer loop
      vertex -9.85921 -0.890354 85.9698
      vertex -10 9.15 91.7794
      vertex -9.85921 9.15554 91.7698
    endloop
  endfacet
  facet normal 0.3826 0.461957 -0.800133
    outer loop
      vertex -10.4086 -0.846847 85.8945
      vertex -10.2781 9.17202 91.7413
      vertex -10.2781 -0.873869 85.9413
    endloop
  endfacet
  facet normal 0.382624 0.461952 -0.800125
    outer loop
      vertex -10.2781 9.17202 91.7413
      vertex -10.4086 -0.846847 85.8945
      vertex -10.4086 9.19905 91.6945
    endloop
  endfacet
  facet normal -0.852496 0.26137 -0.452699
    outer loop
      vertex -9.19809 -0.65019 85.5538
      vertex -9.27188 9.3355 91.4581
      vertex -9.19809 9.3957 91.3539
    endloop
  endfacet
  facet normal -0.85267 0.261225 -0.452454
    outer loop
      vertex -9.27188 9.3355 91.4581
      vertex -9.19809 -0.65019 85.5538
      vertex -9.27188 -0.710397 85.6581
    endloop
  endfacet
  facet normal 0.078337 -0.498463 0.863364
    outer loop
      vertex -10.1408 10.0445 90.2302
      vertex -10 0.00410562 84.4206
      vertex -10 10.05 90.2206
    endloop
  endfacet
  facet normal 0.078479 -0.498456 0.863355
    outer loop
      vertex -10 0.00410562 84.4206
      vertex -10.1408 10.0445 90.2302
      vertex -10.1408 -0.00143475 84.4302
    endloop
  endfacet
  facet normal 0.233187 0.486216 -0.842151
    outer loop
      vertex -10.2781 -0.873869 85.9413
      vertex -10.1408 9.15554 91.7698
      vertex -10.1408 -0.890354 85.9698
    endloop
  endfacet
  facet normal 0.23317 0.486218 -0.842154
    outer loop
      vertex -10.1408 9.15554 91.7698
      vertex -10.2781 -0.873869 85.9413
      vertex -10.2781 9.17202 91.7413
    endloop
  endfacet
  facet normal 0.852465 -0.261393 0.452745
    outer loop
      vertex -10.8019 9.8043 90.6461
      vertex -10.7281 -0.181391 84.7419
      vertex -10.7281 9.8645 90.5419
    endloop
  endfacet
  facet normal 0.85264 -0.261246 0.4525
    outer loop
      vertex -10.7281 -0.181391 84.7419
      vertex -10.8019 9.8043 90.6461
      vertex -10.8019 -0.241599 84.8462
    endloop
  endfacet
  facet normal -0.996917 0.0392341 -0.0679554
    outer loop
      vertex -9.1 -0.445894 85.2
      vertex -9.11108 9.5296 91.1219
      vertex -9.1 9.6 91
    endloop
  endfacet
  facet normal -0.996917 0.0392346 -0.0679563
    outer loop
      vertex -9.11108 9.5296 91.1219
      vertex -9.1 -0.445894 85.2
      vertex -9.11108 -0.51629 85.3219
    endloop
  endfacet
  facet normal 0.923481 0.191823 -0.332246
    outer loop
      vertex -10.8227 9.42083 91.3103
      vertex -10.856 -0.584952 85.4409
      vertex -10.856 9.46094 91.2409
    endloop
  endfacet
  facet normal 0.92417 0.190979 -0.330813
    outer loop
      vertex -10.8019 9.3957 91.3539
      vertex -10.856 -0.584952 85.4409
      vertex -10.8227 9.42083 91.3103
    endloop
  endfacet
  facet normal 0.923656 0.191614 -0.33188
    outer loop
      vertex -10.856 -0.584952 85.4409
      vertex -10.8019 9.3957 91.3539
      vertex -10.8019 -0.65019 85.5538
    endloop
  endfacet
  facet normal 0.760476 0.324683 -0.562367
    outer loop
      vertex -10.6364 9.2818 91.5511
      vertex -10.7281 -0.710397 85.6581
      vertex -10.7281 9.3355 91.4581
    endloop
  endfacet
  facet normal 0.760469 0.324687 -0.562375
    outer loop
      vertex -10.7281 -0.710397 85.6581
      vertex -10.6364 9.2818 91.5511
      vertex -10.6364 -0.764092 85.7511
    endloop
  endfacet
  facet normal -0.382675 0.461942 -0.800106
    outer loop
      vertex -9.72188 9.17202 91.7413
      vertex -9.59141 -0.846847 85.8945
      vertex -9.72188 -0.873869 85.9413
    endloop
  endfacet
  facet normal -0.382699 0.461937 -0.800098
    outer loop
      vertex -9.59141 -0.846847 85.8945
      vertex -9.72188 9.17202 91.7413
      vertex -9.59141 9.19905 91.6945
    endloop
  endfacet
  facet normal -0.852496 -0.261367 0.452701
    outer loop
      vertex -9.27188 -0.181391 84.7419
      vertex -9.19809 9.8043 90.6461
      vertex -9.27188 9.8645 90.5419
    endloop
  endfacet
  facet normal -0.852671 -0.26122 0.452455
    outer loop
      vertex -9.19809 9.8043 90.6461
      vertex -9.27188 -0.181391 84.7419
      vertex -9.19809 -0.241599 84.8462
    endloop
  endfacet
  facet normal -0.522579 -0.426294 0.738366
    outer loop
      vertex -9.59141 -0.0449414 84.5055
      vertex -9.47099 9.96406 90.3694
      vertex -9.59141 10.001 90.3055
    endloop
  endfacet
  facet normal -0.522463 -0.426331 0.738427
    outer loop
      vertex -9.47099 9.96406 90.3694
      vertex -9.59141 -0.0449414 84.5055
      vertex -9.47099 -0.0818366 84.5694
    endloop
  endfacet
  facet normal 0.522526 0.426312 -0.738394
    outer loop
      vertex -10.529 -0.809952 85.8306
      vertex -10.4086 9.19905 91.6945
      vertex -10.4086 -0.846847 85.8945
    endloop
  endfacet
  facet normal 0.522513 0.426316 -0.7384
    outer loop
      vertex -10.4086 9.19905 91.6945
      vertex -10.529 -0.809952 85.8306
      vertex -10.529 9.23594 91.6306
    endloop
  endfacet
  facet normal -0.649691 -0.380099 0.658351
    outer loop
      vertex -9.47099 -0.0818366 84.5694
      vertex -9.3636 9.9182 90.4489
      vertex -9.47099 9.96406 90.3694
    endloop
  endfacet
  facet normal -0.649689 -0.3801 0.658352
    outer loop
      vertex -9.3636 9.9182 90.4489
      vertex -9.47099 -0.0818366 84.5694
      vertex -9.3636 -0.127696 84.6489
    endloop
  endfacet
  facet normal 0.382533 -0.46197 0.800158
    outer loop
      vertex -10.4086 10.001 90.3055
      vertex -10.2781 -0.017919 84.4587
      vertex -10.2781 10.028 90.2587
    endloop
  endfacet
  facet normal 0.382601 -0.461955 0.800134
    outer loop
      vertex -10.2781 -0.017919 84.4587
      vertex -10.4086 10.001 90.3055
      vertex -10.4086 -0.0449414 84.5055
    endloop
  endfacet
  facet normal 0.972504 0.116443 -0.201684
    outer loop
      vertex -10.856 9.46094 91.2409
      vertex -10.8889 -0.51629 85.3219
      vertex -10.8889 9.5296 91.1219
    endloop
  endfacet
  facet normal 0.972505 0.116442 -0.201683
    outer loop
      vertex -10.8889 -0.51629 85.3219
      vertex -10.856 9.46094 91.2409
      vertex -10.856 -0.584952 85.4409
    endloop
  endfacet
  facet normal 0.233237 -0.486208 0.842141
    outer loop
      vertex -10.2781 10.028 90.2587
      vertex -10.1408 -0.00143475 84.4302
      vertex -10.1408 10.0445 90.2302
    endloop
  endfacet
  facet normal 0.233184 -0.486215 0.842152
    outer loop
      vertex -10.1408 -0.00143475 84.4302
      vertex -10.2781 10.028 90.2587
      vertex -10.2781 -0.017919 84.4587
    endloop
  endfacet
  facet normal -0.233189 -0.486214 0.842151
    outer loop
      vertex -9.85921 -0.00143475 84.4302
      vertex -9.72188 10.028 90.2587
      vertex -9.85921 10.0445 90.2302
    endloop
  endfacet
  facet normal -0.233136 -0.486221 0.842162
    outer loop
      vertex -9.72188 10.028 90.2587
      vertex -9.85921 -0.00143475 84.4302
      vertex -9.72188 -0.017919 84.4587
    endloop
  endfacet
  facet normal 0.852465 0.261396 -0.452743
    outer loop
      vertex -10.7281 9.3355 91.4581
      vertex -10.8019 -0.65019 85.5538
      vertex -10.8019 9.3957 91.3539
    endloop
  endfacet
  facet normal 0.852639 0.26125 -0.452499
    outer loop
      vertex -10.8019 -0.65019 85.5538
      vertex -10.7281 9.3355 91.4581
      vertex -10.7281 -0.710397 85.6581
    endloop
  endfacet
  facet normal -0.233139 0.486222 -0.842161
    outer loop
      vertex -9.85921 9.15554 91.7698
      vertex -9.72188 -0.873869 85.9413
      vertex -9.85921 -0.890354 85.9698
    endloop
  endfacet
  facet normal -0.233122 0.486224 -0.842164
    outer loop
      vertex -9.72188 -0.873869 85.9413
      vertex -9.85921 9.15554 91.7698
      vertex -9.72188 9.17202 91.7413
    endloop
  endfacet
  facet normal 0.972506 -0.116439 0.201677
    outer loop
      vertex -10.8889 9.67039 90.8781
      vertex -10.856 -0.306837 84.9591
      vertex -10.856 9.73906 90.7591
    endloop
  endfacet
  facet normal 0.972505 -0.116442 0.201683
    outer loop
      vertex -10.856 -0.306837 84.9591
      vertex -10.8889 9.67039 90.8781
      vertex -10.8889 -0.375499 85.0781
    endloop
  endfacet
  facet normal 1.67485e-05 0.866019 0.500011
    outer loop
      vertex -10 0.00410562 84.4206
      vertex -10 -0.895894 85.9794
      vertex -9.85921 -0.890354 85.9698
    endloop
  endfacet
  facet normal -0.000188853 0.866018 0.500013
    outer loop
      vertex -9.85921 -0.00143475 84.4302
      vertex -9.85921 -0.890354 85.9698
      vertex -9.72188 -0.873869 85.9413
    endloop
  endfacet
  facet normal -1.67473e-05 0.866019 0.500011
    outer loop
      vertex -10 -0.895894 85.9794
      vertex -10 0.00410562 84.4206
      vertex -10.1408 -0.890354 85.9698
    endloop
  endfacet
  facet normal -1.95078e-05 0.866033 0.499987
    outer loop
      vertex -9.72188 -0.017919 84.4587
      vertex -9.72188 -0.873869 85.9413
      vertex -9.59141 -0.846847 85.8945
    endloop
  endfacet
  facet normal 1.46662e-05 0.866018 0.500013
    outer loop
      vertex -10.1408 -0.00143475 84.4302
      vertex -10.1408 -0.890354 85.9698
      vertex -10 0.00410562 84.4206
    endloop
  endfacet
  facet normal -2.78929e-05 0.866035 0.499984
    outer loop
      vertex -9.59141 -0.0449414 84.5055
      vertex -9.59141 -0.846847 85.8945
      vertex -9.47099 -0.809952 85.8306
    endloop
  endfacet
  facet normal 0.000188894 0.866018 0.500013
    outer loop
      vertex -10.1408 -0.890354 85.9698
      vertex -10.1408 -0.00143475 84.4302
      vertex -10.2781 -0.873869 85.9413
    endloop
  endfacet
  facet normal 0.000297602 0.866037 0.49998
    outer loop
      vertex -9.47099 -0.0818366 84.5694
      vertex -9.47099 -0.809952 85.8306
      vertex -9.3636 -0.764092 85.7511
    endloop
  endfacet
  facet normal -0.000191338 0.866033 0.499987
    outer loop
      vertex -10.2781 -0.017919 84.4587
      vertex -10.2781 -0.873869 85.9413
      vertex -10.1408 -0.00143475 84.4302
    endloop
  endfacet
  facet normal 1.88376e-05 0.866012 0.500024
    outer loop
      vertex -9.3636 -0.127696 84.6489
      vertex -9.3636 -0.764092 85.7511
      vertex -9.27188 -0.710397 85.6581
    endloop
  endfacet
  facet normal 1.95033e-05 0.866033 0.499987
    outer loop
      vertex -10.2781 -0.873869 85.9413
      vertex -10.2781 -0.017919 84.4587
      vertex -10.4086 -0.846847 85.8945
    endloop
  endfacet
  facet normal 0.000175138 0.86601 0.500027
    outer loop
      vertex -9.27188 -0.181391 84.7419
      vertex -9.27188 -0.710397 85.6581
      vertex -9.19809 -0.65019 85.5538
    endloop
  endfacet
  facet normal -2.35615e-05 0.866035 0.499984
    outer loop
      vertex -10.4086 -0.0449414 84.5055
      vertex -10.4086 -0.846847 85.8945
      vertex -10.2781 -0.017919 84.4587
    endloop
  endfacet
  facet normal -0.000735688 0.865994 0.500053
    outer loop
      vertex -9.19809 -0.241599 84.8462
      vertex -9.19809 -0.65019 85.5538
      vertex -9.14405 -0.584952 85.4409
    endloop
  endfacet
  facet normal 2.78976e-05 0.866035 0.499984
    outer loop
      vertex -10.4086 -0.846847 85.8945
      vertex -10.4086 -0.0449414 84.5055
      vertex -10.529 -0.809952 85.8306
    endloop
  endfacet
  facet normal 0.000855333 0.866057 0.499945
    outer loop
      vertex -9.19809 -0.241599 84.8462
      vertex -9.14405 -0.584952 85.4409
      vertex -9.11108 -0.51629 85.3219
    endloop
  endfacet
  facet normal -3.22361e-05 0.866037 0.49998
    outer loop
      vertex -10.529 -0.0818366 84.5694
      vertex -10.529 -0.809952 85.8306
      vertex -10.4086 -0.0449414 84.5055
    endloop
  endfacet
  facet normal -0.000138771 0.865979 0.500081
    outer loop
      vertex -9.19809 -0.241599 84.8462
      vertex -9.11108 -0.51629 85.3219
      vertex -9.1 -0.445894 85.2
    endloop
  endfacet
  facet normal -0.000297575 0.866037 0.49998
    outer loop
      vertex -10.529 -0.809952 85.8306
      vertex -10.529 -0.0818366 84.5694
      vertex -10.6364 -0.764092 85.7511
    endloop
  endfacet
  facet normal -0.00227882 0.865884 0.500239
    outer loop
      vertex -9.14405 -0.306837 84.9591
      vertex -9.1 -0.445894 85.2
      vertex -9.11108 -0.375499 85.0781
    endloop
  endfacet
  facet normal -1.46673e-05 0.866018 0.500013
    outer loop
      vertex -9.85921 -0.890354 85.9698
      vertex -9.85921 -0.00143475 84.4302
      vertex -10 0.00410562 84.4206
    endloop
  endfacet
  facet normal 0.0017549 0.866205 0.499687
    outer loop
      vertex -9.19809 -0.241599 84.8462
      vertex -9.1 -0.445894 85.2
      vertex -9.14405 -0.306837 84.9591
    endloop
  endfacet
  facet normal 0.000345679 0.866012 0.500024
    outer loop
      vertex -10.6364 -0.127696 84.6489
      vertex -10.6364 -0.764092 85.7511
      vertex -10.529 -0.0818366 84.5694
    endloop
  endfacet
  facet normal -0.000213298 0.865995 0.500053
    outer loop
      vertex -9.19809 -0.65019 85.5538
      vertex -9.19809 -0.241599 84.8462
      vertex -9.27188 -0.181391 84.7419
    endloop
  endfacet
  facet normal -1.88417e-05 0.866012 0.500024
    outer loop
      vertex -10.6364 -0.764092 85.7511
      vertex -10.6364 -0.127696 84.6489
      vertex -10.7281 -0.710397 85.6581
    endloop
  endfacet
  facet normal -2.26618e-05 0.86601 0.500027
    outer loop
      vertex -9.27188 -0.710397 85.6581
      vertex -9.27188 -0.181391 84.7419
      vertex -9.3636 -0.127696 84.6489
    endloop
  endfacet
  facet normal 2.26667e-05 0.86601 0.500027
    outer loop
      vertex -10.7281 -0.181391 84.7419
      vertex -10.7281 -0.710397 85.6581
      vertex -10.6364 -0.127696 84.6489
    endloop
  endfacet
  facet normal -0.000345711 0.866012 0.500024
    outer loop
      vertex -9.3636 -0.764092 85.7511
      vertex -9.3636 -0.127696 84.6489
      vertex -9.47099 -0.0818366 84.5694
    endloop
  endfacet
  facet normal 0.000191296 0.866033 0.499987
    outer loop
      vertex -9.72188 -0.873869 85.9413
      vertex -9.72188 -0.017919 84.4587
      vertex -9.85921 -0.00143475 84.4302
    endloop
  endfacet
  facet normal 3.22307e-05 0.866037 0.49998
    outer loop
      vertex -9.47099 -0.809952 85.8306
      vertex -9.47099 -0.0818366 84.5694
      vertex -9.59141 -0.0449414 84.5055
    endloop
  endfacet
  facet normal 2.35669e-05 0.866035 0.499984
    outer loop
      vertex -9.59141 -0.846847 85.8945
      vertex -9.59141 -0.0449414 84.5055
      vertex -9.72188 -0.017919 84.4587
    endloop
  endfacet
  facet normal 0.00021327 0.865995 0.500053
    outer loop
      vertex -10.8019 -0.241599 84.8462
      vertex -10.8019 -0.65019 85.5538
      vertex -10.7281 -0.181391 84.7419
    endloop
  endfacet
  facet normal -0.00175053 0.866204 0.499687
    outer loop
      vertex -10.9 -0.445894 85.2
      vertex -10.8019 -0.241599 84.8462
      vertex -10.856 -0.306837 84.9591
    endloop
  endfacet
  facet normal 0.00228807 0.865884 0.50024
    outer loop
      vertex -10.9 -0.445894 85.2
      vertex -10.856 -0.306837 84.9591
      vertex -10.8889 -0.375499 85.0781
    endloop
  endfacet
  facet normal 0.000138699 0.865979 0.500081
    outer loop
      vertex -10.8889 -0.51629 85.3219
      vertex -10.8019 -0.241599 84.8462
      vertex -10.9 -0.445894 85.2
    endloop
  endfacet
  facet normal 0.000734872 0.865994 0.500053
    outer loop
      vertex -10.8019 -0.65019 85.5538
      vertex -10.8019 -0.241599 84.8462
      vertex -10.856 -0.584952 85.4409
    endloop
  endfacet
  facet normal -0.000856467 0.866057 0.499944
    outer loop
      vertex -10.856 -0.584952 85.4409
      vertex -10.8019 -0.241599 84.8462
      vertex -10.8889 -0.51629 85.3219
    endloop
  endfacet
  facet normal -0.000175114 0.86601 0.500027
    outer loop
      vertex -10.7281 -0.710397 85.6581
      vertex -10.7281 -0.181391 84.7419
      vertex -10.8019 -0.65019 85.5538
    endloop
  endfacet
  facet normal 0.996906 0.0393044 -0.0680773
    outer loop
      vertex -10.8889 9.5296 91.1219
      vertex -10.9 -0.445894 85.2
      vertex -10.9 9.6 91
    endloop
  endfacet
  facet normal 0.996905 0.039305 -0.0680782
    outer loop
      vertex -10.9 -0.445894 85.2
      vertex -10.8889 9.5296 91.1219
      vertex -10.8889 -0.51629 85.3219
    endloop
  endfacet
  facet normal 0.0784777 0.498458 -0.863354
    outer loop
      vertex -10.1408 -0.890354 85.9698
      vertex -10 9.15 91.7794
      vertex -10 -0.895894 85.9794
    endloop
  endfacet
  facet normal 0.0784777 0.498458 -0.863354
    outer loop
      vertex -10 9.15 91.7794
      vertex -10.1408 -0.890354 85.9698
      vertex -10.1408 9.15554 91.7698
    endloop
  endfacet
  facet normal 0.996905 -0.0393058 0.0680797
    outer loop
      vertex -10.9 9.6 91
      vertex -10.8889 -0.375499 85.0781
      vertex -10.8889 9.67039 90.8781
    endloop
  endfacet
  facet normal 0.996905 -0.0393051 0.0680785
    outer loop
      vertex -10.8889 -0.375499 85.0781
      vertex -10.9 9.6 91
      vertex -10.9 -0.445894 85.2
    endloop
  endfacet
  facet normal 0.649656 0.380114 -0.658377
    outer loop
      vertex -10.6364 -0.764092 85.7511
      vertex -10.529 9.23594 91.6306
      vertex -10.529 -0.809952 85.8306
    endloop
  endfacet
  facet normal 0.649656 0.380114 -0.658377
    outer loop
      vertex -10.529 9.23594 91.6306
      vertex -10.6364 -0.764092 85.7511
      vertex -10.6364 9.2818 91.5511
    endloop
  endfacet
  facet normal -0.649691 0.380099 -0.658351
    outer loop
      vertex -9.47099 9.23594 91.6306
      vertex -9.3636 -0.764092 85.7511
      vertex -9.47099 -0.809952 85.8306
    endloop
  endfacet
  facet normal -0.649691 0.380099 -0.658351
    outer loop
      vertex -9.3636 -0.764092 85.7511
      vertex -9.47099 9.23594 91.6306
      vertex -9.3636 9.2818 91.5511
    endloop
  endfacet
  facet normal 0.0784832 0.498458 -0.863354
    outer loop
      vertex 9.85921 -0.890354 85.9698
      vertex 10 9.15 91.7794
      vertex 10 -0.895894 85.9794
    endloop
  endfacet
  facet normal 0.0784832 0.498458 -0.863354
    outer loop
      vertex 10 9.15 91.7794
      vertex 9.85921 -0.890354 85.9698
      vertex 9.85921 9.15554 91.7698
    endloop
  endfacet
  facet normal -0.972506 -0.116439 0.201677
    outer loop
      vertex 10.856 -0.306837 84.9591
      vertex 10.8889 9.67039 90.8781
      vertex 10.856 9.73906 90.7591
    endloop
  endfacet
  facet normal -0.972505 -0.116442 0.201683
    outer loop
      vertex 10.8889 9.67039 90.8781
      vertex 10.856 -0.306837 84.9591
      vertex 10.8889 -0.375499 85.0781
    endloop
  endfacet
  facet normal -0.233237 -0.486208 0.842141
    outer loop
      vertex 10.1408 -0.00143475 84.4302
      vertex 10.2781 10.028 90.2587
      vertex 10.1408 10.0445 90.2302
    endloop
  endfacet
  facet normal -0.233184 -0.486215 0.842152
    outer loop
      vertex 10.2781 10.028 90.2587
      vertex 10.1408 -0.00143475 84.4302
      vertex 10.2781 -0.017919 84.4587
    endloop
  endfacet
  facet normal 0.649691 -0.380099 0.658351
    outer loop
      vertex 9.3636 9.9182 90.4489
      vertex 9.47099 -0.0818366 84.5694
      vertex 9.47099 9.96406 90.3694
    endloop
  endfacet
  facet normal 0.649689 -0.3801 0.658352
    outer loop
      vertex 9.47099 -0.0818366 84.5694
      vertex 9.3636 9.9182 90.4489
      vertex 9.3636 -0.127696 84.6489
    endloop
  endfacet
  facet normal -0.852465 0.261396 -0.452743
    outer loop
      vertex 10.8019 -0.65019 85.5538
      vertex 10.7281 9.3355 91.4581
      vertex 10.8019 9.3957 91.3539
    endloop
  endfacet
  facet normal -0.852639 0.26125 -0.452499
    outer loop
      vertex 10.7281 9.3355 91.4581
      vertex 10.8019 -0.65019 85.5538
      vertex 10.7281 -0.710397 85.6581
    endloop
  endfacet
  facet normal 0.382675 0.461942 -0.800106
    outer loop
      vertex 9.59141 -0.846847 85.8945
      vertex 9.72188 9.17202 91.7413
      vertex 9.72188 -0.873869 85.9413
    endloop
  endfacet
  facet normal 0.382699 0.461937 -0.800098
    outer loop
      vertex 9.72188 9.17202 91.7413
      vertex 9.59141 -0.846847 85.8945
      vertex 9.59141 9.19905 91.6945
    endloop
  endfacet
  facet normal -0.996905 -0.0393058 0.0680797
    outer loop
      vertex 10.8889 -0.375499 85.0781
      vertex 10.9 9.6 91
      vertex 10.8889 9.67039 90.8781
    endloop
  endfacet
  facet normal -0.996905 -0.0393051 0.0680785
    outer loop
      vertex 10.9 9.6 91
      vertex 10.8889 -0.375499 85.0781
      vertex 10.9 -0.445894 85.2
    endloop
  endfacet
  facet normal -0.0784777 0.498458 -0.863354
    outer loop
      vertex 10 9.15 91.7794
      vertex 10.1408 -0.890354 85.9698
      vertex 10 -0.895894 85.9794
    endloop
  endfacet
  facet normal -0.0784777 0.498458 -0.863354
    outer loop
      vertex 10.1408 -0.890354 85.9698
      vertex 10 9.15 91.7794
      vertex 10.1408 9.15554 91.7698
    endloop
  endfacet
  facet normal 0.760406 -0.324724 0.562438
    outer loop
      vertex 9.27188 9.8645 90.5419
      vertex 9.3636 -0.127696 84.6489
      vertex 9.3636 9.9182 90.4489
    endloop
  endfacet
  facet normal 0.760399 -0.324728 0.562446
    outer loop
      vertex 9.3636 -0.127696 84.6489
      vertex 9.27188 9.8645 90.5419
      vertex 9.27188 -0.181391 84.7419
    endloop
  endfacet
  facet normal -0.649656 0.380114 -0.658377
    outer loop
      vertex 10.529 9.23594 91.6306
      vertex 10.6364 -0.764092 85.7511
      vertex 10.529 -0.809952 85.8306
    endloop
  endfacet
  facet normal -0.649656 0.380114 -0.658377
    outer loop
      vertex 10.6364 -0.764092 85.7511
      vertex 10.529 9.23594 91.6306
      vertex 10.6364 9.2818 91.5511
    endloop
  endfacet
  facet normal -0.923747 -0.191499 0.331693
    outer loop
      vertex 10.8019 -0.241599 84.8462
      vertex 10.856 9.73906 90.7591
      vertex 10.8019 9.8043 90.6461
    endloop
  endfacet
  facet normal -0.923656 -0.191612 0.331881
    outer loop
      vertex 10.856 9.73906 90.7591
      vertex 10.8019 -0.241599 84.8462
      vertex 10.856 -0.306837 84.9591
    endloop
  endfacet
  facet normal -0.382533 -0.46197 0.800158
    outer loop
      vertex 10.2781 -0.017919 84.4587
      vertex 10.4086 10.001 90.3055
      vertex 10.2781 10.028 90.2587
    endloop
  endfacet
  facet normal -0.382601 -0.461955 0.800134
    outer loop
      vertex 10.4086 10.001 90.3055
      vertex 10.2781 -0.017919 84.4587
      vertex 10.4086 -0.0449414 84.5055
    endloop
  endfacet
  facet normal 0.0783425 -0.498463 0.863364
    outer loop
      vertex 9.85921 10.0445 90.2302
      vertex 10 0.00410562 84.4206
      vertex 10 10.05 90.2206
    endloop
  endfacet
  facet normal 0.0784845 -0.498456 0.863355
    outer loop
      vertex 10 0.00410562 84.4206
      vertex 9.85921 10.0445 90.2302
      vertex 9.85921 -0.00143475 84.4302
    endloop
  endfacet
  facet normal 0.522463 0.426331 -0.738427
    outer loop
      vertex 9.47099 -0.809952 85.8306
      vertex 9.59141 9.19905 91.6945
      vertex 9.59141 -0.846847 85.8945
    endloop
  endfacet
  facet normal 0.52245 0.426335 -0.738434
    outer loop
      vertex 9.59141 9.19905 91.6945
      vertex 9.47099 -0.809952 85.8306
      vertex 9.47099 9.23594 91.6306
    endloop
  endfacet
  facet normal 0.923897 0.191321 -0.331377
    outer loop
      vertex 9.19809 9.3957 91.3539
      vertex 9.14405 -0.584952 85.4409
      vertex 9.14405 9.46094 91.2409
    endloop
  endfacet
  facet normal 0.923806 0.191433 -0.331566
    outer loop
      vertex 9.14405 -0.584952 85.4409
      vertex 9.19809 9.3957 91.3539
      vertex 9.19809 -0.65019 85.5538
    endloop
  endfacet
  facet normal 0.382608 -0.461955 0.800131
    outer loop
      vertex 9.59141 10.001 90.3055
      vertex 9.72188 -0.017919 84.4587
      vertex 9.72188 10.028 90.2587
    endloop
  endfacet
  facet normal 0.382676 -0.46194 0.800107
    outer loop
      vertex 9.72188 -0.017919 84.4587
      vertex 9.59141 10.001 90.3055
      vertex 9.59141 -0.0449414 84.5055
    endloop
  endfacet
  facet normal -0.923481 0.191823 -0.332246
    outer loop
      vertex 10.856 -0.584952 85.4409
      vertex 10.8227 9.42083 91.3103
      vertex 10.856 9.46094 91.2409
    endloop
  endfacet
  facet normal -0.92417 0.190979 -0.330813
    outer loop
      vertex 10.856 -0.584952 85.4409
      vertex 10.8019 9.3957 91.3539
      vertex 10.8227 9.42083 91.3103
    endloop
  endfacet
  facet normal -0.923656 0.191614 -0.33188
    outer loop
      vertex 10.8019 9.3957 91.3539
      vertex 10.856 -0.584952 85.4409
      vertex 10.8019 -0.65019 85.5538
    endloop
  endfacet
  facet normal -0.649656 -0.380114 0.658377
    outer loop
      vertex 10.529 -0.0818366 84.5694
      vertex 10.6364 9.9182 90.4489
      vertex 10.529 9.96406 90.3694
    endloop
  endfacet
  facet normal -0.649655 -0.380115 0.658378
    outer loop
      vertex 10.6364 9.9182 90.4489
      vertex 10.529 -0.0818366 84.5694
      vertex 10.6364 -0.127696 84.6489
    endloop
  endfacet
  facet normal 0.972392 0.116677 -0.20209
    outer loop
      vertex 9.14405 9.46094 91.2409
      vertex 9.11108 -0.51629 85.3219
      vertex 9.11108 9.5296 91.1219
    endloop
  endfacet
  facet normal 0.972392 0.116676 -0.202089
    outer loop
      vertex 9.11108 -0.51629 85.3219
      vertex 9.14405 9.46094 91.2409
      vertex 9.14405 -0.584952 85.4409
    endloop
  endfacet
  facet normal -0.996906 0.0393044 -0.0680773
    outer loop
      vertex 10.9 -0.445894 85.2
      vertex 10.8889 9.5296 91.1219
      vertex 10.9 9.6 91
    endloop
  endfacet
  facet normal -0.996905 0.039305 -0.0680782
    outer loop
      vertex 10.8889 9.5296 91.1219
      vertex 10.9 -0.445894 85.2
      vertex 10.8889 -0.51629 85.3219
    endloop
  endfacet
  facet normal 0.923897 -0.191318 0.331379
    outer loop
      vertex 9.14405 9.73906 90.7591
      vertex 9.19809 -0.241599 84.8462
      vertex 9.19809 9.8043 90.6461
    endloop
  endfacet
  facet normal 0.923806 -0.19143 0.331567
    outer loop
      vertex 9.19809 -0.241599 84.8462
      vertex 9.14405 9.73906 90.7591
      vertex 9.14405 -0.306837 84.9591
    endloop
  endfacet
  facet normal 0.649691 0.380099 -0.658351
    outer loop
      vertex 9.3636 -0.764092 85.7511
      vertex 9.47099 9.23594 91.6306
      vertex 9.47099 -0.809952 85.8306
    endloop
  endfacet
  facet normal 0.649691 0.380099 -0.658351
    outer loop
      vertex 9.47099 9.23594 91.6306
      vertex 9.3636 -0.764092 85.7511
      vertex 9.3636 9.2818 91.5511
    endloop
  endfacet
  facet normal -0.3826 0.461957 -0.800133
    outer loop
      vertex 10.2781 9.17202 91.7413
      vertex 10.4086 -0.846847 85.8945
      vertex 10.2781 -0.873869 85.9413
    endloop
  endfacet
  facet normal -0.382624 0.461952 -0.800125
    outer loop
      vertex 10.4086 -0.846847 85.8945
      vertex 10.2781 9.17202 91.7413
      vertex 10.4086 9.19905 91.6945
    endloop
  endfacet
  facet normal 0.996917 0.0392341 -0.0679554
    outer loop
      vertex 9.11108 9.5296 91.1219
      vertex 9.1 -0.445894 85.2
      vertex 9.1 9.6 91
    endloop
  endfacet
  facet normal 0.996917 0.0392346 -0.0679563
    outer loop
      vertex 9.1 -0.445894 85.2
      vertex 9.11108 9.5296 91.1219
      vertex 9.11108 -0.51629 85.3219
    endloop
  endfacet
  facet normal -0.852465 -0.261393 0.452745
    outer loop
      vertex 10.7281 -0.181391 84.7419
      vertex 10.8019 9.8043 90.6461
      vertex 10.7281 9.8645 90.5419
    endloop
  endfacet
  facet normal -0.85264 -0.261246 0.4525
    outer loop
      vertex 10.8019 9.8043 90.6461
      vertex 10.7281 -0.181391 84.7419
      vertex 10.8019 -0.241599 84.8462
    endloop
  endfacet
  facet normal -0.522642 -0.426275 0.738333
    outer loop
      vertex 10.4086 -0.0449414 84.5055
      vertex 10.529 9.96406 90.3694
      vertex 10.4086 10.001 90.3055
    endloop
  endfacet
  facet normal -0.522526 -0.426311 0.738393
    outer loop
      vertex 10.529 9.96406 90.3694
      vertex 10.4086 -0.0449414 84.5055
      vertex 10.529 -0.0818366 84.5694
    endloop
  endfacet
  facet normal 0.233189 -0.486214 0.842151
    outer loop
      vertex 9.72188 10.028 90.2587
      vertex 9.85921 -0.00143475 84.4302
      vertex 9.85921 10.0445 90.2302
    endloop
  endfacet
  facet normal 0.233136 -0.486221 0.842162
    outer loop
      vertex 9.85921 -0.00143475 84.4302
      vertex 9.72188 10.028 90.2587
      vertex 9.72188 -0.017919 84.4587
    endloop
  endfacet
  facet normal 0.522579 -0.426294 0.738366
    outer loop
      vertex 9.47099 9.96406 90.3694
      vertex 9.59141 -0.0449414 84.5055
      vertex 9.59141 10.001 90.3055
    endloop
  endfacet
  facet normal 0.522463 -0.426331 0.738427
    outer loop
      vertex 9.59141 -0.0449414 84.5055
      vertex 9.47099 9.96406 90.3694
      vertex 9.47099 -0.0818366 84.5694
    endloop
  endfacet
  facet normal 0.852496 0.26137 -0.452699
    outer loop
      vertex 9.27188 9.3355 91.4581
      vertex 9.19809 -0.65019 85.5538
      vertex 9.19809 9.3957 91.3539
    endloop
  endfacet
  facet normal 0.85267 0.261225 -0.452454
    outer loop
      vertex 9.19809 -0.65019 85.5538
      vertex 9.27188 9.3355 91.4581
      vertex 9.27188 -0.710397 85.6581
    endloop
  endfacet
  facet normal 0.760406 0.324724 -0.562438
    outer loop
      vertex 9.3636 9.2818 91.5511
      vertex 9.27188 -0.710397 85.6581
      vertex 9.27188 9.3355 91.4581
    endloop
  endfacet
  facet normal 0.760399 0.324728 -0.562446
    outer loop
      vertex 9.27188 -0.710397 85.6581
      vertex 9.3636 9.2818 91.5511
      vertex 9.3636 -0.764092 85.7511
    endloop
  endfacet
  facet normal -0.233187 0.486216 -0.842151
    outer loop
      vertex 10.1408 9.15554 91.7698
      vertex 10.2781 -0.873869 85.9413
      vertex 10.1408 -0.890354 85.9698
    endloop
  endfacet
  facet normal -0.23317 0.486218 -0.842154
    outer loop
      vertex 10.2781 -0.873869 85.9413
      vertex 10.1408 9.15554 91.7698
      vertex 10.2781 9.17202 91.7413
    endloop
  endfacet
  facet normal -0.078337 -0.498463 0.863364
    outer loop
      vertex 10 0.00410562 84.4206
      vertex 10.1408 10.0445 90.2302
      vertex 10 10.05 90.2206
    endloop
  endfacet
  facet normal -0.078479 -0.498456 0.863355
    outer loop
      vertex 10.1408 10.0445 90.2302
      vertex 10 0.00410562 84.4206
      vertex 10.1408 -0.00143475 84.4302
    endloop
  endfacet
  facet normal -0.522526 0.426312 -0.738394
    outer loop
      vertex 10.4086 9.19905 91.6945
      vertex 10.529 -0.809952 85.8306
      vertex 10.4086 -0.846847 85.8945
    endloop
  endfacet
  facet normal -0.522513 0.426316 -0.7384
    outer loop
      vertex 10.529 -0.809952 85.8306
      vertex 10.4086 9.19905 91.6945
      vertex 10.529 9.23594 91.6306
    endloop
  endfacet
  facet normal -0.972504 0.116443 -0.201684
    outer loop
      vertex 10.8889 -0.51629 85.3219
      vertex 10.856 9.46094 91.2409
      vertex 10.8889 9.5296 91.1219
    endloop
  endfacet
  facet normal -0.972505 0.116442 -0.201683
    outer loop
      vertex 10.856 9.46094 91.2409
      vertex 10.8889 -0.51629 85.3219
      vertex 10.856 -0.584952 85.4409
    endloop
  endfacet
  facet normal 0.996916 -0.0392355 0.0679578
    outer loop
      vertex 9.1 9.6 91
      vertex 9.11108 -0.375499 85.0781
      vertex 9.11108 9.67039 90.8781
    endloop
  endfacet
  facet normal 0.996917 -0.0392347 0.0679566
    outer loop
      vertex 9.11108 -0.375499 85.0781
      vertex 9.1 9.6 91
      vertex 9.1 -0.445894 85.2
    endloop
  endfacet
  facet normal 0.852496 -0.261367 0.452701
    outer loop
      vertex 9.19809 9.8043 90.6461
      vertex 9.27188 -0.181391 84.7419
      vertex 9.27188 9.8645 90.5419
    endloop
  endfacet
  facet normal 0.852671 -0.26122 0.452455
    outer loop
      vertex 9.27188 -0.181391 84.7419
      vertex 9.19809 9.8043 90.6461
      vertex 9.19809 -0.241599 84.8462
    endloop
  endfacet
  facet normal -0.760476 -0.324683 0.562367
    outer loop
      vertex 10.6364 -0.127696 84.6489
      vertex 10.7281 9.8645 90.5419
      vertex 10.6364 9.9182 90.4489
    endloop
  endfacet
  facet normal -0.760469 -0.324687 0.562375
    outer loop
      vertex 10.7281 9.8645 90.5419
      vertex 10.6364 -0.127696 84.6489
      vertex 10.7281 -0.181391 84.7419
    endloop
  endfacet
  facet normal 0.972394 -0.116673 0.202083
    outer loop
      vertex 9.11108 9.67039 90.8781
      vertex 9.14405 -0.306837 84.9591
      vertex 9.14405 9.73906 90.7591
    endloop
  endfacet
  facet normal 0.972392 -0.116676 0.202089
    outer loop
      vertex 9.14405 -0.306837 84.9591
      vertex 9.11108 9.67039 90.8781
      vertex 9.11108 -0.375499 85.0781
    endloop
  endfacet
  facet normal 1.67473e-05 0.866019 0.500011
    outer loop
      vertex 10 0.00410562 84.4206
      vertex 10 -0.895894 85.9794
      vertex 10.1408 -0.890354 85.9698
    endloop
  endfacet
  facet normal -0.000188894 0.866018 0.500013
    outer loop
      vertex 10.1408 -0.00143475 84.4302
      vertex 10.1408 -0.890354 85.9698
      vertex 10.2781 -0.873869 85.9413
    endloop
  endfacet
  facet normal -1.67485e-05 0.866019 0.500011
    outer loop
      vertex 10 -0.895894 85.9794
      vertex 10 0.00410562 84.4206
      vertex 9.85921 -0.890354 85.9698
    endloop
  endfacet
  facet normal -1.95033e-05 0.866033 0.499987
    outer loop
      vertex 10.2781 -0.017919 84.4587
      vertex 10.2781 -0.873869 85.9413
      vertex 10.4086 -0.846847 85.8945
    endloop
  endfacet
  facet normal 1.46673e-05 0.866018 0.500013
    outer loop
      vertex 9.85921 -0.00143475 84.4302
      vertex 9.85921 -0.890354 85.9698
      vertex 10 0.00410562 84.4206
    endloop
  endfacet
  facet normal -2.78976e-05 0.866035 0.499984
    outer loop
      vertex 10.4086 -0.0449414 84.5055
      vertex 10.4086 -0.846847 85.8945
      vertex 10.529 -0.809952 85.8306
    endloop
  endfacet
  facet normal 0.000188853 0.866018 0.500013
    outer loop
      vertex 9.85921 -0.890354 85.9698
      vertex 9.85921 -0.00143475 84.4302
      vertex 9.72188 -0.873869 85.9413
    endloop
  endfacet
  facet normal 0.000297575 0.866037 0.49998
    outer loop
      vertex 10.529 -0.0818366 84.5694
      vertex 10.529 -0.809952 85.8306
      vertex 10.6364 -0.764092 85.7511
    endloop
  endfacet
  facet normal -0.000191296 0.866033 0.499987
    outer loop
      vertex 9.72188 -0.017919 84.4587
      vertex 9.72188 -0.873869 85.9413
      vertex 9.85921 -0.00143475 84.4302
    endloop
  endfacet
  facet normal 1.88417e-05 0.866012 0.500024
    outer loop
      vertex 10.6364 -0.127696 84.6489
      vertex 10.6364 -0.764092 85.7511
      vertex 10.7281 -0.710397 85.6581
    endloop
  endfacet
  facet normal 1.95078e-05 0.866033 0.499987
    outer loop
      vertex 9.72188 -0.873869 85.9413
      vertex 9.72188 -0.017919 84.4587
      vertex 9.59141 -0.846847 85.8945
    endloop
  endfacet
  facet normal 0.000175114 0.86601 0.500027
    outer loop
      vertex 10.7281 -0.181391 84.7419
      vertex 10.7281 -0.710397 85.6581
      vertex 10.8019 -0.65019 85.5538
    endloop
  endfacet
  facet normal -2.35669e-05 0.866035 0.499984
    outer loop
      vertex 9.59141 -0.0449414 84.5055
      vertex 9.59141 -0.846847 85.8945
      vertex 9.72188 -0.017919 84.4587
    endloop
  endfacet
  facet normal -0.000734872 0.865994 0.500053
    outer loop
      vertex 10.8019 -0.241599 84.8462
      vertex 10.8019 -0.65019 85.5538
      vertex 10.856 -0.584952 85.4409
    endloop
  endfacet
  facet normal 2.78929e-05 0.866035 0.499984
    outer loop
      vertex 9.59141 -0.846847 85.8945
      vertex 9.59141 -0.0449414 84.5055
      vertex 9.47099 -0.809952 85.8306
    endloop
  endfacet
  facet normal 0.000856467 0.866057 0.499944
    outer loop
      vertex 10.8019 -0.241599 84.8462
      vertex 10.856 -0.584952 85.4409
      vertex 10.8889 -0.51629 85.3219
    endloop
  endfacet
  facet normal -3.22307e-05 0.866037 0.49998
    outer loop
      vertex 9.47099 -0.0818366 84.5694
      vertex 9.47099 -0.809952 85.8306
      vertex 9.59141 -0.0449414 84.5055
    endloop
  endfacet
  facet normal -0.000138699 0.865979 0.500081
    outer loop
      vertex 10.8019 -0.241599 84.8462
      vertex 10.8889 -0.51629 85.3219
      vertex 10.9 -0.445894 85.2
    endloop
  endfacet
  facet normal -0.000297602 0.866037 0.49998
    outer loop
      vertex 9.47099 -0.809952 85.8306
      vertex 9.47099 -0.0818366 84.5694
      vertex 9.3636 -0.764092 85.7511
    endloop
  endfacet
  facet normal -0.00228807 0.865884 0.50024
    outer loop
      vertex 10.856 -0.306837 84.9591
      vertex 10.9 -0.445894 85.2
      vertex 10.8889 -0.375499 85.0781
    endloop
  endfacet
  facet normal -1.46662e-05 0.866018 0.500013
    outer loop
      vertex 10.1408 -0.890354 85.9698
      vertex 10.1408 -0.00143475 84.4302
      vertex 10 0.00410562 84.4206
    endloop
  endfacet
  facet normal 0.00175053 0.866204 0.499687
    outer loop
      vertex 10.8019 -0.241599 84.8462
      vertex 10.9 -0.445894 85.2
      vertex 10.856 -0.306837 84.9591
    endloop
  endfacet
  facet normal 0.000345711 0.866012 0.500024
    outer loop
      vertex 9.3636 -0.127696 84.6489
      vertex 9.3636 -0.764092 85.7511
      vertex 9.47099 -0.0818366 84.5694
    endloop
  endfacet
  facet normal -0.00021327 0.865995 0.500053
    outer loop
      vertex 10.8019 -0.65019 85.5538
      vertex 10.8019 -0.241599 84.8462
      vertex 10.7281 -0.181391 84.7419
    endloop
  endfacet
  facet normal -1.88376e-05 0.866012 0.500024
    outer loop
      vertex 9.3636 -0.764092 85.7511
      vertex 9.3636 -0.127696 84.6489
      vertex 9.27188 -0.710397 85.6581
    endloop
  endfacet
  facet normal -2.26667e-05 0.86601 0.500027
    outer loop
      vertex 10.7281 -0.710397 85.6581
      vertex 10.7281 -0.181391 84.7419
      vertex 10.6364 -0.127696 84.6489
    endloop
  endfacet
  facet normal 2.26618e-05 0.86601 0.500027
    outer loop
      vertex 9.27188 -0.181391 84.7419
      vertex 9.27188 -0.710397 85.6581
      vertex 9.3636 -0.127696 84.6489
    endloop
  endfacet
  facet normal -0.000345679 0.866012 0.500024
    outer loop
      vertex 10.6364 -0.764092 85.7511
      vertex 10.6364 -0.127696 84.6489
      vertex 10.529 -0.0818366 84.5694
    endloop
  endfacet
  facet normal 0.000191338 0.866033 0.499987
    outer loop
      vertex 10.2781 -0.873869 85.9413
      vertex 10.2781 -0.017919 84.4587
      vertex 10.1408 -0.00143475 84.4302
    endloop
  endfacet
  facet normal 3.22361e-05 0.866037 0.49998
    outer loop
      vertex 10.529 -0.809952 85.8306
      vertex 10.529 -0.0818366 84.5694
      vertex 10.4086 -0.0449414 84.5055
    endloop
  endfacet
  facet normal 2.35615e-05 0.866035 0.499984
    outer loop
      vertex 10.4086 -0.846847 85.8945
      vertex 10.4086 -0.0449414 84.5055
      vertex 10.2781 -0.017919 84.4587
    endloop
  endfacet
  facet normal 0.000213298 0.865995 0.500053
    outer loop
      vertex 9.19809 -0.241599 84.8462
      vertex 9.19809 -0.65019 85.5538
      vertex 9.27188 -0.181391 84.7419
    endloop
  endfacet
  facet normal -0.0017549 0.866205 0.499687
    outer loop
      vertex 9.1 -0.445894 85.2
      vertex 9.19809 -0.241599 84.8462
      vertex 9.14405 -0.306837 84.9591
    endloop
  endfacet
  facet normal 0.00227882 0.865884 0.500239
    outer loop
      vertex 9.1 -0.445894 85.2
      vertex 9.14405 -0.306837 84.9591
      vertex 9.11108 -0.375499 85.0781
    endloop
  endfacet
  facet normal 0.000138771 0.865979 0.500081
    outer loop
      vertex 9.11108 -0.51629 85.3219
      vertex 9.19809 -0.241599 84.8462
      vertex 9.1 -0.445894 85.2
    endloop
  endfacet
  facet normal 0.000735688 0.865994 0.500053
    outer loop
      vertex 9.19809 -0.65019 85.5538
      vertex 9.19809 -0.241599 84.8462
      vertex 9.14405 -0.584952 85.4409
    endloop
  endfacet
  facet normal -0.000855333 0.866057 0.499945
    outer loop
      vertex 9.14405 -0.584952 85.4409
      vertex 9.19809 -0.241599 84.8462
      vertex 9.11108 -0.51629 85.3219
    endloop
  endfacet
  facet normal -0.000175138 0.86601 0.500027
    outer loop
      vertex 9.27188 -0.710397 85.6581
      vertex 9.27188 -0.181391 84.7419
      vertex 9.19809 -0.65019 85.5538
    endloop
  endfacet
  facet normal -0.760476 0.324683 -0.562367
    outer loop
      vertex 10.7281 -0.710397 85.6581
      vertex 10.6364 9.2818 91.5511
      vertex 10.7281 9.3355 91.4581
    endloop
  endfacet
  facet normal -0.760469 0.324687 -0.562375
    outer loop
      vertex 10.6364 9.2818 91.5511
      vertex 10.7281 -0.710397 85.6581
      vertex 10.6364 -0.764092 85.7511
    endloop
  endfacet
  facet normal 0.233139 0.486222 -0.842161
    outer loop
      vertex 9.72188 -0.873869 85.9413
      vertex 9.85921 9.15554 91.7698
      vertex 9.85921 -0.890354 85.9698
    endloop
  endfacet
  facet normal 0.233122 0.486224 -0.842164
    outer loop
      vertex 9.85921 9.15554 91.7698
      vertex 9.72188 -0.873869 85.9413
      vertex 9.72188 9.17202 91.7413
    endloop
  endfacet
  facet normal -0.760367 0.222138 -0.610325
    outer loop
      vertex -9.27188 -1.48136 61.5297
      vertex -9.3636 9.38234 65.598
      vertex -9.27188 9.41907 65.4971
    endloop
  endfacet
  facet normal -0.760367 0.222138 -0.610325
    outer loop
      vertex -9.3636 9.38234 65.598
      vertex -9.27188 -1.48136 61.5297
      vertex -9.3636 -1.51809 61.6306
    endloop
  endfacet
  facet normal -0.972353 0.0798671 -0.219435
    outer loop
      vertex -9.11108 -1.34859 61.1649
      vertex -9.14405 9.50488 65.2613
      vertex -9.11108 9.55185 65.1323
    endloop
  endfacet
  facet normal -0.972351 0.079869 -0.21944
    outer loop
      vertex -9.14405 9.50488 65.2613
      vertex -9.11108 -1.34859 61.1649
      vertex -9.14405 -1.39555 61.2939
    endloop
  endfacet
  facet normal -0.972353 -0.0798689 0.219434
    outer loop
      vertex -9.14405 -1.20531 60.7712
      vertex -9.11108 9.64815 64.8677
      vertex -9.14405 9.69512 64.7387
    endloop
  endfacet
  facet normal -0.972389 -0.0798155 0.219293
    outer loop
      vertex -9.11108 9.64815 64.8677
      vertex -9.14405 -1.20531 60.7712
      vertex -9.11108 -1.25228 60.9003
    endloop
  endfacet
  facet normal -0.522292 0.291661 -0.80134
    outer loop
      vertex -9.59141 9.32573 65.7535
      vertex -9.47099 -1.54946 61.7168
      vertex -9.59141 -1.5747 61.7861
    endloop
  endfacet
  facet normal -0.522292 0.291661 -0.80134
    outer loop
      vertex -9.47099 -1.54946 61.7168
      vertex -9.59141 9.32573 65.7535
      vertex -9.47099 9.35097 65.6842
    endloop
  endfacet
  facet normal -0.382771 -0.315978 0.868127
    outer loop
      vertex -9.72188 -1.00768 60.2282
      vertex -9.59141 9.87427 64.2465
      vertex -9.72188 9.89275 64.1957
    endloop
  endfacet
  facet normal -0.382792 -0.315975 0.868119
    outer loop
      vertex -9.59141 9.87427 64.2465
      vertex -9.72188 -1.00768 60.2282
      vertex -9.59141 -1.02617 60.279
    endloop
  endfacet
  facet normal -0.923886 0.130879 -0.35959
    outer loop
      vertex -9.14405 -1.39555 61.2939
      vertex -9.19809 9.46025 65.3839
      vertex -9.14405 9.50488 65.2613
    endloop
  endfacet
  facet normal -0.923886 0.130879 -0.35959
    outer loop
      vertex -9.19809 9.46025 65.3839
      vertex -9.14405 -1.39555 61.2939
      vertex -9.19809 -1.44018 61.4165
    endloop
  endfacet
  facet normal -0.760367 -0.222138 0.610325
    outer loop
      vertex -9.3636 -1.08277 60.4346
      vertex -9.27188 9.78093 64.5029
      vertex -9.3636 9.81766 64.402
    endloop
  endfacet
  facet normal -0.760367 -0.222138 0.610325
    outer loop
      vertex -9.27188 9.78093 64.5029
      vertex -9.3636 -1.08277 60.4346
      vertex -9.27188 -1.1195 60.5355
    endloop
  endfacet
  facet normal 0.760437 -0.22211 0.610248
    outer loop
      vertex -10.7281 9.78093 64.5029
      vertex -10.6364 -1.08277 60.4346
      vertex -10.6364 9.81766 64.402
    endloop
  endfacet
  facet normal 0.760437 -0.22211 0.610248
    outer loop
      vertex -10.6364 -1.08277 60.4346
      vertex -10.7281 9.78093 64.5029
      vertex -10.7281 -1.1195 60.5355
    endloop
  endfacet
  facet normal 0.923736 -0.131006 0.359929
    outer loop
      vertex -10.856 9.69512 64.7387
      vertex -10.8019 -1.16069 60.6486
      vertex -10.8019 9.73975 64.6161
    endloop
  endfacet
  facet normal 0.923733 -0.131009 0.359937
    outer loop
      vertex -10.8019 -1.16069 60.6486
      vertex -10.856 9.69512 64.7387
      vertex -10.856 -1.20531 60.7712
    endloop
  endfacet
  facet normal -0.996918 -0.0268335 0.073725
    outer loop
      vertex -9.11108 -1.25228 60.9003
      vertex -9.1 9.6 65
      vertex -9.11108 9.64815 64.8677
    endloop
  endfacet
  facet normal -0.996918 -0.0268335 0.073725
    outer loop
      vertex -9.1 9.6 65
      vertex -9.11108 -1.25228 60.9003
      vertex -9.1 -1.30043 61.0326
    endloop
  endfacet
  facet normal 0.649458 -0.260069 0.714541
    outer loop
      vertex -10.6364 9.81766 64.402
      vertex -10.529 -1.0514 60.3484
      vertex -10.529 9.84903 64.3158
    endloop
  endfacet
  facet normal 0.649458 -0.260069 0.714541
    outer loop
      vertex -10.529 -1.0514 60.3484
      vertex -10.6364 9.81766 64.402
      vertex -10.6364 -1.08277 60.4346
    endloop
  endfacet
  facet normal -0.923886 -0.130882 0.359589
    outer loop
      vertex -9.19809 -1.16069 60.6486
      vertex -9.14405 9.69512 64.7387
      vertex -9.19809 9.73975 64.6161
    endloop
  endfacet
  facet normal -0.923883 -0.130885 0.359597
    outer loop
      vertex -9.14405 9.69512 64.7387
      vertex -9.19809 -1.16069 60.6486
      vertex -9.14405 -1.20531 60.7712
    endloop
  endfacet
  facet normal 0.522355 -0.291654 0.801301
    outer loop
      vertex -10.529 9.84903 64.3158
      vertex -10.4086 -1.02617 60.279
      vertex -10.4086 9.87427 64.2465
    endloop
  endfacet
  facet normal 0.522821 -0.29155 0.801035
    outer loop
      vertex -10.4086 -1.02617 60.279
      vertex -10.529 9.84903 64.3158
      vertex -10.529 -1.0514 60.3484
    endloop
  endfacet
  facet normal -0.0783792 -0.340973 0.9368
    outer loop
      vertex -10 -0.992616 60.1868
      vertex -9.85921 9.90403 64.1647
      vertex -10 9.90782 64.1543
    endloop
  endfacet
  facet normal -0.0790404 -0.340948 0.936754
    outer loop
      vertex -9.85921 9.90403 64.1647
      vertex -10 -0.992616 60.1868
      vertex -9.85921 -0.996406 60.1973
    endloop
  endfacet
  facet normal -0.0783792 0.340966 -0.936803
    outer loop
      vertex -10 9.29218 65.8457
      vertex -9.85921 -1.60446 61.8679
      vertex -10 -1.60825 61.8783
    endloop
  endfacet
  facet normal -0.0783792 0.340966 -0.936803
    outer loop
      vertex -9.85921 -1.60446 61.8679
      vertex -10 9.29218 65.8457
      vertex -9.85921 9.29597 65.8353
    endloop
  endfacet
  facet normal 0.382716 0.315978 -0.868151
    outer loop
      vertex -10.4086 -1.5747 61.7861
      vertex -10.2781 9.30725 65.8043
      vertex -10.2781 -1.59319 61.8369
    endloop
  endfacet
  facet normal 0.382696 0.315981 -0.868159
    outer loop
      vertex -10.2781 9.30725 65.8043
      vertex -10.4086 -1.5747 61.7861
      vertex -10.4086 9.32573 65.7535
    endloop
  endfacet
  facet normal -0.852724 0.178657 -0.49086
    outer loop
      vertex -9.19809 -1.44018 61.4165
      vertex -9.27188 9.41907 65.4971
      vertex -9.19809 9.46025 65.3839
    endloop
  endfacet
  facet normal -0.852724 0.178657 -0.49086
    outer loop
      vertex -9.27188 9.41907 65.4971
      vertex -9.19809 -1.44018 61.4165
      vertex -9.27188 -1.48136 61.5297
    endloop
  endfacet
  facet normal 0.0783737 -0.340973 0.9368
    outer loop
      vertex -10.1408 9.90403 64.1647
      vertex -10 -0.992616 60.1868
      vertex -10 9.90782 64.1543
    endloop
  endfacet
  facet normal 0.0790349 -0.340948 0.936754
    outer loop
      vertex -10 -0.992616 60.1868
      vertex -10.1408 9.90403 64.1647
      vertex -10.1408 -0.996406 60.1973
    endloop
  endfacet
  facet normal 0.233594 0.332556 -0.913696
    outer loop
      vertex -10.2781 -1.59319 61.8369
      vertex -10.1408 9.29597 65.8353
      vertex -10.1408 -1.60446 61.8679
    endloop
  endfacet
  facet normal 0.233617 0.332553 -0.913691
    outer loop
      vertex -10.1408 9.29597 65.8353
      vertex -10.2781 -1.59319 61.8369
      vertex -10.2781 9.30725 65.8043
    endloop
  endfacet
  facet normal 0.852692 -0.178675 0.490909
    outer loop
      vertex -10.8019 9.73975 64.6161
      vertex -10.7281 -1.1195 60.5355
      vertex -10.7281 9.78093 64.5029
    endloop
  endfacet
  facet normal 0.852517 -0.178776 0.491176
    outer loop
      vertex -10.7281 -1.1195 60.5355
      vertex -10.8019 9.73975 64.6161
      vertex -10.8019 -1.16069 60.6486
    endloop
  endfacet
  facet normal -0.996918 0.0268335 -0.073725
    outer loop
      vertex -9.1 -1.30043 61.0326
      vertex -9.11108 9.55185 65.1323
      vertex -9.1 9.6 65
    endloop
  endfacet
  facet normal -0.996918 0.0268328 -0.0737232
    outer loop
      vertex -9.11108 9.55185 65.1323
      vertex -9.1 -1.30043 61.0326
      vertex -9.11108 -1.34859 61.1649
    endloop
  endfacet
  facet normal 0.923736 0.131003 -0.35993
    outer loop
      vertex -10.8019 9.46025 65.3839
      vertex -10.856 -1.39555 61.2939
      vertex -10.856 9.50488 65.2613
    endloop
  endfacet
  facet normal 0.923736 0.131003 -0.35993
    outer loop
      vertex -10.856 -1.39555 61.2939
      vertex -10.8019 9.46025 65.3839
      vertex -10.8019 -1.44018 61.4165
    endloop
  endfacet
  facet normal 0.760437 0.22211 -0.610248
    outer loop
      vertex -10.6364 9.38234 65.598
      vertex -10.7281 -1.48136 61.5297
      vertex -10.7281 9.41907 65.4971
    endloop
  endfacet
  facet normal 0.760437 0.22211 -0.610248
    outer loop
      vertex -10.7281 -1.48136 61.5297
      vertex -10.6364 9.38234 65.598
      vertex -10.6364 -1.51809 61.6306
    endloop
  endfacet
  facet normal -0.382792 0.315968 -0.868122
    outer loop
      vertex -9.72188 9.30725 65.8043
      vertex -9.59141 -1.5747 61.7861
      vertex -9.72188 -1.59319 61.8369
    endloop
  endfacet
  facet normal -0.382771 0.315971 -0.86813
    outer loop
      vertex -9.59141 -1.5747 61.7861
      vertex -9.72188 9.30725 65.8043
      vertex -9.59141 9.32573 65.7535
    endloop
  endfacet
  facet normal -0.852724 -0.178657 0.49086
    outer loop
      vertex -9.27188 -1.1195 60.5355
      vertex -9.19809 9.73975 64.6161
      vertex -9.27188 9.78093 64.5029
    endloop
  endfacet
  facet normal -0.852549 -0.178759 0.491127
    outer loop
      vertex -9.19809 9.73975 64.6161
      vertex -9.27188 -1.1195 60.5355
      vertex -9.19809 -1.16069 60.6486
    endloop
  endfacet
  facet normal -0.522292 -0.291668 0.801337
    outer loop
      vertex -9.59141 -1.02617 60.279
      vertex -9.47099 9.84903 64.3158
      vertex -9.59141 9.87427 64.2465
    endloop
  endfacet
  facet normal -0.522758 -0.291564 0.801071
    outer loop
      vertex -9.47099 9.84903 64.3158
      vertex -9.59141 -1.02617 60.279
      vertex -9.47099 -1.0514 60.3484
    endloop
  endfacet
  facet normal 0.522355 0.291648 -0.801303
    outer loop
      vertex -10.529 -1.54946 61.7168
      vertex -10.4086 9.32573 65.7535
      vertex -10.4086 -1.5747 61.7861
    endloop
  endfacet
  facet normal 0.522355 0.291648 -0.801303
    outer loop
      vertex -10.4086 9.32573 65.7535
      vertex -10.529 -1.54946 61.7168
      vertex -10.529 9.35097 65.6842
    endloop
  endfacet
  facet normal -0.649493 -0.260059 0.714513
    outer loop
      vertex -9.47099 -1.0514 60.3484
      vertex -9.3636 9.81766 64.402
      vertex -9.47099 9.84903 64.3158
    endloop
  endfacet
  facet normal -0.649493 -0.260059 0.714513
    outer loop
      vertex -9.3636 9.81766 64.402
      vertex -9.47099 -1.0514 60.3484
      vertex -9.3636 -1.08277 60.4346
    endloop
  endfacet
  facet normal 0.382696 -0.315988 0.868156
    outer loop
      vertex -10.4086 9.87427 64.2465
      vertex -10.2781 -1.00768 60.2282
      vertex -10.2781 9.89275 64.1957
    endloop
  endfacet
  facet normal 0.382716 -0.315985 0.868148
    outer loop
      vertex -10.2781 -1.00768 60.2282
      vertex -10.4086 9.87427 64.2465
      vertex -10.4086 -1.02617 60.279
    endloop
  endfacet
  facet normal 0.972465 0.0797067 -0.218994
    outer loop
      vertex -10.856 9.50488 65.2613
      vertex -10.8889 -1.34859 61.1649
      vertex -10.8889 9.55185 65.1323
    endloop
  endfacet
  facet normal 0.972464 0.0797087 -0.219
    outer loop
      vertex -10.8889 -1.34859 61.1649
      vertex -10.856 9.50488 65.2613
      vertex -10.856 -1.39555 61.2939
    endloop
  endfacet
  facet normal 0.233617 -0.332553 0.913691
    outer loop
      vertex -10.2781 9.89275 64.1957
      vertex -10.1408 -0.996406 60.1973
      vertex -10.1408 9.90403 64.1647
    endloop
  endfacet
  facet normal 0.232974 -0.332614 0.913833
    outer loop
      vertex -10.1408 -0.996406 60.1973
      vertex -10.2781 9.89275 64.1957
      vertex -10.2781 -1.00768 60.2282
    endloop
  endfacet
  facet normal -0.233569 -0.332557 0.913702
    outer loop
      vertex -9.85921 -0.996406 60.1973
      vertex -9.72188 9.89275 64.1957
      vertex -9.85921 9.90403 64.1647
    endloop
  endfacet
  facet normal -0.232926 -0.332618 0.913844
    outer loop
      vertex -9.72188 9.89275 64.1957
      vertex -9.85921 -0.996406 60.1973
      vertex -9.72188 -1.00768 60.2282
    endloop
  endfacet
  facet normal 0.852692 0.178675 -0.490909
    outer loop
      vertex -10.7281 9.41907 65.4971
      vertex -10.8019 -1.44018 61.4165
      vertex -10.8019 9.46025 65.3839
    endloop
  endfacet
  facet normal 0.852692 0.178675 -0.490909
    outer loop
      vertex -10.8019 -1.44018 61.4165
      vertex -10.7281 9.41907 65.4971
      vertex -10.7281 -1.48136 61.5297
    endloop
  endfacet
  facet normal -0.233546 0.332559 -0.913707
    outer loop
      vertex -9.85921 9.29597 65.8353
      vertex -9.72188 -1.59319 61.8369
      vertex -9.85921 -1.60446 61.8679
    endloop
  endfacet
  facet normal -0.233569 0.332557 -0.913702
    outer loop
      vertex -9.72188 -1.59319 61.8369
      vertex -9.85921 9.29597 65.8353
      vertex -9.72188 9.30725 65.8043
    endloop
  endfacet
  facet normal 0.972465 -0.0797086 0.218994
    outer loop
      vertex -10.8889 9.64815 64.8677
      vertex -10.856 -1.20531 60.7712
      vertex -10.856 9.69512 64.7387
    endloop
  endfacet
  facet normal 0.972501 -0.0796552 0.218853
    outer loop
      vertex -10.856 -1.20531 60.7712
      vertex -10.8889 9.64815 64.8677
      vertex -10.8889 -1.25228 60.9003
    endloop
  endfacet
  facet normal -3.12123e-05 0.939692 0.342023
    outer loop
      vertex -9.85921 -0.996406 60.1973
      vertex -10 -1.60825 61.8783
      vertex -9.85921 -1.60446 61.8679
    endloop
  endfacet
  facet normal 9.01586e-05 0.939692 0.342023
    outer loop
      vertex -9.85921 -0.996406 60.1973
      vertex -9.85921 -1.60446 61.8679
      vertex -9.72188 -1.59319 61.8369
    endloop
  endfacet
  facet normal -0.000210599 0.939696 0.34201
    outer loop
      vertex -10 -0.992616 60.1868
      vertex -10 -1.60825 61.8783
      vertex -9.85921 -0.996406 60.1973
    endloop
  endfacet
  facet normal -4.27567e-06 0.939694 0.342016
    outer loop
      vertex -9.72188 -1.00768 60.2282
      vertex -9.72188 -1.59319 61.8369
      vertex -9.59141 -1.5747 61.7861
    endloop
  endfacet
  facet normal 3.232e-05 0.939696 0.34201
    outer loop
      vertex -10 -1.60825 61.8783
      vertex -10 -0.992616 60.1868
      vertex -10.1408 -1.60446 61.8679
    endloop
  endfacet
  facet normal -0.000135011 0.939695 0.342015
    outer loop
      vertex -9.59141 -1.02617 60.279
      vertex -9.59141 -1.5747 61.7861
      vertex -9.47099 -1.54946 61.7168
    endloop
  endfacet
  facet normal 0.000211704 0.939692 0.342023
    outer loop
      vertex -10.1408 -0.996406 60.1973
      vertex -10.1408 -1.60446 61.8679
      vertex -10 -0.992616 60.1868
    endloop
  endfacet
  facet normal 3.87764e-05 0.939692 0.342022
    outer loop
      vertex -9.47099 -1.0514 60.3484
      vertex -9.47099 -1.54946 61.7168
      vertex -9.3636 -1.51809 61.6306
    endloop
  endfacet
  facet normal -9.01783e-05 0.939692 0.342023
    outer loop
      vertex -10.1408 -1.60446 61.8679
      vertex -10.1408 -0.996406 60.1973
      vertex -10.2781 -1.59319 61.8369
    endloop
  endfacet
  facet normal -4.52509e-05 0.93969 0.342028
    outer loop
      vertex -9.47099 -1.0514 60.3484
      vertex -9.3636 -1.51809 61.6306
      vertex -9.27188 -1.48136 61.5297
    endloop
  endfacet
  facet normal -0.000188151 0.939694 0.342016
    outer loop
      vertex -10.2781 -1.00768 60.2282
      vertex -10.2781 -1.59319 61.8369
      vertex -10.1408 -0.996406 60.1973
    endloop
  endfacet
  facet normal 0.000218747 0.939704 0.341989
    outer loop
      vertex -9.47099 -1.0514 60.3484
      vertex -9.27188 -1.48136 61.5297
      vertex -9.19809 -1.44018 61.4165
    endloop
  endfacet
  facet normal 4.27469e-06 0.939694 0.342016
    outer loop
      vertex -10.2781 -1.59319 61.8369
      vertex -10.2781 -1.00768 60.2282
      vertex -10.4086 -1.5747 61.7861
    endloop
  endfacet
  facet normal -5.0242e-05 0.939682 0.34205
    outer loop
      vertex -9.47099 -1.0514 60.3484
      vertex -9.19809 -1.44018 61.4165
      vertex -9.14405 -1.39555 61.2939
    endloop
  endfacet
  facet normal -4.56286e-06 0.939695 0.342015
    outer loop
      vertex -10.4086 -1.02617 60.279
      vertex -10.4086 -1.5747 61.7861
      vertex -10.2781 -1.00768 60.2282
    endloop
  endfacet
  facet normal -6.82836e-05 0.93968 0.342055
    outer loop
      vertex -9.47099 -1.0514 60.3484
      vertex -9.14405 -1.39555 61.2939
      vertex -9.11108 -1.34859 61.1649
    endloop
  endfacet
  facet normal 0.000135034 0.939695 0.342015
    outer loop
      vertex -10.4086 -1.5747 61.7861
      vertex -10.4086 -1.02617 60.279
      vertex -10.529 -1.54946 61.7168
    endloop
  endfacet
  facet normal -7.30179e-05 0.939679 0.342057
    outer loop
      vertex -9.47099 -1.0514 60.3484
      vertex -9.11108 -1.34859 61.1649
      vertex -9.1 -1.30043 61.0326
    endloop
  endfacet
  facet normal 0.000231747 0.939692 0.342022
    outer loop
      vertex -10.529 -1.0514 60.3484
      vertex -10.529 -1.54946 61.7168
      vertex -10.4086 -1.02617 60.279
    endloop
  endfacet
  facet normal 5.52259e-05 0.939702 0.341996
    outer loop
      vertex -9.47099 -1.0514 60.3484
      vertex -9.1 -1.30043 61.0326
      vertex -9.11108 -1.25228 60.9003
    endloop
  endfacet
  facet normal -3.87728e-05 0.939692 0.342022
    outer loop
      vertex -10.529 -1.54946 61.7168
      vertex -10.529 -1.0514 60.3484
      vertex -10.6364 -1.51809 61.6306
    endloop
  endfacet
  facet normal 0.000361202 0.939766 0.341819
    outer loop
      vertex -9.47099 -1.0514 60.3484
      vertex -9.11108 -1.25228 60.9003
      vertex -9.14405 -1.20531 60.7712
    endloop
  endfacet
  facet normal 0.00018811 0.939694 0.342016
    outer loop
      vertex -9.72188 -1.59319 61.8369
      vertex -9.72188 -1.00768 60.2282
      vertex -9.85921 -0.996406 60.1973
    endloop
  endfacet
  facet normal 0.000219737 0.93973 0.341916
    outer loop
      vertex -9.47099 -1.0514 60.3484
      vertex -9.14405 -1.20531 60.7712
      vertex -9.19809 -1.16069 60.6486
    endloop
  endfacet
  facet normal -0.000218726 0.939704 0.341989
    outer loop
      vertex -10.7281 -1.48136 61.5297
      vertex -10.529 -1.0514 60.3484
      vertex -10.8019 -1.44018 61.4165
    endloop
  endfacet
  facet normal -0.000612188 0.939497 0.342556
    outer loop
      vertex -9.3636 -1.08277 60.4346
      vertex -9.19809 -1.16069 60.6486
      vertex -9.27188 -1.1195 60.5355
    endloop
  endfacet
  facet normal -0.000379941 0.939555 0.342397
    outer loop
      vertex -9.47099 -1.0514 60.3484
      vertex -9.19809 -1.16069 60.6486
      vertex -9.3636 -1.08277 60.4346
    endloop
  endfacet
  facet normal -0.000231709 0.939692 0.342022
    outer loop
      vertex -9.47099 -1.54946 61.7168
      vertex -9.47099 -1.0514 60.3484
      vertex -9.59141 -1.02617 60.279
    endloop
  endfacet
  facet normal 0.000612873 0.939497 0.342556
    outer loop
      vertex -10.8019 -1.16069 60.6486
      vertex -10.6364 -1.08277 60.4346
      vertex -10.7281 -1.1195 60.5355
    endloop
  endfacet
  facet normal 4.56391e-06 0.939695 0.342015
    outer loop
      vertex -9.59141 -1.5747 61.7861
      vertex -9.59141 -1.02617 60.279
      vertex -9.72188 -1.00768 60.2282
    endloop
  endfacet
  facet normal 0.00037981 0.939555 0.342397
    outer loop
      vertex -10.8019 -1.16069 60.6486
      vertex -10.529 -1.0514 60.3484
      vertex -10.6364 -1.08277 60.4346
    endloop
  endfacet
  facet normal 5.02067e-05 0.939682 0.34205
    outer loop
      vertex -10.8019 -1.44018 61.4165
      vertex -10.529 -1.0514 60.3484
      vertex -10.856 -1.39555 61.2939
    endloop
  endfacet
  facet normal -0.000219967 0.939731 0.341916
    outer loop
      vertex -10.856 -1.20531 60.7712
      vertex -10.529 -1.0514 60.3484
      vertex -10.8019 -1.16069 60.6486
    endloop
  endfacet
  facet normal -5.52423e-05 0.939702 0.341996
    outer loop
      vertex -10.9 -1.30043 61.0326
      vertex -10.529 -1.0514 60.3484
      vertex -10.8889 -1.25228 60.9003
    endloop
  endfacet
  facet normal -0.000360726 0.939765 0.34182
    outer loop
      vertex -10.8889 -1.25228 60.9003
      vertex -10.529 -1.0514 60.3484
      vertex -10.856 -1.20531 60.7712
    endloop
  endfacet
  facet normal 7.29986e-05 0.939679 0.342057
    outer loop
      vertex -10.8889 -1.34859 61.1649
      vertex -10.529 -1.0514 60.3484
      vertex -10.9 -1.30043 61.0326
    endloop
  endfacet
  facet normal 6.83381e-05 0.93968 0.342055
    outer loop
      vertex -10.856 -1.39555 61.2939
      vertex -10.529 -1.0514 60.3484
      vertex -10.8889 -1.34859 61.1649
    endloop
  endfacet
  facet normal 4.52596e-05 0.93969 0.342028
    outer loop
      vertex -10.6364 -1.51809 61.6306
      vertex -10.529 -1.0514 60.3484
      vertex -10.7281 -1.48136 61.5297
    endloop
  endfacet
  facet normal 0.996906 0.0268816 -0.0738572
    outer loop
      vertex -10.8889 9.55185 65.1323
      vertex -10.9 -1.30043 61.0326
      vertex -10.9 9.6 65
    endloop
  endfacet
  facet normal 0.996907 0.0268809 -0.0738555
    outer loop
      vertex -10.9 -1.30043 61.0326
      vertex -10.8889 9.55185 65.1323
      vertex -10.8889 -1.34859 61.1649
    endloop
  endfacet
  facet normal 0.0783737 0.340966 -0.936803
    outer loop
      vertex -10.1408 -1.60446 61.8679
      vertex -10 9.29218 65.8457
      vertex -10 -1.60825 61.8783
    endloop
  endfacet
  facet normal 0.0783737 0.340966 -0.936803
    outer loop
      vertex -10 9.29218 65.8457
      vertex -10.1408 -1.60446 61.8679
      vertex -10.1408 9.29597 65.8353
    endloop
  endfacet
  facet normal 0.996906 -0.0268816 0.0738572
    outer loop
      vertex -10.9 9.6 65
      vertex -10.8889 -1.25228 60.9003
      vertex -10.8889 9.64815 64.8677
    endloop
  endfacet
  facet normal 0.996906 -0.0268816 0.0738572
    outer loop
      vertex -10.8889 -1.25228 60.9003
      vertex -10.9 9.6 65
      vertex -10.9 -1.30043 61.0326
    endloop
  endfacet
  facet normal 0.649458 0.260069 -0.714541
    outer loop
      vertex -10.6364 -1.51809 61.6306
      vertex -10.529 9.35097 65.6842
      vertex -10.529 -1.54946 61.7168
    endloop
  endfacet
  facet normal 0.649458 0.260069 -0.714541
    outer loop
      vertex -10.529 9.35097 65.6842
      vertex -10.6364 -1.51809 61.6306
      vertex -10.6364 9.38234 65.598
    endloop
  endfacet
  facet normal -0.649493 0.260059 -0.714513
    outer loop
      vertex -9.47099 9.35097 65.6842
      vertex -9.3636 -1.51809 61.6306
      vertex -9.47099 -1.54946 61.7168
    endloop
  endfacet
  facet normal -0.649493 0.260059 -0.714513
    outer loop
      vertex -9.3636 -1.51809 61.6306
      vertex -9.47099 9.35097 65.6842
      vertex -9.3636 9.38234 65.598
    endloop
  endfacet
  facet normal 0.0783792 0.340966 -0.936803
    outer loop
      vertex 9.85921 -1.60446 61.8679
      vertex 10 9.29218 65.8457
      vertex 10 -1.60825 61.8783
    endloop
  endfacet
  facet normal 0.0783792 0.340966 -0.936803
    outer loop
      vertex 10 9.29218 65.8457
      vertex 9.85921 -1.60446 61.8679
      vertex 9.85921 9.29597 65.8353
    endloop
  endfacet
  facet normal -0.972465 -0.0797086 0.218994
    outer loop
      vertex 10.856 -1.20531 60.7712
      vertex 10.8889 9.64815 64.8677
      vertex 10.856 9.69512 64.7387
    endloop
  endfacet
  facet normal -0.972501 -0.0796552 0.218853
    outer loop
      vertex 10.8889 9.64815 64.8677
      vertex 10.856 -1.20531 60.7712
      vertex 10.8889 -1.25228 60.9003
    endloop
  endfacet
  facet normal -0.233617 -0.332553 0.913691
    outer loop
      vertex 10.1408 -0.996406 60.1973
      vertex 10.2781 9.89275 64.1957
      vertex 10.1408 9.90403 64.1647
    endloop
  endfacet
  facet normal -0.232974 -0.332614 0.913833
    outer loop
      vertex 10.2781 9.89275 64.1957
      vertex 10.1408 -0.996406 60.1973
      vertex 10.2781 -1.00768 60.2282
    endloop
  endfacet
  facet normal 0.649493 -0.260059 0.714513
    outer loop
      vertex 9.3636 9.81766 64.402
      vertex 9.47099 -1.0514 60.3484
      vertex 9.47099 9.84903 64.3158
    endloop
  endfacet
  facet normal 0.649493 -0.260059 0.714513
    outer loop
      vertex 9.47099 -1.0514 60.3484
      vertex 9.3636 9.81766 64.402
      vertex 9.3636 -1.08277 60.4346
    endloop
  endfacet
  facet normal -0.852692 0.178675 -0.490909
    outer loop
      vertex 10.8019 -1.44018 61.4165
      vertex 10.7281 9.41907 65.4971
      vertex 10.8019 9.46025 65.3839
    endloop
  endfacet
  facet normal -0.852692 0.178675 -0.490909
    outer loop
      vertex 10.7281 9.41907 65.4971
      vertex 10.8019 -1.44018 61.4165
      vertex 10.7281 -1.48136 61.5297
    endloop
  endfacet
  facet normal 0.382792 0.315968 -0.868122
    outer loop
      vertex 9.59141 -1.5747 61.7861
      vertex 9.72188 9.30725 65.8043
      vertex 9.72188 -1.59319 61.8369
    endloop
  endfacet
  facet normal 0.382771 0.315971 -0.86813
    outer loop
      vertex 9.72188 9.30725 65.8043
      vertex 9.59141 -1.5747 61.7861
      vertex 9.59141 9.32573 65.7535
    endloop
  endfacet
  facet normal -0.996906 -0.0268816 0.0738572
    outer loop
      vertex 10.8889 -1.25228 60.9003
      vertex 10.9 9.6 65
      vertex 10.8889 9.64815 64.8677
    endloop
  endfacet
  facet normal -0.996906 -0.0268816 0.0738572
    outer loop
      vertex 10.9 9.6 65
      vertex 10.8889 -1.25228 60.9003
      vertex 10.9 -1.30043 61.0326
    endloop
  endfacet
  facet normal -0.0783737 0.340966 -0.936803
    outer loop
      vertex 10 9.29218 65.8457
      vertex 10.1408 -1.60446 61.8679
      vertex 10 -1.60825 61.8783
    endloop
  endfacet
  facet normal -0.0783737 0.340966 -0.936803
    outer loop
      vertex 10.1408 -1.60446 61.8679
      vertex 10 9.29218 65.8457
      vertex 10.1408 9.29597 65.8353
    endloop
  endfacet
  facet normal 0.760367 -0.222138 0.610325
    outer loop
      vertex 9.27188 9.78093 64.5029
      vertex 9.3636 -1.08277 60.4346
      vertex 9.3636 9.81766 64.402
    endloop
  endfacet
  facet normal 0.760367 -0.222138 0.610325
    outer loop
      vertex 9.3636 -1.08277 60.4346
      vertex 9.27188 9.78093 64.5029
      vertex 9.27188 -1.1195 60.5355
    endloop
  endfacet
  facet normal -0.649458 0.260069 -0.714541
    outer loop
      vertex 10.529 9.35097 65.6842
      vertex 10.6364 -1.51809 61.6306
      vertex 10.529 -1.54946 61.7168
    endloop
  endfacet
  facet normal -0.649458 0.260069 -0.714541
    outer loop
      vertex 10.6364 -1.51809 61.6306
      vertex 10.529 9.35097 65.6842
      vertex 10.6364 9.38234 65.598
    endloop
  endfacet
  facet normal -0.923736 -0.131006 0.359929
    outer loop
      vertex 10.8019 -1.16069 60.6486
      vertex 10.856 9.69512 64.7387
      vertex 10.8019 9.73975 64.6161
    endloop
  endfacet
  facet normal -0.923733 -0.131009 0.359937
    outer loop
      vertex 10.856 9.69512 64.7387
      vertex 10.8019 -1.16069 60.6486
      vertex 10.856 -1.20531 60.7712
    endloop
  endfacet
  facet normal -0.382696 -0.315988 0.868156
    outer loop
      vertex 10.2781 -1.00768 60.2282
      vertex 10.4086 9.87427 64.2465
      vertex 10.2781 9.89275 64.1957
    endloop
  endfacet
  facet normal -0.382716 -0.315985 0.868148
    outer loop
      vertex 10.4086 9.87427 64.2465
      vertex 10.2781 -1.00768 60.2282
      vertex 10.4086 -1.02617 60.279
    endloop
  endfacet
  facet normal 0.0783792 -0.340973 0.9368
    outer loop
      vertex 9.85921 9.90403 64.1647
      vertex 10 -0.992616 60.1868
      vertex 10 9.90782 64.1543
    endloop
  endfacet
  facet normal 0.0790404 -0.340948 0.936754
    outer loop
      vertex 10 -0.992616 60.1868
      vertex 9.85921 9.90403 64.1647
      vertex 9.85921 -0.996406 60.1973
    endloop
  endfacet
  facet normal 0.522292 0.291661 -0.80134
    outer loop
      vertex 9.47099 -1.54946 61.7168
      vertex 9.59141 9.32573 65.7535
      vertex 9.59141 -1.5747 61.7861
    endloop
  endfacet
  facet normal 0.522292 0.291661 -0.80134
    outer loop
      vertex 9.59141 9.32573 65.7535
      vertex 9.47099 -1.54946 61.7168
      vertex 9.47099 9.35097 65.6842
    endloop
  endfacet
  facet normal 0.923886 0.130879 -0.35959
    outer loop
      vertex 9.19809 9.46025 65.3839
      vertex 9.14405 -1.39555 61.2939
      vertex 9.14405 9.50488 65.2613
    endloop
  endfacet
  facet normal 0.923886 0.130879 -0.35959
    outer loop
      vertex 9.14405 -1.39555 61.2939
      vertex 9.19809 9.46025 65.3839
      vertex 9.19809 -1.44018 61.4165
    endloop
  endfacet
  facet normal 0.382771 -0.315978 0.868127
    outer loop
      vertex 9.59141 9.87427 64.2465
      vertex 9.72188 -1.00768 60.2282
      vertex 9.72188 9.89275 64.1957
    endloop
  endfacet
  facet normal 0.382792 -0.315975 0.868119
    outer loop
      vertex 9.72188 -1.00768 60.2282
      vertex 9.59141 9.87427 64.2465
      vertex 9.59141 -1.02617 60.279
    endloop
  endfacet
  facet normal -0.923736 0.131003 -0.35993
    outer loop
      vertex 10.856 -1.39555 61.2939
      vertex 10.8019 9.46025 65.3839
      vertex 10.856 9.50488 65.2613
    endloop
  endfacet
  facet normal -0.923736 0.131003 -0.35993
    outer loop
      vertex 10.8019 9.46025 65.3839
      vertex 10.856 -1.39555 61.2939
      vertex 10.8019 -1.44018 61.4165
    endloop
  endfacet
  facet normal -0.649458 -0.260069 0.714541
    outer loop
      vertex 10.529 -1.0514 60.3484
      vertex 10.6364 9.81766 64.402
      vertex 10.529 9.84903 64.3158
    endloop
  endfacet
  facet normal -0.649458 -0.260069 0.714541
    outer loop
      vertex 10.6364 9.81766 64.402
      vertex 10.529 -1.0514 60.3484
      vertex 10.6364 -1.08277 60.4346
    endloop
  endfacet
  facet normal 0.972353 0.0798671 -0.219435
    outer loop
      vertex 9.14405 9.50488 65.2613
      vertex 9.11108 -1.34859 61.1649
      vertex 9.11108 9.55185 65.1323
    endloop
  endfacet
  facet normal 0.972351 0.079869 -0.21944
    outer loop
      vertex 9.11108 -1.34859 61.1649
      vertex 9.14405 9.50488 65.2613
      vertex 9.14405 -1.39555 61.2939
    endloop
  endfacet
  facet normal -0.996906 0.0268816 -0.0738572
    outer loop
      vertex 10.9 -1.30043 61.0326
      vertex 10.8889 9.55185 65.1323
      vertex 10.9 9.6 65
    endloop
  endfacet
  facet normal -0.996907 0.0268809 -0.0738555
    outer loop
      vertex 10.8889 9.55185 65.1323
      vertex 10.9 -1.30043 61.0326
      vertex 10.8889 -1.34859 61.1649
    endloop
  endfacet
  facet normal 0.923886 -0.130882 0.359589
    outer loop
      vertex 9.14405 9.69512 64.7387
      vertex 9.19809 -1.16069 60.6486
      vertex 9.19809 9.73975 64.6161
    endloop
  endfacet
  facet normal 0.923883 -0.130885 0.359597
    outer loop
      vertex 9.19809 -1.16069 60.6486
      vertex 9.14405 9.69512 64.7387
      vertex 9.14405 -1.20531 60.7712
    endloop
  endfacet
  facet normal 0.649493 0.260059 -0.714513
    outer loop
      vertex 9.3636 -1.51809 61.6306
      vertex 9.47099 9.35097 65.6842
      vertex 9.47099 -1.54946 61.7168
    endloop
  endfacet
  facet normal 0.649493 0.260059 -0.714513
    outer loop
      vertex 9.47099 9.35097 65.6842
      vertex 9.3636 -1.51809 61.6306
      vertex 9.3636 9.38234 65.598
    endloop
  endfacet
  facet normal -0.382716 0.315978 -0.868151
    outer loop
      vertex 10.2781 9.30725 65.8043
      vertex 10.4086 -1.5747 61.7861
      vertex 10.2781 -1.59319 61.8369
    endloop
  endfacet
  facet normal -0.382696 0.315981 -0.868159
    outer loop
      vertex 10.4086 -1.5747 61.7861
      vertex 10.2781 9.30725 65.8043
      vertex 10.4086 9.32573 65.7535
    endloop
  endfacet
  facet normal 0.996918 0.0268335 -0.073725
    outer loop
      vertex 9.11108 9.55185 65.1323
      vertex 9.1 -1.30043 61.0326
      vertex 9.1 9.6 65
    endloop
  endfacet
  facet normal 0.996918 0.0268328 -0.0737232
    outer loop
      vertex 9.1 -1.30043 61.0326
      vertex 9.11108 9.55185 65.1323
      vertex 9.11108 -1.34859 61.1649
    endloop
  endfacet
  facet normal -0.852692 -0.178675 0.490909
    outer loop
      vertex 10.7281 -1.1195 60.5355
      vertex 10.8019 9.73975 64.6161
      vertex 10.7281 9.78093 64.5029
    endloop
  endfacet
  facet normal -0.852517 -0.178776 0.491176
    outer loop
      vertex 10.8019 9.73975 64.6161
      vertex 10.7281 -1.1195 60.5355
      vertex 10.8019 -1.16069 60.6486
    endloop
  endfacet
  facet normal -0.522355 -0.291654 0.801301
    outer loop
      vertex 10.4086 -1.02617 60.279
      vertex 10.529 9.84903 64.3158
      vertex 10.4086 9.87427 64.2465
    endloop
  endfacet
  facet normal -0.522821 -0.29155 0.801035
    outer loop
      vertex 10.529 9.84903 64.3158
      vertex 10.4086 -1.02617 60.279
      vertex 10.529 -1.0514 60.3484
    endloop
  endfacet
  facet normal 0.233569 -0.332557 0.913702
    outer loop
      vertex 9.72188 9.89275 64.1957
      vertex 9.85921 -0.996406 60.1973
      vertex 9.85921 9.90403 64.1647
    endloop
  endfacet
  facet normal 0.232926 -0.332618 0.913844
    outer loop
      vertex 9.85921 -0.996406 60.1973
      vertex 9.72188 9.89275 64.1957
      vertex 9.72188 -1.00768 60.2282
    endloop
  endfacet
  facet normal 0.522292 -0.291668 0.801337
    outer loop
      vertex 9.47099 9.84903 64.3158
      vertex 9.59141 -1.02617 60.279
      vertex 9.59141 9.87427 64.2465
    endloop
  endfacet
  facet normal 0.522758 -0.291564 0.801071
    outer loop
      vertex 9.59141 -1.02617 60.279
      vertex 9.47099 9.84903 64.3158
      vertex 9.47099 -1.0514 60.3484
    endloop
  endfacet
  facet normal 0.852724 0.178657 -0.49086
    outer loop
      vertex 9.27188 9.41907 65.4971
      vertex 9.19809 -1.44018 61.4165
      vertex 9.19809 9.46025 65.3839
    endloop
  endfacet
  facet normal 0.852724 0.178657 -0.49086
    outer loop
      vertex 9.19809 -1.44018 61.4165
      vertex 9.27188 9.41907 65.4971
      vertex 9.27188 -1.48136 61.5297
    endloop
  endfacet
  facet normal 0.760367 0.222138 -0.610325
    outer loop
      vertex 9.3636 9.38234 65.598
      vertex 9.27188 -1.48136 61.5297
      vertex 9.27188 9.41907 65.4971
    endloop
  endfacet
  facet normal 0.760367 0.222138 -0.610325
    outer loop
      vertex 9.27188 -1.48136 61.5297
      vertex 9.3636 9.38234 65.598
      vertex 9.3636 -1.51809 61.6306
    endloop
  endfacet
  facet normal -0.233594 0.332556 -0.913696
    outer loop
      vertex 10.1408 9.29597 65.8353
      vertex 10.2781 -1.59319 61.8369
      vertex 10.1408 -1.60446 61.8679
    endloop
  endfacet
  facet normal -0.233617 0.332553 -0.913691
    outer loop
      vertex 10.2781 -1.59319 61.8369
      vertex 10.1408 9.29597 65.8353
      vertex 10.2781 9.30725 65.8043
    endloop
  endfacet
  facet normal -0.0783737 -0.340973 0.9368
    outer loop
      vertex 10 -0.992616 60.1868
      vertex 10.1408 9.90403 64.1647
      vertex 10 9.90782 64.1543
    endloop
  endfacet
  facet normal -0.0790349 -0.340948 0.936754
    outer loop
      vertex 10.1408 9.90403 64.1647
      vertex 10 -0.992616 60.1868
      vertex 10.1408 -0.996406 60.1973
    endloop
  endfacet
  facet normal -0.522355 0.291648 -0.801303
    outer loop
      vertex 10.4086 9.32573 65.7535
      vertex 10.529 -1.54946 61.7168
      vertex 10.4086 -1.5747 61.7861
    endloop
  endfacet
  facet normal -0.522355 0.291648 -0.801303
    outer loop
      vertex 10.529 -1.54946 61.7168
      vertex 10.4086 9.32573 65.7535
      vertex 10.529 9.35097 65.6842
    endloop
  endfacet
  facet normal -0.972465 0.0797067 -0.218994
    outer loop
      vertex 10.8889 -1.34859 61.1649
      vertex 10.856 9.50488 65.2613
      vertex 10.8889 9.55185 65.1323
    endloop
  endfacet
  facet normal -0.972464 0.0797087 -0.219
    outer loop
      vertex 10.856 9.50488 65.2613
      vertex 10.8889 -1.34859 61.1649
      vertex 10.856 -1.39555 61.2939
    endloop
  endfacet
  facet normal 0.996918 -0.0268335 0.073725
    outer loop
      vertex 9.1 9.6 65
      vertex 9.11108 -1.25228 60.9003
      vertex 9.11108 9.64815 64.8677
    endloop
  endfacet
  facet normal 0.996918 -0.0268335 0.073725
    outer loop
      vertex 9.11108 -1.25228 60.9003
      vertex 9.1 9.6 65
      vertex 9.1 -1.30043 61.0326
    endloop
  endfacet
  facet normal 0.852724 -0.178657 0.49086
    outer loop
      vertex 9.19809 9.73975 64.6161
      vertex 9.27188 -1.1195 60.5355
      vertex 9.27188 9.78093 64.5029
    endloop
  endfacet
  facet normal 0.852549 -0.178759 0.491127
    outer loop
      vertex 9.27188 -1.1195 60.5355
      vertex 9.19809 9.73975 64.6161
      vertex 9.19809 -1.16069 60.6486
    endloop
  endfacet
  facet normal -0.760437 -0.22211 0.610248
    outer loop
      vertex 10.6364 -1.08277 60.4346
      vertex 10.7281 9.78093 64.5029
      vertex 10.6364 9.81766 64.402
    endloop
  endfacet
  facet normal -0.760437 -0.22211 0.610248
    outer loop
      vertex 10.7281 9.78093 64.5029
      vertex 10.6364 -1.08277 60.4346
      vertex 10.7281 -1.1195 60.5355
    endloop
  endfacet
  facet normal 0.972353 -0.0798689 0.219434
    outer loop
      vertex 9.11108 9.64815 64.8677
      vertex 9.14405 -1.20531 60.7712
      vertex 9.14405 9.69512 64.7387
    endloop
  endfacet
  facet normal 0.972389 -0.0798155 0.219293
    outer loop
      vertex 9.14405 -1.20531 60.7712
      vertex 9.11108 9.64815 64.8677
      vertex 9.11108 -1.25228 60.9003
    endloop
  endfacet
  facet normal -3.12101e-05 0.939692 0.342023
    outer loop
      vertex 10.1408 -0.996406 60.1973
      vertex 10 -1.60825 61.8783
      vertex 10.1408 -1.60446 61.8679
    endloop
  endfacet
  facet normal 9.01783e-05 0.939692 0.342023
    outer loop
      vertex 10.1408 -0.996406 60.1973
      vertex 10.1408 -1.60446 61.8679
      vertex 10.2781 -1.59319 61.8369
    endloop
  endfacet
  facet normal -0.000210585 0.939696 0.34201
    outer loop
      vertex 10 -0.992616 60.1868
      vertex 10 -1.60825 61.8783
      vertex 10.1408 -0.996406 60.1973
    endloop
  endfacet
  facet normal -4.27469e-06 0.939694 0.342016
    outer loop
      vertex 10.2781 -1.00768 60.2282
      vertex 10.2781 -1.59319 61.8369
      vertex 10.4086 -1.5747 61.7861
    endloop
  endfacet
  facet normal 3.23223e-05 0.939696 0.34201
    outer loop
      vertex 10 -1.60825 61.8783
      vertex 10 -0.992616 60.1868
      vertex 9.85921 -1.60446 61.8679
    endloop
  endfacet
  facet normal -0.000135034 0.939695 0.342015
    outer loop
      vertex 10.4086 -1.02617 60.279
      vertex 10.4086 -1.5747 61.7861
      vertex 10.529 -1.54946 61.7168
    endloop
  endfacet
  facet normal 0.000211719 0.939692 0.342023
    outer loop
      vertex 9.85921 -0.996406 60.1973
      vertex 9.85921 -1.60446 61.8679
      vertex 10 -0.992616 60.1868
    endloop
  endfacet
  facet normal 3.87728e-05 0.939692 0.342022
    outer loop
      vertex 10.529 -1.0514 60.3484
      vertex 10.529 -1.54946 61.7168
      vertex 10.6364 -1.51809 61.6306
    endloop
  endfacet
  facet normal -9.01586e-05 0.939692 0.342023
    outer loop
      vertex 9.85921 -1.60446 61.8679
      vertex 9.85921 -0.996406 60.1973
      vertex 9.72188 -1.59319 61.8369
    endloop
  endfacet
  facet normal -4.52596e-05 0.93969 0.342028
    outer loop
      vertex 10.529 -1.0514 60.3484
      vertex 10.6364 -1.51809 61.6306
      vertex 10.7281 -1.48136 61.5297
    endloop
  endfacet
  facet normal -0.00018811 0.939694 0.342016
    outer loop
      vertex 9.72188 -1.00768 60.2282
      vertex 9.72188 -1.59319 61.8369
      vertex 9.85921 -0.996406 60.1973
    endloop
  endfacet
  facet normal 0.000218726 0.939704 0.341989
    outer loop
      vertex 10.529 -1.0514 60.3484
      vertex 10.7281 -1.48136 61.5297
      vertex 10.8019 -1.44018 61.4165
    endloop
  endfacet
  facet normal 4.27567e-06 0.939694 0.342016
    outer loop
      vertex 9.72188 -1.59319 61.8369
      vertex 9.72188 -1.00768 60.2282
      vertex 9.59141 -1.5747 61.7861
    endloop
  endfacet
  facet normal -5.02067e-05 0.939682 0.34205
    outer loop
      vertex 10.529 -1.0514 60.3484
      vertex 10.8019 -1.44018 61.4165
      vertex 10.856 -1.39555 61.2939
    endloop
  endfacet
  facet normal -4.56391e-06 0.939695 0.342015
    outer loop
      vertex 9.59141 -1.02617 60.279
      vertex 9.59141 -1.5747 61.7861
      vertex 9.72188 -1.00768 60.2282
    endloop
  endfacet
  facet normal -6.83381e-05 0.93968 0.342055
    outer loop
      vertex 10.529 -1.0514 60.3484
      vertex 10.856 -1.39555 61.2939
      vertex 10.8889 -1.34859 61.1649
    endloop
  endfacet
  facet normal 0.000135011 0.939695 0.342015
    outer loop
      vertex 9.59141 -1.5747 61.7861
      vertex 9.59141 -1.02617 60.279
      vertex 9.47099 -1.54946 61.7168
    endloop
  endfacet
  facet normal -7.29986e-05 0.939679 0.342057
    outer loop
      vertex 10.529 -1.0514 60.3484
      vertex 10.8889 -1.34859 61.1649
      vertex 10.9 -1.30043 61.0326
    endloop
  endfacet
  facet normal 0.000231709 0.939692 0.342022
    outer loop
      vertex 9.47099 -1.0514 60.3484
      vertex 9.47099 -1.54946 61.7168
      vertex 9.59141 -1.02617 60.279
    endloop
  endfacet
  facet normal 5.52423e-05 0.939702 0.341996
    outer loop
      vertex 10.529 -1.0514 60.3484
      vertex 10.9 -1.30043 61.0326
      vertex 10.8889 -1.25228 60.9003
    endloop
  endfacet
  facet normal -3.87764e-05 0.939692 0.342022
    outer loop
      vertex 9.47099 -1.54946 61.7168
      vertex 9.47099 -1.0514 60.3484
      vertex 9.3636 -1.51809 61.6306
    endloop
  endfacet
  facet normal 0.000360726 0.939765 0.34182
    outer loop
      vertex 10.529 -1.0514 60.3484
      vertex 10.8889 -1.25228 60.9003
      vertex 10.856 -1.20531 60.7712
    endloop
  endfacet
  facet normal 0.000188151 0.939694 0.342016
    outer loop
      vertex 10.2781 -1.59319 61.8369
      vertex 10.2781 -1.00768 60.2282
      vertex 10.1408 -0.996406 60.1973
    endloop
  endfacet
  facet normal 0.000219967 0.939731 0.341916
    outer loop
      vertex 10.529 -1.0514 60.3484
      vertex 10.856 -1.20531 60.7712
      vertex 10.8019 -1.16069 60.6486
    endloop
  endfacet
  facet normal -0.000218747 0.939704 0.341989
    outer loop
      vertex 9.27188 -1.48136 61.5297
      vertex 9.47099 -1.0514 60.3484
      vertex 9.19809 -1.44018 61.4165
    endloop
  endfacet
  facet normal -0.000612873 0.939497 0.342556
    outer loop
      vertex 10.6364 -1.08277 60.4346
      vertex 10.8019 -1.16069 60.6486
      vertex 10.7281 -1.1195 60.5355
    endloop
  endfacet
  facet normal -0.00037981 0.939555 0.342397
    outer loop
      vertex 10.529 -1.0514 60.3484
      vertex 10.8019 -1.16069 60.6486
      vertex 10.6364 -1.08277 60.4346
    endloop
  endfacet
  facet normal -0.000231747 0.939692 0.342022
    outer loop
      vertex 10.529 -1.54946 61.7168
      vertex 10.529 -1.0514 60.3484
      vertex 10.4086 -1.02617 60.279
    endloop
  endfacet
  facet normal 0.000612188 0.939497 0.342556
    outer loop
      vertex 9.19809 -1.16069 60.6486
      vertex 9.3636 -1.08277 60.4346
      vertex 9.27188 -1.1195 60.5355
    endloop
  endfacet
  facet normal 4.56286e-06 0.939695 0.342015
    outer loop
      vertex 10.4086 -1.5747 61.7861
      vertex 10.4086 -1.02617 60.279
      vertex 10.2781 -1.00768 60.2282
    endloop
  endfacet
  facet normal 0.000379941 0.939555 0.342397
    outer loop
      vertex 9.19809 -1.16069 60.6486
      vertex 9.47099 -1.0514 60.3484
      vertex 9.3636 -1.08277 60.4346
    endloop
  endfacet
  facet normal 5.0242e-05 0.939682 0.34205
    outer loop
      vertex 9.19809 -1.44018 61.4165
      vertex 9.47099 -1.0514 60.3484
      vertex 9.14405 -1.39555 61.2939
    endloop
  endfacet
  facet normal -0.000219737 0.93973 0.341916
    outer loop
      vertex 9.14405 -1.20531 60.7712
      vertex 9.47099 -1.0514 60.3484
      vertex 9.19809 -1.16069 60.6486
    endloop
  endfacet
  facet normal -5.52259e-05 0.939702 0.341996
    outer loop
      vertex 9.1 -1.30043 61.0326
      vertex 9.47099 -1.0514 60.3484
      vertex 9.11108 -1.25228 60.9003
    endloop
  endfacet
  facet normal -0.000361202 0.939766 0.341819
    outer loop
      vertex 9.11108 -1.25228 60.9003
      vertex 9.47099 -1.0514 60.3484
      vertex 9.14405 -1.20531 60.7712
    endloop
  endfacet
  facet normal 7.30179e-05 0.939679 0.342057
    outer loop
      vertex 9.11108 -1.34859 61.1649
      vertex 9.47099 -1.0514 60.3484
      vertex 9.1 -1.30043 61.0326
    endloop
  endfacet
  facet normal 6.82836e-05 0.93968 0.342055
    outer loop
      vertex 9.14405 -1.39555 61.2939
      vertex 9.47099 -1.0514 60.3484
      vertex 9.11108 -1.34859 61.1649
    endloop
  endfacet
  facet normal 4.52509e-05 0.93969 0.342028
    outer loop
      vertex 9.3636 -1.51809 61.6306
      vertex 9.47099 -1.0514 60.3484
      vertex 9.27188 -1.48136 61.5297
    endloop
  endfacet
  facet normal -0.760437 0.22211 -0.610248
    outer loop
      vertex 10.7281 -1.48136 61.5297
      vertex 10.6364 9.38234 65.598
      vertex 10.7281 9.41907 65.4971
    endloop
  endfacet
  facet normal -0.760437 0.22211 -0.610248
    outer loop
      vertex 10.6364 9.38234 65.598
      vertex 10.7281 -1.48136 61.5297
      vertex 10.6364 -1.51809 61.6306
    endloop
  endfacet
  facet normal 0.233546 0.332559 -0.913707
    outer loop
      vertex 9.72188 -1.59319 61.8369
      vertex 9.85921 9.29597 65.8353
      vertex 9.85921 -1.60446 61.8679
    endloop
  endfacet
  facet normal 0.233569 0.332557 -0.913702
    outer loop
      vertex 9.85921 9.29597 65.8353
      vertex 9.72188 -1.59319 61.8369
      vertex 9.72188 9.30725 65.8043
    endloop
  endfacet
  facet normal -0.760234 0.112815 -0.639779
    outer loop
      vertex -9.27188 -1.91563 37.5066
      vertex -9.3636 9.48949 39.6267
      vertex -9.27188 9.50814 39.521
    endloop
  endfacet
  facet normal -0.760528 0.11275 -0.639441
    outer loop
      vertex -9.3636 9.48949 39.6267
      vertex -9.27188 -1.91563 37.5066
      vertex -9.3636 -1.93428 37.6124
    endloop
  endfacet
  facet normal -0.972353 0.0405513 -0.229968
    outer loop
      vertex -9.11108 -1.84822 37.1243
      vertex -9.14405 9.55171 39.2739
      vertex -9.11108 9.57555 39.1387
    endloop
  endfacet
  facet normal -0.972391 0.0405218 -0.229813
    outer loop
      vertex -9.14405 9.55171 39.2739
      vertex -9.11108 -1.84822 37.1243
      vertex -9.14405 -1.87206 37.2596
    endloop
  endfacet
  facet normal -0.972353 -0.0405493 0.229969
    outer loop
      vertex -9.14405 -1.77548 36.7118
      vertex -9.11108 9.62445 38.8613
      vertex -9.14405 9.64829 38.7261
    endloop
  endfacet
  facet normal -0.972353 -0.0405493 0.229969
    outer loop
      vertex -9.11108 9.62445 38.8613
      vertex -9.14405 -1.77548 36.7118
      vertex -9.11108 -1.79932 36.847
    endloop
  endfacet
  facet normal -0.522635 0.148044 -0.839605
    outer loop
      vertex -9.59141 9.46075 39.7897
      vertex -9.47099 -1.95021 37.7027
      vertex -9.59141 -1.96302 37.7754
    endloop
  endfacet
  facet normal -0.522128 0.148105 -0.839909
    outer loop
      vertex -9.47099 -1.95021 37.7027
      vertex -9.59141 9.46075 39.7897
      vertex -9.47099 9.47356 39.7171
    endloop
  endfacet
  facet normal -0.382551 -0.160446 0.909896
    outer loop
      vertex -9.72188 -1.67514 36.1427
      vertex -9.59141 9.73925 38.2103
      vertex -9.72188 9.74863 38.1571
    endloop
  endfacet
  facet normal -0.383146 -0.160395 0.909655
    outer loop
      vertex -9.59141 9.73925 38.2103
      vertex -9.72188 -1.67514 36.1427
      vertex -9.59141 -1.68452 36.196
    endloop
  endfacet
  facet normal -0.923899 0.0664436 -0.376824
    outer loop
      vertex -9.14405 -1.87206 37.2596
      vertex -9.19809 9.52905 39.4024
      vertex -9.14405 9.55171 39.2739
    endloop
  endfacet
  facet normal -0.923899 0.0664436 -0.376824
    outer loop
      vertex -9.19809 9.52905 39.4024
      vertex -9.14405 -1.87206 37.2596
      vertex -9.19809 -1.89472 37.3881
    endloop
  endfacet
  facet normal -0.760234 -0.112809 0.63978
    outer loop
      vertex -9.3636 -1.71326 36.359
      vertex -9.27188 9.69186 38.479
      vertex -9.3636 9.71051 38.3733
    endloop
  endfacet
  facet normal -0.760234 -0.112809 0.63978
    outer loop
      vertex -9.27188 9.69186 38.479
      vertex -9.3636 -1.71326 36.359
      vertex -9.27188 -1.73191 36.4647
    endloop
  endfacet
  facet normal 0.760304 -0.112795 0.639699
    outer loop
      vertex -10.7281 9.69186 38.479
      vertex -10.6364 -1.71326 36.359
      vertex -10.6364 9.71051 38.3733
    endloop
  endfacet
  facet normal 0.760304 -0.112795 0.639699
    outer loop
      vertex -10.6364 -1.71326 36.359
      vertex -10.7281 9.69186 38.479
      vertex -10.7281 -1.73191 36.4647
    endloop
  endfacet
  facet normal 0.923749 -0.0665066 0.377181
    outer loop
      vertex -10.856 9.64829 38.7261
      vertex -10.8019 -1.75282 36.5833
      vertex -10.8019 9.67095 38.5976
    endloop
  endfacet
  facet normal 0.923749 -0.0665066 0.377181
    outer loop
      vertex -10.8019 -1.75282 36.5833
      vertex -10.856 9.64829 38.7261
      vertex -10.856 -1.77548 36.7118
    endloop
  endfacet
  facet normal -0.99692 -0.013619 0.0772378
    outer loop
      vertex -9.11108 -1.79932 36.847
      vertex -9.1 9.6 39
      vertex -9.11108 9.62445 38.8613
    endloop
  endfacet
  facet normal -0.99692 -0.013619 0.0772378
    outer loop
      vertex -9.1 9.6 39
      vertex -9.11108 -1.79932 36.847
      vertex -9.1 -1.82377 36.9857
    endloop
  endfacet
  facet normal 0.649712 -0.132003 0.748632
    outer loop
      vertex -10.6364 9.71051 38.3733
      vertex -10.529 -1.69733 36.2686
      vertex -10.529 9.72644 38.2829
    endloop
  endfacet
  facet normal 0.649712 -0.132003 0.748632
    outer loop
      vertex -10.529 -1.69733 36.2686
      vertex -10.6364 9.71051 38.3733
      vertex -10.6364 -1.71326 36.359
    endloop
  endfacet
  facet normal -0.923899 -0.0664436 0.376824
    outer loop
      vertex -9.19809 -1.75282 36.5833
      vertex -9.14405 9.64829 38.7261
      vertex -9.19809 9.67095 38.5976
    endloop
  endfacet
  facet normal -0.923899 -0.0664436 0.376824
    outer loop
      vertex -9.14405 9.64829 38.7261
      vertex -9.19809 -1.75282 36.5833
      vertex -9.14405 -1.77548 36.7118
    endloop
  endfacet
  facet normal 0.522191 -0.148091 0.839872
    outer loop
      vertex -10.529 9.72644 38.2829
      vertex -10.4086 -1.68452 36.196
      vertex -10.4086 9.73925 38.2103
    endloop
  endfacet
  facet normal 0.522191 -0.148091 0.839872
    outer loop
      vertex -10.4086 -1.68452 36.196
      vertex -10.529 9.72644 38.2829
      vertex -10.529 -1.69733 36.2686
    endloop
  endfacet
  facet normal -0.0783704 -0.173113 0.981779
    outer loop
      vertex -10 -1.66749 36.0994
      vertex -9.85921 9.75436 38.1246
      vertex -10 9.75628 38.1137
    endloop
  endfacet
  facet normal -0.0783704 -0.173113 0.981779
    outer loop
      vertex -9.85921 9.75436 38.1246
      vertex -10 -1.66749 36.0994
      vertex -9.85921 -1.66941 36.1103
    endloop
  endfacet
  facet normal -0.0783704 0.173113 -0.981779
    outer loop
      vertex -10 9.44372 39.8863
      vertex -9.85921 -1.97813 37.8611
      vertex -10 -1.98005 37.872
    endloop
  endfacet
  facet normal -0.0783704 0.173113 -0.981779
    outer loop
      vertex -9.85921 -1.97813 37.8611
      vertex -10 9.44372 39.8863
      vertex -9.85921 9.44564 39.8754
    endloop
  endfacet
  facet normal 0.382476 0.160443 -0.909928
    outer loop
      vertex -10.4086 -1.96302 37.7754
      vertex -10.2781 9.45137 39.8429
      vertex -10.2781 -1.9724 37.8286
    endloop
  endfacet
  facet normal 0.382476 0.160443 -0.909928
    outer loop
      vertex -10.2781 9.45137 39.8429
      vertex -10.4086 -1.96302 37.7754
      vertex -10.4086 9.46075 39.7897
    endloop
  endfacet
  facet normal -0.852669 0.090722 -0.514515
    outer loop
      vertex -9.19809 -1.89472 37.3881
      vertex -9.27188 9.50814 39.521
      vertex -9.19809 9.52905 39.4024
    endloop
  endfacet
  facet normal -0.852478 0.0907803 -0.51482
    outer loop
      vertex -9.27188 9.50814 39.521
      vertex -9.19809 -1.89472 37.3881
      vertex -9.27188 -1.91563 37.5066
    endloop
  endfacet
  facet normal 0.0783649 -0.173113 0.981779
    outer loop
      vertex -10.1408 9.75436 38.1246
      vertex -10 -1.66749 36.0994
      vertex -10 9.75628 38.1137
    endloop
  endfacet
  facet normal 0.0783649 -0.173113 0.981779
    outer loop
      vertex -10 -1.66749 36.0994
      vertex -10.1408 9.75436 38.1246
      vertex -10.1408 -1.66941 36.1103
    endloop
  endfacet
  facet normal 0.233703 0.168838 -0.957537
    outer loop
      vertex -10.2781 -1.9724 37.8286
      vertex -10.1408 9.44564 39.8754
      vertex -10.1408 -1.97813 37.8611
    endloop
  endfacet
  facet normal 0.233703 0.168838 -0.957537
    outer loop
      vertex -10.1408 9.44564 39.8754
      vertex -10.2781 -1.9724 37.8286
      vertex -10.2781 9.45137 39.8429
    endloop
  endfacet
  facet normal 0.852637 -0.0907309 0.514565
    outer loop
      vertex -10.8019 9.67095 38.5976
      vertex -10.7281 -1.73191 36.4647
      vertex -10.7281 9.69186 38.479
    endloop
  endfacet
  facet normal 0.852637 -0.0907309 0.514565
    outer loop
      vertex -10.7281 -1.73191 36.4647
      vertex -10.8019 9.67095 38.5976
      vertex -10.8019 -1.75282 36.5833
    endloop
  endfacet
  facet normal -0.99692 0.013619 -0.0772378
    outer loop
      vertex -9.1 -1.82377 36.9857
      vertex -9.11108 9.57555 39.1387
      vertex -9.1 9.6 39
    endloop
  endfacet
  facet normal -0.996915 0.0136291 -0.0772914
    outer loop
      vertex -9.11108 9.57555 39.1387
      vertex -9.1 -1.82377 36.9857
      vertex -9.11108 -1.84822 37.1243
    endloop
  endfacet
  facet normal 0.923749 0.0665066 -0.377181
    outer loop
      vertex -10.8019 9.52905 39.4024
      vertex -10.856 -1.87206 37.2596
      vertex -10.856 9.55171 39.2739
    endloop
  endfacet
  facet normal 0.923749 0.0665066 -0.377181
    outer loop
      vertex -10.856 -1.87206 37.2596
      vertex -10.8019 9.52905 39.4024
      vertex -10.8019 -1.89472 37.3881
    endloop
  endfacet
  facet normal 0.760304 0.112801 -0.639698
    outer loop
      vertex -10.6364 9.48949 39.6267
      vertex -10.7281 -1.91563 37.5066
      vertex -10.7281 9.50814 39.521
    endloop
  endfacet
  facet normal 0.760598 0.112735 -0.63936
    outer loop
      vertex -10.7281 -1.91563 37.5066
      vertex -10.6364 9.48949 39.6267
      vertex -10.6364 -1.93428 37.6124
    endloop
  endfacet
  facet normal -0.382551 0.160438 -0.909898
    outer loop
      vertex -9.72188 9.45137 39.8429
      vertex -9.59141 -1.96302 37.7754
      vertex -9.72188 -1.9724 37.8286
    endloop
  endfacet
  facet normal -0.382551 0.160438 -0.909898
    outer loop
      vertex -9.59141 -1.96302 37.7754
      vertex -9.72188 9.45137 39.8429
      vertex -9.59141 9.46075 39.7897
    endloop
  endfacet
  facet normal -0.852669 -0.090722 0.514515
    outer loop
      vertex -9.27188 -1.73191 36.4647
      vertex -9.19809 9.67095 38.5976
      vertex -9.27188 9.69186 38.479
    endloop
  endfacet
  facet normal -0.852669 -0.090722 0.514515
    outer loop
      vertex -9.19809 9.67095 38.5976
      vertex -9.27188 -1.73191 36.4647
      vertex -9.19809 -1.75282 36.5833
    endloop
  endfacet
  facet normal -0.522128 -0.148097 0.839911
    outer loop
      vertex -9.59141 -1.68452 36.196
      vertex -9.47099 9.72644 38.2829
      vertex -9.59141 9.73925 38.2103
    endloop
  endfacet
  facet normal -0.522128 -0.148097 0.839911
    outer loop
      vertex -9.47099 9.72644 38.2829
      vertex -9.59141 -1.68452 36.196
      vertex -9.47099 -1.69733 36.2686
    endloop
  endfacet
  facet normal 0.522698 0.148037 -0.839567
    outer loop
      vertex -10.529 -1.95021 37.7027
      vertex -10.4086 9.46075 39.7897
      vertex -10.4086 -1.96302 37.7754
    endloop
  endfacet
  facet normal 0.522191 0.148098 -0.839871
    outer loop
      vertex -10.4086 9.46075 39.7897
      vertex -10.529 -1.95021 37.7027
      vertex -10.529 9.47356 39.7171
    endloop
  endfacet
  facet normal -0.649747 -0.131998 0.748602
    outer loop
      vertex -9.47099 -1.69733 36.2686
      vertex -9.3636 9.71051 38.3733
      vertex -9.47099 9.72644 38.2829
    endloop
  endfacet
  facet normal -0.649747 -0.131998 0.748602
    outer loop
      vertex -9.3636 9.71051 38.3733
      vertex -9.47099 -1.69733 36.2686
      vertex -9.3636 -1.71326 36.359
    endloop
  endfacet
  facet normal 0.382476 -0.160451 0.909927
    outer loop
      vertex -10.4086 9.73925 38.2103
      vertex -10.2781 -1.67514 36.1427
      vertex -10.2781 9.74863 38.1571
    endloop
  endfacet
  facet normal 0.383071 -0.160401 0.909686
    outer loop
      vertex -10.2781 -1.67514 36.1427
      vertex -10.4086 9.73925 38.2103
      vertex -10.4086 -1.68452 36.196
    endloop
  endfacet
  facet normal 0.972465 0.0404699 -0.229507
    outer loop
      vertex -10.856 9.55171 39.2739
      vertex -10.8889 -1.84822 37.1243
      vertex -10.8889 9.57555 39.1387
    endloop
  endfacet
  facet normal 0.972503 0.0404405 -0.229351
    outer loop
      vertex -10.8889 -1.84822 37.1243
      vertex -10.856 9.55171 39.2739
      vertex -10.856 -1.87206 37.2596
    endloop
  endfacet
  facet normal 0.233703 -0.168838 0.957537
    outer loop
      vertex -10.2781 9.74863 38.1571
      vertex -10.1408 -1.66941 36.1103
      vertex -10.1408 9.75436 38.1246
    endloop
  endfacet
  facet normal 0.233043 -0.168874 0.957691
    outer loop
      vertex -10.1408 -1.66941 36.1103
      vertex -10.2781 9.74863 38.1571
      vertex -10.2781 -1.67514 36.1427
    endloop
  endfacet
  facet normal -0.233654 -0.16884 0.957548
    outer loop
      vertex -9.85921 -1.66941 36.1103
      vertex -9.72188 9.74863 38.1571
      vertex -9.85921 9.75436 38.1246
    endloop
  endfacet
  facet normal -0.232995 -0.168876 0.957703
    outer loop
      vertex -9.72188 9.74863 38.1571
      vertex -9.85921 -1.66941 36.1103
      vertex -9.72188 -1.67514 36.1427
    endloop
  endfacet
  facet normal 0.852637 0.0907309 -0.514565
    outer loop
      vertex -10.7281 9.50814 39.521
      vertex -10.8019 -1.89472 37.3881
      vertex -10.8019 9.52905 39.4024
    endloop
  endfacet
  facet normal 0.852447 0.0907892 -0.514871
    outer loop
      vertex -10.8019 -1.89472 37.3881
      vertex -10.7281 9.50814 39.521
      vertex -10.7281 -1.91563 37.5066
    endloop
  endfacet
  facet normal -0.233654 0.16884 -0.957548
    outer loop
      vertex -9.85921 9.44564 39.8754
      vertex -9.72188 -1.9724 37.8286
      vertex -9.85921 -1.97813 37.8611
    endloop
  endfacet
  facet normal -0.233654 0.16884 -0.957548
    outer loop
      vertex -9.72188 -1.9724 37.8286
      vertex -9.85921 9.44564 39.8754
      vertex -9.72188 9.45137 39.8429
    endloop
  endfacet
  facet normal 0.972465 -0.0404679 0.229507
    outer loop
      vertex -10.8889 9.62445 38.8613
      vertex -10.856 -1.77548 36.7118
      vertex -10.856 9.64829 38.7261
    endloop
  endfacet
  facet normal 0.972465 -0.0404679 0.229507
    outer loop
      vertex -10.856 -1.77548 36.7118
      vertex -10.8889 9.62445 38.8613
      vertex -10.8889 -1.79932 36.847
    endloop
  endfacet
  facet normal 0 0.984838 0.173476
    outer loop
      vertex -9.85921 -1.97813 37.8611
      vertex -10.1408 -1.97813 37.8611
      vertex -10 -1.98005 37.872
    endloop
  endfacet
  facet normal 0 0.984811 0.17363
    outer loop
      vertex -9.72188 -1.9724 37.8286
      vertex -10.1408 -1.97813 37.8611
      vertex -9.85921 -1.97813 37.8611
    endloop
  endfacet
  facet normal 0 0.984811 0.17363
    outer loop
      vertex -9.72188 -1.9724 37.8286
      vertex -10.2781 -1.9724 37.8286
      vertex -10.1408 -1.97813 37.8611
    endloop
  endfacet
  facet normal 0 0.98481 0.173637
    outer loop
      vertex -9.59141 -1.96302 37.7754
      vertex -10.2781 -1.9724 37.8286
      vertex -9.72188 -1.9724 37.8286
    endloop
  endfacet
  facet normal 0 0.98481 0.173637
    outer loop
      vertex -9.59141 -1.96302 37.7754
      vertex -10.4086 -1.96302 37.7754
      vertex -10.2781 -1.9724 37.8286
    endloop
  endfacet
  facet normal 0 0.984829 0.17353
    outer loop
      vertex -9.47099 -1.95021 37.7027
      vertex -10.4086 -1.96302 37.7754
      vertex -9.59141 -1.96302 37.7754
    endloop
  endfacet
  facet normal 0 0.984829 0.17353
    outer loop
      vertex -9.47099 -1.95021 37.7027
      vertex -10.529 -1.95021 37.7027
      vertex -10.4086 -1.96302 37.7754
    endloop
  endfacet
  facet normal 0 0.984793 0.173729
    outer loop
      vertex -9.3636 -1.93428 37.6124
      vertex -10.529 -1.95021 37.7027
      vertex -9.47099 -1.95021 37.7027
    endloop
  endfacet
  facet normal 0 0.984793 0.173729
    outer loop
      vertex -9.3636 -1.93428 37.6124
      vertex -10.6364 -1.93428 37.6124
      vertex -10.529 -1.95021 37.7027
    endloop
  endfacet
  facet normal 0 0.984816 0.173599
    outer loop
      vertex -9.27188 -1.91563 37.5066
      vertex -10.6364 -1.93428 37.6124
      vertex -9.3636 -1.93428 37.6124
    endloop
  endfacet
  facet normal 0 0.984816 0.173599
    outer loop
      vertex -9.27188 -1.91563 37.5066
      vertex -10.7281 -1.91563 37.5066
      vertex -10.6364 -1.93428 37.6124
    endloop
  endfacet
  facet normal 0 0.984786 0.173771
    outer loop
      vertex -9.19809 -1.89472 37.3881
      vertex -10.7281 -1.91563 37.5066
      vertex -9.27188 -1.91563 37.5066
    endloop
  endfacet
  facet normal 0 0.984786 0.173771
    outer loop
      vertex -9.19809 -1.89472 37.3881
      vertex -10.8019 -1.89472 37.3881
      vertex -10.7281 -1.91563 37.5066
    endloop
  endfacet
  facet normal 0 0.984805 0.173663
    outer loop
      vertex -9.14405 -1.87206 37.2596
      vertex -10.8019 -1.89472 37.3881
      vertex -9.19809 -1.89472 37.3881
    endloop
  endfacet
  facet normal 0 0.984805 0.173663
    outer loop
      vertex -9.14405 -1.87206 37.2596
      vertex -10.856 -1.87206 37.2596
      vertex -10.8019 -1.89472 37.3881
    endloop
  endfacet
  facet normal 0 0.984829 0.173528
    outer loop
      vertex -9.11108 -1.84822 37.1243
      vertex -10.856 -1.87206 37.2596
      vertex -9.14405 -1.87206 37.2596
    endloop
  endfacet
  facet normal 0 0.984829 0.173528
    outer loop
      vertex -9.11108 -1.84822 37.1243
      vertex -10.8889 -1.84822 37.1243
      vertex -10.856 -1.87206 37.2596
    endloop
  endfacet
  facet normal 0 0.984794 0.173725
    outer loop
      vertex -9.1 -1.82377 36.9857
      vertex -10.8889 -1.84822 37.1243
      vertex -9.11108 -1.84822 37.1243
    endloop
  endfacet
  facet normal 0 0.984794 0.173725
    outer loop
      vertex -9.1 -1.82377 36.9857
      vertex -10.9 -1.82377 36.9857
      vertex -10.8889 -1.84822 37.1243
    endloop
  endfacet
  facet normal 0 0.984816 0.173603
    outer loop
      vertex -9.11108 -1.79932 36.847
      vertex -10.9 -1.82377 36.9857
      vertex -9.1 -1.82377 36.9857
    endloop
  endfacet
  facet normal 0 0.984816 0.173603
    outer loop
      vertex -9.11108 -1.79932 36.847
      vertex -10.8889 -1.79932 36.847
      vertex -10.9 -1.82377 36.9857
    endloop
  endfacet
  facet normal 0 0.984807 0.173652
    outer loop
      vertex -9.14405 -1.77548 36.7118
      vertex -10.8889 -1.79932 36.847
      vertex -9.11108 -1.79932 36.847
    endloop
  endfacet
  facet normal 0 0.984807 0.173652
    outer loop
      vertex -9.14405 -1.77548 36.7118
      vertex -10.856 -1.77548 36.7118
      vertex -10.8889 -1.79932 36.847
    endloop
  endfacet
  facet normal 0 0.984805 0.173663
    outer loop
      vertex -9.19809 -1.75282 36.5833
      vertex -10.856 -1.77548 36.7118
      vertex -9.14405 -1.77548 36.7118
    endloop
  endfacet
  facet normal 0 0.984805 0.173663
    outer loop
      vertex -9.19809 -1.75282 36.5833
      vertex -10.8019 -1.75282 36.5833
      vertex -10.856 -1.77548 36.7118
    endloop
  endfacet
  facet normal 0 0.984811 0.173629
    outer loop
      vertex -9.27188 -1.73191 36.4647
      vertex -10.8019 -1.75282 36.5833
      vertex -9.19809 -1.75282 36.5833
    endloop
  endfacet
  facet normal 0 0.984811 0.173629
    outer loop
      vertex -9.27188 -1.73191 36.4647
      vertex -10.7281 -1.73191 36.4647
      vertex -10.8019 -1.75282 36.5833
    endloop
  endfacet
  facet normal 0 0.984788 0.173759
    outer loop
      vertex -9.3636 -1.71326 36.359
      vertex -10.7281 -1.73191 36.4647
      vertex -9.27188 -1.73191 36.4647
    endloop
  endfacet
  facet normal 0 0.984788 0.173759
    outer loop
      vertex -9.3636 -1.71326 36.359
      vertex -10.6364 -1.71326 36.359
      vertex -10.7281 -1.73191 36.4647
    endloop
  endfacet
  facet normal 0 0.984826 0.173543
    outer loop
      vertex -9.47099 -1.69733 36.2686
      vertex -10.6364 -1.71326 36.359
      vertex -9.3636 -1.71326 36.359
    endloop
  endfacet
  facet normal 0 0.984826 0.173543
    outer loop
      vertex -9.47099 -1.69733 36.2686
      vertex -10.529 -1.69733 36.2686
      vertex -10.6364 -1.71326 36.359
    endloop
  endfacet
  facet normal 0 0.984788 0.173762
    outer loop
      vertex -9.59141 -1.68452 36.196
      vertex -10.529 -1.69733 36.2686
      vertex -9.47099 -1.69733 36.2686
    endloop
  endfacet
  facet normal 0 0.984788 0.173762
    outer loop
      vertex -9.59141 -1.68452 36.196
      vertex -10.4086 -1.68452 36.196
      vertex -10.529 -1.69733 36.2686
    endloop
  endfacet
  facet normal 0 0.984865 0.173322
    outer loop
      vertex -9.72188 -1.67514 36.1427
      vertex -10.4086 -1.68452 36.196
      vertex -9.59141 -1.68452 36.196
    endloop
  endfacet
  facet normal 0 0.984865 0.173322
    outer loop
      vertex -9.72188 -1.67514 36.1427
      vertex -10.2781 -1.67514 36.1427
      vertex -10.4086 -1.68452 36.196
    endloop
  endfacet
  facet normal 0 0.984719 0.174149
    outer loop
      vertex -9.85921 -1.66941 36.1103
      vertex -10.2781 -1.67514 36.1427
      vertex -9.72188 -1.67514 36.1427
    endloop
  endfacet
  facet normal 0 0.984719 0.174149
    outer loop
      vertex -9.85921 -1.66941 36.1103
      vertex -10.1408 -1.66941 36.1103
      vertex -10.2781 -1.67514 36.1427
    endloop
  endfacet
  facet normal -0 0.984838 0.173476
    outer loop
      vertex -10.1408 -1.66941 36.1103
      vertex -9.85921 -1.66941 36.1103
      vertex -10 -1.66749 36.0994
    endloop
  endfacet
  facet normal 0.996909 0.0136434 -0.0773764
    outer loop
      vertex -10.8889 9.57555 39.1387
      vertex -10.9 -1.82377 36.9857
      vertex -10.9 9.6 39
    endloop
  endfacet
  facet normal 0.996904 0.0136536 -0.0774301
    outer loop
      vertex -10.9 -1.82377 36.9857
      vertex -10.8889 9.57555 39.1387
      vertex -10.8889 -1.84822 37.1243
    endloop
  endfacet
  facet normal 0.0783649 0.173113 -0.981779
    outer loop
      vertex -10.1408 -1.97813 37.8611
      vertex -10 9.44372 39.8863
      vertex -10 -1.98005 37.872
    endloop
  endfacet
  facet normal 0.0783649 0.173113 -0.981779
    outer loop
      vertex -10 9.44372 39.8863
      vertex -10.1408 -1.97813 37.8611
      vertex -10.1408 9.44564 39.8754
    endloop
  endfacet
  facet normal 0.996909 -0.0136434 0.0773764
    outer loop
      vertex -10.9 9.6 39
      vertex -10.8889 -1.79932 36.847
      vertex -10.8889 9.62445 38.8613
    endloop
  endfacet
  facet normal 0.996909 -0.0136434 0.0773764
    outer loop
      vertex -10.8889 -1.79932 36.847
      vertex -10.9 9.6 39
      vertex -10.9 -1.82377 36.9857
    endloop
  endfacet
  facet normal 0.649309 0.132069 -0.74897
    outer loop
      vertex -10.6364 -1.93428 37.6124
      vertex -10.529 9.47356 39.7171
      vertex -10.529 -1.95021 37.7027
    endloop
  endfacet
  facet normal 0.649712 0.132003 -0.748632
    outer loop
      vertex -10.529 9.47356 39.7171
      vertex -10.6364 -1.93428 37.6124
      vertex -10.6364 9.48949 39.6267
    endloop
  endfacet
  facet normal -0.649344 0.132064 -0.74894
    outer loop
      vertex -9.47099 9.47356 39.7171
      vertex -9.3636 -1.93428 37.6124
      vertex -9.47099 -1.95021 37.7027
    endloop
  endfacet
  facet normal -0.649747 0.131998 -0.748602
    outer loop
      vertex -9.3636 -1.93428 37.6124
      vertex -9.47099 9.47356 39.7171
      vertex -9.3636 9.48949 39.6267
    endloop
  endfacet
  facet normal 0.0783704 0.173113 -0.981779
    outer loop
      vertex 9.85921 -1.97813 37.8611
      vertex 10 9.44372 39.8863
      vertex 10 -1.98005 37.872
    endloop
  endfacet
  facet normal 0.0783704 0.173113 -0.981779
    outer loop
      vertex 10 9.44372 39.8863
      vertex 9.85921 -1.97813 37.8611
      vertex 9.85921 9.44564 39.8754
    endloop
  endfacet
  facet normal -0.972465 -0.0404679 0.229507
    outer loop
      vertex 10.856 -1.77548 36.7118
      vertex 10.8889 9.62445 38.8613
      vertex 10.856 9.64829 38.7261
    endloop
  endfacet
  facet normal -0.972465 -0.0404679 0.229507
    outer loop
      vertex 10.8889 9.62445 38.8613
      vertex 10.856 -1.77548 36.7118
      vertex 10.8889 -1.79932 36.847
    endloop
  endfacet
  facet normal -0.233703 -0.168838 0.957537
    outer loop
      vertex 10.1408 -1.66941 36.1103
      vertex 10.2781 9.74863 38.1571
      vertex 10.1408 9.75436 38.1246
    endloop
  endfacet
  facet normal -0.233043 -0.168874 0.957691
    outer loop
      vertex 10.2781 9.74863 38.1571
      vertex 10.1408 -1.66941 36.1103
      vertex 10.2781 -1.67514 36.1427
    endloop
  endfacet
  facet normal 0.649747 -0.131998 0.748602
    outer loop
      vertex 9.3636 9.71051 38.3733
      vertex 9.47099 -1.69733 36.2686
      vertex 9.47099 9.72644 38.2829
    endloop
  endfacet
  facet normal 0.649747 -0.131998 0.748602
    outer loop
      vertex 9.47099 -1.69733 36.2686
      vertex 9.3636 9.71051 38.3733
      vertex 9.3636 -1.71326 36.359
    endloop
  endfacet
  facet normal -0.852637 0.0907309 -0.514565
    outer loop
      vertex 10.8019 -1.89472 37.3881
      vertex 10.7281 9.50814 39.521
      vertex 10.8019 9.52905 39.4024
    endloop
  endfacet
  facet normal -0.852447 0.0907892 -0.514871
    outer loop
      vertex 10.7281 9.50814 39.521
      vertex 10.8019 -1.89472 37.3881
      vertex 10.7281 -1.91563 37.5066
    endloop
  endfacet
  facet normal 0.382551 0.160438 -0.909898
    outer loop
      vertex 9.59141 -1.96302 37.7754
      vertex 9.72188 9.45137 39.8429
      vertex 9.72188 -1.9724 37.8286
    endloop
  endfacet
  facet normal 0.382551 0.160438 -0.909898
    outer loop
      vertex 9.72188 9.45137 39.8429
      vertex 9.59141 -1.96302 37.7754
      vertex 9.59141 9.46075 39.7897
    endloop
  endfacet
  facet normal -0.996909 -0.0136434 0.0773764
    outer loop
      vertex 10.8889 -1.79932 36.847
      vertex 10.9 9.6 39
      vertex 10.8889 9.62445 38.8613
    endloop
  endfacet
  facet normal -0.996909 -0.0136434 0.0773764
    outer loop
      vertex 10.9 9.6 39
      vertex 10.8889 -1.79932 36.847
      vertex 10.9 -1.82377 36.9857
    endloop
  endfacet
  facet normal -0.0783649 0.173113 -0.981779
    outer loop
      vertex 10 9.44372 39.8863
      vertex 10.1408 -1.97813 37.8611
      vertex 10 -1.98005 37.872
    endloop
  endfacet
  facet normal -0.0783649 0.173113 -0.981779
    outer loop
      vertex 10.1408 -1.97813 37.8611
      vertex 10 9.44372 39.8863
      vertex 10.1408 9.44564 39.8754
    endloop
  endfacet
  facet normal 0.760234 -0.112809 0.63978
    outer loop
      vertex 9.27188 9.69186 38.479
      vertex 9.3636 -1.71326 36.359
      vertex 9.3636 9.71051 38.3733
    endloop
  endfacet
  facet normal 0.760234 -0.112809 0.63978
    outer loop
      vertex 9.3636 -1.71326 36.359
      vertex 9.27188 9.69186 38.479
      vertex 9.27188 -1.73191 36.4647
    endloop
  endfacet
  facet normal -0.649309 0.132069 -0.74897
    outer loop
      vertex 10.529 9.47356 39.7171
      vertex 10.6364 -1.93428 37.6124
      vertex 10.529 -1.95021 37.7027
    endloop
  endfacet
  facet normal -0.649712 0.132003 -0.748632
    outer loop
      vertex 10.6364 -1.93428 37.6124
      vertex 10.529 9.47356 39.7171
      vertex 10.6364 9.48949 39.6267
    endloop
  endfacet
  facet normal -0.923749 -0.0665066 0.377181
    outer loop
      vertex 10.8019 -1.75282 36.5833
      vertex 10.856 9.64829 38.7261
      vertex 10.8019 9.67095 38.5976
    endloop
  endfacet
  facet normal -0.923749 -0.0665066 0.377181
    outer loop
      vertex 10.856 9.64829 38.7261
      vertex 10.8019 -1.75282 36.5833
      vertex 10.856 -1.77548 36.7118
    endloop
  endfacet
  facet normal -0.382476 -0.160451 0.909927
    outer loop
      vertex 10.2781 -1.67514 36.1427
      vertex 10.4086 9.73925 38.2103
      vertex 10.2781 9.74863 38.1571
    endloop
  endfacet
  facet normal -0.383071 -0.160401 0.909686
    outer loop
      vertex 10.4086 9.73925 38.2103
      vertex 10.2781 -1.67514 36.1427
      vertex 10.4086 -1.68452 36.196
    endloop
  endfacet
  facet normal 0.0783704 -0.173113 0.981779
    outer loop
      vertex 9.85921 9.75436 38.1246
      vertex 10 -1.66749 36.0994
      vertex 10 9.75628 38.1137
    endloop
  endfacet
  facet normal 0.0783704 -0.173113 0.981779
    outer loop
      vertex 10 -1.66749 36.0994
      vertex 9.85921 9.75436 38.1246
      vertex 9.85921 -1.66941 36.1103
    endloop
  endfacet
  facet normal 0.522635 0.148044 -0.839605
    outer loop
      vertex 9.47099 -1.95021 37.7027
      vertex 9.59141 9.46075 39.7897
      vertex 9.59141 -1.96302 37.7754
    endloop
  endfacet
  facet normal 0.522128 0.148105 -0.839909
    outer loop
      vertex 9.59141 9.46075 39.7897
      vertex 9.47099 -1.95021 37.7027
      vertex 9.47099 9.47356 39.7171
    endloop
  endfacet
  facet normal 0.923899 0.0664436 -0.376824
    outer loop
      vertex 9.19809 9.52905 39.4024
      vertex 9.14405 -1.87206 37.2596
      vertex 9.14405 9.55171 39.2739
    endloop
  endfacet
  facet normal 0.923899 0.0664436 -0.376824
    outer loop
      vertex 9.14405 -1.87206 37.2596
      vertex 9.19809 9.52905 39.4024
      vertex 9.19809 -1.89472 37.3881
    endloop
  endfacet
  facet normal 0.382551 -0.160446 0.909896
    outer loop
      vertex 9.59141 9.73925 38.2103
      vertex 9.72188 -1.67514 36.1427
      vertex 9.72188 9.74863 38.1571
    endloop
  endfacet
  facet normal 0.383146 -0.160395 0.909655
    outer loop
      vertex 9.72188 -1.67514 36.1427
      vertex 9.59141 9.73925 38.2103
      vertex 9.59141 -1.68452 36.196
    endloop
  endfacet
  facet normal -0.923749 0.0665066 -0.377181
    outer loop
      vertex 10.856 -1.87206 37.2596
      vertex 10.8019 9.52905 39.4024
      vertex 10.856 9.55171 39.2739
    endloop
  endfacet
  facet normal -0.923749 0.0665066 -0.377181
    outer loop
      vertex 10.8019 9.52905 39.4024
      vertex 10.856 -1.87206 37.2596
      vertex 10.8019 -1.89472 37.3881
    endloop
  endfacet
  facet normal -0.649712 -0.132003 0.748632
    outer loop
      vertex 10.529 -1.69733 36.2686
      vertex 10.6364 9.71051 38.3733
      vertex 10.529 9.72644 38.2829
    endloop
  endfacet
  facet normal -0.649712 -0.132003 0.748632
    outer loop
      vertex 10.6364 9.71051 38.3733
      vertex 10.529 -1.69733 36.2686
      vertex 10.6364 -1.71326 36.359
    endloop
  endfacet
  facet normal 0.972353 0.0405513 -0.229968
    outer loop
      vertex 9.14405 9.55171 39.2739
      vertex 9.11108 -1.84822 37.1243
      vertex 9.11108 9.57555 39.1387
    endloop
  endfacet
  facet normal 0.972391 0.0405218 -0.229813
    outer loop
      vertex 9.11108 -1.84822 37.1243
      vertex 9.14405 9.55171 39.2739
      vertex 9.14405 -1.87206 37.2596
    endloop
  endfacet
  facet normal -0.996909 0.0136434 -0.0773764
    outer loop
      vertex 10.9 -1.82377 36.9857
      vertex 10.8889 9.57555 39.1387
      vertex 10.9 9.6 39
    endloop
  endfacet
  facet normal -0.996904 0.0136536 -0.0774301
    outer loop
      vertex 10.8889 9.57555 39.1387
      vertex 10.9 -1.82377 36.9857
      vertex 10.8889 -1.84822 37.1243
    endloop
  endfacet
  facet normal 0.923899 -0.0664436 0.376824
    outer loop
      vertex 9.14405 9.64829 38.7261
      vertex 9.19809 -1.75282 36.5833
      vertex 9.19809 9.67095 38.5976
    endloop
  endfacet
  facet normal 0.923899 -0.0664436 0.376824
    outer loop
      vertex 9.19809 -1.75282 36.5833
      vertex 9.14405 9.64829 38.7261
      vertex 9.14405 -1.77548 36.7118
    endloop
  endfacet
  facet normal 0.649344 0.132064 -0.74894
    outer loop
      vertex 9.3636 -1.93428 37.6124
      vertex 9.47099 9.47356 39.7171
      vertex 9.47099 -1.95021 37.7027
    endloop
  endfacet
  facet normal 0.649747 0.131998 -0.748602
    outer loop
      vertex 9.47099 9.47356 39.7171
      vertex 9.3636 -1.93428 37.6124
      vertex 9.3636 9.48949 39.6267
    endloop
  endfacet
  facet normal -0.382476 0.160443 -0.909928
    outer loop
      vertex 10.2781 9.45137 39.8429
      vertex 10.4086 -1.96302 37.7754
      vertex 10.2781 -1.9724 37.8286
    endloop
  endfacet
  facet normal -0.382476 0.160443 -0.909928
    outer loop
      vertex 10.4086 -1.96302 37.7754
      vertex 10.2781 9.45137 39.8429
      vertex 10.4086 9.46075 39.7897
    endloop
  endfacet
  facet normal 0.99692 0.013619 -0.0772378
    outer loop
      vertex 9.11108 9.57555 39.1387
      vertex 9.1 -1.82377 36.9857
      vertex 9.1 9.6 39
    endloop
  endfacet
  facet normal 0.996915 0.0136291 -0.0772914
    outer loop
      vertex 9.1 -1.82377 36.9857
      vertex 9.11108 9.57555 39.1387
      vertex 9.11108 -1.84822 37.1243
    endloop
  endfacet
  facet normal -0.852637 -0.0907309 0.514565
    outer loop
      vertex 10.7281 -1.73191 36.4647
      vertex 10.8019 9.67095 38.5976
      vertex 10.7281 9.69186 38.479
    endloop
  endfacet
  facet normal -0.852637 -0.0907309 0.514565
    outer loop
      vertex 10.8019 9.67095 38.5976
      vertex 10.7281 -1.73191 36.4647
      vertex 10.8019 -1.75282 36.5833
    endloop
  endfacet
  facet normal -0.522191 -0.148091 0.839872
    outer loop
      vertex 10.4086 -1.68452 36.196
      vertex 10.529 9.72644 38.2829
      vertex 10.4086 9.73925 38.2103
    endloop
  endfacet
  facet normal -0.522191 -0.148091 0.839872
    outer loop
      vertex 10.529 9.72644 38.2829
      vertex 10.4086 -1.68452 36.196
      vertex 10.529 -1.69733 36.2686
    endloop
  endfacet
  facet normal 0.233654 -0.16884 0.957548
    outer loop
      vertex 9.72188 9.74863 38.1571
      vertex 9.85921 -1.66941 36.1103
      vertex 9.85921 9.75436 38.1246
    endloop
  endfacet
  facet normal 0.232995 -0.168876 0.957703
    outer loop
      vertex 9.85921 -1.66941 36.1103
      vertex 9.72188 9.74863 38.1571
      vertex 9.72188 -1.67514 36.1427
    endloop
  endfacet
  facet normal 0.522128 -0.148097 0.839911
    outer loop
      vertex 9.47099 9.72644 38.2829
      vertex 9.59141 -1.68452 36.196
      vertex 9.59141 9.73925 38.2103
    endloop
  endfacet
  facet normal 0.522128 -0.148097 0.839911
    outer loop
      vertex 9.59141 -1.68452 36.196
      vertex 9.47099 9.72644 38.2829
      vertex 9.47099 -1.69733 36.2686
    endloop
  endfacet
  facet normal 0.852669 0.090722 -0.514515
    outer loop
      vertex 9.27188 9.50814 39.521
      vertex 9.19809 -1.89472 37.3881
      vertex 9.19809 9.52905 39.4024
    endloop
  endfacet
  facet normal 0.852478 0.0907803 -0.51482
    outer loop
      vertex 9.19809 -1.89472 37.3881
      vertex 9.27188 9.50814 39.521
      vertex 9.27188 -1.91563 37.5066
    endloop
  endfacet
  facet normal 0.760234 0.112815 -0.639779
    outer loop
      vertex 9.3636 9.48949 39.6267
      vertex 9.27188 -1.91563 37.5066
      vertex 9.27188 9.50814 39.521
    endloop
  endfacet
  facet normal 0.760528 0.11275 -0.639441
    outer loop
      vertex 9.27188 -1.91563 37.5066
      vertex 9.3636 9.48949 39.6267
      vertex 9.3636 -1.93428 37.6124
    endloop
  endfacet
  facet normal -0.233703 0.168838 -0.957537
    outer loop
      vertex 10.1408 9.44564 39.8754
      vertex 10.2781 -1.9724 37.8286
      vertex 10.1408 -1.97813 37.8611
    endloop
  endfacet
  facet normal -0.233703 0.168838 -0.957537
    outer loop
      vertex 10.2781 -1.9724 37.8286
      vertex 10.1408 9.44564 39.8754
      vertex 10.2781 9.45137 39.8429
    endloop
  endfacet
  facet normal -0.0783649 -0.173113 0.981779
    outer loop
      vertex 10 -1.66749 36.0994
      vertex 10.1408 9.75436 38.1246
      vertex 10 9.75628 38.1137
    endloop
  endfacet
  facet normal -0.0783649 -0.173113 0.981779
    outer loop
      vertex 10.1408 9.75436 38.1246
      vertex 10 -1.66749 36.0994
      vertex 10.1408 -1.66941 36.1103
    endloop
  endfacet
  facet normal -0.522698 0.148037 -0.839567
    outer loop
      vertex 10.4086 9.46075 39.7897
      vertex 10.529 -1.95021 37.7027
      vertex 10.4086 -1.96302 37.7754
    endloop
  endfacet
  facet normal -0.522191 0.148098 -0.839871
    outer loop
      vertex 10.529 -1.95021 37.7027
      vertex 10.4086 9.46075 39.7897
      vertex 10.529 9.47356 39.7171
    endloop
  endfacet
  facet normal -0.972465 0.0404699 -0.229507
    outer loop
      vertex 10.8889 -1.84822 37.1243
      vertex 10.856 9.55171 39.2739
      vertex 10.8889 9.57555 39.1387
    endloop
  endfacet
  facet normal -0.972503 0.0404405 -0.229351
    outer loop
      vertex 10.856 9.55171 39.2739
      vertex 10.8889 -1.84822 37.1243
      vertex 10.856 -1.87206 37.2596
    endloop
  endfacet
  facet normal 0.99692 -0.013619 0.0772378
    outer loop
      vertex 9.1 9.6 39
      vertex 9.11108 -1.79932 36.847
      vertex 9.11108 9.62445 38.8613
    endloop
  endfacet
  facet normal 0.99692 -0.013619 0.0772378
    outer loop
      vertex 9.11108 -1.79932 36.847
      vertex 9.1 9.6 39
      vertex 9.1 -1.82377 36.9857
    endloop
  endfacet
  facet normal 0.852669 -0.090722 0.514515
    outer loop
      vertex 9.19809 9.67095 38.5976
      vertex 9.27188 -1.73191 36.4647
      vertex 9.27188 9.69186 38.479
    endloop
  endfacet
  facet normal 0.852669 -0.090722 0.514515
    outer loop
      vertex 9.27188 -1.73191 36.4647
      vertex 9.19809 9.67095 38.5976
      vertex 9.19809 -1.75282 36.5833
    endloop
  endfacet
  facet normal -0.760304 -0.112795 0.639699
    outer loop
      vertex 10.6364 -1.71326 36.359
      vertex 10.7281 9.69186 38.479
      vertex 10.6364 9.71051 38.3733
    endloop
  endfacet
  facet normal -0.760304 -0.112795 0.639699
    outer loop
      vertex 10.7281 9.69186 38.479
      vertex 10.6364 -1.71326 36.359
      vertex 10.7281 -1.73191 36.4647
    endloop
  endfacet
  facet normal 0.972353 -0.0405493 0.229969
    outer loop
      vertex 9.11108 9.62445 38.8613
      vertex 9.14405 -1.77548 36.7118
      vertex 9.14405 9.64829 38.7261
    endloop
  endfacet
  facet normal 0.972353 -0.0405493 0.229969
    outer loop
      vertex 9.14405 -1.77548 36.7118
      vertex 9.11108 9.62445 38.8613
      vertex 9.11108 -1.79932 36.847
    endloop
  endfacet
  facet normal 0 0.984838 0.173476
    outer loop
      vertex 10.1408 -1.97813 37.8611
      vertex 9.85921 -1.97813 37.8611
      vertex 10 -1.98005 37.872
    endloop
  endfacet
  facet normal 0 0.984811 0.17363
    outer loop
      vertex 10.2781 -1.9724 37.8286
      vertex 9.85921 -1.97813 37.8611
      vertex 10.1408 -1.97813 37.8611
    endloop
  endfacet
  facet normal 0 0.984811 0.17363
    outer loop
      vertex 10.2781 -1.9724 37.8286
      vertex 9.72188 -1.9724 37.8286
      vertex 9.85921 -1.97813 37.8611
    endloop
  endfacet
  facet normal 0 0.98481 0.173637
    outer loop
      vertex 10.4086 -1.96302 37.7754
      vertex 9.72188 -1.9724 37.8286
      vertex 10.2781 -1.9724 37.8286
    endloop
  endfacet
  facet normal 0 0.98481 0.173637
    outer loop
      vertex 10.4086 -1.96302 37.7754
      vertex 9.59141 -1.96302 37.7754
      vertex 9.72188 -1.9724 37.8286
    endloop
  endfacet
  facet normal 0 0.984829 0.17353
    outer loop
      vertex 10.529 -1.95021 37.7027
      vertex 9.59141 -1.96302 37.7754
      vertex 10.4086 -1.96302 37.7754
    endloop
  endfacet
  facet normal 0 0.984829 0.17353
    outer loop
      vertex 10.529 -1.95021 37.7027
      vertex 9.47099 -1.95021 37.7027
      vertex 9.59141 -1.96302 37.7754
    endloop
  endfacet
  facet normal 0 0.984793 0.173729
    outer loop
      vertex 10.6364 -1.93428 37.6124
      vertex 9.47099 -1.95021 37.7027
      vertex 10.529 -1.95021 37.7027
    endloop
  endfacet
  facet normal 0 0.984793 0.173729
    outer loop
      vertex 10.6364 -1.93428 37.6124
      vertex 9.3636 -1.93428 37.6124
      vertex 9.47099 -1.95021 37.7027
    endloop
  endfacet
  facet normal 0 0.984816 0.173599
    outer loop
      vertex 10.7281 -1.91563 37.5066
      vertex 9.3636 -1.93428 37.6124
      vertex 10.6364 -1.93428 37.6124
    endloop
  endfacet
  facet normal 0 0.984816 0.173599
    outer loop
      vertex 10.7281 -1.91563 37.5066
      vertex 9.27188 -1.91563 37.5066
      vertex 9.3636 -1.93428 37.6124
    endloop
  endfacet
  facet normal 0 0.984786 0.173771
    outer loop
      vertex 10.8019 -1.89472 37.3881
      vertex 9.27188 -1.91563 37.5066
      vertex 10.7281 -1.91563 37.5066
    endloop
  endfacet
  facet normal 0 0.984786 0.173771
    outer loop
      vertex 10.8019 -1.89472 37.3881
      vertex 9.19809 -1.89472 37.3881
      vertex 9.27188 -1.91563 37.5066
    endloop
  endfacet
  facet normal 0 0.984805 0.173663
    outer loop
      vertex 10.856 -1.87206 37.2596
      vertex 9.19809 -1.89472 37.3881
      vertex 10.8019 -1.89472 37.3881
    endloop
  endfacet
  facet normal 0 0.984805 0.173663
    outer loop
      vertex 10.856 -1.87206 37.2596
      vertex 9.14405 -1.87206 37.2596
      vertex 9.19809 -1.89472 37.3881
    endloop
  endfacet
  facet normal 0 0.984829 0.173528
    outer loop
      vertex 10.8889 -1.84822 37.1243
      vertex 9.14405 -1.87206 37.2596
      vertex 10.856 -1.87206 37.2596
    endloop
  endfacet
  facet normal 0 0.984829 0.173528
    outer loop
      vertex 10.8889 -1.84822 37.1243
      vertex 9.11108 -1.84822 37.1243
      vertex 9.14405 -1.87206 37.2596
    endloop
  endfacet
  facet normal 0 0.984794 0.173725
    outer loop
      vertex 10.9 -1.82377 36.9857
      vertex 9.11108 -1.84822 37.1243
      vertex 10.8889 -1.84822 37.1243
    endloop
  endfacet
  facet normal 0 0.984794 0.173725
    outer loop
      vertex 10.9 -1.82377 36.9857
      vertex 9.1 -1.82377 36.9857
      vertex 9.11108 -1.84822 37.1243
    endloop
  endfacet
  facet normal 0 0.984816 0.173603
    outer loop
      vertex 10.8889 -1.79932 36.847
      vertex 9.1 -1.82377 36.9857
      vertex 10.9 -1.82377 36.9857
    endloop
  endfacet
  facet normal 0 0.984816 0.173603
    outer loop
      vertex 10.8889 -1.79932 36.847
      vertex 9.11108 -1.79932 36.847
      vertex 9.1 -1.82377 36.9857
    endloop
  endfacet
  facet normal 0 0.984807 0.173652
    outer loop
      vertex 10.856 -1.77548 36.7118
      vertex 9.11108 -1.79932 36.847
      vertex 10.8889 -1.79932 36.847
    endloop
  endfacet
  facet normal 0 0.984807 0.173652
    outer loop
      vertex 10.856 -1.77548 36.7118
      vertex 9.14405 -1.77548 36.7118
      vertex 9.11108 -1.79932 36.847
    endloop
  endfacet
  facet normal 0 0.984805 0.173663
    outer loop
      vertex 10.8019 -1.75282 36.5833
      vertex 9.14405 -1.77548 36.7118
      vertex 10.856 -1.77548 36.7118
    endloop
  endfacet
  facet normal 0 0.984805 0.173663
    outer loop
      vertex 10.8019 -1.75282 36.5833
      vertex 9.19809 -1.75282 36.5833
      vertex 9.14405 -1.77548 36.7118
    endloop
  endfacet
  facet normal 0 0.984811 0.173629
    outer loop
      vertex 10.7281 -1.73191 36.4647
      vertex 9.19809 -1.75282 36.5833
      vertex 10.8019 -1.75282 36.5833
    endloop
  endfacet
  facet normal 0 0.984811 0.173629
    outer loop
      vertex 10.7281 -1.73191 36.4647
      vertex 9.27188 -1.73191 36.4647
      vertex 9.19809 -1.75282 36.5833
    endloop
  endfacet
  facet normal 0 0.984788 0.173759
    outer loop
      vertex 10.6364 -1.71326 36.359
      vertex 9.27188 -1.73191 36.4647
      vertex 10.7281 -1.73191 36.4647
    endloop
  endfacet
  facet normal 0 0.984788 0.173759
    outer loop
      vertex 10.6364 -1.71326 36.359
      vertex 9.3636 -1.71326 36.359
      vertex 9.27188 -1.73191 36.4647
    endloop
  endfacet
  facet normal 0 0.984826 0.173543
    outer loop
      vertex 10.529 -1.69733 36.2686
      vertex 9.3636 -1.71326 36.359
      vertex 10.6364 -1.71326 36.359
    endloop
  endfacet
  facet normal 0 0.984826 0.173543
    outer loop
      vertex 10.529 -1.69733 36.2686
      vertex 9.47099 -1.69733 36.2686
      vertex 9.3636 -1.71326 36.359
    endloop
  endfacet
  facet normal 0 0.984788 0.173762
    outer loop
      vertex 10.4086 -1.68452 36.196
      vertex 9.47099 -1.69733 36.2686
      vertex 10.529 -1.69733 36.2686
    endloop
  endfacet
  facet normal 0 0.984788 0.173762
    outer loop
      vertex 10.4086 -1.68452 36.196
      vertex 9.59141 -1.68452 36.196
      vertex 9.47099 -1.69733 36.2686
    endloop
  endfacet
  facet normal 0 0.984865 0.173322
    outer loop
      vertex 10.2781 -1.67514 36.1427
      vertex 9.59141 -1.68452 36.196
      vertex 10.4086 -1.68452 36.196
    endloop
  endfacet
  facet normal 0 0.984865 0.173322
    outer loop
      vertex 10.2781 -1.67514 36.1427
      vertex 9.72188 -1.67514 36.1427
      vertex 9.59141 -1.68452 36.196
    endloop
  endfacet
  facet normal 0 0.984719 0.174149
    outer loop
      vertex 10.1408 -1.66941 36.1103
      vertex 9.72188 -1.67514 36.1427
      vertex 10.2781 -1.67514 36.1427
    endloop
  endfacet
  facet normal 0 0.984719 0.174149
    outer loop
      vertex 10.1408 -1.66941 36.1103
      vertex 9.85921 -1.66941 36.1103
      vertex 9.72188 -1.67514 36.1427
    endloop
  endfacet
  facet normal -0 0.984838 0.173476
    outer loop
      vertex 9.85921 -1.66941 36.1103
      vertex 10.1408 -1.66941 36.1103
      vertex 10 -1.66749 36.0994
    endloop
  endfacet
  facet normal -0.760304 0.112801 -0.639698
    outer loop
      vertex 10.7281 -1.91563 37.5066
      vertex 10.6364 9.48949 39.6267
      vertex 10.7281 9.50814 39.521
    endloop
  endfacet
  facet normal -0.760598 0.112735 -0.63936
    outer loop
      vertex 10.6364 9.48949 39.6267
      vertex 10.7281 -1.91563 37.5066
      vertex 10.6364 -1.93428 37.6124
    endloop
  endfacet
  facet normal 0.233654 0.16884 -0.957548
    outer loop
      vertex 9.72188 -1.9724 37.8286
      vertex 9.85921 9.44564 39.8754
      vertex 9.85921 -1.97813 37.8611
    endloop
  endfacet
  facet normal 0.233654 0.16884 -0.957548
    outer loop
      vertex 9.85921 9.44564 39.8754
      vertex 9.72188 -1.9724 37.8286
      vertex 9.72188 9.45137 39.8429
    endloop
  endfacet
  facet normal -0.760435 0 -0.649414
    outer loop
      vertex -9.27188 -2 13.529
      vertex -9.3636 9.6 13.6364
      vertex -9.27188 9.6 13.529
    endloop
  endfacet
  facet normal -0.760435 -0 -0.649414
    outer loop
      vertex -9.3636 9.6 13.6364
      vertex -9.27188 -2 13.529
      vertex -9.3636 -2 13.6364
    endloop
  endfacet
  facet normal -0.972358 0 -0.233493
    outer loop
      vertex -9.11108 -2 13.1408
      vertex -9.14405 9.6 13.2781
      vertex -9.11108 9.6 13.1408
    endloop
  endfacet
  facet normal -0.972358 -0 -0.233493
    outer loop
      vertex -9.14405 9.6 13.2781
      vertex -9.11108 -2 13.1408
      vertex -9.14405 -2 13.2781
    endloop
  endfacet
  facet normal -0.972358 0 0.233493
    outer loop
      vertex -9.14405 -2 12.7219
      vertex -9.11108 9.6 12.8592
      vertex -9.14405 9.6 12.7219
    endloop
  endfacet
  facet normal -0.972358 0 0.233493
    outer loop
      vertex -9.11108 9.6 12.8592
      vertex -9.14405 -2 12.7219
      vertex -9.11108 -2 12.8592
    endloop
  endfacet
  facet normal -0.522532 0 -0.85262
    outer loop
      vertex -9.59141 -2 13.8019
      vertex -9.47099 9.6 13.7281
      vertex -9.47099 -2 13.7281
    endloop
  endfacet
  facet normal -0.522532 0 -0.85262
    outer loop
      vertex -9.47099 9.6 13.7281
      vertex -9.59141 -2 13.8019
      vertex -9.59141 9.6 13.8019
    endloop
  endfacet
  facet normal -0.383031 0 0.923735
    outer loop
      vertex -9.72188 9.6 12.144
      vertex -9.59141 -2 12.1981
      vertex -9.59141 9.6 12.1981
    endloop
  endfacet
  facet normal -0.383031 0 0.923735
    outer loop
      vertex -9.59141 -2 12.1981
      vertex -9.72188 9.6 12.144
      vertex -9.72188 -2 12.144
    endloop
  endfacet
  facet normal -0.923917 0 -0.382594
    outer loop
      vertex -9.14405 -2 13.2781
      vertex -9.19809 9.6 13.4086
      vertex -9.14405 9.6 13.2781
    endloop
  endfacet
  facet normal -0.923917 -0 -0.382594
    outer loop
      vertex -9.19809 9.6 13.4086
      vertex -9.14405 -2 13.2781
      vertex -9.19809 -2 13.4086
    endloop
  endfacet
  facet normal -0.760435 0 0.649414
    outer loop
      vertex -9.3636 -2 12.3636
      vertex -9.27188 9.6 12.471
      vertex -9.3636 9.6 12.3636
    endloop
  endfacet
  facet normal -0.760435 0 0.649414
    outer loop
      vertex -9.27188 9.6 12.471
      vertex -9.3636 -2 12.3636
      vertex -9.27188 -2 12.471
    endloop
  endfacet
  facet normal 0.760505 -0 0.649332
    outer loop
      vertex -10.7281 -2 12.471
      vertex -10.6364 9.6 12.3636
      vertex -10.7281 9.6 12.471
    endloop
  endfacet
  facet normal 0.760505 0 0.649332
    outer loop
      vertex -10.6364 9.6 12.3636
      vertex -10.7281 -2 12.471
      vertex -10.6364 -2 12.3636
    endloop
  endfacet
  facet normal 0.923767 -0 0.382956
    outer loop
      vertex -10.856 -2 12.7219
      vertex -10.8019 9.6 12.5914
      vertex -10.856 9.6 12.7219
    endloop
  endfacet
  facet normal 0.923767 0 0.382956
    outer loop
      vertex -10.8019 9.6 12.5914
      vertex -10.856 -2 12.7219
      vertex -10.8019 -2 12.5914
    endloop
  endfacet
  facet normal -0.996918 0 0.0784506
    outer loop
      vertex -9.11108 -2 12.8592
      vertex -9.1 9.6 13
      vertex -9.11108 9.6 12.8592
    endloop
  endfacet
  facet normal -0.996918 0 0.0784506
    outer loop
      vertex -9.1 9.6 13
      vertex -9.11108 -2 12.8592
      vertex -9.1 -2 13
    endloop
  endfacet
  facet normal 0.649332 0 0.760505
    outer loop
      vertex -10.6364 9.6 12.3636
      vertex -10.529 -2 12.2719
      vertex -10.529 9.6 12.2719
    endloop
  endfacet
  facet normal 0.649332 0 0.760505
    outer loop
      vertex -10.529 -2 12.2719
      vertex -10.6364 9.6 12.3636
      vertex -10.6364 -2 12.3636
    endloop
  endfacet
  facet normal -0.923917 0 0.382594
    outer loop
      vertex -9.19809 -2 12.5914
      vertex -9.14405 9.6 12.7219
      vertex -9.19809 9.6 12.5914
    endloop
  endfacet
  facet normal -0.923917 0 0.382594
    outer loop
      vertex -9.14405 9.6 12.7219
      vertex -9.19809 -2 12.5914
      vertex -9.14405 -2 12.7219
    endloop
  endfacet
  facet normal 0.522595 0 0.852581
    outer loop
      vertex -10.529 9.6 12.2719
      vertex -10.4086 -2 12.1981
      vertex -10.4086 9.6 12.1981
    endloop
  endfacet
  facet normal 0.522595 0 0.852581
    outer loop
      vertex -10.4086 -2 12.1981
      vertex -10.529 9.6 12.2719
      vertex -10.529 -2 12.2719
    endloop
  endfacet
  facet normal -0.0785969 0 0.996906
    outer loop
      vertex -10 9.6 12.1
      vertex -9.85921 -2 12.1111
      vertex -9.85921 9.6 12.1111
    endloop
  endfacet
  facet normal -0.0785969 0 0.996906
    outer loop
      vertex -9.85921 -2 12.1111
      vertex -10 9.6 12.1
      vertex -10 -2 12.1
    endloop
  endfacet
  facet normal -0.0785969 0 -0.996906
    outer loop
      vertex -10 -2 13.9
      vertex -9.85921 9.6 13.8889
      vertex -9.85921 -2 13.8889
    endloop
  endfacet
  facet normal -0.0785969 0 -0.996906
    outer loop
      vertex -9.85921 9.6 13.8889
      vertex -10 -2 13.9
      vertex -10 9.6 13.9
    endloop
  endfacet
  facet normal 0.382956 0 -0.923767
    outer loop
      vertex -10.4086 -2 13.8019
      vertex -10.2781 9.6 13.856
      vertex -10.2781 -2 13.856
    endloop
  endfacet
  facet normal 0.382956 0 -0.923767
    outer loop
      vertex -10.2781 9.6 13.856
      vertex -10.4086 -2 13.8019
      vertex -10.4086 9.6 13.8019
    endloop
  endfacet
  facet normal -0.852612 0 -0.522544
    outer loop
      vertex -9.19809 -2 13.4086
      vertex -9.27188 9.6 13.529
      vertex -9.19809 9.6 13.4086
    endloop
  endfacet
  facet normal -0.852612 -0 -0.522544
    outer loop
      vertex -9.27188 9.6 13.529
      vertex -9.19809 -2 13.4086
      vertex -9.27188 -2 13.529
    endloop
  endfacet
  facet normal 0.0785914 0 0.996907
    outer loop
      vertex -10.1408 9.6 12.1111
      vertex -10 -2 12.1
      vertex -10 9.6 12.1
    endloop
  endfacet
  facet normal 0.0785914 0 0.996907
    outer loop
      vertex -10 -2 12.1
      vertex -10.1408 9.6 12.1111
      vertex -10.1408 -2 12.1111
    endloop
  endfacet
  facet normal 0.233025 0 -0.972471
    outer loop
      vertex -10.2781 -2 13.856
      vertex -10.1408 9.6 13.8889
      vertex -10.1408 -2 13.8889
    endloop
  endfacet
  facet normal 0.233025 0 -0.972471
    outer loop
      vertex -10.1408 9.6 13.8889
      vertex -10.2781 -2 13.856
      vertex -10.2781 9.6 13.856
    endloop
  endfacet
  facet normal 0.852581 -0 0.522595
    outer loop
      vertex -10.8019 -2 12.5914
      vertex -10.7281 9.6 12.471
      vertex -10.8019 9.6 12.5914
    endloop
  endfacet
  facet normal 0.852581 0 0.522595
    outer loop
      vertex -10.7281 9.6 12.471
      vertex -10.8019 -2 12.5914
      vertex -10.7281 -2 12.471
    endloop
  endfacet
  facet normal -0.996918 0 -0.0784506
    outer loop
      vertex -9.1 -2 13
      vertex -9.11108 9.6 13.1408
      vertex -9.1 9.6 13
    endloop
  endfacet
  facet normal -0.996918 -0 -0.0784506
    outer loop
      vertex -9.11108 9.6 13.1408
      vertex -9.1 -2 13
      vertex -9.11108 -2 13.1408
    endloop
  endfacet
  facet normal 0.923767 0 -0.382956
    outer loop
      vertex -10.8019 -2 13.4086
      vertex -10.856 9.6 13.2781
      vertex -10.8019 9.6 13.4086
    endloop
  endfacet
  facet normal 0.923767 0 -0.382956
    outer loop
      vertex -10.856 9.6 13.2781
      vertex -10.8019 -2 13.4086
      vertex -10.856 -2 13.2781
    endloop
  endfacet
  facet normal 0.760505 0 -0.649332
    outer loop
      vertex -10.6364 -2 13.6364
      vertex -10.7281 9.6 13.529
      vertex -10.6364 9.6 13.6364
    endloop
  endfacet
  facet normal 0.760505 0 -0.649332
    outer loop
      vertex -10.7281 9.6 13.529
      vertex -10.6364 -2 13.6364
      vertex -10.7281 -2 13.529
    endloop
  endfacet
  facet normal -0.383031 0 -0.923735
    outer loop
      vertex -9.72188 -2 13.856
      vertex -9.59141 9.6 13.8019
      vertex -9.59141 -2 13.8019
    endloop
  endfacet
  facet normal -0.383031 0 -0.923735
    outer loop
      vertex -9.59141 9.6 13.8019
      vertex -9.72188 -2 13.856
      vertex -9.72188 9.6 13.856
    endloop
  endfacet
  facet normal -0.852612 0 0.522544
    outer loop
      vertex -9.27188 -2 12.471
      vertex -9.19809 9.6 12.5914
      vertex -9.27188 9.6 12.471
    endloop
  endfacet
  facet normal -0.852612 0 0.522544
    outer loop
      vertex -9.19809 9.6 12.5914
      vertex -9.27188 -2 12.471
      vertex -9.19809 -2 12.5914
    endloop
  endfacet
  facet normal -0.522532 0 0.85262
    outer loop
      vertex -9.59141 9.6 12.1981
      vertex -9.47099 -2 12.2719
      vertex -9.47099 9.6 12.2719
    endloop
  endfacet
  facet normal -0.522532 0 0.85262
    outer loop
      vertex -9.47099 -2 12.2719
      vertex -9.59141 9.6 12.1981
      vertex -9.59141 -2 12.1981
    endloop
  endfacet
  facet normal 0.522595 0 -0.852581
    outer loop
      vertex -10.529 -2 13.7281
      vertex -10.4086 9.6 13.8019
      vertex -10.4086 -2 13.8019
    endloop
  endfacet
  facet normal 0.522595 0 -0.852581
    outer loop
      vertex -10.4086 9.6 13.8019
      vertex -10.529 -2 13.7281
      vertex -10.529 9.6 13.7281
    endloop
  endfacet
  facet normal -0.649367 0 0.760475
    outer loop
      vertex -9.47099 9.6 12.2719
      vertex -9.3636 -2 12.3636
      vertex -9.3636 9.6 12.3636
    endloop
  endfacet
  facet normal -0.649367 0 0.760475
    outer loop
      vertex -9.3636 -2 12.3636
      vertex -9.47099 9.6 12.2719
      vertex -9.47099 -2 12.2719
    endloop
  endfacet
  facet normal 0.382956 0 0.923767
    outer loop
      vertex -10.4086 9.6 12.1981
      vertex -10.2781 -2 12.144
      vertex -10.2781 9.6 12.144
    endloop
  endfacet
  facet normal 0.382956 0 0.923767
    outer loop
      vertex -10.2781 -2 12.144
      vertex -10.4086 9.6 12.1981
      vertex -10.4086 -2 12.1981
    endloop
  endfacet
  facet normal 0.972471 0 -0.233025
    outer loop
      vertex -10.856 -2 13.2781
      vertex -10.8889 9.6 13.1408
      vertex -10.856 9.6 13.2781
    endloop
  endfacet
  facet normal 0.972471 0 -0.233025
    outer loop
      vertex -10.8889 9.6 13.1408
      vertex -10.856 -2 13.2781
      vertex -10.8889 -2 13.1408
    endloop
  endfacet
  facet normal 0.233025 0 0.972471
    outer loop
      vertex -10.2781 9.6 12.144
      vertex -10.1408 -2 12.1111
      vertex -10.1408 9.6 12.1111
    endloop
  endfacet
  facet normal 0.233025 0 0.972471
    outer loop
      vertex -10.1408 -2 12.1111
      vertex -10.2781 9.6 12.144
      vertex -10.2781 -2 12.144
    endloop
  endfacet
  facet normal -0.232977 0 0.972482
    outer loop
      vertex -9.85921 9.6 12.1111
      vertex -9.72188 -2 12.144
      vertex -9.72188 9.6 12.144
    endloop
  endfacet
  facet normal -0.232977 0 0.972482
    outer loop
      vertex -9.72188 -2 12.144
      vertex -9.85921 9.6 12.1111
      vertex -9.85921 -2 12.1111
    endloop
  endfacet
  facet normal 0.852581 0 -0.522595
    outer loop
      vertex -10.7281 -2 13.529
      vertex -10.8019 9.6 13.4086
      vertex -10.7281 9.6 13.529
    endloop
  endfacet
  facet normal 0.852581 0 -0.522595
    outer loop
      vertex -10.8019 9.6 13.4086
      vertex -10.7281 -2 13.529
      vertex -10.8019 -2 13.4086
    endloop
  endfacet
  facet normal -0.232977 0 -0.972482
    outer loop
      vertex -9.85921 -2 13.8889
      vertex -9.72188 9.6 13.856
      vertex -9.72188 -2 13.856
    endloop
  endfacet
  facet normal -0.232977 0 -0.972482
    outer loop
      vertex -9.72188 9.6 13.856
      vertex -9.85921 -2 13.8889
      vertex -9.85921 9.6 13.8889
    endloop
  endfacet
  facet normal 0.972471 -0 0.233025
    outer loop
      vertex -10.8889 -2 12.8592
      vertex -10.856 9.6 12.7219
      vertex -10.8889 9.6 12.8592
    endloop
  endfacet
  facet normal 0.972471 0 0.233025
    outer loop
      vertex -10.856 9.6 12.7219
      vertex -10.8889 -2 12.8592
      vertex -10.856 -2 12.7219
    endloop
  endfacet
  facet normal 0 1 0
    outer loop
      vertex -9.85921 -2 13.8889
      vertex -10.1408 -2 13.8889
      vertex -10 -2 13.9
    endloop
  endfacet
  facet normal 0 1 0
    outer loop
      vertex -9.72188 -2 13.856
      vertex -10.1408 -2 13.8889
      vertex -9.85921 -2 13.8889
    endloop
  endfacet
  facet normal 0 1 0
    outer loop
      vertex -9.72188 -2 13.856
      vertex -10.2781 -2 13.856
      vertex -10.1408 -2 13.8889
    endloop
  endfacet
  facet normal 0 1 0
    outer loop
      vertex -9.59141 -2 13.8019
      vertex -10.2781 -2 13.856
      vertex -9.72188 -2 13.856
    endloop
  endfacet
  facet normal 0 1 0
    outer loop
      vertex -9.59141 -2 13.8019
      vertex -10.4086 -2 13.8019
      vertex -10.2781 -2 13.856
    endloop
  endfacet
  facet normal 0 1 0
    outer loop
      vertex -9.47099 -2 13.7281
      vertex -10.4086 -2 13.8019
      vertex -9.59141 -2 13.8019
    endloop
  endfacet
  facet normal 0 1 0
    outer loop
      vertex -9.47099 -2 13.7281
      vertex -10.529 -2 13.7281
      vertex -10.4086 -2 13.8019
    endloop
  endfacet
  facet normal 0 1 0
    outer loop
      vertex -9.3636 -2 13.6364
      vertex -10.529 -2 13.7281
      vertex -9.47099 -2 13.7281
    endloop
  endfacet
  facet normal 0 1 0
    outer loop
      vertex -9.3636 -2 13.6364
      vertex -10.6364 -2 13.6364
      vertex -10.529 -2 13.7281
    endloop
  endfacet
  facet normal 0 1 0
    outer loop
      vertex -9.27188 -2 13.529
      vertex -10.6364 -2 13.6364
      vertex -9.3636 -2 13.6364
    endloop
  endfacet
  facet normal 0 1 0
    outer loop
      vertex -9.27188 -2 13.529
      vertex -10.7281 -2 13.529
      vertex -10.6364 -2 13.6364
    endloop
  endfacet
  facet normal 0 1 0
    outer loop
      vertex -9.19809 -2 13.4086
      vertex -10.7281 -2 13.529
      vertex -9.27188 -2 13.529
    endloop
  endfacet
  facet normal 0 1 0
    outer loop
      vertex -9.19809 -2 13.4086
      vertex -10.8019 -2 13.4086
      vertex -10.7281 -2 13.529
    endloop
  endfacet
  facet normal 0 1 0
    outer loop
      vertex -9.14405 -2 13.2781
      vertex -10.8019 -2 13.4086
      vertex -9.19809 -2 13.4086
    endloop
  endfacet
  facet normal 0 1 0
    outer loop
      vertex -9.14405 -2 13.2781
      vertex -10.856 -2 13.2781
      vertex -10.8019 -2 13.4086
    endloop
  endfacet
  facet normal 0 1 0
    outer loop
      vertex -9.11108 -2 13.1408
      vertex -10.856 -2 13.2781
      vertex -9.14405 -2 13.2781
    endloop
  endfacet
  facet normal 0 1 0
    outer loop
      vertex -9.11108 -2 13.1408
      vertex -10.8889 -2 13.1408
      vertex -10.856 -2 13.2781
    endloop
  endfacet
  facet normal 0 1 0
    outer loop
      vertex -9.1 -2 13
      vertex -10.8889 -2 13.1408
      vertex -9.11108 -2 13.1408
    endloop
  endfacet
  facet normal 0 1 0
    outer loop
      vertex -9.1 -2 13
      vertex -10.9 -2 13
      vertex -10.8889 -2 13.1408
    endloop
  endfacet
  facet normal 0 1 -0
    outer loop
      vertex -9.11108 -2 12.8592
      vertex -10.9 -2 13
      vertex -9.1 -2 13
    endloop
  endfacet
  facet normal 0 1 0
    outer loop
      vertex -9.11108 -2 12.8592
      vertex -10.8889 -2 12.8592
      vertex -10.9 -2 13
    endloop
  endfacet
  facet normal 0 1 -0
    outer loop
      vertex -9.14405 -2 12.7219
      vertex -10.8889 -2 12.8592
      vertex -9.11108 -2 12.8592
    endloop
  endfacet
  facet normal 0 1 0
    outer loop
      vertex -9.14405 -2 12.7219
      vertex -10.856 -2 12.7219
      vertex -10.8889 -2 12.8592
    endloop
  endfacet
  facet normal 0 1 -0
    outer loop
      vertex -9.19809 -2 12.5914
      vertex -10.856 -2 12.7219
      vertex -9.14405 -2 12.7219
    endloop
  endfacet
  facet normal 0 1 0
    outer loop
      vertex -9.19809 -2 12.5914
      vertex -10.8019 -2 12.5914
      vertex -10.856 -2 12.7219
    endloop
  endfacet
  facet normal 0 1 -0
    outer loop
      vertex -9.27188 -2 12.471
      vertex -10.8019 -2 12.5914
      vertex -9.19809 -2 12.5914
    endloop
  endfacet
  facet normal 0 1 0
    outer loop
      vertex -9.27188 -2 12.471
      vertex -10.7281 -2 12.471
      vertex -10.8019 -2 12.5914
    endloop
  endfacet
  facet normal 0 1 -0
    outer loop
      vertex -9.3636 -2 12.3636
      vertex -10.7281 -2 12.471
      vertex -9.27188 -2 12.471
    endloop
  endfacet
  facet normal 0 1 0
    outer loop
      vertex -9.3636 -2 12.3636
      vertex -10.6364 -2 12.3636
      vertex -10.7281 -2 12.471
    endloop
  endfacet
  facet normal 0 1 -0
    outer loop
      vertex -9.47099 -2 12.2719
      vertex -10.6364 -2 12.3636
      vertex -9.3636 -2 12.3636
    endloop
  endfacet
  facet normal 0 1 0
    outer loop
      vertex -9.47099 -2 12.2719
      vertex -10.529 -2 12.2719
      vertex -10.6364 -2 12.3636
    endloop
  endfacet
  facet normal 0 1 -0
    outer loop
      vertex -9.59141 -2 12.1981
      vertex -10.529 -2 12.2719
      vertex -9.47099 -2 12.2719
    endloop
  endfacet
  facet normal 0 1 0
    outer loop
      vertex -9.59141 -2 12.1981
      vertex -10.4086 -2 12.1981
      vertex -10.529 -2 12.2719
    endloop
  endfacet
  facet normal 0 1 -0
    outer loop
      vertex -9.72188 -2 12.144
      vertex -10.4086 -2 12.1981
      vertex -9.59141 -2 12.1981
    endloop
  endfacet
  facet normal 0 1 0
    outer loop
      vertex -9.72188 -2 12.144
      vertex -10.2781 -2 12.144
      vertex -10.4086 -2 12.1981
    endloop
  endfacet
  facet normal 0 1 -0
    outer loop
      vertex -9.85921 -2 12.1111
      vertex -10.2781 -2 12.144
      vertex -9.72188 -2 12.144
    endloop
  endfacet
  facet normal 0 1 0
    outer loop
      vertex -9.85921 -2 12.1111
      vertex -10.1408 -2 12.1111
      vertex -10.2781 -2 12.144
    endloop
  endfacet
  facet normal -0 1 0
    outer loop
      vertex -10.1408 -2 12.1111
      vertex -9.85921 -2 12.1111
      vertex -10 -2 12.1
    endloop
  endfacet
  facet normal 0.996907 0 -0.0785914
    outer loop
      vertex -10.8889 -2 13.1408
      vertex -10.9 9.6 13
      vertex -10.8889 9.6 13.1408
    endloop
  endfacet
  facet normal 0.996907 0 -0.0785914
    outer loop
      vertex -10.9 9.6 13
      vertex -10.8889 -2 13.1408
      vertex -10.9 -2 13
    endloop
  endfacet
  facet normal 0.0785914 0 -0.996907
    outer loop
      vertex -10.1408 -2 13.8889
      vertex -10 9.6 13.9
      vertex -10 -2 13.9
    endloop
  endfacet
  facet normal 0.0785914 0 -0.996907
    outer loop
      vertex -10 9.6 13.9
      vertex -10.1408 -2 13.8889
      vertex -10.1408 9.6 13.8889
    endloop
  endfacet
  facet normal 0.996907 -0 0.0785914
    outer loop
      vertex -10.9 -2 13
      vertex -10.8889 9.6 12.8592
      vertex -10.9 9.6 13
    endloop
  endfacet
  facet normal 0.996907 0 0.0785914
    outer loop
      vertex -10.8889 9.6 12.8592
      vertex -10.9 -2 13
      vertex -10.8889 -2 12.8592
    endloop
  endfacet
  facet normal 0.649332 0 -0.760505
    outer loop
      vertex -10.6364 -2 13.6364
      vertex -10.529 9.6 13.7281
      vertex -10.529 -2 13.7281
    endloop
  endfacet
  facet normal 0.649332 0 -0.760505
    outer loop
      vertex -10.529 9.6 13.7281
      vertex -10.6364 -2 13.6364
      vertex -10.6364 9.6 13.6364
    endloop
  endfacet
  facet normal -0.649367 0 -0.760475
    outer loop
      vertex -9.47099 -2 13.7281
      vertex -9.3636 9.6 13.6364
      vertex -9.3636 -2 13.6364
    endloop
  endfacet
  facet normal -0.649367 0 -0.760475
    outer loop
      vertex -9.3636 9.6 13.6364
      vertex -9.47099 -2 13.7281
      vertex -9.47099 9.6 13.7281
    endloop
  endfacet
  facet normal 0.0785969 0 -0.996906
    outer loop
      vertex 9.85921 -2 13.8889
      vertex 10 9.6 13.9
      vertex 10 -2 13.9
    endloop
  endfacet
  facet normal 0.0785969 0 -0.996906
    outer loop
      vertex 10 9.6 13.9
      vertex 9.85921 -2 13.8889
      vertex 9.85921 9.6 13.8889
    endloop
  endfacet
  facet normal -0.972471 0 0.233025
    outer loop
      vertex 10.856 -2 12.7219
      vertex 10.8889 9.6 12.8592
      vertex 10.856 9.6 12.7219
    endloop
  endfacet
  facet normal -0.972471 0 0.233025
    outer loop
      vertex 10.8889 9.6 12.8592
      vertex 10.856 -2 12.7219
      vertex 10.8889 -2 12.8592
    endloop
  endfacet
  facet normal -0.233025 0 0.972471
    outer loop
      vertex 10.1408 9.6 12.1111
      vertex 10.2781 -2 12.144
      vertex 10.2781 9.6 12.144
    endloop
  endfacet
  facet normal -0.233025 0 0.972471
    outer loop
      vertex 10.2781 -2 12.144
      vertex 10.1408 9.6 12.1111
      vertex 10.1408 -2 12.1111
    endloop
  endfacet
  facet normal 0.649367 0 0.760475
    outer loop
      vertex 9.3636 9.6 12.3636
      vertex 9.47099 -2 12.2719
      vertex 9.47099 9.6 12.2719
    endloop
  endfacet
  facet normal 0.649367 0 0.760475
    outer loop
      vertex 9.47099 -2 12.2719
      vertex 9.3636 9.6 12.3636
      vertex 9.3636 -2 12.3636
    endloop
  endfacet
  facet normal -0.852581 0 -0.522595
    outer loop
      vertex 10.8019 -2 13.4086
      vertex 10.7281 9.6 13.529
      vertex 10.8019 9.6 13.4086
    endloop
  endfacet
  facet normal -0.852581 -0 -0.522595
    outer loop
      vertex 10.7281 9.6 13.529
      vertex 10.8019 -2 13.4086
      vertex 10.7281 -2 13.529
    endloop
  endfacet
  facet normal 0.383031 0 -0.923735
    outer loop
      vertex 9.59141 -2 13.8019
      vertex 9.72188 9.6 13.856
      vertex 9.72188 -2 13.856
    endloop
  endfacet
  facet normal 0.383031 0 -0.923735
    outer loop
      vertex 9.72188 9.6 13.856
      vertex 9.59141 -2 13.8019
      vertex 9.59141 9.6 13.8019
    endloop
  endfacet
  facet normal -0.996907 0 0.0785914
    outer loop
      vertex 10.8889 -2 12.8592
      vertex 10.9 9.6 13
      vertex 10.8889 9.6 12.8592
    endloop
  endfacet
  facet normal -0.996907 0 0.0785914
    outer loop
      vertex 10.9 9.6 13
      vertex 10.8889 -2 12.8592
      vertex 10.9 -2 13
    endloop
  endfacet
  facet normal -0.0785914 0 -0.996907
    outer loop
      vertex 10 -2 13.9
      vertex 10.1408 9.6 13.8889
      vertex 10.1408 -2 13.8889
    endloop
  endfacet
  facet normal -0.0785914 0 -0.996907
    outer loop
      vertex 10.1408 9.6 13.8889
      vertex 10 -2 13.9
      vertex 10 9.6 13.9
    endloop
  endfacet
  facet normal 0.760435 -0 0.649414
    outer loop
      vertex 9.27188 -2 12.471
      vertex 9.3636 9.6 12.3636
      vertex 9.27188 9.6 12.471
    endloop
  endfacet
  facet normal 0.760435 0 0.649414
    outer loop
      vertex 9.3636 9.6 12.3636
      vertex 9.27188 -2 12.471
      vertex 9.3636 -2 12.3636
    endloop
  endfacet
  facet normal -0.649332 0 -0.760505
    outer loop
      vertex 10.529 -2 13.7281
      vertex 10.6364 9.6 13.6364
      vertex 10.6364 -2 13.6364
    endloop
  endfacet
  facet normal -0.649332 0 -0.760505
    outer loop
      vertex 10.6364 9.6 13.6364
      vertex 10.529 -2 13.7281
      vertex 10.529 9.6 13.7281
    endloop
  endfacet
  facet normal -0.923767 0 0.382956
    outer loop
      vertex 10.8019 -2 12.5914
      vertex 10.856 9.6 12.7219
      vertex 10.8019 9.6 12.5914
    endloop
  endfacet
  facet normal -0.923767 0 0.382956
    outer loop
      vertex 10.856 9.6 12.7219
      vertex 10.8019 -2 12.5914
      vertex 10.856 -2 12.7219
    endloop
  endfacet
  facet normal -0.382956 0 0.923767
    outer loop
      vertex 10.2781 9.6 12.144
      vertex 10.4086 -2 12.1981
      vertex 10.4086 9.6 12.1981
    endloop
  endfacet
  facet normal -0.382956 0 0.923767
    outer loop
      vertex 10.4086 -2 12.1981
      vertex 10.2781 9.6 12.144
      vertex 10.2781 -2 12.144
    endloop
  endfacet
  facet normal 0.0785969 0 0.996906
    outer loop
      vertex 9.85921 9.6 12.1111
      vertex 10 -2 12.1
      vertex 10 9.6 12.1
    endloop
  endfacet
  facet normal 0.0785969 0 0.996906
    outer loop
      vertex 10 -2 12.1
      vertex 9.85921 9.6 12.1111
      vertex 9.85921 -2 12.1111
    endloop
  endfacet
  facet normal 0.522532 0 -0.85262
    outer loop
      vertex 9.47099 -2 13.7281
      vertex 9.59141 9.6 13.8019
      vertex 9.59141 -2 13.8019
    endloop
  endfacet
  facet normal 0.522532 0 -0.85262
    outer loop
      vertex 9.59141 9.6 13.8019
      vertex 9.47099 -2 13.7281
      vertex 9.47099 9.6 13.7281
    endloop
  endfacet
  facet normal 0.923917 0 -0.382594
    outer loop
      vertex 9.19809 -2 13.4086
      vertex 9.14405 9.6 13.2781
      vertex 9.19809 9.6 13.4086
    endloop
  endfacet
  facet normal 0.923917 0 -0.382594
    outer loop
      vertex 9.14405 9.6 13.2781
      vertex 9.19809 -2 13.4086
      vertex 9.14405 -2 13.2781
    endloop
  endfacet
  facet normal 0.383031 0 0.923735
    outer loop
      vertex 9.59141 9.6 12.1981
      vertex 9.72188 -2 12.144
      vertex 9.72188 9.6 12.144
    endloop
  endfacet
  facet normal 0.383031 0 0.923735
    outer loop
      vertex 9.72188 -2 12.144
      vertex 9.59141 9.6 12.1981
      vertex 9.59141 -2 12.1981
    endloop
  endfacet
  facet normal -0.923767 0 -0.382956
    outer loop
      vertex 10.856 -2 13.2781
      vertex 10.8019 9.6 13.4086
      vertex 10.856 9.6 13.2781
    endloop
  endfacet
  facet normal -0.923767 -0 -0.382956
    outer loop
      vertex 10.8019 9.6 13.4086
      vertex 10.856 -2 13.2781
      vertex 10.8019 -2 13.4086
    endloop
  endfacet
  facet normal -0.649332 0 0.760505
    outer loop
      vertex 10.529 9.6 12.2719
      vertex 10.6364 -2 12.3636
      vertex 10.6364 9.6 12.3636
    endloop
  endfacet
  facet normal -0.649332 0 0.760505
    outer loop
      vertex 10.6364 -2 12.3636
      vertex 10.529 9.6 12.2719
      vertex 10.529 -2 12.2719
    endloop
  endfacet
  facet normal 0.972358 0 -0.233493
    outer loop
      vertex 9.14405 -2 13.2781
      vertex 9.11108 9.6 13.1408
      vertex 9.14405 9.6 13.2781
    endloop
  endfacet
  facet normal 0.972358 0 -0.233493
    outer loop
      vertex 9.11108 9.6 13.1408
      vertex 9.14405 -2 13.2781
      vertex 9.11108 -2 13.1408
    endloop
  endfacet
  facet normal -0.996907 0 -0.0785914
    outer loop
      vertex 10.9 -2 13
      vertex 10.8889 9.6 13.1408
      vertex 10.9 9.6 13
    endloop
  endfacet
  facet normal -0.996907 -0 -0.0785914
    outer loop
      vertex 10.8889 9.6 13.1408
      vertex 10.9 -2 13
      vertex 10.8889 -2 13.1408
    endloop
  endfacet
  facet normal 0.923917 -0 0.382594
    outer loop
      vertex 9.14405 -2 12.7219
      vertex 9.19809 9.6 12.5914
      vertex 9.14405 9.6 12.7219
    endloop
  endfacet
  facet normal 0.923917 0 0.382594
    outer loop
      vertex 9.19809 9.6 12.5914
      vertex 9.14405 -2 12.7219
      vertex 9.19809 -2 12.5914
    endloop
  endfacet
  facet normal 0.649367 0 -0.760475
    outer loop
      vertex 9.3636 -2 13.6364
      vertex 9.47099 9.6 13.7281
      vertex 9.47099 -2 13.7281
    endloop
  endfacet
  facet normal 0.649367 0 -0.760475
    outer loop
      vertex 9.47099 9.6 13.7281
      vertex 9.3636 -2 13.6364
      vertex 9.3636 9.6 13.6364
    endloop
  endfacet
  facet normal -0.382956 0 -0.923767
    outer loop
      vertex 10.2781 -2 13.856
      vertex 10.4086 9.6 13.8019
      vertex 10.4086 -2 13.8019
    endloop
  endfacet
  facet normal -0.382956 0 -0.923767
    outer loop
      vertex 10.4086 9.6 13.8019
      vertex 10.2781 -2 13.856
      vertex 10.2781 9.6 13.856
    endloop
  endfacet
  facet normal 0.996918 0 -0.0784506
    outer loop
      vertex 9.11108 -2 13.1408
      vertex 9.1 9.6 13
      vertex 9.11108 9.6 13.1408
    endloop
  endfacet
  facet normal 0.996918 0 -0.0784506
    outer loop
      vertex 9.1 9.6 13
      vertex 9.11108 -2 13.1408
      vertex 9.1 -2 13
    endloop
  endfacet
  facet normal -0.852581 0 0.522595
    outer loop
      vertex 10.7281 -2 12.471
      vertex 10.8019 9.6 12.5914
      vertex 10.7281 9.6 12.471
    endloop
  endfacet
  facet normal -0.852581 0 0.522595
    outer loop
      vertex 10.8019 9.6 12.5914
      vertex 10.7281 -2 12.471
      vertex 10.8019 -2 12.5914
    endloop
  endfacet
  facet normal -0.522595 0 0.852581
    outer loop
      vertex 10.4086 9.6 12.1981
      vertex 10.529 -2 12.2719
      vertex 10.529 9.6 12.2719
    endloop
  endfacet
  facet normal -0.522595 0 0.852581
    outer loop
      vertex 10.529 -2 12.2719
      vertex 10.4086 9.6 12.1981
      vertex 10.4086 -2 12.1981
    endloop
  endfacet
  facet normal 0.232977 0 0.972482
    outer loop
      vertex 9.72188 9.6 12.144
      vertex 9.85921 -2 12.1111
      vertex 9.85921 9.6 12.1111
    endloop
  endfacet
  facet normal 0.232977 0 0.972482
    outer loop
      vertex 9.85921 -2 12.1111
      vertex 9.72188 9.6 12.144
      vertex 9.72188 -2 12.144
    endloop
  endfacet
  facet normal 0.522532 0 0.85262
    outer loop
      vertex 9.47099 9.6 12.2719
      vertex 9.59141 -2 12.1981
      vertex 9.59141 9.6 12.1981
    endloop
  endfacet
  facet normal 0.522532 0 0.85262
    outer loop
      vertex 9.59141 -2 12.1981
      vertex 9.47099 9.6 12.2719
      vertex 9.47099 -2 12.2719
    endloop
  endfacet
  facet normal 0.852612 0 -0.522544
    outer loop
      vertex 9.27188 -2 13.529
      vertex 9.19809 9.6 13.4086
      vertex 9.27188 9.6 13.529
    endloop
  endfacet
  facet normal 0.852612 0 -0.522544
    outer loop
      vertex 9.19809 9.6 13.4086
      vertex 9.27188 -2 13.529
      vertex 9.19809 -2 13.4086
    endloop
  endfacet
  facet normal 0.760435 0 -0.649414
    outer loop
      vertex 9.3636 -2 13.6364
      vertex 9.27188 9.6 13.529
      vertex 9.3636 9.6 13.6364
    endloop
  endfacet
  facet normal 0.760435 0 -0.649414
    outer loop
      vertex 9.27188 9.6 13.529
      vertex 9.3636 -2 13.6364
      vertex 9.27188 -2 13.529
    endloop
  endfacet
  facet normal -0.233025 0 -0.972471
    outer loop
      vertex 10.1408 -2 13.8889
      vertex 10.2781 9.6 13.856
      vertex 10.2781 -2 13.856
    endloop
  endfacet
  facet normal -0.233025 0 -0.972471
    outer loop
      vertex 10.2781 9.6 13.856
      vertex 10.1408 -2 13.8889
      vertex 10.1408 9.6 13.8889
    endloop
  endfacet
  facet normal -0.0785914 0 0.996907
    outer loop
      vertex 10 9.6 12.1
      vertex 10.1408 -2 12.1111
      vertex 10.1408 9.6 12.1111
    endloop
  endfacet
  facet normal -0.0785914 0 0.996907
    outer loop
      vertex 10.1408 -2 12.1111
      vertex 10 9.6 12.1
      vertex 10 -2 12.1
    endloop
  endfacet
  facet normal -0.522595 0 -0.852581
    outer loop
      vertex 10.4086 -2 13.8019
      vertex 10.529 9.6 13.7281
      vertex 10.529 -2 13.7281
    endloop
  endfacet
  facet normal -0.522595 0 -0.852581
    outer loop
      vertex 10.529 9.6 13.7281
      vertex 10.4086 -2 13.8019
      vertex 10.4086 9.6 13.8019
    endloop
  endfacet
  facet normal -0.972471 0 -0.233025
    outer loop
      vertex 10.8889 -2 13.1408
      vertex 10.856 9.6 13.2781
      vertex 10.8889 9.6 13.1408
    endloop
  endfacet
  facet normal -0.972471 -0 -0.233025
    outer loop
      vertex 10.856 9.6 13.2781
      vertex 10.8889 -2 13.1408
      vertex 10.856 -2 13.2781
    endloop
  endfacet
  facet normal 0.996918 -0 0.0784506
    outer loop
      vertex 9.1 -2 13
      vertex 9.11108 9.6 12.8592
      vertex 9.1 9.6 13
    endloop
  endfacet
  facet normal 0.996918 0 0.0784506
    outer loop
      vertex 9.11108 9.6 12.8592
      vertex 9.1 -2 13
      vertex 9.11108 -2 12.8592
    endloop
  endfacet
  facet normal 0.852612 -0 0.522544
    outer loop
      vertex 9.19809 -2 12.5914
      vertex 9.27188 9.6 12.471
      vertex 9.19809 9.6 12.5914
    endloop
  endfacet
  facet normal 0.852612 0 0.522544
    outer loop
      vertex 9.27188 9.6 12.471
      vertex 9.19809 -2 12.5914
      vertex 9.27188 -2 12.471
    endloop
  endfacet
  facet normal -0.760505 0 0.649332
    outer loop
      vertex 10.6364 -2 12.3636
      vertex 10.7281 9.6 12.471
      vertex 10.6364 9.6 12.3636
    endloop
  endfacet
  facet normal -0.760505 0 0.649332
    outer loop
      vertex 10.7281 9.6 12.471
      vertex 10.6364 -2 12.3636
      vertex 10.7281 -2 12.471
    endloop
  endfacet
  facet normal 0.972358 -0 0.233493
    outer loop
      vertex 9.11108 -2 12.8592
      vertex 9.14405 9.6 12.7219
      vertex 9.11108 9.6 12.8592
    endloop
  endfacet
  facet normal 0.972358 0 0.233493
    outer loop
      vertex 9.14405 9.6 12.7219
      vertex 9.11108 -2 12.8592
      vertex 9.14405 -2 12.7219
    endloop
  endfacet
  facet normal 0 1 0
    outer loop
      vertex 10.1408 -2 13.8889
      vertex 9.85921 -2 13.8889
      vertex 10 -2 13.9
    endloop
  endfacet
  facet normal 0 1 0
    outer loop
      vertex 10.2781 -2 13.856
      vertex 9.85921 -2 13.8889
      vertex 10.1408 -2 13.8889
    endloop
  endfacet
  facet normal 0 1 0
    outer loop
      vertex 10.2781 -2 13.856
      vertex 9.72188 -2 13.856
      vertex 9.85921 -2 13.8889
    endloop
  endfacet
  facet normal 0 1 0
    outer loop
      vertex 10.4086 -2 13.8019
      vertex 9.72188 -2 13.856
      vertex 10.2781 -2 13.856
    endloop
  endfacet
  facet normal 0 1 0
    outer loop
      vertex 10.4086 -2 13.8019
      vertex 9.59141 -2 13.8019
      vertex 9.72188 -2 13.856
    endloop
  endfacet
  facet normal 0 1 0
    outer loop
      vertex 10.529 -2 13.7281
      vertex 9.59141 -2 13.8019
      vertex 10.4086 -2 13.8019
    endloop
  endfacet
  facet normal 0 1 0
    outer loop
      vertex 10.529 -2 13.7281
      vertex 9.47099 -2 13.7281
      vertex 9.59141 -2 13.8019
    endloop
  endfacet
  facet normal 0 1 0
    outer loop
      vertex 10.6364 -2 13.6364
      vertex 9.47099 -2 13.7281
      vertex 10.529 -2 13.7281
    endloop
  endfacet
  facet normal 0 1 0
    outer loop
      vertex 10.6364 -2 13.6364
      vertex 9.3636 -2 13.6364
      vertex 9.47099 -2 13.7281
    endloop
  endfacet
  facet normal 0 1 0
    outer loop
      vertex 10.7281 -2 13.529
      vertex 9.3636 -2 13.6364
      vertex 10.6364 -2 13.6364
    endloop
  endfacet
  facet normal 0 1 0
    outer loop
      vertex 10.7281 -2 13.529
      vertex 9.27188 -2 13.529
      vertex 9.3636 -2 13.6364
    endloop
  endfacet
  facet normal 0 1 0
    outer loop
      vertex 10.8019 -2 13.4086
      vertex 9.27188 -2 13.529
      vertex 10.7281 -2 13.529
    endloop
  endfacet
  facet normal 0 1 0
    outer loop
      vertex 10.8019 -2 13.4086
      vertex 9.19809 -2 13.4086
      vertex 9.27188 -2 13.529
    endloop
  endfacet
  facet normal 0 1 0
    outer loop
      vertex 10.856 -2 13.2781
      vertex 9.19809 -2 13.4086
      vertex 10.8019 -2 13.4086
    endloop
  endfacet
  facet normal 0 1 0
    outer loop
      vertex 10.856 -2 13.2781
      vertex 9.14405 -2 13.2781
      vertex 9.19809 -2 13.4086
    endloop
  endfacet
  facet normal 0 1 0
    outer loop
      vertex 10.8889 -2 13.1408
      vertex 9.14405 -2 13.2781
      vertex 10.856 -2 13.2781
    endloop
  endfacet
  facet normal 0 1 0
    outer loop
      vertex 10.8889 -2 13.1408
      vertex 9.11108 -2 13.1408
      vertex 9.14405 -2 13.2781
    endloop
  endfacet
  facet normal 0 1 0
    outer loop
      vertex 10.9 -2 13
      vertex 9.11108 -2 13.1408
      vertex 10.8889 -2 13.1408
    endloop
  endfacet
  facet normal 0 1 0
    outer loop
      vertex 10.9 -2 13
      vertex 9.1 -2 13
      vertex 9.11108 -2 13.1408
    endloop
  endfacet
  facet normal 0 1 -0
    outer loop
      vertex 10.8889 -2 12.8592
      vertex 9.1 -2 13
      vertex 10.9 -2 13
    endloop
  endfacet
  facet normal 0 1 0
    outer loop
      vertex 10.8889 -2 12.8592
      vertex 9.11108 -2 12.8592
      vertex 9.1 -2 13
    endloop
  endfacet
  facet normal 0 1 -0
    outer loop
      vertex 10.856 -2 12.7219
      vertex 9.11108 -2 12.8592
      vertex 10.8889 -2 12.8592
    endloop
  endfacet
  facet normal 0 1 0
    outer loop
      vertex 10.856 -2 12.7219
      vertex 9.14405 -2 12.7219
      vertex 9.11108 -2 12.8592
    endloop
  endfacet
  facet normal 0 1 -0
    outer loop
      vertex 10.8019 -2 12.5914
      vertex 9.14405 -2 12.7219
      vertex 10.856 -2 12.7219
    endloop
  endfacet
  facet normal 0 1 0
    outer loop
      vertex 10.8019 -2 12.5914
      vertex 9.19809 -2 12.5914
      vertex 9.14405 -2 12.7219
    endloop
  endfacet
  facet normal 0 1 -0
    outer loop
      vertex 10.7281 -2 12.471
      vertex 9.19809 -2 12.5914
      vertex 10.8019 -2 12.5914
    endloop
  endfacet
  facet normal 0 1 0
    outer loop
      vertex 10.7281 -2 12.471
      vertex 9.27188 -2 12.471
      vertex 9.19809 -2 12.5914
    endloop
  endfacet
  facet normal 0 1 -0
    outer loop
      vertex 10.6364 -2 12.3636
      vertex 9.27188 -2 12.471
      vertex 10.7281 -2 12.471
    endloop
  endfacet
  facet normal 0 1 0
    outer loop
      vertex 10.6364 -2 12.3636
      vertex 9.3636 -2 12.3636
      vertex 9.27188 -2 12.471
    endloop
  endfacet
  facet normal 0 1 -0
    outer loop
      vertex 10.529 -2 12.2719
      vertex 9.3636 -2 12.3636
      vertex 10.6364 -2 12.3636
    endloop
  endfacet
  facet normal 0 1 0
    outer loop
      vertex 10.529 -2 12.2719
      vertex 9.47099 -2 12.2719
      vertex 9.3636 -2 12.3636
    endloop
  endfacet
  facet normal 0 1 -0
    outer loop
      vertex 10.4086 -2 12.1981
      vertex 9.47099 -2 12.2719
      vertex 10.529 -2 12.2719
    endloop
  endfacet
  facet normal 0 1 0
    outer loop
      vertex 10.4086 -2 12.1981
      vertex 9.59141 -2 12.1981
      vertex 9.47099 -2 12.2719
    endloop
  endfacet
  facet normal 0 1 -0
    outer loop
      vertex 10.2781 -2 12.144
      vertex 9.59141 -2 12.1981
      vertex 10.4086 -2 12.1981
    endloop
  endfacet
  facet normal 0 1 0
    outer loop
      vertex 10.2781 -2 12.144
      vertex 9.72188 -2 12.144
      vertex 9.59141 -2 12.1981
    endloop
  endfacet
  facet normal 0 1 -0
    outer loop
      vertex 10.1408 -2 12.1111
      vertex 9.72188 -2 12.144
      vertex 10.2781 -2 12.144
    endloop
  endfacet
  facet normal 0 1 0
    outer loop
      vertex 10.1408 -2 12.1111
      vertex 9.85921 -2 12.1111
      vertex 9.72188 -2 12.144
    endloop
  endfacet
  facet normal -0 1 0
    outer loop
      vertex 9.85921 -2 12.1111
      vertex 10.1408 -2 12.1111
      vertex 10 -2 12.1
    endloop
  endfacet
  facet normal -0.760505 0 -0.649332
    outer loop
      vertex 10.7281 -2 13.529
      vertex 10.6364 9.6 13.6364
      vertex 10.7281 9.6 13.529
    endloop
  endfacet
  facet normal -0.760505 -0 -0.649332
    outer loop
      vertex 10.6364 9.6 13.6364
      vertex 10.7281 -2 13.529
      vertex 10.6364 -2 13.6364
    endloop
  endfacet
  facet normal 0.232977 0 -0.972482
    outer loop
      vertex 9.72188 -2 13.856
      vertex 9.85921 9.6 13.8889
      vertex 9.85921 -2 13.8889
    endloop
  endfacet
  facet normal 0.232977 0 -0.972482
    outer loop
      vertex 9.85921 9.6 13.8889
      vertex 9.72188 -2 13.856
      vertex 9.72188 9.6 13.856
    endloop
  endfacet
  facet normal 0 -0.382623 0.923904
    outer loop
      vertex 10.795 -3.86502 88.7725
      vertex -10.5978 -4.22746 88.6224
      vertex 10.5978 -4.22746 88.6224
    endloop
  endfacet
  facet normal 0 -0.382623 0.923904
    outer loop
      vertex -10.5978 -4.22746 88.6224
      vertex 10.795 -3.86502 88.7725
      vertex -10.795 -3.86502 88.7725
    endloop
  endfacet
  facet normal 0 0.996917 0.0784585
    outer loop
      vertex 10 -7.46922 90.6089
      vertex -10 -7.5 91
      vertex 10 -7.5 91
    endloop
  endfacet
  facet normal 0 0.996917 0.0784585
    outer loop
      vertex -10 -7.5 91
      vertex 10 -7.46922 90.6089
      vertex -10 -7.46922 90.6089
    endloop
  endfacet
  facet normal 0 -0.0785112 0.996913
    outer loop
      vertex 10.3901 -4.60891 88.5308
      vertex -10.1773 -5 88.5
      vertex 10.1773 -5 88.5
    endloop
  endfacet
  facet normal 0 -0.0785112 0.996913
    outer loop
      vertex -10.1773 -5 88.5
      vertex 10.3901 -4.60891 88.5308
      vertex -10.3901 -4.60891 88.5308
    endloop
  endfacet
  facet normal 0 -0.649329 -0.760508
    outer loop
      vertex -10.9771 -3.53054 93.0225
      vertex 11.1395 -3.23223 92.7678
      vertex 10.9771 -3.53054 93.0225
    endloop
  endfacet
  facet normal -0 -0.649329 -0.760508
    outer loop
      vertex 11.1395 -3.23223 92.7678
      vertex -10.9771 -3.53054 93.0225
      vertex -11.1395 -3.23223 92.7678
    endloop
  endfacet
  facet normal 0 0.760409 -0.649445
    outer loop
      vertex 10 -7.02254 92.4695
      vertex -10 -6.76777 92.7678
      vertex 10 -6.76777 92.7678
    endloop
  endfacet
  facet normal 0 0.760409 -0.649445
    outer loop
      vertex -10 -6.76777 92.7678
      vertex 10 -7.02254 92.4695
      vertex -10 -7.02254 92.4695
    endloop
  endfacet
  facet normal 0 0.760409 0.649445
    outer loop
      vertex 10 -6.76777 89.2322
      vertex -10 -7.02254 89.5305
      vertex 10 -7.02254 89.5305
    endloop
  endfacet
  facet normal 0 0.760409 0.649445
    outer loop
      vertex -10 -7.02254 89.5305
      vertex 10 -6.76777 89.2322
      vertex -10 -6.76777 89.2322
    endloop
  endfacet
  facet normal 0 -0.923909 0.382613
    outer loop
      vertex -11.3897 -2.77248 89.865
      vertex 11.4714 -2.62236 90.2275
      vertex -11.4714 -2.62236 90.2275
    endloop
  endfacet
  facet normal 0 -0.923909 0.382613
    outer loop
      vertex 11.4714 -2.62236 90.2275
      vertex -11.3897 -2.77248 89.865
      vertex 11.3897 -2.77248 89.865
    endloop
  endfacet
  facet normal 0 -0.649329 0.760508
    outer loop
      vertex 11.1395 -3.23223 89.2322
      vertex -10.9771 -3.53054 88.9775
      vertex 10.9771 -3.53054 88.9775
    endloop
  endfacet
  facet normal 0 -0.649329 0.760508
    outer loop
      vertex -10.9771 -3.53054 88.9775
      vertex 11.1395 -3.23223 89.2322
      vertex -11.1395 -3.23223 89.2322
    endloop
  endfacet
  facet normal 0 0.649329 -0.760508
    outer loop
      vertex -10 -6.76777 92.7678
      vertex 10 -6.46946 93.0225
      vertex 10 -6.76777 92.7678
    endloop
  endfacet
  facet normal 0 0.649329 -0.760508
    outer loop
      vertex 10 -6.46946 93.0225
      vertex -10 -6.76777 92.7678
      vertex -10 -6.46946 93.0225
    endloop
  endfacet
  facet normal 0 0.382623 -0.923904
    outer loop
      vertex -10 -6.13498 93.2275
      vertex 10 -5.77254 93.3776
      vertex 10 -6.13498 93.2275
    endloop
  endfacet
  facet normal 0 0.382623 -0.923904
    outer loop
      vertex 10 -5.77254 93.3776
      vertex -10 -6.13498 93.2275
      vertex -10 -5.77254 93.3776
    endloop
  endfacet
  facet normal 0 -0.760409 -0.649445
    outer loop
      vertex -11.2782 -2.97746 92.4695
      vertex 11.1395 -3.23223 92.7678
      vertex -11.1395 -3.23223 92.7678
    endloop
  endfacet
  facet normal 0 -0.760409 -0.649445
    outer loop
      vertex 11.1395 -3.23223 92.7678
      vertex -11.2782 -2.97746 92.4695
      vertex 11.2782 -2.97746 92.4695
    endloop
  endfacet
  facet normal 0 -0.923909 -0.382613
    outer loop
      vertex -11.4714 -2.62236 91.7725
      vertex 11.3897 -2.77248 92.135
      vertex -11.3897 -2.77248 92.135
    endloop
  endfacet
  facet normal 0 -0.923909 -0.382613
    outer loop
      vertex 11.3897 -2.77248 92.135
      vertex -11.4714 -2.62236 91.7725
      vertex 11.4714 -2.62236 91.7725
    endloop
  endfacet
  facet normal -0 0.522555 0.852606
    outer loop
      vertex -10 -6.13498 88.7725
      vertex 10 -6.46946 88.9775
      vertex 10 -6.13498 88.7725
    endloop
  endfacet
  facet normal 0 0.522555 0.852606
    outer loop
      vertex 10 -6.46946 88.9775
      vertex -10 -6.13498 88.7725
      vertex -10 -6.46946 88.9775
    endloop
  endfacet
  facet normal 0 -0.233498 0.972357
    outer loop
      vertex 10.5978 -4.22746 88.6224
      vertex -10.3901 -4.60891 88.5308
      vertex 10.3901 -4.60891 88.5308
    endloop
  endfacet
  facet normal 0 -0.233498 0.972357
    outer loop
      vertex -10.3901 -4.60891 88.5308
      vertex 10.5978 -4.22746 88.6224
      vertex -10.5978 -4.22746 88.6224
    endloop
  endfacet
  facet normal 0 0.923909 0.382613
    outer loop
      vertex 10 -7.22752 89.865
      vertex -10 -7.37764 90.2275
      vertex 10 -7.37764 90.2275
    endloop
  endfacet
  facet normal 0 0.923909 0.382613
    outer loop
      vertex -10 -7.37764 90.2275
      vertex 10 -7.22752 89.865
      vertex -10 -7.22752 89.865
    endloop
  endfacet
  facet normal 0 0.0792244 0.996857
    outer loop
      vertex 10 -5.32566 88.5256
      vertex -10 -5.32566 88.5256
      vertex 10 -5.39109 88.5308
    endloop
  endfacet
  facet normal 0 0.0783678 0.996925
    outer loop
      vertex 10.1773 -5 88.5
      vertex -10 -5.32566 88.5256
      vertex 10 -5.32566 88.5256
    endloop
  endfacet
  facet normal 0 0.0783678 0.996925
    outer loop
      vertex -10 -5.32566 88.5256
      vertex 10.1773 -5 88.5
      vertex -10.1773 -5 88.5
    endloop
  endfacet
  facet normal 0 0.0792244 0.996857
    outer loop
      vertex 10 -5.39109 88.5308
      vertex -10 -5.32566 88.5256
      vertex -10 -5.39109 88.5308
    endloop
  endfacet
  facet normal 0 -0.852642 -0.522495
    outer loop
      vertex -11.3897 -2.77248 92.135
      vertex 11.2782 -2.97746 92.4695
      vertex -11.2782 -2.97746 92.4695
    endloop
  endfacet
  facet normal 0 -0.852642 -0.522495
    outer loop
      vertex 11.2782 -2.97746 92.4695
      vertex -11.3897 -2.77248 92.135
      vertex 11.3897 -2.77248 92.135
    endloop
  endfacet
  facet normal -0 0.382623 0.923904
    outer loop
      vertex -10 -5.77254 88.6224
      vertex 10 -6.13498 88.7725
      vertex 10 -5.77254 88.6224
    endloop
  endfacet
  facet normal 0 0.382623 0.923904
    outer loop
      vertex 10 -6.13498 88.7725
      vertex -10 -5.77254 88.6224
      vertex -10 -6.13498 88.7725
    endloop
  endfacet
  facet normal 0 -0.0785112 -0.996913
    outer loop
      vertex -10.1773 -5 93.5
      vertex 10.3901 -4.60891 93.4692
      vertex 10.1773 -5 93.5
    endloop
  endfacet
  facet normal -0 -0.0785112 -0.996913
    outer loop
      vertex 10.3901 -4.60891 93.4692
      vertex -10.1773 -5 93.5
      vertex -10.3901 -4.60891 93.4692
    endloop
  endfacet
  facet normal 0 -0.760409 0.649445
    outer loop
      vertex -11.1395 -3.23223 89.2322
      vertex 11.2782 -2.97746 89.5305
      vertex -11.2782 -2.97746 89.5305
    endloop
  endfacet
  facet normal 0 -0.760409 0.649445
    outer loop
      vertex 11.2782 -2.97746 89.5305
      vertex -11.1395 -3.23223 89.2322
      vertex 11.1395 -3.23223 89.2322
    endloop
  endfacet
  facet normal 0 0.923909 -0.382613
    outer loop
      vertex 10 -7.37764 91.7725
      vertex -10 -7.22752 92.135
      vertex 10 -7.22752 92.135
    endloop
  endfacet
  facet normal 0 0.923909 -0.382613
    outer loop
      vertex -10 -7.22752 92.135
      vertex 10 -7.37764 91.7725
      vertex -10 -7.37764 91.7725
    endloop
  endfacet
  facet normal 0 -0.972362 -0.233479
    outer loop
      vertex -11.5213 -2.53078 91.3911
      vertex 11.4714 -2.62236 91.7725
      vertex -11.4714 -2.62236 91.7725
    endloop
  endfacet
  facet normal 0 -0.972362 -0.233479
    outer loop
      vertex 11.4714 -2.62236 91.7725
      vertex -11.5213 -2.53078 91.3911
      vertex 11.5213 -2.53078 91.3911
    endloop
  endfacet
  facet normal 0 -0.852642 0.522495
    outer loop
      vertex -11.2782 -2.97746 89.5305
      vertex 11.3897 -2.77248 89.865
      vertex -11.3897 -2.77248 89.865
    endloop
  endfacet
  facet normal 0 -0.852642 0.522495
    outer loop
      vertex 11.3897 -2.77248 89.865
      vertex -11.2782 -2.97746 89.5305
      vertex 11.2782 -2.97746 89.5305
    endloop
  endfacet
  facet normal 0 -0.382623 -0.923904
    outer loop
      vertex -10.5978 -4.22746 93.3776
      vertex 10.795 -3.86502 93.2275
      vertex 10.5978 -4.22746 93.3776
    endloop
  endfacet
  facet normal -0 -0.382623 -0.923904
    outer loop
      vertex 10.795 -3.86502 93.2275
      vertex -10.5978 -4.22746 93.3776
      vertex -10.795 -3.86502 93.2275
    endloop
  endfacet
  facet normal 0 0.852642 0.522495
    outer loop
      vertex 10 -7.02254 89.5305
      vertex -10 -7.22752 89.865
      vertex 10 -7.22752 89.865
    endloop
  endfacet
  facet normal 0 0.852642 0.522495
    outer loop
      vertex -10 -7.22752 89.865
      vertex 10 -7.02254 89.5305
      vertex -10 -7.02254 89.5305
    endloop
  endfacet
  facet normal 0 0.972362 -0.233479
    outer loop
      vertex 10 -7.46922 91.3911
      vertex -10 -7.37764 91.7725
      vertex 10 -7.37764 91.7725
    endloop
  endfacet
  facet normal 0 0.972362 -0.233479
    outer loop
      vertex -10 -7.37764 91.7725
      vertex 10 -7.46922 91.3911
      vertex -10 -7.46922 91.3911
    endloop
  endfacet
  facet normal 0 -0.522555 0.852606
    outer loop
      vertex 10.9771 -3.53054 88.9775
      vertex -10.795 -3.86502 88.7725
      vertex 10.795 -3.86502 88.7725
    endloop
  endfacet
  facet normal 0 -0.522555 0.852606
    outer loop
      vertex -10.795 -3.86502 88.7725
      vertex 10.9771 -3.53054 88.9775
      vertex -10.9771 -3.53054 88.9775
    endloop
  endfacet
  facet normal 0 0.522555 -0.852606
    outer loop
      vertex -10 -6.46946 93.0225
      vertex 10 -6.13498 93.2275
      vertex 10 -6.46946 93.0225
    endloop
  endfacet
  facet normal 0 0.522555 -0.852606
    outer loop
      vertex 10 -6.13498 93.2275
      vertex -10 -6.46946 93.0225
      vertex -10 -6.13498 93.2275
    endloop
  endfacet
  facet normal 0 0.972362 0.233479
    outer loop
      vertex 10 -7.37764 90.2275
      vertex -10 -7.46922 90.6089
      vertex 10 -7.46922 90.6089
    endloop
  endfacet
  facet normal 0 0.972362 0.233479
    outer loop
      vertex -10 -7.46922 90.6089
      vertex 10 -7.37764 90.2275
      vertex -10 -7.37764 90.2275
    endloop
  endfacet
  facet normal 0 -0.972362 0.233479
    outer loop
      vertex -11.4714 -2.62236 90.2275
      vertex 11.5213 -2.53078 90.6089
      vertex -11.5213 -2.53078 90.6089
    endloop
  endfacet
  facet normal 0 -0.972362 0.233479
    outer loop
      vertex 11.5213 -2.53078 90.6089
      vertex -11.4714 -2.62236 90.2275
      vertex 11.4714 -2.62236 90.2275
    endloop
  endfacet
  facet normal 0 -0.522555 -0.852606
    outer loop
      vertex -10.795 -3.86502 93.2275
      vertex 10.9771 -3.53054 93.0225
      vertex 10.795 -3.86502 93.2275
    endloop
  endfacet
  facet normal -0 -0.522555 -0.852606
    outer loop
      vertex 10.9771 -3.53054 93.0225
      vertex -10.795 -3.86502 93.2275
      vertex -10.9771 -3.53054 93.0225
    endloop
  endfacet
  facet normal 0 0.0792244 -0.996857
    outer loop
      vertex 10 -5.39109 93.4692
      vertex -10 -5.39109 93.4692
      vertex 10 -5.32566 93.4744
    endloop
  endfacet
  facet normal 0 0.0792244 -0.996857
    outer loop
      vertex -10 -5.32566 93.4744
      vertex 10 -5.32566 93.4744
      vertex -10 -5.39109 93.4692
    endloop
  endfacet
  facet normal 0 0.0783678 -0.996925
    outer loop
      vertex 10 -5.32566 93.4744
      vertex -10 -5.32566 93.4744
      vertex 10.1773 -5 93.5
    endloop
  endfacet
  facet normal 0 0.0783678 -0.996925
    outer loop
      vertex 10.1773 -5 93.5
      vertex -10 -5.32566 93.4744
      vertex -10.1773 -5 93.5
    endloop
  endfacet
  facet normal 0 0.233498 -0.972357
    outer loop
      vertex -10 -5.77254 93.3776
      vertex 10 -5.39109 93.4692
      vertex 10 -5.77254 93.3776
    endloop
  endfacet
  facet normal 0 0.233498 -0.972357
    outer loop
      vertex 10 -5.39109 93.4692
      vertex -10 -5.77254 93.3776
      vertex -10 -5.39109 93.4692
    endloop
  endfacet
  facet normal -0 0.649329 0.760508
    outer loop
      vertex -10 -6.46946 88.9775
      vertex 10 -6.76777 89.2322
      vertex 10 -6.46946 88.9775
    endloop
  endfacet
  facet normal 0 0.649329 0.760508
    outer loop
      vertex 10 -6.76777 89.2322
      vertex -10 -6.46946 88.9775
      vertex -10 -6.76777 89.2322
    endloop
  endfacet
  facet normal -0 0.233498 0.972357
    outer loop
      vertex -10 -5.39109 88.5308
      vertex 10 -5.77254 88.6224
      vertex 10 -5.39109 88.5308
    endloop
  endfacet
  facet normal 0 0.233498 0.972357
    outer loop
      vertex 10 -5.77254 88.6224
      vertex -10 -5.39109 88.5308
      vertex -10 -5.77254 88.6224
    endloop
  endfacet
  facet normal 0 -0.233498 -0.972357
    outer loop
      vertex -10.3901 -4.60891 93.4692
      vertex 10.5978 -4.22746 93.3776
      vertex 10.3901 -4.60891 93.4692
    endloop
  endfacet
  facet normal -0 -0.233498 -0.972357
    outer loop
      vertex 10.5978 -4.22746 93.3776
      vertex -10.3901 -4.60891 93.4692
      vertex -10.5978 -4.22746 93.3776
    endloop
  endfacet
  facet normal 0 -0.996917 0.0784585
    outer loop
      vertex -11.5213 -2.53078 90.6089
      vertex 11.5381 -2.5 91
      vertex -11.5381 -2.5 91
    endloop
  endfacet
  facet normal 0 -0.996917 0.0784585
    outer loop
      vertex 11.5381 -2.5 91
      vertex -11.5213 -2.53078 90.6089
      vertex 11.5213 -2.53078 90.6089
    endloop
  endfacet
  facet normal 0 -0.996917 -0.0784585
    outer loop
      vertex -11.5381 -2.5 91
      vertex 11.5213 -2.53078 91.3911
      vertex -11.5213 -2.53078 91.3911
    endloop
  endfacet
  facet normal 0 -0.996917 -0.0784585
    outer loop
      vertex 11.5213 -2.53078 91.3911
      vertex -11.5381 -2.5 91
      vertex 11.5381 -2.5 91
    endloop
  endfacet
  facet normal 0 0.996917 -0.0784585
    outer loop
      vertex 10 -7.5 91
      vertex -10 -7.46922 91.3911
      vertex 10 -7.46922 91.3911
    endloop
  endfacet
  facet normal 0 0.996917 -0.0784585
    outer loop
      vertex -10 -7.46922 91.3911
      vertex 10 -7.5 91
      vertex -10 -7.5 91
    endloop
  endfacet
  facet normal 0 0.852642 -0.522495
    outer loop
      vertex 10 -7.22752 92.135
      vertex -10 -7.02254 92.4695
      vertex 10 -7.02254 92.4695
    endloop
  endfacet
  facet normal 0 0.852642 -0.522495
    outer loop
      vertex -10 -7.02254 92.4695
      vertex 10 -7.22752 92.135
      vertex -10 -7.22752 92.135
    endloop
  endfacet
  facet normal 0 -0.382623 0.923904
    outer loop
      vertex 10.5714 -3.86502 62.7725
      vertex -10.3899 -4.22746 62.6224
      vertex 10.3899 -4.22746 62.6224
    endloop
  endfacet
  facet normal 0 -0.382623 0.923904
    outer loop
      vertex -10.3899 -4.22746 62.6224
      vertex 10.5714 -3.86502 62.7725
      vertex -10.5714 -3.86502 62.7725
    endloop
  endfacet
  facet normal 0 0.996917 0.0784585
    outer loop
      vertex 10 -7.46922 64.6089
      vertex -10 -7.5 65
      vertex 10 -7.5 65
    endloop
  endfacet
  facet normal 0 0.996917 0.0784585
    outer loop
      vertex -10 -7.5 65
      vertex 10 -7.46922 64.6089
      vertex -10 -7.46922 64.6089
    endloop
  endfacet
  facet normal 0 -0.0785112 0.996913
    outer loop
      vertex 10.1989 -4.60891 62.5308
      vertex -10.0031 -5 62.5
      vertex 10.0031 -5 62.5
    endloop
  endfacet
  facet normal 0 -0.0785112 0.996913
    outer loop
      vertex -10.0031 -5 62.5
      vertex 10.1989 -4.60891 62.5308
      vertex -10.1989 -4.60891 62.5308
    endloop
  endfacet
  facet normal 0 -0.649329 -0.760508
    outer loop
      vertex -10.7389 -3.53054 67.0225
      vertex 10.8883 -3.23223 66.7678
      vertex 10.7389 -3.53054 67.0225
    endloop
  endfacet
  facet normal -0 -0.649329 -0.760508
    outer loop
      vertex 10.8883 -3.23223 66.7678
      vertex -10.7389 -3.53054 67.0225
      vertex -10.8883 -3.23223 66.7678
    endloop
  endfacet
  facet normal 0 0.760409 -0.649445
    outer loop
      vertex 10 -7.02254 66.4695
      vertex -10 -6.76777 66.7678
      vertex 10 -6.76777 66.7678
    endloop
  endfacet
  facet normal 0 0.760409 -0.649445
    outer loop
      vertex -10 -6.76777 66.7678
      vertex 10 -7.02254 66.4695
      vertex -10 -7.02254 66.4695
    endloop
  endfacet
  facet normal 0 0.760409 0.649445
    outer loop
      vertex 10 -6.76777 63.2322
      vertex -10 -7.02254 63.5305
      vertex 10 -7.02254 63.5305
    endloop
  endfacet
  facet normal 0 0.760409 0.649445
    outer loop
      vertex -10 -7.02254 63.5305
      vertex 10 -6.76777 63.2322
      vertex -10 -6.76777 63.2322
    endloop
  endfacet
  facet normal 0 -0.923909 0.382613
    outer loop
      vertex -11.1185 -2.77248 63.865
      vertex 11.1937 -2.62236 64.2275
      vertex -11.1937 -2.62236 64.2275
    endloop
  endfacet
  facet normal 0 -0.923909 0.382613
    outer loop
      vertex 11.1937 -2.62236 64.2275
      vertex -11.1185 -2.77248 63.865
      vertex 11.1185 -2.77248 63.865
    endloop
  endfacet
  facet normal 0 -0.649329 0.760508
    outer loop
      vertex 10.8883 -3.23223 63.2322
      vertex -10.7389 -3.53054 62.9775
      vertex 10.7389 -3.53054 62.9775
    endloop
  endfacet
  facet normal 0 -0.649329 0.760508
    outer loop
      vertex -10.7389 -3.53054 62.9775
      vertex 10.8883 -3.23223 63.2322
      vertex -10.8883 -3.23223 63.2322
    endloop
  endfacet
  facet normal 0 0.649329 -0.760508
    outer loop
      vertex -10 -6.76777 66.7678
      vertex 10 -6.46946 67.0225
      vertex 10 -6.76777 66.7678
    endloop
  endfacet
  facet normal 0 0.649329 -0.760508
    outer loop
      vertex 10 -6.46946 67.0225
      vertex -10 -6.76777 66.7678
      vertex -10 -6.46946 67.0225
    endloop
  endfacet
  facet normal 0 0.382623 -0.923904
    outer loop
      vertex -10 -6.13498 67.2275
      vertex 10 -5.77254 67.3776
      vertex 10 -6.13498 67.2275
    endloop
  endfacet
  facet normal 0 0.382623 -0.923904
    outer loop
      vertex 10 -5.77254 67.3776
      vertex -10 -6.13498 67.2275
      vertex -10 -5.77254 67.3776
    endloop
  endfacet
  facet normal 0 -0.760409 -0.649445
    outer loop
      vertex -11.0159 -2.97746 66.4695
      vertex 10.8883 -3.23223 66.7678
      vertex -10.8883 -3.23223 66.7678
    endloop
  endfacet
  facet normal 0 -0.760409 -0.649445
    outer loop
      vertex 10.8883 -3.23223 66.7678
      vertex -11.0159 -2.97746 66.4695
      vertex 11.0159 -2.97746 66.4695
    endloop
  endfacet
  facet normal 0 -0.923909 -0.382613
    outer loop
      vertex -11.1937 -2.62236 65.7725
      vertex 11.1185 -2.77248 66.135
      vertex -11.1185 -2.77248 66.135
    endloop
  endfacet
  facet normal 0 -0.923909 -0.382613
    outer loop
      vertex 11.1185 -2.77248 66.135
      vertex -11.1937 -2.62236 65.7725
      vertex 11.1937 -2.62236 65.7725
    endloop
  endfacet
  facet normal -0 0.522555 0.852606
    outer loop
      vertex -10 -6.13498 62.7725
      vertex 10 -6.46946 62.9775
      vertex 10 -6.13498 62.7725
    endloop
  endfacet
  facet normal 0 0.522555 0.852606
    outer loop
      vertex 10 -6.46946 62.9775
      vertex -10 -6.13498 62.7725
      vertex -10 -6.46946 62.9775
    endloop
  endfacet
  facet normal 0 -0.233498 0.972357
    outer loop
      vertex 10.3899 -4.22746 62.6224
      vertex -10.1989 -4.60891 62.5308
      vertex 10.1989 -4.60891 62.5308
    endloop
  endfacet
  facet normal 0 -0.233498 0.972357
    outer loop
      vertex -10.1989 -4.60891 62.5308
      vertex 10.3899 -4.22746 62.6224
      vertex -10.3899 -4.22746 62.6224
    endloop
  endfacet
  facet normal 0 0.923909 0.382613
    outer loop
      vertex 10 -7.22752 63.865
      vertex -10 -7.37764 64.2275
      vertex 10 -7.37764 64.2275
    endloop
  endfacet
  facet normal 0 0.923909 0.382613
    outer loop
      vertex -10 -7.37764 64.2275
      vertex 10 -7.22752 63.865
      vertex -10 -7.22752 63.865
    endloop
  endfacet
  facet normal 0 0.0784607 0.996917
    outer loop
      vertex 10 -5.0061 62.5005
      vertex -10 -5.0061 62.5005
      vertex 10 -5.39109 62.5308
    endloop
  endfacet
  facet normal 0 0.0816932 0.996658
    outer loop
      vertex 10.0031 -5 62.5
      vertex -10 -5.0061 62.5005
      vertex 10 -5.0061 62.5005
    endloop
  endfacet
  facet normal 0 0.0816932 0.996658
    outer loop
      vertex -10 -5.0061 62.5005
      vertex 10.0031 -5 62.5
      vertex -10.0031 -5 62.5
    endloop
  endfacet
  facet normal 0 0.0784607 0.996917
    outer loop
      vertex 10 -5.39109 62.5308
      vertex -10 -5.0061 62.5005
      vertex -10 -5.39109 62.5308
    endloop
  endfacet
  facet normal 0 -0.852642 -0.522495
    outer loop
      vertex -11.1185 -2.77248 66.135
      vertex 11.0159 -2.97746 66.4695
      vertex -11.0159 -2.97746 66.4695
    endloop
  endfacet
  facet normal 0 -0.852642 -0.522495
    outer loop
      vertex 11.0159 -2.97746 66.4695
      vertex -11.1185 -2.77248 66.135
      vertex 11.1185 -2.77248 66.135
    endloop
  endfacet
  facet normal -0 0.382623 0.923904
    outer loop
      vertex -10 -5.77254 62.6224
      vertex 10 -6.13498 62.7725
      vertex 10 -5.77254 62.6224
    endloop
  endfacet
  facet normal 0 0.382623 0.923904
    outer loop
      vertex 10 -6.13498 62.7725
      vertex -10 -5.77254 62.6224
      vertex -10 -6.13498 62.7725
    endloop
  endfacet
  facet normal 0 -0.0785112 -0.996913
    outer loop
      vertex -10.0031 -5 67.5
      vertex 10.1989 -4.60891 67.4692
      vertex 10.0031 -5 67.5
    endloop
  endfacet
  facet normal -0 -0.0785112 -0.996913
    outer loop
      vertex 10.1989 -4.60891 67.4692
      vertex -10.0031 -5 67.5
      vertex -10.1989 -4.60891 67.4692
    endloop
  endfacet
  facet normal 0 -0.760409 0.649445
    outer loop
      vertex -10.8883 -3.23223 63.2322
      vertex 11.0159 -2.97746 63.5305
      vertex -11.0159 -2.97746 63.5305
    endloop
  endfacet
  facet normal 0 -0.760409 0.649445
    outer loop
      vertex 11.0159 -2.97746 63.5305
      vertex -10.8883 -3.23223 63.2322
      vertex 10.8883 -3.23223 63.2322
    endloop
  endfacet
  facet normal 0 0.923909 -0.382613
    outer loop
      vertex 10 -7.37764 65.7725
      vertex -10 -7.22752 66.135
      vertex 10 -7.22752 66.135
    endloop
  endfacet
  facet normal 0 0.923909 -0.382613
    outer loop
      vertex -10 -7.22752 66.135
      vertex 10 -7.37764 65.7725
      vertex -10 -7.37764 65.7725
    endloop
  endfacet
  facet normal 0 -0.972362 -0.233479
    outer loop
      vertex -11.2395 -2.53078 65.3911
      vertex 11.1937 -2.62236 65.7725
      vertex -11.1937 -2.62236 65.7725
    endloop
  endfacet
  facet normal 0 -0.972362 -0.233479
    outer loop
      vertex 11.1937 -2.62236 65.7725
      vertex -11.2395 -2.53078 65.3911
      vertex 11.2395 -2.53078 65.3911
    endloop
  endfacet
  facet normal 0 -0.852642 0.522495
    outer loop
      vertex -11.0159 -2.97746 63.5305
      vertex 11.1185 -2.77248 63.865
      vertex -11.1185 -2.77248 63.865
    endloop
  endfacet
  facet normal 0 -0.852642 0.522495
    outer loop
      vertex 11.1185 -2.77248 63.865
      vertex -11.0159 -2.97746 63.5305
      vertex 11.0159 -2.97746 63.5305
    endloop
  endfacet
  facet normal 0 -0.382623 -0.923904
    outer loop
      vertex -10.3899 -4.22746 67.3776
      vertex 10.5714 -3.86502 67.2275
      vertex 10.3899 -4.22746 67.3776
    endloop
  endfacet
  facet normal -0 -0.382623 -0.923904
    outer loop
      vertex 10.5714 -3.86502 67.2275
      vertex -10.3899 -4.22746 67.3776
      vertex -10.5714 -3.86502 67.2275
    endloop
  endfacet
  facet normal 0 0.852642 0.522495
    outer loop
      vertex 10 -7.02254 63.5305
      vertex -10 -7.22752 63.865
      vertex 10 -7.22752 63.865
    endloop
  endfacet
  facet normal 0 0.852642 0.522495
    outer loop
      vertex -10 -7.22752 63.865
      vertex 10 -7.02254 63.5305
      vertex -10 -7.02254 63.5305
    endloop
  endfacet
  facet normal 0 0.972362 -0.233479
    outer loop
      vertex 10 -7.46922 65.3911
      vertex -10 -7.37764 65.7725
      vertex 10 -7.37764 65.7725
    endloop
  endfacet
  facet normal 0 0.972362 -0.233479
    outer loop
      vertex -10 -7.37764 65.7725
      vertex 10 -7.46922 65.3911
      vertex -10 -7.46922 65.3911
    endloop
  endfacet
  facet normal 0 -0.522555 0.852606
    outer loop
      vertex 10.7389 -3.53054 62.9775
      vertex -10.5714 -3.86502 62.7725
      vertex 10.5714 -3.86502 62.7725
    endloop
  endfacet
  facet normal 0 -0.522555 0.852606
    outer loop
      vertex -10.5714 -3.86502 62.7725
      vertex 10.7389 -3.53054 62.9775
      vertex -10.7389 -3.53054 62.9775
    endloop
  endfacet
  facet normal 0 0.522555 -0.852606
    outer loop
      vertex -10 -6.46946 67.0225
      vertex 10 -6.13498 67.2275
      vertex 10 -6.46946 67.0225
    endloop
  endfacet
  facet normal 0 0.522555 -0.852606
    outer loop
      vertex 10 -6.13498 67.2275
      vertex -10 -6.46946 67.0225
      vertex -10 -6.13498 67.2275
    endloop
  endfacet
  facet normal 0 0.972362 0.233479
    outer loop
      vertex 10 -7.37764 64.2275
      vertex -10 -7.46922 64.6089
      vertex 10 -7.46922 64.6089
    endloop
  endfacet
  facet normal 0 0.972362 0.233479
    outer loop
      vertex -10 -7.46922 64.6089
      vertex 10 -7.37764 64.2275
      vertex -10 -7.37764 64.2275
    endloop
  endfacet
  facet normal 0 -0.972362 0.233479
    outer loop
      vertex -11.1937 -2.62236 64.2275
      vertex 11.2395 -2.53078 64.6089
      vertex -11.2395 -2.53078 64.6089
    endloop
  endfacet
  facet normal 0 -0.972362 0.233479
    outer loop
      vertex 11.2395 -2.53078 64.6089
      vertex -11.1937 -2.62236 64.2275
      vertex 11.1937 -2.62236 64.2275
    endloop
  endfacet
  facet normal 0 -0.522555 -0.852606
    outer loop
      vertex -10.5714 -3.86502 67.2275
      vertex 10.7389 -3.53054 67.0225
      vertex 10.5714 -3.86502 67.2275
    endloop
  endfacet
  facet normal -0 -0.522555 -0.852606
    outer loop
      vertex 10.7389 -3.53054 67.0225
      vertex -10.5714 -3.86502 67.2275
      vertex -10.7389 -3.53054 67.0225
    endloop
  endfacet
  facet normal 0 0.0784607 -0.996917
    outer loop
      vertex 10 -5.39109 67.4692
      vertex -10 -5.39109 67.4692
      vertex 10 -5.0061 67.4995
    endloop
  endfacet
  facet normal 0 0.0784607 -0.996917
    outer loop
      vertex -10 -5.0061 67.4995
      vertex 10 -5.0061 67.4995
      vertex -10 -5.39109 67.4692
    endloop
  endfacet
  facet normal 0 0.0816932 -0.996658
    outer loop
      vertex 10 -5.0061 67.4995
      vertex -10 -5.0061 67.4995
      vertex 10.0031 -5 67.5
    endloop
  endfacet
  facet normal 0 0.0816932 -0.996658
    outer loop
      vertex 10.0031 -5 67.5
      vertex -10 -5.0061 67.4995
      vertex -10.0031 -5 67.5
    endloop
  endfacet
  facet normal 0 0.233498 -0.972357
    outer loop
      vertex -10 -5.77254 67.3776
      vertex 10 -5.39109 67.4692
      vertex 10 -5.77254 67.3776
    endloop
  endfacet
  facet normal 0 0.233498 -0.972357
    outer loop
      vertex 10 -5.39109 67.4692
      vertex -10 -5.77254 67.3776
      vertex -10 -5.39109 67.4692
    endloop
  endfacet
  facet normal -0 0.649329 0.760508
    outer loop
      vertex -10 -6.46946 62.9775
      vertex 10 -6.76777 63.2322
      vertex 10 -6.46946 62.9775
    endloop
  endfacet
  facet normal 0 0.649329 0.760508
    outer loop
      vertex 10 -6.76777 63.2322
      vertex -10 -6.46946 62.9775
      vertex -10 -6.76777 63.2322
    endloop
  endfacet
  facet normal -0 0.233498 0.972357
    outer loop
      vertex -10 -5.39109 62.5308
      vertex 10 -5.77254 62.6224
      vertex 10 -5.39109 62.5308
    endloop
  endfacet
  facet normal 0 0.233498 0.972357
    outer loop
      vertex 10 -5.77254 62.6224
      vertex -10 -5.39109 62.5308
      vertex -10 -5.77254 62.6224
    endloop
  endfacet
  facet normal 0 -0.233498 -0.972357
    outer loop
      vertex -10.1989 -4.60891 67.4692
      vertex 10.3899 -4.22746 67.3776
      vertex 10.1989 -4.60891 67.4692
    endloop
  endfacet
  facet normal -0 -0.233498 -0.972357
    outer loop
      vertex 10.3899 -4.22746 67.3776
      vertex -10.1989 -4.60891 67.4692
      vertex -10.3899 -4.22746 67.3776
    endloop
  endfacet
  facet normal 0 -0.996917 -0.0784585
    outer loop
      vertex -11.255 -2.5 65
      vertex 11.2395 -2.53078 65.3911
      vertex -11.2395 -2.53078 65.3911
    endloop
  endfacet
  facet normal 0 -0.996917 -0.0784585
    outer loop
      vertex 11.2395 -2.53078 65.3911
      vertex -11.255 -2.5 65
      vertex 11.255 -2.5 65
    endloop
  endfacet
  facet normal 0 -0.996917 0.0784585
    outer loop
      vertex -11.2395 -2.53078 64.6089
      vertex 11.255 -2.5 65
      vertex -11.255 -2.5 65
    endloop
  endfacet
  facet normal 0 -0.996917 0.0784585
    outer loop
      vertex 11.255 -2.5 65
      vertex -11.2395 -2.53078 64.6089
      vertex 11.2395 -2.53078 64.6089
    endloop
  endfacet
  facet normal 0 0.996917 -0.0784585
    outer loop
      vertex 10 -7.5 65
      vertex -10 -7.46922 65.3911
      vertex 10 -7.46922 65.3911
    endloop
  endfacet
  facet normal 0 0.996917 -0.0784585
    outer loop
      vertex -10 -7.46922 65.3911
      vertex 10 -7.5 65
      vertex -10 -7.5 65
    endloop
  endfacet
  facet normal 0 0.852642 -0.522495
    outer loop
      vertex 10 -7.22752 66.135
      vertex -10 -7.02254 66.4695
      vertex 10 -7.02254 66.4695
    endloop
  endfacet
  facet normal 0 0.852642 -0.522495
    outer loop
      vertex -10 -7.02254 66.4695
      vertex 10 -7.22752 66.135
      vertex -10 -7.22752 66.135
    endloop
  endfacet
  facet normal 0 -0.382623 0.923904
    outer loop
      vertex 10.3485 -3.86502 36.7725
      vertex -10.1828 -4.22746 36.6224
      vertex 10.1828 -4.22746 36.6224
    endloop
  endfacet
  facet normal 0 -0.382623 0.923904
    outer loop
      vertex -10.1828 -4.22746 36.6224
      vertex 10.3485 -3.86502 36.7725
      vertex -10.3485 -3.86502 36.7725
    endloop
  endfacet
  facet normal 0 0.996917 0.0784585
    outer loop
      vertex 10 -7.46922 38.6089
      vertex -10 -7.5 39
      vertex 10 -7.5 39
    endloop
  endfacet
  facet normal 0 0.996917 0.0784585
    outer loop
      vertex -10 -7.5 39
      vertex 10 -7.46922 38.6089
      vertex -10 -7.46922 38.6089
    endloop
  endfacet
  facet normal 0 -0.078585 0.996907
    outer loop
      vertex 10 -4.62704 36.5294
      vertex -10 -4.62704 36.5294
      vertex 10 -5 36.5
    endloop
  endfacet
  facet normal 0 -0.0769909 0.997032
    outer loop
      vertex 10.0083 -4.60891 36.5308
      vertex -10 -4.62704 36.5294
      vertex 10 -4.62704 36.5294
    endloop
  endfacet
  facet normal 0 -0.0769909 0.997032
    outer loop
      vertex -10 -4.62704 36.5294
      vertex 10.0083 -4.60891 36.5308
      vertex -10.0083 -4.60891 36.5308
    endloop
  endfacet
  facet normal 0 -0.078585 0.996907
    outer loop
      vertex 10 -5 36.5
      vertex -10 -4.62704 36.5294
      vertex -10 -5 36.5
    endloop
  endfacet
  facet normal 0 -0.649329 -0.760508
    outer loop
      vertex -10.5015 -3.53054 41.0225
      vertex 10.6379 -3.23223 40.7678
      vertex 10.5015 -3.53054 41.0225
    endloop
  endfacet
  facet normal -0 -0.649329 -0.760508
    outer loop
      vertex 10.6379 -3.23223 40.7678
      vertex -10.5015 -3.53054 41.0225
      vertex -10.6379 -3.23223 40.7678
    endloop
  endfacet
  facet normal 0 0.760409 -0.649445
    outer loop
      vertex 10 -7.02254 40.4695
      vertex -10 -6.76777 40.7678
      vertex 10 -6.76777 40.7678
    endloop
  endfacet
  facet normal 0 0.760409 -0.649445
    outer loop
      vertex -10 -6.76777 40.7678
      vertex 10 -7.02254 40.4695
      vertex -10 -7.02254 40.4695
    endloop
  endfacet
  facet normal 0 0.760409 0.649445
    outer loop
      vertex 10 -6.76777 37.2322
      vertex -10 -7.02254 37.5305
      vertex 10 -7.02254 37.5305
    endloop
  endfacet
  facet normal 0 0.760409 0.649445
    outer loop
      vertex -10 -7.02254 37.5305
      vertex 10 -6.76777 37.2322
      vertex -10 -6.76777 37.2322
    endloop
  endfacet
  facet normal 0 -0.923909 0.382613
    outer loop
      vertex -10.8482 -2.77248 37.865
      vertex 10.9169 -2.62236 38.2275
      vertex -10.9169 -2.62236 38.2275
    endloop
  endfacet
  facet normal 0 -0.923909 0.382613
    outer loop
      vertex 10.9169 -2.62236 38.2275
      vertex -10.8482 -2.77248 37.865
      vertex 10.8482 -2.77248 37.865
    endloop
  endfacet
  facet normal 0 -0.649329 0.760508
    outer loop
      vertex 10.6379 -3.23223 37.2322
      vertex -10.5015 -3.53054 36.9775
      vertex 10.5015 -3.53054 36.9775
    endloop
  endfacet
  facet normal 0 -0.649329 0.760508
    outer loop
      vertex -10.5015 -3.53054 36.9775
      vertex 10.6379 -3.23223 37.2322
      vertex -10.6379 -3.23223 37.2322
    endloop
  endfacet
  facet normal 0 0.649329 -0.760508
    outer loop
      vertex -10 -6.76777 40.7678
      vertex 10 -6.46946 41.0225
      vertex 10 -6.76777 40.7678
    endloop
  endfacet
  facet normal 0 0.649329 -0.760508
    outer loop
      vertex 10 -6.46946 41.0225
      vertex -10 -6.76777 40.7678
      vertex -10 -6.46946 41.0225
    endloop
  endfacet
  facet normal 0 0.382623 -0.923904
    outer loop
      vertex -10 -6.13498 41.2275
      vertex 10 -5.77254 41.3776
      vertex 10 -6.13498 41.2275
    endloop
  endfacet
  facet normal 0 0.382623 -0.923904
    outer loop
      vertex 10 -5.77254 41.3776
      vertex -10 -6.13498 41.2275
      vertex -10 -5.77254 41.3776
    endloop
  endfacet
  facet normal 0 -0.760409 -0.649445
    outer loop
      vertex -10.7544 -2.97746 40.4695
      vertex 10.6379 -3.23223 40.7678
      vertex -10.6379 -3.23223 40.7678
    endloop
  endfacet
  facet normal 0 -0.760409 -0.649445
    outer loop
      vertex 10.6379 -3.23223 40.7678
      vertex -10.7544 -2.97746 40.4695
      vertex 10.7544 -2.97746 40.4695
    endloop
  endfacet
  facet normal 0 -0.923909 -0.382613
    outer loop
      vertex -10.9169 -2.62236 39.7725
      vertex 10.8482 -2.77248 40.135
      vertex -10.8482 -2.77248 40.135
    endloop
  endfacet
  facet normal 0 -0.923909 -0.382613
    outer loop
      vertex 10.8482 -2.77248 40.135
      vertex -10.9169 -2.62236 39.7725
      vertex 10.9169 -2.62236 39.7725
    endloop
  endfacet
  facet normal -0 0.522555 0.852606
    outer loop
      vertex -10 -6.13498 36.7725
      vertex 10 -6.46946 36.9775
      vertex 10 -6.13498 36.7725
    endloop
  endfacet
  facet normal 0 0.522555 0.852606
    outer loop
      vertex 10 -6.46946 36.9775
      vertex -10 -6.13498 36.7725
      vertex -10 -6.46946 36.9775
    endloop
  endfacet
  facet normal 0 -0.233498 0.972357
    outer loop
      vertex 10.1828 -4.22746 36.6224
      vertex -10.0083 -4.60891 36.5308
      vertex 10.0083 -4.60891 36.5308
    endloop
  endfacet
  facet normal 0 -0.233498 0.972357
    outer loop
      vertex -10.0083 -4.60891 36.5308
      vertex 10.1828 -4.22746 36.6224
      vertex -10.1828 -4.22746 36.6224
    endloop
  endfacet
  facet normal 0 0.923909 0.382613
    outer loop
      vertex 10 -7.22752 37.865
      vertex -10 -7.37764 38.2275
      vertex 10 -7.37764 38.2275
    endloop
  endfacet
  facet normal 0 0.923909 0.382613
    outer loop
      vertex -10 -7.37764 38.2275
      vertex 10 -7.22752 37.865
      vertex -10 -7.22752 37.865
    endloop
  endfacet
  facet normal -0 0.0785112 0.996913
    outer loop
      vertex -10 -5 36.5
      vertex 10 -5.39109 36.5308
      vertex 10 -5 36.5
    endloop
  endfacet
  facet normal 0 0.0785112 0.996913
    outer loop
      vertex 10 -5.39109 36.5308
      vertex -10 -5 36.5
      vertex -10 -5.39109 36.5308
    endloop
  endfacet
  facet normal 0 -0.852642 -0.522495
    outer loop
      vertex -10.8482 -2.77248 40.135
      vertex 10.7544 -2.97746 40.4695
      vertex -10.7544 -2.97746 40.4695
    endloop
  endfacet
  facet normal 0 -0.852642 -0.522495
    outer loop
      vertex 10.7544 -2.97746 40.4695
      vertex -10.8482 -2.77248 40.135
      vertex 10.8482 -2.77248 40.135
    endloop
  endfacet
  facet normal -0 0.382623 0.923904
    outer loop
      vertex -10 -5.77254 36.6224
      vertex 10 -6.13498 36.7725
      vertex 10 -5.77254 36.6224
    endloop
  endfacet
  facet normal 0 0.382623 0.923904
    outer loop
      vertex 10 -6.13498 36.7725
      vertex -10 -5.77254 36.6224
      vertex -10 -6.13498 36.7725
    endloop
  endfacet
  facet normal -0 -0.078585 -0.996907
    outer loop
      vertex 10 -5 41.5
      vertex -10 -5 41.5
      vertex 10 -4.62704 41.4706
    endloop
  endfacet
  facet normal 0 -0.078585 -0.996907
    outer loop
      vertex -10 -4.62704 41.4706
      vertex 10 -4.62704 41.4706
      vertex -10 -5 41.5
    endloop
  endfacet
  facet normal -0 -0.0769909 -0.997032
    outer loop
      vertex 10 -4.62704 41.4706
      vertex -10 -4.62704 41.4706
      vertex 10.0083 -4.60891 41.4692
    endloop
  endfacet
  facet normal -0 -0.0769909 -0.997032
    outer loop
      vertex 10.0083 -4.60891 41.4692
      vertex -10 -4.62704 41.4706
      vertex -10.0083 -4.60891 41.4692
    endloop
  endfacet
  facet normal 0 -0.760409 0.649445
    outer loop
      vertex -10.6379 -3.23223 37.2322
      vertex 10.7544 -2.97746 37.5305
      vertex -10.7544 -2.97746 37.5305
    endloop
  endfacet
  facet normal 0 -0.760409 0.649445
    outer loop
      vertex 10.7544 -2.97746 37.5305
      vertex -10.6379 -3.23223 37.2322
      vertex 10.6379 -3.23223 37.2322
    endloop
  endfacet
  facet normal 0 0.923909 -0.382613
    outer loop
      vertex 10 -7.37764 39.7725
      vertex -10 -7.22752 40.135
      vertex 10 -7.22752 40.135
    endloop
  endfacet
  facet normal 0 0.923909 -0.382613
    outer loop
      vertex -10 -7.22752 40.135
      vertex 10 -7.37764 39.7725
      vertex -10 -7.37764 39.7725
    endloop
  endfacet
  facet normal 0 -0.972362 -0.233479
    outer loop
      vertex -10.9587 -2.53078 39.3911
      vertex 10.9169 -2.62236 39.7725
      vertex -10.9169 -2.62236 39.7725
    endloop
  endfacet
  facet normal 0 -0.972362 -0.233479
    outer loop
      vertex 10.9169 -2.62236 39.7725
      vertex -10.9587 -2.53078 39.3911
      vertex 10.9587 -2.53078 39.3911
    endloop
  endfacet
  facet normal 0 -0.852642 0.522495
    outer loop
      vertex -10.7544 -2.97746 37.5305
      vertex 10.8482 -2.77248 37.865
      vertex -10.8482 -2.77248 37.865
    endloop
  endfacet
  facet normal 0 -0.852642 0.522495
    outer loop
      vertex 10.8482 -2.77248 37.865
      vertex -10.7544 -2.97746 37.5305
      vertex 10.7544 -2.97746 37.5305
    endloop
  endfacet
  facet normal 0 -0.382623 -0.923904
    outer loop
      vertex -10.1828 -4.22746 41.3776
      vertex 10.3485 -3.86502 41.2275
      vertex 10.1828 -4.22746 41.3776
    endloop
  endfacet
  facet normal -0 -0.382623 -0.923904
    outer loop
      vertex 10.3485 -3.86502 41.2275
      vertex -10.1828 -4.22746 41.3776
      vertex -10.3485 -3.86502 41.2275
    endloop
  endfacet
  facet normal 0 0.852642 0.522495
    outer loop
      vertex 10 -7.02254 37.5305
      vertex -10 -7.22752 37.865
      vertex 10 -7.22752 37.865
    endloop
  endfacet
  facet normal 0 0.852642 0.522495
    outer loop
      vertex -10 -7.22752 37.865
      vertex 10 -7.02254 37.5305
      vertex -10 -7.02254 37.5305
    endloop
  endfacet
  facet normal 0 0.972362 -0.233479
    outer loop
      vertex 10 -7.46922 39.3911
      vertex -10 -7.37764 39.7725
      vertex 10 -7.37764 39.7725
    endloop
  endfacet
  facet normal 0 0.972362 -0.233479
    outer loop
      vertex -10 -7.37764 39.7725
      vertex 10 -7.46922 39.3911
      vertex -10 -7.46922 39.3911
    endloop
  endfacet
  facet normal 0 -0.522555 0.852606
    outer loop
      vertex 10.5015 -3.53054 36.9775
      vertex -10.3485 -3.86502 36.7725
      vertex 10.3485 -3.86502 36.7725
    endloop
  endfacet
  facet normal 0 -0.522555 0.852606
    outer loop
      vertex -10.3485 -3.86502 36.7725
      vertex 10.5015 -3.53054 36.9775
      vertex -10.5015 -3.53054 36.9775
    endloop
  endfacet
  facet normal 0 0.522555 -0.852606
    outer loop
      vertex -10 -6.46946 41.0225
      vertex 10 -6.13498 41.2275
      vertex 10 -6.46946 41.0225
    endloop
  endfacet
  facet normal 0 0.522555 -0.852606
    outer loop
      vertex 10 -6.13498 41.2275
      vertex -10 -6.46946 41.0225
      vertex -10 -6.13498 41.2275
    endloop
  endfacet
  facet normal 0 0.972362 0.233479
    outer loop
      vertex 10 -7.37764 38.2275
      vertex -10 -7.46922 38.6089
      vertex 10 -7.46922 38.6089
    endloop
  endfacet
  facet normal 0 0.972362 0.233479
    outer loop
      vertex -10 -7.46922 38.6089
      vertex 10 -7.37764 38.2275
      vertex -10 -7.37764 38.2275
    endloop
  endfacet
  facet normal 0 -0.972362 0.233479
    outer loop
      vertex -10.9169 -2.62236 38.2275
      vertex 10.9587 -2.53078 38.6089
      vertex -10.9587 -2.53078 38.6089
    endloop
  endfacet
  facet normal 0 -0.972362 0.233479
    outer loop
      vertex 10.9587 -2.53078 38.6089
      vertex -10.9169 -2.62236 38.2275
      vertex 10.9169 -2.62236 38.2275
    endloop
  endfacet
  facet normal 0 -0.522555 -0.852606
    outer loop
      vertex -10.3485 -3.86502 41.2275
      vertex 10.5015 -3.53054 41.0225
      vertex 10.3485 -3.86502 41.2275
    endloop
  endfacet
  facet normal -0 -0.522555 -0.852606
    outer loop
      vertex 10.5015 -3.53054 41.0225
      vertex -10.3485 -3.86502 41.2275
      vertex -10.5015 -3.53054 41.0225
    endloop
  endfacet
  facet normal 0 0.0785112 -0.996913
    outer loop
      vertex -10 -5.39109 41.4692
      vertex 10 -5 41.5
      vertex 10 -5.39109 41.4692
    endloop
  endfacet
  facet normal 0 0.0785112 -0.996913
    outer loop
      vertex 10 -5 41.5
      vertex -10 -5.39109 41.4692
      vertex -10 -5 41.5
    endloop
  endfacet
  facet normal 0 0.233498 -0.972357
    outer loop
      vertex -10 -5.77254 41.3776
      vertex 10 -5.39109 41.4692
      vertex 10 -5.77254 41.3776
    endloop
  endfacet
  facet normal 0 0.233498 -0.972357
    outer loop
      vertex 10 -5.39109 41.4692
      vertex -10 -5.77254 41.3776
      vertex -10 -5.39109 41.4692
    endloop
  endfacet
  facet normal -0 0.649329 0.760508
    outer loop
      vertex -10 -6.46946 36.9775
      vertex 10 -6.76777 37.2322
      vertex 10 -6.46946 36.9775
    endloop
  endfacet
  facet normal 0 0.649329 0.760508
    outer loop
      vertex 10 -6.76777 37.2322
      vertex -10 -6.46946 36.9775
      vertex -10 -6.76777 37.2322
    endloop
  endfacet
  facet normal -0 0.233498 0.972357
    outer loop
      vertex -10 -5.39109 36.5308
      vertex 10 -5.77254 36.6224
      vertex 10 -5.39109 36.5308
    endloop
  endfacet
  facet normal 0 0.233498 0.972357
    outer loop
      vertex 10 -5.77254 36.6224
      vertex -10 -5.39109 36.5308
      vertex -10 -5.77254 36.6224
    endloop
  endfacet
  facet normal 0 -0.233498 -0.972357
    outer loop
      vertex -10.0083 -4.60891 41.4692
      vertex 10.1828 -4.22746 41.3776
      vertex 10.0083 -4.60891 41.4692
    endloop
  endfacet
  facet normal -0 -0.233498 -0.972357
    outer loop
      vertex 10.1828 -4.22746 41.3776
      vertex -10.0083 -4.60891 41.4692
      vertex -10.1828 -4.22746 41.3776
    endloop
  endfacet
  facet normal 0 -0.996917 -0.0784585
    outer loop
      vertex -10.9728 -2.5 39
      vertex 10.9587 -2.53078 39.3911
      vertex -10.9587 -2.53078 39.3911
    endloop
  endfacet
  facet normal 0 -0.996917 -0.0784585
    outer loop
      vertex 10.9587 -2.53078 39.3911
      vertex -10.9728 -2.5 39
      vertex 10.9728 -2.5 39
    endloop
  endfacet
  facet normal 0 -0.996917 0.0784585
    outer loop
      vertex -10.9587 -2.53078 38.6089
      vertex 10.9728 -2.5 39
      vertex -10.9728 -2.5 39
    endloop
  endfacet
  facet normal 0 -0.996917 0.0784585
    outer loop
      vertex 10.9728 -2.5 39
      vertex -10.9587 -2.53078 38.6089
      vertex 10.9587 -2.53078 38.6089
    endloop
  endfacet
  facet normal 0 0.996917 -0.0784585
    outer loop
      vertex 10 -7.5 39
      vertex -10 -7.46922 39.3911
      vertex 10 -7.46922 39.3911
    endloop
  endfacet
  facet normal 0 0.996917 -0.0784585
    outer loop
      vertex -10 -7.46922 39.3911
      vertex 10 -7.5 39
      vertex -10 -7.5 39
    endloop
  endfacet
  facet normal 0 0.852642 -0.522495
    outer loop
      vertex 10 -7.22752 40.135
      vertex -10 -7.02254 40.4695
      vertex 10 -7.02254 40.4695
    endloop
  endfacet
  facet normal 0 0.852642 -0.522495
    outer loop
      vertex -10 -7.02254 40.4695
      vertex 10 -7.22752 40.135
      vertex -10 -7.22752 40.135
    endloop
  endfacet
  facet normal 0 -0.380547 0.924762
    outer loop
      vertex 10 -4.2 10.6337
      vertex -10 -4.2 10.6337
      vertex 10 -4.22746 10.6224
    endloop
  endfacet
  facet normal 0 -0.382793 0.923834
    outer loop
      vertex 10.1396 -3.86502 10.7725
      vertex -10 -4.2 10.6337
      vertex 10 -4.2 10.6337
    endloop
  endfacet
  facet normal 0 -0.382793 0.923834
    outer loop
      vertex -10 -4.2 10.6337
      vertex 10.1396 -3.86502 10.7725
      vertex -10.1396 -3.86502 10.7725
    endloop
  endfacet
  facet normal 0 -0.380547 0.924762
    outer loop
      vertex 10 -4.22746 10.6224
      vertex -10 -4.2 10.6337
      vertex -10 -4.22746 10.6224
    endloop
  endfacet
  facet normal 0 0.996917 0.0784585
    outer loop
      vertex 10 -7.46922 12.6089
      vertex -10 -7.5 13
      vertex 10 -7.5 13
    endloop
  endfacet
  facet normal 0 0.996917 0.0784585
    outer loop
      vertex -10 -7.5 13
      vertex 10 -7.46922 12.6089
      vertex -10 -7.46922 12.6089
    endloop
  endfacet
  facet normal 0 -0.0785112 0.996913
    outer loop
      vertex -10 -4.60891 10.5308
      vertex 10 -5 10.5
      vertex 10 -4.60891 10.5308
    endloop
  endfacet
  facet normal 0 -0.0785112 0.996913
    outer loop
      vertex 10 -5 10.5
      vertex -10 -4.60891 10.5308
      vertex -10 -5 10.5
    endloop
  endfacet
  facet normal 0 -0.649329 -0.760508
    outer loop
      vertex -10.2789 -3.53054 15.0225
      vertex 10.4032 -3.23223 14.7678
      vertex 10.2789 -3.53054 15.0225
    endloop
  endfacet
  facet normal -0 -0.649329 -0.760508
    outer loop
      vertex 10.4032 -3.23223 14.7678
      vertex -10.2789 -3.53054 15.0225
      vertex -10.4032 -3.23223 14.7678
    endloop
  endfacet
  facet normal 0 0.760409 -0.649445
    outer loop
      vertex 10 -7.02254 14.4695
      vertex -10 -6.76777 14.7678
      vertex 10 -6.76777 14.7678
    endloop
  endfacet
  facet normal 0 0.760409 -0.649445
    outer loop
      vertex -10 -6.76777 14.7678
      vertex 10 -7.02254 14.4695
      vertex -10 -7.02254 14.4695
    endloop
  endfacet
  facet normal 0 0.760409 0.649445
    outer loop
      vertex 10 -6.76777 11.2322
      vertex -10 -7.02254 11.5305
      vertex 10 -7.02254 11.5305
    endloop
  endfacet
  facet normal 0 0.760409 0.649445
    outer loop
      vertex -10 -7.02254 11.5305
      vertex 10 -6.76777 11.2322
      vertex -10 -6.76777 11.2322
    endloop
  endfacet
  facet normal 0 -0.923909 0.382613
    outer loop
      vertex -10.5948 -2.77248 11.865
      vertex 10.6574 -2.62236 12.2275
      vertex -10.6574 -2.62236 12.2275
    endloop
  endfacet
  facet normal 0 -0.923909 0.382613
    outer loop
      vertex 10.6574 -2.62236 12.2275
      vertex -10.5948 -2.77248 11.865
      vertex 10.5948 -2.77248 11.865
    endloop
  endfacet
  facet normal 0 -0.649329 0.760508
    outer loop
      vertex 10.4032 -3.23223 11.2322
      vertex -10.2789 -3.53054 10.9775
      vertex 10.2789 -3.53054 10.9775
    endloop
  endfacet
  facet normal 0 -0.649329 0.760508
    outer loop
      vertex -10.2789 -3.53054 10.9775
      vertex 10.4032 -3.23223 11.2322
      vertex -10.4032 -3.23223 11.2322
    endloop
  endfacet
  facet normal 0 0.649329 -0.760508
    outer loop
      vertex -10 -6.76777 14.7678
      vertex 10 -6.46946 15.0225
      vertex 10 -6.76777 14.7678
    endloop
  endfacet
  facet normal 0 0.649329 -0.760508
    outer loop
      vertex 10 -6.46946 15.0225
      vertex -10 -6.76777 14.7678
      vertex -10 -6.46946 15.0225
    endloop
  endfacet
  facet normal 0 0.382623 -0.923904
    outer loop
      vertex -10 -6.13498 15.2275
      vertex 10 -5.77254 15.3776
      vertex 10 -6.13498 15.2275
    endloop
  endfacet
  facet normal 0 0.382623 -0.923904
    outer loop
      vertex 10 -5.77254 15.3776
      vertex -10 -6.13498 15.2275
      vertex -10 -5.77254 15.3776
    endloop
  endfacet
  facet normal 0 -0.760409 -0.649445
    outer loop
      vertex -10.5094 -2.97746 14.4695
      vertex 10.4032 -3.23223 14.7678
      vertex -10.4032 -3.23223 14.7678
    endloop
  endfacet
  facet normal 0 -0.760409 -0.649445
    outer loop
      vertex 10.4032 -3.23223 14.7678
      vertex -10.5094 -2.97746 14.4695
      vertex 10.5094 -2.97746 14.4695
    endloop
  endfacet
  facet normal 0 -0.923909 -0.382613
    outer loop
      vertex -10.6574 -2.62236 13.7725
      vertex 10.5948 -2.77248 14.135
      vertex -10.5948 -2.77248 14.135
    endloop
  endfacet
  facet normal 0 -0.923909 -0.382613
    outer loop
      vertex 10.5948 -2.77248 14.135
      vertex -10.6574 -2.62236 13.7725
      vertex 10.6574 -2.62236 13.7725
    endloop
  endfacet
  facet normal -0 0.522555 0.852606
    outer loop
      vertex -10 -6.13498 10.7725
      vertex 10 -6.46946 10.9775
      vertex 10 -6.13498 10.7725
    endloop
  endfacet
  facet normal 0 0.522555 0.852606
    outer loop
      vertex 10 -6.46946 10.9775
      vertex -10 -6.13498 10.7725
      vertex -10 -6.46946 10.9775
    endloop
  endfacet
  facet normal 0 -0.233498 0.972357
    outer loop
      vertex -10 -4.22746 10.6224
      vertex 10 -4.60891 10.5308
      vertex 10 -4.22746 10.6224
    endloop
  endfacet
  facet normal 0 -0.233498 0.972357
    outer loop
      vertex 10 -4.60891 10.5308
      vertex -10 -4.22746 10.6224
      vertex -10 -4.60891 10.5308
    endloop
  endfacet
  facet normal 0 0.923909 0.382613
    outer loop
      vertex 10 -7.22752 11.865
      vertex -10 -7.37764 12.2275
      vertex 10 -7.37764 12.2275
    endloop
  endfacet
  facet normal 0 0.923909 0.382613
    outer loop
      vertex -10 -7.37764 12.2275
      vertex 10 -7.22752 11.865
      vertex -10 -7.22752 11.865
    endloop
  endfacet
  facet normal -0 0.0785112 0.996913
    outer loop
      vertex -10 -5 10.5
      vertex 10 -5.39109 10.5308
      vertex 10 -5 10.5
    endloop
  endfacet
  facet normal 0 0.0785112 0.996913
    outer loop
      vertex 10 -5.39109 10.5308
      vertex -10 -5 10.5
      vertex -10 -5.39109 10.5308
    endloop
  endfacet
  facet normal 0 -0.852642 -0.522495
    outer loop
      vertex -10.5948 -2.77248 14.135
      vertex 10.5094 -2.97746 14.4695
      vertex -10.5094 -2.97746 14.4695
    endloop
  endfacet
  facet normal 0 -0.852642 -0.522495
    outer loop
      vertex 10.5094 -2.97746 14.4695
      vertex -10.5948 -2.77248 14.135
      vertex 10.5948 -2.77248 14.135
    endloop
  endfacet
  facet normal -0 0.382623 0.923904
    outer loop
      vertex -10 -5.77254 10.6224
      vertex 10 -6.13498 10.7725
      vertex 10 -5.77254 10.6224
    endloop
  endfacet
  facet normal 0 0.382623 0.923904
    outer loop
      vertex 10 -6.13498 10.7725
      vertex -10 -5.77254 10.6224
      vertex -10 -6.13498 10.7725
    endloop
  endfacet
  facet normal 0 -0.0785112 -0.996913
    outer loop
      vertex -10 -5 15.5
      vertex 10 -4.60891 15.4692
      vertex 10 -5 15.5
    endloop
  endfacet
  facet normal -0 -0.0785112 -0.996913
    outer loop
      vertex 10 -4.60891 15.4692
      vertex -10 -5 15.5
      vertex -10 -4.60891 15.4692
    endloop
  endfacet
  facet normal 0 -0.760409 0.649445
    outer loop
      vertex -10.4032 -3.23223 11.2322
      vertex 10.5094 -2.97746 11.5305
      vertex -10.5094 -2.97746 11.5305
    endloop
  endfacet
  facet normal 0 -0.760409 0.649445
    outer loop
      vertex 10.5094 -2.97746 11.5305
      vertex -10.4032 -3.23223 11.2322
      vertex 10.4032 -3.23223 11.2322
    endloop
  endfacet
  facet normal 0 0.923909 -0.382613
    outer loop
      vertex 10 -7.37764 13.7725
      vertex -10 -7.22752 14.135
      vertex 10 -7.22752 14.135
    endloop
  endfacet
  facet normal 0 0.923909 -0.382613
    outer loop
      vertex -10 -7.22752 14.135
      vertex 10 -7.37764 13.7725
      vertex -10 -7.37764 13.7725
    endloop
  endfacet
  facet normal 0 -0.972362 -0.233479
    outer loop
      vertex -10.6955 -2.53078 13.3911
      vertex 10.6574 -2.62236 13.7725
      vertex -10.6574 -2.62236 13.7725
    endloop
  endfacet
  facet normal 0 -0.972362 -0.233479
    outer loop
      vertex 10.6574 -2.62236 13.7725
      vertex -10.6955 -2.53078 13.3911
      vertex 10.6955 -2.53078 13.3911
    endloop
  endfacet
  facet normal 0 -0.852642 0.522495
    outer loop
      vertex -10.5094 -2.97746 11.5305
      vertex 10.5948 -2.77248 11.865
      vertex -10.5948 -2.77248 11.865
    endloop
  endfacet
  facet normal 0 -0.852642 0.522495
    outer loop
      vertex 10.5948 -2.77248 11.865
      vertex -10.5094 -2.97746 11.5305
      vertex 10.5094 -2.97746 11.5305
    endloop
  endfacet
  facet normal -0 -0.380547 -0.924762
    outer loop
      vertex 10 -4.22746 15.3776
      vertex -10 -4.22746 15.3776
      vertex 10 -4.2 15.3663
    endloop
  endfacet
  facet normal 0 -0.380547 -0.924762
    outer loop
      vertex -10 -4.2 15.3663
      vertex 10 -4.2 15.3663
      vertex -10 -4.22746 15.3776
    endloop
  endfacet
  facet normal -0 -0.382793 -0.923834
    outer loop
      vertex 10 -4.2 15.3663
      vertex -10 -4.2 15.3663
      vertex 10.1396 -3.86502 15.2275
    endloop
  endfacet
  facet normal -0 -0.382793 -0.923834
    outer loop
      vertex 10.1396 -3.86502 15.2275
      vertex -10 -4.2 15.3663
      vertex -10.1396 -3.86502 15.2275
    endloop
  endfacet
  facet normal 0 0.852642 0.522495
    outer loop
      vertex 10 -7.02254 11.5305
      vertex -10 -7.22752 11.865
      vertex 10 -7.22752 11.865
    endloop
  endfacet
  facet normal 0 0.852642 0.522495
    outer loop
      vertex -10 -7.22752 11.865
      vertex 10 -7.02254 11.5305
      vertex -10 -7.02254 11.5305
    endloop
  endfacet
  facet normal 0 0.972362 -0.233479
    outer loop
      vertex 10 -7.46922 13.3911
      vertex -10 -7.37764 13.7725
      vertex 10 -7.37764 13.7725
    endloop
  endfacet
  facet normal 0 0.972362 -0.233479
    outer loop
      vertex -10 -7.37764 13.7725
      vertex 10 -7.46922 13.3911
      vertex -10 -7.46922 13.3911
    endloop
  endfacet
  facet normal 0 -0.522555 0.852606
    outer loop
      vertex 10.2789 -3.53054 10.9775
      vertex -10.1396 -3.86502 10.7725
      vertex 10.1396 -3.86502 10.7725
    endloop
  endfacet
  facet normal 0 -0.522555 0.852606
    outer loop
      vertex -10.1396 -3.86502 10.7725
      vertex 10.2789 -3.53054 10.9775
      vertex -10.2789 -3.53054 10.9775
    endloop
  endfacet
  facet normal 0 0.522555 -0.852606
    outer loop
      vertex -10 -6.46946 15.0225
      vertex 10 -6.13498 15.2275
      vertex 10 -6.46946 15.0225
    endloop
  endfacet
  facet normal 0 0.522555 -0.852606
    outer loop
      vertex 10 -6.13498 15.2275
      vertex -10 -6.46946 15.0225
      vertex -10 -6.13498 15.2275
    endloop
  endfacet
  facet normal 0 0.972362 0.233479
    outer loop
      vertex 10 -7.37764 12.2275
      vertex -10 -7.46922 12.6089
      vertex 10 -7.46922 12.6089
    endloop
  endfacet
  facet normal 0 0.972362 0.233479
    outer loop
      vertex -10 -7.46922 12.6089
      vertex 10 -7.37764 12.2275
      vertex -10 -7.37764 12.2275
    endloop
  endfacet
  facet normal 0 -0.972362 0.233479
    outer loop
      vertex -10.6574 -2.62236 12.2275
      vertex 10.6955 -2.53078 12.6089
      vertex -10.6955 -2.53078 12.6089
    endloop
  endfacet
  facet normal 0 -0.972362 0.233479
    outer loop
      vertex 10.6955 -2.53078 12.6089
      vertex -10.6574 -2.62236 12.2275
      vertex 10.6574 -2.62236 12.2275
    endloop
  endfacet
  facet normal 0 -0.522555 -0.852606
    outer loop
      vertex -10.1396 -3.86502 15.2275
      vertex 10.2789 -3.53054 15.0225
      vertex 10.1396 -3.86502 15.2275
    endloop
  endfacet
  facet normal -0 -0.522555 -0.852606
    outer loop
      vertex 10.2789 -3.53054 15.0225
      vertex -10.1396 -3.86502 15.2275
      vertex -10.2789 -3.53054 15.0225
    endloop
  endfacet
  facet normal 0 0.0785112 -0.996913
    outer loop
      vertex -10 -5.39109 15.4692
      vertex 10 -5 15.5
      vertex 10 -5.39109 15.4692
    endloop
  endfacet
  facet normal 0 0.0785112 -0.996913
    outer loop
      vertex 10 -5 15.5
      vertex -10 -5.39109 15.4692
      vertex -10 -5 15.5
    endloop
  endfacet
  facet normal 0 0.233498 -0.972357
    outer loop
      vertex -10 -5.77254 15.3776
      vertex 10 -5.39109 15.4692
      vertex 10 -5.77254 15.3776
    endloop
  endfacet
  facet normal 0 0.233498 -0.972357
    outer loop
      vertex 10 -5.39109 15.4692
      vertex -10 -5.77254 15.3776
      vertex -10 -5.39109 15.4692
    endloop
  endfacet
  facet normal -0 0.649329 0.760508
    outer loop
      vertex -10 -6.46946 10.9775
      vertex 10 -6.76777 11.2322
      vertex 10 -6.46946 10.9775
    endloop
  endfacet
  facet normal 0 0.649329 0.760508
    outer loop
      vertex 10 -6.76777 11.2322
      vertex -10 -6.46946 10.9775
      vertex -10 -6.76777 11.2322
    endloop
  endfacet
  facet normal -0 0.233498 0.972357
    outer loop
      vertex -10 -5.39109 10.5308
      vertex 10 -5.77254 10.6224
      vertex 10 -5.39109 10.5308
    endloop
  endfacet
  facet normal 0 0.233498 0.972357
    outer loop
      vertex 10 -5.77254 10.6224
      vertex -10 -5.39109 10.5308
      vertex -10 -5.77254 10.6224
    endloop
  endfacet
  facet normal 0 -0.233498 -0.972357
    outer loop
      vertex -10 -4.60891 15.4692
      vertex 10 -4.22746 15.3776
      vertex 10 -4.60891 15.4692
    endloop
  endfacet
  facet normal -0 -0.233498 -0.972357
    outer loop
      vertex 10 -4.22746 15.3776
      vertex -10 -4.60891 15.4692
      vertex -10 -4.22746 15.3776
    endloop
  endfacet
  facet normal 0 -0.996917 0.0784585
    outer loop
      vertex -10.6955 -2.53078 12.6089
      vertex 10.7083 -2.5 13
      vertex -10.7083 -2.5 13
    endloop
  endfacet
  facet normal 0 -0.996917 0.0784585
    outer loop
      vertex 10.7083 -2.5 13
      vertex -10.6955 -2.53078 12.6089
      vertex 10.6955 -2.53078 12.6089
    endloop
  endfacet
  facet normal 0 -0.996917 -0.0784585
    outer loop
      vertex -10.7083 -2.5 13
      vertex 10.6955 -2.53078 13.3911
      vertex -10.6955 -2.53078 13.3911
    endloop
  endfacet
  facet normal 0 -0.996917 -0.0784585
    outer loop
      vertex 10.6955 -2.53078 13.3911
      vertex -10.7083 -2.5 13
      vertex 10.7083 -2.5 13
    endloop
  endfacet
  facet normal 0 0.996917 -0.0784585
    outer loop
      vertex 10 -7.5 13
      vertex -10 -7.46922 13.3911
      vertex 10 -7.46922 13.3911
    endloop
  endfacet
  facet normal 0 0.996917 -0.0784585
    outer loop
      vertex -10 -7.46922 13.3911
      vertex 10 -7.5 13
      vertex -10 -7.5 13
    endloop
  endfacet
  facet normal 0 0.852642 -0.522495
    outer loop
      vertex 10 -7.22752 14.135
      vertex -10 -7.02254 14.4695
      vertex 10 -7.02254 14.4695
    endloop
  endfacet
  facet normal 0 0.852642 -0.522495
    outer loop
      vertex -10 -7.02254 14.4695
      vertex 10 -7.22752 14.135
      vertex -10 -7.22752 14.135
    endloop
  endfacet
  facet normal 0 0 -1
    outer loop
      vertex 10 -10 0
      vertex 5.3 -8.3 0
      vertex 10 -4.2 0
    endloop
  endfacet
  facet normal 0 0 -1
    outer loop
      vertex 10 -10 0
      vertex -5.3 -8.3 0
      vertex 5.3 -8.3 0
    endloop
  endfacet
  facet normal 0 0 -1
    outer loop
      vertex -10 -4.2 0
      vertex -5.3 -8.3 0
      vertex -10 -10 0
    endloop
  endfacet
  facet normal 0 0 -1
    outer loop
      vertex -10 -10 0
      vertex -5.3 -8.3 0
      vertex 10 -10 0
    endloop
  endfacet
  facet normal 0 0 -1
    outer loop
      vertex 5.3 -1.7 0
      vertex 10.7778 -2.33333 0
      vertex 10 -4.2 0
    endloop
  endfacet
  facet normal 0 0 -1
    outer loop
      vertex 5.3 -1.7 0
      vertex 10 -4.2 0
      vertex 5.3 -8.3 0
    endloop
  endfacet
  facet normal 0 0 -1
    outer loop
      vertex 10.7778 -2.33333 0
      vertex 5.3 -1.7 0
      vertex 10.7778 3.71111 0
    endloop
  endfacet
  facet normal 0 0 -1
    outer loop
      vertex -5.3 -1.7 0
      vertex 10.7778 3.71111 0
      vertex 5.3 -1.7 0
    endloop
  endfacet
  facet normal 0 0 -1
    outer loop
      vertex -5.3 -8.3 0
      vertex -10 -4.2 0
      vertex -5.3 -1.7 0
    endloop
  endfacet
  facet normal 0 0 -1
    outer loop
      vertex -10.7778 -2.33333 0
      vertex -5.3 -1.7 0
      vertex -10 -4.2 0
    endloop
  endfacet
  facet normal 0 0 -1
    outer loop
      vertex -10.7778 3.71111 0
      vertex -5.3 -1.7 0
      vertex -10.7778 -2.33333 0
    endloop
  endfacet
  facet normal 0 0 -1
    outer loop
      vertex -5.3 -1.7 0
      vertex -10.7778 3.71111 0
      vertex 10.7778 3.71111 0
    endloop
  endfacet
  facet normal -1 0 0
    outer loop
      vertex 5.3 -8.3 0
      vertex 5.3 -1.7 10.39
      vertex 5.3 -1.7 0
    endloop
  endfacet
  facet normal -1 -0 0
    outer loop
      vertex 5.3 -1.7 10.39
      vertex 5.3 -8.3 0
      vertex 5.3 -8.3 10.39
    endloop
  endfacet
  facet normal 0 0 -1
    outer loop
      vertex -5.3 -8.3 10.39
      vertex 5.3 -1.7 10.39
      vertex 5.3 -8.3 10.39
    endloop
  endfacet
  facet normal -0 0 -1
    outer loop
      vertex 5.3 -1.7 10.39
      vertex -5.3 -8.3 10.39
      vertex -5.3 -1.7 10.39
    endloop
  endfacet
  facet normal 1 -0 0
    outer loop
      vertex -5.3 -8.3 10.39
      vertex -5.3 -1.7 0
      vertex -5.3 -1.7 10.39
    endloop
  endfacet
  facet normal 1 0 0
    outer loop
      vertex -5.3 -1.7 0
      vertex -5.3 -8.3 10.39
      vertex -5.3 -8.3 0
    endloop
  endfacet
  facet normal 0 -1 0
    outer loop
      vertex -5.3 -1.7 0
      vertex 5.3 -1.7 10.39
      vertex -5.3 -1.7 10.39
    endloop
  endfacet
  facet normal 0 -1 -0
    outer loop
      vertex 5.3 -1.7 10.39
      vertex -5.3 -1.7 0
      vertex 5.3 -1.7 0
    endloop
  endfacet
  facet normal 0 1 -0
    outer loop
      vertex 5.3 -8.3 0
      vertex -5.3 -8.3 10.39
      vertex 5.3 -8.3 10.39
    endloop
  endfacet
  facet normal 0 1 0
    outer loop
      vertex -5.3 -8.3 10.39
      vertex 5.3 -8.3 0
      vertex -5.3 -8.3 0
    endloop
  endfacet
endsolid OpenSCAD_Model
