solid OpenSCAD_Model
  facet normal -0.972368 0.233454 0
    outer loop
      vertex 8.14127 -0.37082 5.96015
      vertex 8.18523 -0.187721 6
      vertex 8.18523 -0.187721 1.99
    endloop
  endfacet
  facet normal -0.972368 0.233454 0
    outer loop
      vertex 8.14127 -0.37082 5.96015
      vertex 8.18523 -0.187721 1.99
      vertex 8.14127 -0.37082 1.99
    endloop
  endfacet
  facet normal -0.972368 0.233454 2.38281e-06
    outer loop
      vertex 8.18523 -0.187721 6
      vertex 8.14127 -0.37082 5.96015
      vertex 8.14754 -0.344705 6
    endloop
  endfacet
  facet normal -0.0784386 0.996919 0
    outer loop
      vertex 7.18772 -1.18523 1.99
      vertex 7 -1.2 5
      vertex 7.18772 -1.18523 5
    endloop
  endfacet
  facet normal -0.0784386 0.996919 0
    outer loop
      vertex 7 -1.2 5
      vertex 7.18772 -1.18523 1.99
      vertex 7 -1.2 1.99
    endloop
  endfacet
  facet normal -0.972368 -0.233454 0
    outer loop
      vertex 8.18523 0.187721 1.99
      vertex 8.14127 0.37082 6
      vertex 8.14127 0.37082 1.99
    endloop
  endfacet
  facet normal -0.972368 -0.233454 0
    outer loop
      vertex 8.14127 0.37082 6
      vertex 8.18523 0.187721 1.99
      vertex 8.18523 0.187721 6
    endloop
  endfacet
  facet normal -0.996919 -0.0784382 0
    outer loop
      vertex 8.2 0 1.99
      vertex 8.18523 0.187721 6
      vertex 8.18523 0.187721 1.99
    endloop
  endfacet
  facet normal -0.996919 -0.0784382 0
    outer loop
      vertex 8.18523 0.187721 6
      vertex 8.2 0 1.99
      vertex 8.2 0 6
    endloop
  endfacet
  facet normal -0.923879 -0.382684 0
    outer loop
      vertex 8.14127 0.37082 1.99
      vertex 8.06921 0.544788 6
      vertex 8.06921 0.544788 1.99
    endloop
  endfacet
  facet normal -0.923879 -0.382684 0
    outer loop
      vertex 8.06921 0.544788 6
      vertex 8.14127 0.37082 1.99
      vertex 8.14127 0.37082 6
    endloop
  endfacet
  facet normal 0.760412 -0.649441 0
    outer loop
      vertex 6.02918 0.705342 6
      vertex 6.15147 0.848528 1.99
      vertex 6.15147 0.848528 6
    endloop
  endfacet
  facet normal 0.760412 -0.649441 0
    outer loop
      vertex 6.15147 0.848528 1.99
      vertex 6.02918 0.705342 6
      vertex 6.02918 0.705342 1.99
    endloop
  endfacet
  facet normal -0.852635 0.522508 0
    outer loop
      vertex 7.97082 -0.705342 5.44966
      vertex 8.06921 -0.544788 1.99
      vertex 7.97082 -0.705342 1.99
    endloop
  endfacet
  facet normal -0.852635 0.522508 0
    outer loop
      vertex 8.06921 -0.544788 1.99
      vertex 7.97082 -0.705342 5.44966
      vertex 8.06921 -0.544788 5.69467
    endloop
  endfacet
  facet normal 0.38268 -0.923881 0
    outer loop
      vertex 6.45521 1.06921 1.99
      vertex 6.62918 1.14127 6
      vertex 6.45521 1.06921 6
    endloop
  endfacet
  facet normal 0.38268 -0.923881 0
    outer loop
      vertex 6.62918 1.14127 6
      vertex 6.45521 1.06921 1.99
      vertex 6.62918 1.14127 1.99
    endloop
  endfacet
  facet normal -0.760412 0.649441 0
    outer loop
      vertex 7.84853 -0.848528 5.23115
      vertex 7.97082 -0.705342 1.99
      vertex 7.84853 -0.848528 1.99
    endloop
  endfacet
  facet normal -0.760412 0.649441 0
    outer loop
      vertex 7.97082 -0.705342 1.99
      vertex 7.84853 -0.848528 5.23115
      vertex 7.97082 -0.705342 5.44966
    endloop
  endfacet
  facet normal -0.923879 0.382684 0
    outer loop
      vertex 8.06921 -0.544788 5.69467
      vertex 8.14127 -0.37082 1.99
      vertex 8.06921 -0.544788 1.99
    endloop
  endfacet
  facet normal -0.923879 0.382684 0
    outer loop
      vertex 8.14127 -0.37082 1.99
      vertex 8.06921 -0.544788 5.69467
      vertex 8.14127 -0.37082 5.96015
    endloop
  endfacet
  facet normal -0.233453 0.972368 0
    outer loop
      vertex 7.37082 -1.14127 1.99
      vertex 7.18772 -1.18523 5
      vertex 7.37082 -1.14127 5
    endloop
  endfacet
  facet normal -0.233453 0.972368 0
    outer loop
      vertex 7.18772 -1.18523 5
      vertex 7.37082 -1.14127 1.99
      vertex 7.18772 -1.18523 1.99
    endloop
  endfacet
  facet normal 0.852647 -0.522488 0
    outer loop
      vertex 5.95413 0.582868 6
      vertex 6.02918 0.705342 1.99
      vertex 6.02918 0.705342 6
    endloop
  endfacet
  facet normal 0.852647 -0.522488 0
    outer loop
      vertex 6.02918 0.705342 1.99
      vertex 5.95413 0.582868 6
      vertex 5.95413 0.582868 1.99
    endloop
  endfacet
  facet normal 0.522534 0.852619 0
    outer loop
      vertex 6.45521 -1.06921 5
      vertex 6.45521 -1.06921 1.99
      vertex 6.34228 -1 5
    endloop
  endfacet
  facet normal 0.522521 0.852626 -6.52576e-07
    outer loop
      vertex 6.29466 -0.970819 1.99
      vertex 6.34228 -1 5
      vertex 6.45521 -1.06921 1.99
    endloop
  endfacet
  facet normal 0.522491 0.852645 0
    outer loop
      vertex 6.34228 -1 5
      vertex 6.29466 -0.970819 1.99
      vertex 6.29466 -0.970819 5.04453
    endloop
  endfacet
  facet normal 0.38268 0.923881 -0
    outer loop
      vertex 6.62918 -1.14127 1.99
      vertex 6.45521 -1.06921 5
      vertex 6.62918 -1.14127 5
    endloop
  endfacet
  facet normal 0.38268 0.923881 0
    outer loop
      vertex 6.45521 -1.06921 5
      vertex 6.62918 -1.14127 1.99
      vertex 6.45521 -1.06921 1.99
    endloop
  endfacet
  facet normal 0.0784386 0.996919 -0
    outer loop
      vertex 7 -1.2 1.99
      vertex 6.81228 -1.18523 5
      vertex 7 -1.2 5
    endloop
  endfacet
  facet normal 0.0784386 0.996919 0
    outer loop
      vertex 6.81228 -1.18523 5
      vertex 7 -1.2 1.99
      vertex 6.81228 -1.18523 1.99
    endloop
  endfacet
  facet normal 0.760412 0.649441 0
    outer loop
      vertex 6.15147 -0.848528 5.23115
      vertex 6.02918 -0.705342 1.99
      vertex 6.02918 -0.705342 5.44966
    endloop
  endfacet
  facet normal 0.760412 0.649441 0
    outer loop
      vertex 6.02918 -0.705342 1.99
      vertex 6.15147 -0.848528 5.23115
      vertex 6.15147 -0.848528 1.99
    endloop
  endfacet
  facet normal 0.852647 0.522488 0
    outer loop
      vertex 6.02918 -0.705342 5.44966
      vertex 5.95413 -0.582868 1.99
      vertex 5.95413 -0.582868 5.63656
    endloop
  endfacet
  facet normal 0.852647 0.522488 0
    outer loop
      vertex 5.95413 -0.582868 1.99
      vertex 6.02918 -0.705342 5.44966
      vertex 6.02918 -0.705342 1.99
    endloop
  endfacet
  facet normal -0.852635 -0.522508 0
    outer loop
      vertex 8.06921 0.544788 1.99
      vertex 7.97082 0.705342 6
      vertex 7.97082 0.705342 1.99
    endloop
  endfacet
  facet normal -0.852635 -0.522508 0
    outer loop
      vertex 7.97082 0.705342 6
      vertex 8.06921 0.544788 1.99
      vertex 8.06921 0.544788 6
    endloop
  endfacet
  facet normal -0.38268 -0.923881 0
    outer loop
      vertex 7.37082 1.14127 1.99
      vertex 7.54479 1.06921 6
      vertex 7.37082 1.14127 6
    endloop
  endfacet
  facet normal -0.38268 -0.923881 -0
    outer loop
      vertex 7.54479 1.06921 6
      vertex 7.37082 1.14127 1.99
      vertex 7.54479 1.06921 1.99
    endloop
  endfacet
  facet normal -0.760412 -0.649441 0
    outer loop
      vertex 7.97082 0.705342 1.99
      vertex 7.84853 0.848528 6
      vertex 7.84853 0.848528 1.99
    endloop
  endfacet
  facet normal -0.760412 -0.649441 0
    outer loop
      vertex 7.84853 0.848528 6
      vertex 7.97082 0.705342 1.99
      vertex 7.97082 0.705342 6
    endloop
  endfacet
  facet normal 0.522521 -0.852626 0
    outer loop
      vertex 6.29466 0.970819 1.99
      vertex 6.45521 1.06921 6
      vertex 6.29466 0.970819 6
    endloop
  endfacet
  facet normal 0.522521 -0.852626 0
    outer loop
      vertex 6.45521 1.06921 6
      vertex 6.29466 0.970819 1.99
      vertex 6.45521 1.06921 1.99
    endloop
  endfacet
  facet normal -0.0784386 -0.996919 0
    outer loop
      vertex 7 1.2 1.99
      vertex 7.18772 1.18523 6
      vertex 7 1.2 6
    endloop
  endfacet
  facet normal -0.0784386 -0.996919 -0
    outer loop
      vertex 7.18772 1.18523 6
      vertex 7 1.2 1.99
      vertex 7.18772 1.18523 1.99
    endloop
  endfacet
  facet normal -0.996919 0.0784382 0
    outer loop
      vertex 8.18523 -0.187721 1.99
      vertex 8.2 0 6
      vertex 8.2 0 1.99
    endloop
  endfacet
  facet normal -0.996919 0.0784382 0
    outer loop
      vertex 8.2 0 6
      vertex 8.18523 -0.187721 1.99
      vertex 8.18523 -0.187721 6
    endloop
  endfacet
  facet normal 0.233453 -0.972368 0
    outer loop
      vertex 6.62918 1.14127 1.99
      vertex 6.81228 1.18523 6
      vertex 6.62918 1.14127 6
    endloop
  endfacet
  facet normal 0.233453 -0.972368 0
    outer loop
      vertex 6.81228 1.18523 6
      vertex 6.62918 1.14127 1.99
      vertex 6.81228 1.18523 1.99
    endloop
  endfacet
  facet normal 0.649433 -0.760419 0
    outer loop
      vertex 6.15147 0.848528 1.99
      vertex 6.29466 0.970819 6
      vertex 6.15147 0.848528 6
    endloop
  endfacet
  facet normal 0.649433 -0.760419 0
    outer loop
      vertex 6.29466 0.970819 6
      vertex 6.15147 0.848528 1.99
      vertex 6.29466 0.970819 1.99
    endloop
  endfacet
  facet normal 0.0784386 -0.996919 0
    outer loop
      vertex 6.81228 1.18523 1.99
      vertex 7 1.2 6
      vertex 6.81228 1.18523 6
    endloop
  endfacet
  facet normal 0.0784386 -0.996919 0
    outer loop
      vertex 7 1.2 6
      vertex 6.81228 1.18523 1.99
      vertex 7 1.2 1.99
    endloop
  endfacet
  facet normal 0.649433 0.760419 0
    outer loop
      vertex 6.15147 -0.848528 1.99
      vertex 6.29466 -0.970819 5.04453
      vertex 6.29466 -0.970819 1.99
    endloop
  endfacet
  facet normal 0.649433 0.760419 0
    outer loop
      vertex 6.29466 -0.970819 5.04453
      vertex 6.15147 -0.848528 1.99
      vertex 6.15147 -0.848528 5.23115
    endloop
  endfacet
  facet normal -0.38268 0.923881 0
    outer loop
      vertex 7.54479 -1.06921 1.99
      vertex 7.37082 -1.14127 5
      vertex 7.54479 -1.06921 5
    endloop
  endfacet
  facet normal -0.38268 0.923881 0
    outer loop
      vertex 7.37082 -1.14127 5
      vertex 7.54479 -1.06921 1.99
      vertex 7.37082 -1.14127 1.99
    endloop
  endfacet
  facet normal -0.233453 -0.972368 0
    outer loop
      vertex 7.18772 1.18523 1.99
      vertex 7.37082 1.14127 6
      vertex 7.18772 1.18523 6
    endloop
  endfacet
  facet normal -0.233453 -0.972368 -0
    outer loop
      vertex 7.37082 1.14127 6
      vertex 7.18772 1.18523 1.99
      vertex 7.37082 1.14127 1.99
    endloop
  endfacet
  facet normal -0.522521 -0.852626 0
    outer loop
      vertex 7.54479 1.06921 1.99
      vertex 7.70534 0.970819 6
      vertex 7.54479 1.06921 6
    endloop
  endfacet
  facet normal -0.522521 -0.852626 -0
    outer loop
      vertex 7.70534 0.970819 6
      vertex 7.54479 1.06921 1.99
      vertex 7.70534 0.970819 1.99
    endloop
  endfacet
  facet normal -0.649433 -0.760419 0
    outer loop
      vertex 7.70534 0.970819 1.99
      vertex 7.84853 0.848528 6
      vertex 7.70534 0.970819 6
    endloop
  endfacet
  facet normal -0.649433 -0.760419 -0
    outer loop
      vertex 7.84853 0.848528 6
      vertex 7.70534 0.970819 1.99
      vertex 7.84853 0.848528 1.99
    endloop
  endfacet
  facet normal 0.233453 0.972368 -0
    outer loop
      vertex 6.81228 -1.18523 1.99
      vertex 6.62918 -1.14127 5
      vertex 6.81228 -1.18523 5
    endloop
  endfacet
  facet normal 0.233453 0.972368 0
    outer loop
      vertex 6.62918 -1.14127 5
      vertex 6.81228 -1.18523 1.99
      vertex 6.62918 -1.14127 1.99
    endloop
  endfacet
  facet normal -0.649433 0.760419 0
    outer loop
      vertex 7.84853 -0.848528 1.99
      vertex 7.70534 -0.970819 5.04453
      vertex 7.84853 -0.848528 5.23115
    endloop
  endfacet
  facet normal -0.649433 0.760419 0
    outer loop
      vertex 7.70534 -0.970819 5.04453
      vertex 7.84853 -0.848528 1.99
      vertex 7.70534 -0.970819 1.99
    endloop
  endfacet
  facet normal -0.522491 0.852645 0
    outer loop
      vertex 7.70534 -0.970819 1.99
      vertex 7.65772 -1 5
      vertex 7.70534 -0.970819 5.04453
    endloop
  endfacet
  facet normal -0.522521 0.852626 -6.52576e-07
    outer loop
      vertex 7.54479 -1.06921 1.99
      vertex 7.65772 -1 5
      vertex 7.70534 -0.970819 1.99
    endloop
  endfacet
  facet normal -0.522534 0.852619 0
    outer loop
      vertex 7.65772 -1 5
      vertex 7.54479 -1.06921 1.99
      vertex 7.54479 -1.06921 5
    endloop
  endfacet
  facet normal -0.233454 -0.972368 0
    outer loop
      vertex 0.187721 8.18523 1.99
      vertex 0.37082 8.14127 6
      vertex 0.187721 8.18523 6
    endloop
  endfacet
  facet normal -0.233454 -0.972368 -0
    outer loop
      vertex 0.37082 8.14127 6
      vertex 0.187721 8.18523 1.99
      vertex 0.37082 8.14127 1.99
    endloop
  endfacet
  facet normal 0.233454 -0.972368 0
    outer loop
      vertex -0.37082 8.14127 1.99
      vertex -0.187721 8.18523 6
      vertex -0.37082 8.14127 6
    endloop
  endfacet
  facet normal 0.233454 -0.972368 0
    outer loop
      vertex -0.187721 8.18523 6
      vertex -0.37082 8.14127 1.99
      vertex -0.187721 8.18523 1.99
    endloop
  endfacet
  facet normal 0.0784382 -0.996919 0
    outer loop
      vertex -0.187721 8.18523 1.99
      vertex 0 8.2 6
      vertex -0.187721 8.18523 6
    endloop
  endfacet
  facet normal 0.0784382 -0.996919 0
    outer loop
      vertex 0 8.2 6
      vertex -0.187721 8.18523 1.99
      vertex 0 8.2 1.99
    endloop
  endfacet
  facet normal 0.382684 -0.923879 0
    outer loop
      vertex -0.544788 8.06921 1.99
      vertex -0.37082 8.14127 6
      vertex -0.544788 8.06921 6
    endloop
  endfacet
  facet normal 0.382684 -0.923879 0
    outer loop
      vertex -0.37082 8.14127 6
      vertex -0.544788 8.06921 1.99
      vertex -0.37082 8.14127 1.99
    endloop
  endfacet
  facet normal 0.649441 0.760412 -0
    outer loop
      vertex -0.705342 6.02918 1.99
      vertex -0.848528 6.15147 6
      vertex -0.705342 6.02918 6
    endloop
  endfacet
  facet normal 0.649441 0.760412 0
    outer loop
      vertex -0.848528 6.15147 6
      vertex -0.705342 6.02918 1.99
      vertex -0.848528 6.15147 1.99
    endloop
  endfacet
  facet normal -0.996919 -0.0784386 0
    outer loop
      vertex 1.2 7 1.99
      vertex 1.18523 7.18772 6
      vertex 1.18523 7.18772 1.99
    endloop
  endfacet
  facet normal -0.996919 -0.0784386 0
    outer loop
      vertex 1.18523 7.18772 6
      vertex 1.2 7 1.99
      vertex 1.2 7 6
    endloop
  endfacet
  facet normal -0.522508 -0.852635 0
    outer loop
      vertex 0.544788 8.06921 1.99
      vertex 0.705342 7.97082 6
      vertex 0.544788 8.06921 6
    endloop
  endfacet
  facet normal -0.522508 -0.852635 -0
    outer loop
      vertex 0.705342 7.97082 6
      vertex 0.544788 8.06921 1.99
      vertex 0.705342 7.97082 1.99
    endloop
  endfacet
  facet normal 0.923881 0.38268 0
    outer loop
      vertex -1.06921 6.45521 6
      vertex -1.14127 6.62918 1.99
      vertex -1.14127 6.62918 6
    endloop
  endfacet
  facet normal 0.923881 0.38268 0
    outer loop
      vertex -1.14127 6.62918 1.99
      vertex -1.06921 6.45521 6
      vertex -1.06921 6.45521 1.99
    endloop
  endfacet
  facet normal -0.649441 -0.760412 0
    outer loop
      vertex 0.705342 7.97082 1.99
      vertex 0.848528 7.84853 6
      vertex 0.705342 7.97082 6
    endloop
  endfacet
  facet normal -0.649441 -0.760412 -0
    outer loop
      vertex 0.848528 7.84853 6
      vertex 0.705342 7.97082 1.99
      vertex 0.848528 7.84853 1.99
    endloop
  endfacet
  facet normal -0.382684 -0.923879 0
    outer loop
      vertex 0.37082 8.14127 1.99
      vertex 0.544788 8.06921 6
      vertex 0.37082 8.14127 6
    endloop
  endfacet
  facet normal -0.382684 -0.923879 -0
    outer loop
      vertex 0.544788 8.06921 6
      vertex 0.37082 8.14127 1.99
      vertex 0.544788 8.06921 1.99
    endloop
  endfacet
  facet normal -0.972368 -0.233453 0
    outer loop
      vertex 1.18523 7.18772 1.99
      vertex 1.14127 7.37082 6
      vertex 1.14127 7.37082 1.99
    endloop
  endfacet
  facet normal -0.972368 -0.233453 0
    outer loop
      vertex 1.14127 7.37082 6
      vertex 1.18523 7.18772 1.99
      vertex 1.18523 7.18772 6
    endloop
  endfacet
  facet normal -0.852626 0.522521 0
    outer loop
      vertex 0.970819 6.29466 1.99
      vertex 1.06921 6.45521 6
      vertex 1.06921 6.45521 1.99
    endloop
  endfacet
  facet normal -0.852626 0.522521 0
    outer loop
      vertex 1.06921 6.45521 6
      vertex 0.970819 6.29466 1.99
      vertex 0.970819 6.29466 6
    endloop
  endfacet
  facet normal 0.972368 0.233453 0
    outer loop
      vertex -1.14127 6.62918 6
      vertex -1.18523 6.81228 1.99
      vertex -1.18523 6.81228 6
    endloop
  endfacet
  facet normal 0.972368 0.233453 0
    outer loop
      vertex -1.18523 6.81228 1.99
      vertex -1.14127 6.62918 6
      vertex -1.14127 6.62918 1.99
    endloop
  endfacet
  facet normal -0.923881 0.38268 0
    outer loop
      vertex 1.06921 6.45521 1.99
      vertex 1.14127 6.62918 6
      vertex 1.14127 6.62918 1.99
    endloop
  endfacet
  facet normal -0.923881 0.38268 0
    outer loop
      vertex 1.14127 6.62918 6
      vertex 1.06921 6.45521 1.99
      vertex 1.06921 6.45521 6
    endloop
  endfacet
  facet normal -0.852626 -0.522521 0
    outer loop
      vertex 1.06921 7.54479 1.99
      vertex 0.970819 7.70534 6
      vertex 0.970819 7.70534 1.99
    endloop
  endfacet
  facet normal -0.852626 -0.522521 0
    outer loop
      vertex 0.970819 7.70534 6
      vertex 1.06921 7.54479 1.99
      vertex 1.06921 7.54479 6
    endloop
  endfacet
  facet normal -0.996919 0.0784386 0
    outer loop
      vertex 1.18523 6.81228 1.99
      vertex 1.2 7 6
      vertex 1.2 7 1.99
    endloop
  endfacet
  facet normal -0.996919 0.0784386 0
    outer loop
      vertex 1.2 7 6
      vertex 1.18523 6.81228 1.99
      vertex 1.18523 6.81228 6
    endloop
  endfacet
  facet normal -0.522488 0.852647 0
    outer loop
      vertex 0.705342 6.02918 1.99
      vertex 0.582868 5.95413 6
      vertex 0.705342 6.02918 6
    endloop
  endfacet
  facet normal -0.522488 0.852647 0
    outer loop
      vertex 0.582868 5.95413 6
      vertex 0.705342 6.02918 1.99
      vertex 0.582868 5.95413 1.99
    endloop
  endfacet
  facet normal 0.522508 -0.852635 0
    outer loop
      vertex -0.705342 7.97082 1.99
      vertex -0.544788 8.06921 6
      vertex -0.705342 7.97082 6
    endloop
  endfacet
  facet normal 0.522508 -0.852635 0
    outer loop
      vertex -0.544788 8.06921 6
      vertex -0.705342 7.97082 1.99
      vertex -0.544788 8.06921 1.99
    endloop
  endfacet
  facet normal 0.923881 -0.38268 0
    outer loop
      vertex -1.14127 7.37082 6
      vertex -1.06921 7.54479 1.99
      vertex -1.06921 7.54479 6
    endloop
  endfacet
  facet normal 0.923881 -0.38268 0
    outer loop
      vertex -1.06921 7.54479 1.99
      vertex -1.14127 7.37082 6
      vertex -1.14127 7.37082 1.99
    endloop
  endfacet
  facet normal 0.649441 -0.760412 0
    outer loop
      vertex -0.848528 7.84853 1.99
      vertex -0.705342 7.97082 6
      vertex -0.848528 7.84853 6
    endloop
  endfacet
  facet normal 0.649441 -0.760412 0
    outer loop
      vertex -0.705342 7.97082 6
      vertex -0.848528 7.84853 1.99
      vertex -0.705342 7.97082 1.99
    endloop
  endfacet
  facet normal 0.852626 0.522521 0
    outer loop
      vertex -0.970819 6.29466 6
      vertex -1.06921 6.45521 1.99
      vertex -1.06921 6.45521 6
    endloop
  endfacet
  facet normal 0.852626 0.522521 0
    outer loop
      vertex -1.06921 6.45521 1.99
      vertex -0.970819 6.29466 6
      vertex -0.970819 6.29466 1.99
    endloop
  endfacet
  facet normal 0.996919 -0.0784386 0
    outer loop
      vertex -1.2 7 6
      vertex -1.18523 7.18772 1.99
      vertex -1.18523 7.18772 6
    endloop
  endfacet
  facet normal 0.996919 -0.0784386 0
    outer loop
      vertex -1.18523 7.18772 1.99
      vertex -1.2 7 6
      vertex -1.2 7 1.99
    endloop
  endfacet
  facet normal -0.0784382 -0.996919 0
    outer loop
      vertex 0 8.2 1.99
      vertex 0.187721 8.18523 6
      vertex 0 8.2 6
    endloop
  endfacet
  facet normal -0.0784382 -0.996919 -0
    outer loop
      vertex 0.187721 8.18523 6
      vertex 0 8.2 1.99
      vertex 0.187721 8.18523 1.99
    endloop
  endfacet
  facet normal 0.760419 -0.649433 0
    outer loop
      vertex -0.970819 7.70534 6
      vertex -0.848528 7.84853 1.99
      vertex -0.848528 7.84853 6
    endloop
  endfacet
  facet normal 0.760419 -0.649433 0
    outer loop
      vertex -0.848528 7.84853 1.99
      vertex -0.970819 7.70534 6
      vertex -0.970819 7.70534 1.99
    endloop
  endfacet
  facet normal 0.996919 0.0784386 0
    outer loop
      vertex -1.18523 6.81228 6
      vertex -1.2 7 1.99
      vertex -1.2 7 6
    endloop
  endfacet
  facet normal 0.996919 0.0784386 0
    outer loop
      vertex -1.2 7 1.99
      vertex -1.18523 6.81228 6
      vertex -1.18523 6.81228 1.99
    endloop
  endfacet
  facet normal -0.760419 0.649433 0
    outer loop
      vertex 0.848528 6.15147 1.99
      vertex 0.970819 6.29466 6
      vertex 0.970819 6.29466 1.99
    endloop
  endfacet
  facet normal -0.760419 0.649433 0
    outer loop
      vertex 0.970819 6.29466 6
      vertex 0.848528 6.15147 1.99
      vertex 0.848528 6.15147 6
    endloop
  endfacet
  facet normal -0.923881 -0.38268 0
    outer loop
      vertex 1.14127 7.37082 1.99
      vertex 1.06921 7.54479 6
      vertex 1.06921 7.54479 1.99
    endloop
  endfacet
  facet normal -0.923881 -0.38268 0
    outer loop
      vertex 1.06921 7.54479 6
      vertex 1.14127 7.37082 1.99
      vertex 1.14127 7.37082 6
    endloop
  endfacet
  facet normal 0.972368 -0.233453 0
    outer loop
      vertex -1.18523 7.18772 6
      vertex -1.14127 7.37082 1.99
      vertex -1.14127 7.37082 6
    endloop
  endfacet
  facet normal 0.972368 -0.233453 0
    outer loop
      vertex -1.14127 7.37082 1.99
      vertex -1.18523 7.18772 6
      vertex -1.18523 7.18772 1.99
    endloop
  endfacet
  facet normal 0.852626 -0.522521 0
    outer loop
      vertex -1.06921 7.54479 6
      vertex -0.970819 7.70534 1.99
      vertex -0.970819 7.70534 6
    endloop
  endfacet
  facet normal 0.852626 -0.522521 0
    outer loop
      vertex -0.970819 7.70534 1.99
      vertex -1.06921 7.54479 6
      vertex -1.06921 7.54479 1.99
    endloop
  endfacet
  facet normal 0.760419 0.649433 0
    outer loop
      vertex -0.848528 6.15147 6
      vertex -0.970819 6.29466 1.99
      vertex -0.970819 6.29466 6
    endloop
  endfacet
  facet normal 0.760419 0.649433 0
    outer loop
      vertex -0.970819 6.29466 1.99
      vertex -0.848528 6.15147 6
      vertex -0.848528 6.15147 1.99
    endloop
  endfacet
  facet normal -0.649441 0.760412 0
    outer loop
      vertex 0.848528 6.15147 1.99
      vertex 0.705342 6.02918 6
      vertex 0.848528 6.15147 6
    endloop
  endfacet
  facet normal -0.649441 0.760412 0
    outer loop
      vertex 0.705342 6.02918 6
      vertex 0.848528 6.15147 1.99
      vertex 0.705342 6.02918 1.99
    endloop
  endfacet
  facet normal -0.972368 0.233453 0
    outer loop
      vertex 1.14127 6.62918 1.99
      vertex 1.18523 6.81228 6
      vertex 1.18523 6.81228 1.99
    endloop
  endfacet
  facet normal -0.972368 0.233453 0
    outer loop
      vertex 1.18523 6.81228 6
      vertex 1.14127 6.62918 1.99
      vertex 1.14127 6.62918 6
    endloop
  endfacet
  facet normal -0.760419 -0.649433 0
    outer loop
      vertex 0.970819 7.70534 1.99
      vertex 0.848528 7.84853 6
      vertex 0.848528 7.84853 1.99
    endloop
  endfacet
  facet normal -0.760419 -0.649433 0
    outer loop
      vertex 0.848528 7.84853 6
      vertex 0.970819 7.70534 1.99
      vertex 0.970819 7.70534 6
    endloop
  endfacet
  facet normal 0.522488 0.852647 -0
    outer loop
      vertex -0.582868 5.95413 1.99
      vertex -0.705342 6.02918 6
      vertex -0.582868 5.95413 6
    endloop
  endfacet
  facet normal 0.522488 0.852647 0
    outer loop
      vertex -0.705342 6.02918 6
      vertex -0.582868 5.95413 1.99
      vertex -0.705342 6.02918 1.99
    endloop
  endfacet
  facet normal 0.972368 -0.233454 0
    outer loop
      vertex -8.18523 0.187721 6
      vertex -8.14127 0.37082 1.99
      vertex -8.14127 0.37082 6
    endloop
  endfacet
  facet normal 0.972368 -0.233454 0
    outer loop
      vertex -8.14127 0.37082 1.99
      vertex -8.18523 0.187721 6
      vertex -8.18523 0.187721 1.99
    endloop
  endfacet
  facet normal 0.923879 0.382684 0
    outer loop
      vertex -8.06921 -0.544788 5.69467
      vertex -8.14127 -0.37082 1.99
      vertex -8.14127 -0.37082 5.96015
    endloop
  endfacet
  facet normal 0.923879 0.382684 0
    outer loop
      vertex -8.14127 -0.37082 1.99
      vertex -8.06921 -0.544788 5.69467
      vertex -8.06921 -0.544788 1.99
    endloop
  endfacet
  facet normal -0.760412 0.649441 0
    outer loop
      vertex -6.15147 -0.848528 5.23115
      vertex -6.02918 -0.705342 1.99
      vertex -6.15147 -0.848528 1.99
    endloop
  endfacet
  facet normal -0.760412 0.649441 0
    outer loop
      vertex -6.02918 -0.705342 1.99
      vertex -6.15147 -0.848528 5.23115
      vertex -6.02918 -0.705342 5.44966
    endloop
  endfacet
  facet normal 0.0784386 -0.996919 0
    outer loop
      vertex -7.18772 1.18523 1.99
      vertex -7 1.2 6
      vertex -7.18772 1.18523 6
    endloop
  endfacet
  facet normal 0.0784386 -0.996919 0
    outer loop
      vertex -7 1.2 6
      vertex -7.18772 1.18523 1.99
      vertex -7 1.2 1.99
    endloop
  endfacet
  facet normal 0.852635 -0.522508 0
    outer loop
      vertex -8.06921 0.544788 6
      vertex -7.97082 0.705342 1.99
      vertex -7.97082 0.705342 6
    endloop
  endfacet
  facet normal 0.852635 -0.522508 0
    outer loop
      vertex -7.97082 0.705342 1.99
      vertex -8.06921 0.544788 6
      vertex -8.06921 0.544788 1.99
    endloop
  endfacet
  facet normal -0.38268 0.923881 0
    outer loop
      vertex -6.45521 -1.06921 1.99
      vertex -6.62918 -1.14127 5
      vertex -6.45521 -1.06921 5
    endloop
  endfacet
  facet normal -0.38268 0.923881 0
    outer loop
      vertex -6.62918 -1.14127 5
      vertex -6.45521 -1.06921 1.99
      vertex -6.62918 -1.14127 1.99
    endloop
  endfacet
  facet normal 0.760412 -0.649441 0
    outer loop
      vertex -7.97082 0.705342 6
      vertex -7.84853 0.848528 1.99
      vertex -7.84853 0.848528 6
    endloop
  endfacet
  facet normal 0.760412 -0.649441 0
    outer loop
      vertex -7.84853 0.848528 1.99
      vertex -7.97082 0.705342 6
      vertex -7.97082 0.705342 1.99
    endloop
  endfacet
  facet normal 0.996919 0.0784382 0
    outer loop
      vertex -8.18523 -0.187721 6
      vertex -8.2 0 1.99
      vertex -8.2 0 6
    endloop
  endfacet
  facet normal 0.996919 0.0784382 0
    outer loop
      vertex -8.2 0 1.99
      vertex -8.18523 -0.187721 6
      vertex -8.18523 -0.187721 1.99
    endloop
  endfacet
  facet normal 0.760412 0.649441 0
    outer loop
      vertex -7.84853 -0.848528 5.23115
      vertex -7.97082 -0.705342 1.99
      vertex -7.97082 -0.705342 5.44966
    endloop
  endfacet
  facet normal 0.760412 0.649441 0
    outer loop
      vertex -7.97082 -0.705342 1.99
      vertex -7.84853 -0.848528 5.23115
      vertex -7.84853 -0.848528 1.99
    endloop
  endfacet
  facet normal 0.38268 0.923881 -0
    outer loop
      vertex -7.37082 -1.14127 1.99
      vertex -7.54479 -1.06921 5
      vertex -7.37082 -1.14127 5
    endloop
  endfacet
  facet normal 0.38268 0.923881 0
    outer loop
      vertex -7.54479 -1.06921 5
      vertex -7.37082 -1.14127 1.99
      vertex -7.54479 -1.06921 1.99
    endloop
  endfacet
  facet normal 0.923879 -0.382684 0
    outer loop
      vertex -8.14127 0.37082 6
      vertex -8.06921 0.544788 1.99
      vertex -8.06921 0.544788 6
    endloop
  endfacet
  facet normal 0.923879 -0.382684 0
    outer loop
      vertex -8.06921 0.544788 1.99
      vertex -8.14127 0.37082 6
      vertex -8.14127 0.37082 1.99
    endloop
  endfacet
  facet normal 0.233453 -0.972368 0
    outer loop
      vertex -7.37082 1.14127 1.99
      vertex -7.18772 1.18523 6
      vertex -7.37082 1.14127 6
    endloop
  endfacet
  facet normal 0.233453 -0.972368 0
    outer loop
      vertex -7.18772 1.18523 6
      vertex -7.37082 1.14127 1.99
      vertex -7.18772 1.18523 1.99
    endloop
  endfacet
  facet normal -0.852647 0.522488 0
    outer loop
      vertex -6.02918 -0.705342 5.44966
      vertex -5.95413 -0.582868 1.99
      vertex -6.02918 -0.705342 1.99
    endloop
  endfacet
  facet normal -0.852647 0.522488 0
    outer loop
      vertex -5.95413 -0.582868 1.99
      vertex -6.02918 -0.705342 5.44966
      vertex -5.95413 -0.582868 5.63656
    endloop
  endfacet
  facet normal -0.233453 0.972368 0
    outer loop
      vertex -6.62918 -1.14127 1.99
      vertex -6.81228 -1.18523 5
      vertex -6.62918 -1.14127 5
    endloop
  endfacet
  facet normal -0.233453 0.972368 0
    outer loop
      vertex -6.81228 -1.18523 5
      vertex -6.62918 -1.14127 1.99
      vertex -6.81228 -1.18523 1.99
    endloop
  endfacet
  facet normal -0.38268 -0.923881 0
    outer loop
      vertex -6.62918 1.14127 1.99
      vertex -6.45521 1.06921 6
      vertex -6.62918 1.14127 6
    endloop
  endfacet
  facet normal -0.38268 -0.923881 -0
    outer loop
      vertex -6.45521 1.06921 6
      vertex -6.62918 1.14127 1.99
      vertex -6.45521 1.06921 1.99
    endloop
  endfacet
  facet normal 0.522521 -0.852626 0
    outer loop
      vertex -7.70534 0.970819 1.99
      vertex -7.54479 1.06921 6
      vertex -7.70534 0.970819 6
    endloop
  endfacet
  facet normal 0.522521 -0.852626 0
    outer loop
      vertex -7.54479 1.06921 6
      vertex -7.70534 0.970819 1.99
      vertex -7.54479 1.06921 1.99
    endloop
  endfacet
  facet normal 0.972368 0.233454 2.38281e-06
    outer loop
      vertex -8.14127 -0.37082 5.96015
      vertex -8.18523 -0.187721 6
      vertex -8.14754 -0.344705 6
    endloop
  endfacet
  facet normal 0.972368 0.233454 0
    outer loop
      vertex -8.18523 -0.187721 6
      vertex -8.14127 -0.37082 5.96015
      vertex -8.18523 -0.187721 1.99
    endloop
  endfacet
  facet normal 0.972368 0.233454 0
    outer loop
      vertex -8.18523 -0.187721 1.99
      vertex -8.14127 -0.37082 5.96015
      vertex -8.14127 -0.37082 1.99
    endloop
  endfacet
  facet normal -0.760412 -0.649441 0
    outer loop
      vertex -6.02918 0.705342 1.99
      vertex -6.15147 0.848528 6
      vertex -6.15147 0.848528 1.99
    endloop
  endfacet
  facet normal -0.760412 -0.649441 0
    outer loop
      vertex -6.15147 0.848528 6
      vertex -6.02918 0.705342 1.99
      vertex -6.02918 0.705342 6
    endloop
  endfacet
  facet normal -0.852647 -0.522488 0
    outer loop
      vertex -5.95413 0.582868 1.99
      vertex -6.02918 0.705342 6
      vertex -6.02918 0.705342 1.99
    endloop
  endfacet
  facet normal -0.852647 -0.522488 0
    outer loop
      vertex -6.02918 0.705342 6
      vertex -5.95413 0.582868 1.99
      vertex -5.95413 0.582868 6
    endloop
  endfacet
  facet normal 0.852635 0.522508 0
    outer loop
      vertex -7.97082 -0.705342 5.44966
      vertex -8.06921 -0.544788 1.99
      vertex -8.06921 -0.544788 5.69467
    endloop
  endfacet
  facet normal 0.852635 0.522508 0
    outer loop
      vertex -8.06921 -0.544788 1.99
      vertex -7.97082 -0.705342 5.44966
      vertex -7.97082 -0.705342 1.99
    endloop
  endfacet
  facet normal -0.522491 0.852645 0
    outer loop
      vertex -6.29466 -0.970819 1.99
      vertex -6.34228 -1 5
      vertex -6.29466 -0.970819 5.04453
    endloop
  endfacet
  facet normal -0.522521 0.852626 -6.52576e-07
    outer loop
      vertex -6.45521 -1.06921 1.99
      vertex -6.34228 -1 5
      vertex -6.29466 -0.970819 1.99
    endloop
  endfacet
  facet normal -0.522534 0.852619 0
    outer loop
      vertex -6.34228 -1 5
      vertex -6.45521 -1.06921 1.99
      vertex -6.45521 -1.06921 5
    endloop
  endfacet
  facet normal 0.0784386 0.996919 -0
    outer loop
      vertex -7 -1.2 1.99
      vertex -7.18772 -1.18523 5
      vertex -7 -1.2 5
    endloop
  endfacet
  facet normal 0.0784386 0.996919 0
    outer loop
      vertex -7.18772 -1.18523 5
      vertex -7 -1.2 1.99
      vertex -7.18772 -1.18523 1.99
    endloop
  endfacet
  facet normal 0.996919 -0.0784382 0
    outer loop
      vertex -8.2 0 6
      vertex -8.18523 0.187721 1.99
      vertex -8.18523 0.187721 6
    endloop
  endfacet
  facet normal 0.996919 -0.0784382 0
    outer loop
      vertex -8.18523 0.187721 1.99
      vertex -8.2 0 6
      vertex -8.2 0 1.99
    endloop
  endfacet
  facet normal 0.233453 0.972368 -0
    outer loop
      vertex -7.18772 -1.18523 1.99
      vertex -7.37082 -1.14127 5
      vertex -7.18772 -1.18523 5
    endloop
  endfacet
  facet normal 0.233453 0.972368 0
    outer loop
      vertex -7.37082 -1.14127 5
      vertex -7.18772 -1.18523 1.99
      vertex -7.37082 -1.14127 1.99
    endloop
  endfacet
  facet normal -0.0784386 0.996919 0
    outer loop
      vertex -6.81228 -1.18523 1.99
      vertex -7 -1.2 5
      vertex -6.81228 -1.18523 5
    endloop
  endfacet
  facet normal -0.0784386 0.996919 0
    outer loop
      vertex -7 -1.2 5
      vertex -6.81228 -1.18523 1.99
      vertex -7 -1.2 1.99
    endloop
  endfacet
  facet normal -0.649433 -0.760419 0
    outer loop
      vertex -6.29466 0.970819 1.99
      vertex -6.15147 0.848528 6
      vertex -6.29466 0.970819 6
    endloop
  endfacet
  facet normal -0.649433 -0.760419 -0
    outer loop
      vertex -6.15147 0.848528 6
      vertex -6.29466 0.970819 1.99
      vertex -6.15147 0.848528 1.99
    endloop
  endfacet
  facet normal 0.38268 -0.923881 0
    outer loop
      vertex -7.54479 1.06921 1.99
      vertex -7.37082 1.14127 6
      vertex -7.54479 1.06921 6
    endloop
  endfacet
  facet normal 0.38268 -0.923881 0
    outer loop
      vertex -7.37082 1.14127 6
      vertex -7.54479 1.06921 1.99
      vertex -7.37082 1.14127 1.99
    endloop
  endfacet
  facet normal 0.522534 0.852619 0
    outer loop
      vertex -7.54479 -1.06921 5
      vertex -7.54479 -1.06921 1.99
      vertex -7.65772 -1 5
    endloop
  endfacet
  facet normal 0.522521 0.852626 -6.52576e-07
    outer loop
      vertex -7.70534 -0.970819 1.99
      vertex -7.65772 -1 5
      vertex -7.54479 -1.06921 1.99
    endloop
  endfacet
  facet normal 0.522491 0.852645 0
    outer loop
      vertex -7.65772 -1 5
      vertex -7.70534 -0.970819 1.99
      vertex -7.70534 -0.970819 5.04453
    endloop
  endfacet
  facet normal 0.649433 0.760419 0
    outer loop
      vertex -7.84853 -0.848528 1.99
      vertex -7.70534 -0.970819 5.04453
      vertex -7.70534 -0.970819 1.99
    endloop
  endfacet
  facet normal 0.649433 0.760419 0
    outer loop
      vertex -7.70534 -0.970819 5.04453
      vertex -7.84853 -0.848528 1.99
      vertex -7.84853 -0.848528 5.23115
    endloop
  endfacet
  facet normal -0.0784386 -0.996919 0
    outer loop
      vertex -7 1.2 1.99
      vertex -6.81228 1.18523 6
      vertex -7 1.2 6
    endloop
  endfacet
  facet normal -0.0784386 -0.996919 -0
    outer loop
      vertex -6.81228 1.18523 6
      vertex -7 1.2 1.99
      vertex -6.81228 1.18523 1.99
    endloop
  endfacet
  facet normal -0.649433 0.760419 0
    outer loop
      vertex -6.15147 -0.848528 1.99
      vertex -6.29466 -0.970819 5.04453
      vertex -6.15147 -0.848528 5.23115
    endloop
  endfacet
  facet normal -0.649433 0.760419 0
    outer loop
      vertex -6.29466 -0.970819 5.04453
      vertex -6.15147 -0.848528 1.99
      vertex -6.29466 -0.970819 1.99
    endloop
  endfacet
  facet normal -0.233453 -0.972368 0
    outer loop
      vertex -6.81228 1.18523 1.99
      vertex -6.62918 1.14127 6
      vertex -6.81228 1.18523 6
    endloop
  endfacet
  facet normal -0.233453 -0.972368 -0
    outer loop
      vertex -6.62918 1.14127 6
      vertex -6.81228 1.18523 1.99
      vertex -6.62918 1.14127 1.99
    endloop
  endfacet
  facet normal 0.649433 -0.760419 0
    outer loop
      vertex -7.84853 0.848528 1.99
      vertex -7.70534 0.970819 6
      vertex -7.84853 0.848528 6
    endloop
  endfacet
  facet normal 0.649433 -0.760419 0
    outer loop
      vertex -7.70534 0.970819 6
      vertex -7.84853 0.848528 1.99
      vertex -7.70534 0.970819 1.99
    endloop
  endfacet
  facet normal -0.522521 -0.852626 0
    outer loop
      vertex -6.45521 1.06921 1.99
      vertex -6.29466 0.970819 6
      vertex -6.45521 1.06921 6
    endloop
  endfacet
  facet normal -0.522521 -0.852626 -0
    outer loop
      vertex -6.29466 0.970819 6
      vertex -6.45521 1.06921 1.99
      vertex -6.29466 0.970819 1.99
    endloop
  endfacet
  facet normal 0.233454 0.972368 -0
    outer loop
      vertex -0.187721 -8.18523 1.99
      vertex -0.37082 -8.14127 5
      vertex -0.187721 -8.18523 5
    endloop
  endfacet
  facet normal 0.233454 0.972368 0
    outer loop
      vertex -0.37082 -8.14127 5
      vertex -0.187721 -8.18523 1.99
      vertex -0.37082 -8.14127 1.99
    endloop
  endfacet
  facet normal 0.996919 0.0784386 0
    outer loop
      vertex -1.18523 -7.18772 5
      vertex -1.2 -7 1.99
      vertex -1.2 -7 5
    endloop
  endfacet
  facet normal 0.996919 0.0784386 0
    outer loop
      vertex -1.2 -7 1.99
      vertex -1.18523 -7.18772 5
      vertex -1.18523 -7.18772 1.99
    endloop
  endfacet
  facet normal -0.382684 0.923879 0
    outer loop
      vertex 0.544788 -8.06921 1.99
      vertex 0.37082 -8.14127 5
      vertex 0.544788 -8.06921 5
    endloop
  endfacet
  facet normal -0.382684 0.923879 0
    outer loop
      vertex 0.37082 -8.14127 5
      vertex 0.544788 -8.06921 1.99
      vertex 0.37082 -8.14127 1.99
    endloop
  endfacet
  facet normal -0.649441 -0.760412 0
    outer loop
      vertex 0.705342 -6.02918 1.99
      vertex 0.848528 -6.15147 5
      vertex 0.705342 -6.02918 5
    endloop
  endfacet
  facet normal -0.649441 -0.760412 -0
    outer loop
      vertex 0.848528 -6.15147 5
      vertex 0.705342 -6.02918 1.99
      vertex 0.848528 -6.15147 1.99
    endloop
  endfacet
  facet normal 0.522508 0.852635 -0
    outer loop
      vertex -0.544788 -8.06921 1.99
      vertex -0.705342 -7.97082 5
      vertex -0.544788 -8.06921 5
    endloop
  endfacet
  facet normal 0.522508 0.852635 0
    outer loop
      vertex -0.705342 -7.97082 5
      vertex -0.544788 -8.06921 1.99
      vertex -0.705342 -7.97082 1.99
    endloop
  endfacet
  facet normal -0.923881 -0.38268 0
    outer loop
      vertex 1.14127 -6.62918 1.99
      vertex 1.06921 -6.45521 5
      vertex 1.06921 -6.45521 1.99
    endloop
  endfacet
  facet normal -0.923881 -0.38268 0
    outer loop
      vertex 1.06921 -6.45521 5
      vertex 1.14127 -6.62918 1.99
      vertex 1.14127 -6.62918 5
    endloop
  endfacet
  facet normal -0.0784382 0.996919 0
    outer loop
      vertex 0.187721 -8.18523 1.99
      vertex 0 -8.2 5
      vertex 0.187721 -8.18523 5
    endloop
  endfacet
  facet normal -0.0784382 0.996919 0
    outer loop
      vertex 0 -8.2 5
      vertex 0.187721 -8.18523 1.99
      vertex 0 -8.2 1.99
    endloop
  endfacet
  facet normal 0.649441 0.760412 -0
    outer loop
      vertex -0.705342 -7.97082 1.99
      vertex -0.848528 -7.84853 5
      vertex -0.705342 -7.97082 5
    endloop
  endfacet
  facet normal 0.649441 0.760412 0
    outer loop
      vertex -0.848528 -7.84853 5
      vertex -0.705342 -7.97082 1.99
      vertex -0.848528 -7.84853 1.99
    endloop
  endfacet
  facet normal -0.649441 0.760412 0
    outer loop
      vertex 0.848528 -7.84853 1.99
      vertex 0.705342 -7.97082 5
      vertex 0.848528 -7.84853 5
    endloop
  endfacet
  facet normal -0.649441 0.760412 0
    outer loop
      vertex 0.705342 -7.97082 5
      vertex 0.848528 -7.84853 1.99
      vertex 0.705342 -7.97082 1.99
    endloop
  endfacet
  facet normal -0.923881 0.38268 0
    outer loop
      vertex 1.06921 -7.54479 1.99
      vertex 1.14127 -7.37082 5
      vertex 1.14127 -7.37082 1.99
    endloop
  endfacet
  facet normal -0.923881 0.38268 0
    outer loop
      vertex 1.14127 -7.37082 5
      vertex 1.06921 -7.54479 1.99
      vertex 1.06921 -7.54479 5
    endloop
  endfacet
  facet normal 0.382684 0.923879 -0
    outer loop
      vertex -0.37082 -8.14127 1.99
      vertex -0.544788 -8.06921 5
      vertex -0.37082 -8.14127 5
    endloop
  endfacet
  facet normal 0.382684 0.923879 0
    outer loop
      vertex -0.544788 -8.06921 5
      vertex -0.37082 -8.14127 1.99
      vertex -0.544788 -8.06921 1.99
    endloop
  endfacet
  facet normal 0.972368 0.233453 0
    outer loop
      vertex -1.14127 -7.37082 5
      vertex -1.18523 -7.18772 1.99
      vertex -1.18523 -7.18772 5
    endloop
  endfacet
  facet normal 0.972368 0.233453 0
    outer loop
      vertex -1.18523 -7.18772 1.99
      vertex -1.14127 -7.37082 5
      vertex -1.14127 -7.37082 1.99
    endloop
  endfacet
  facet normal -0.522488 -0.852647 0
    outer loop
      vertex 0.582868 -5.95413 1.99
      vertex 0.705342 -6.02918 5
      vertex 0.582868 -5.95413 5
    endloop
  endfacet
  facet normal -0.522488 -0.852647 -0
    outer loop
      vertex 0.705342 -6.02918 5
      vertex 0.582868 -5.95413 1.99
      vertex 0.705342 -6.02918 1.99
    endloop
  endfacet
  facet normal 0.923881 -0.38268 0
    outer loop
      vertex -1.14127 -6.62918 5
      vertex -1.06921 -6.45521 1.99
      vertex -1.06921 -6.45521 5
    endloop
  endfacet
  facet normal 0.923881 -0.38268 0
    outer loop
      vertex -1.06921 -6.45521 1.99
      vertex -1.14127 -6.62918 5
      vertex -1.14127 -6.62918 1.99
    endloop
  endfacet
  facet normal -0.233454 0.972368 0
    outer loop
      vertex 0.37082 -8.14127 1.99
      vertex 0.187721 -8.18523 5
      vertex 0.37082 -8.14127 5
    endloop
  endfacet
  facet normal -0.233454 0.972368 0
    outer loop
      vertex 0.187721 -8.18523 5
      vertex 0.37082 -8.14127 1.99
      vertex 0.187721 -8.18523 1.99
    endloop
  endfacet
  facet normal 0.649441 -0.760412 0
    outer loop
      vertex -0.848528 -6.15147 1.99
      vertex -0.705342 -6.02918 5
      vertex -0.848528 -6.15147 5
    endloop
  endfacet
  facet normal 0.649441 -0.760412 0
    outer loop
      vertex -0.705342 -6.02918 5
      vertex -0.848528 -6.15147 1.99
      vertex -0.705342 -6.02918 1.99
    endloop
  endfacet
  facet normal 0.522488 -0.852647 0
    outer loop
      vertex -0.705342 -6.02918 1.99
      vertex -0.582868 -5.95413 5
      vertex -0.705342 -6.02918 5
    endloop
  endfacet
  facet normal 0.522488 -0.852647 0
    outer loop
      vertex -0.582868 -5.95413 5
      vertex -0.705342 -6.02918 1.99
      vertex -0.582868 -5.95413 1.99
    endloop
  endfacet
  facet normal -0.522508 0.852635 0
    outer loop
      vertex 0.705342 -7.97082 1.99
      vertex 0.544788 -8.06921 5
      vertex 0.705342 -7.97082 5
    endloop
  endfacet
  facet normal -0.522508 0.852635 0
    outer loop
      vertex 0.544788 -8.06921 5
      vertex 0.705342 -7.97082 1.99
      vertex 0.544788 -8.06921 1.99
    endloop
  endfacet
  facet normal -0.852626 -0.522521 0
    outer loop
      vertex 1.06921 -6.45521 1.99
      vertex 0.970819 -6.29466 5
      vertex 0.970819 -6.29466 1.99
    endloop
  endfacet
  facet normal -0.852626 -0.522521 0
    outer loop
      vertex 0.970819 -6.29466 5
      vertex 1.06921 -6.45521 1.99
      vertex 1.06921 -6.45521 5
    endloop
  endfacet
  facet normal -0.996919 0.0784386 0
    outer loop
      vertex 1.18523 -7.18772 1.99
      vertex 1.2 -7 5
      vertex 1.2 -7 1.99
    endloop
  endfacet
  facet normal -0.996919 0.0784386 0
    outer loop
      vertex 1.2 -7 5
      vertex 1.18523 -7.18772 1.99
      vertex 1.18523 -7.18772 5
    endloop
  endfacet
  facet normal 0.0784382 0.996919 -0
    outer loop
      vertex 0 -8.2 1.99
      vertex -0.187721 -8.18523 5
      vertex 0 -8.2 5
    endloop
  endfacet
  facet normal 0.0784382 0.996919 0
    outer loop
      vertex -0.187721 -8.18523 5
      vertex 0 -8.2 1.99
      vertex -0.187721 -8.18523 1.99
    endloop
  endfacet
  facet normal -0.972368 0.233453 0
    outer loop
      vertex 1.14127 -7.37082 1.99
      vertex 1.18523 -7.18772 5
      vertex 1.18523 -7.18772 1.99
    endloop
  endfacet
  facet normal -0.972368 0.233453 0
    outer loop
      vertex 1.18523 -7.18772 5
      vertex 1.14127 -7.37082 1.99
      vertex 1.14127 -7.37082 5
    endloop
  endfacet
  facet normal -0.972368 -0.233453 0
    outer loop
      vertex 1.18523 -6.81228 1.99
      vertex 1.14127 -6.62918 5
      vertex 1.14127 -6.62918 1.99
    endloop
  endfacet
  facet normal -0.972368 -0.233453 0
    outer loop
      vertex 1.14127 -6.62918 5
      vertex 1.18523 -6.81228 1.99
      vertex 1.18523 -6.81228 5
    endloop
  endfacet
  facet normal -0.760419 -0.649433 0
    outer loop
      vertex 0.970819 -6.29466 1.99
      vertex 0.848528 -6.15147 5
      vertex 0.848528 -6.15147 1.99
    endloop
  endfacet
  facet normal -0.760419 -0.649433 0
    outer loop
      vertex 0.848528 -6.15147 5
      vertex 0.970819 -6.29466 1.99
      vertex 0.970819 -6.29466 5
    endloop
  endfacet
  facet normal -0.996919 -0.0784386 0
    outer loop
      vertex 1.2 -7 1.99
      vertex 1.18523 -6.81228 5
      vertex 1.18523 -6.81228 1.99
    endloop
  endfacet
  facet normal -0.996919 -0.0784386 0
    outer loop
      vertex 1.18523 -6.81228 5
      vertex 1.2 -7 1.99
      vertex 1.2 -7 5
    endloop
  endfacet
  facet normal 0.760419 -0.649433 0
    outer loop
      vertex -0.970819 -6.29466 5
      vertex -0.848528 -6.15147 1.99
      vertex -0.848528 -6.15147 5
    endloop
  endfacet
  facet normal 0.760419 -0.649433 0
    outer loop
      vertex -0.848528 -6.15147 1.99
      vertex -0.970819 -6.29466 5
      vertex -0.970819 -6.29466 1.99
    endloop
  endfacet
  facet normal 0.923881 0.38268 0
    outer loop
      vertex -1.06921 -7.54479 5
      vertex -1.14127 -7.37082 1.99
      vertex -1.14127 -7.37082 5
    endloop
  endfacet
  facet normal 0.923881 0.38268 0
    outer loop
      vertex -1.14127 -7.37082 1.99
      vertex -1.06921 -7.54479 5
      vertex -1.06921 -7.54479 1.99
    endloop
  endfacet
  facet normal -0.852626 0.522521 0
    outer loop
      vertex 0.970819 -7.70534 1.99
      vertex 1.06921 -7.54479 5
      vertex 1.06921 -7.54479 1.99
    endloop
  endfacet
  facet normal -0.852626 0.522521 0
    outer loop
      vertex 1.06921 -7.54479 5
      vertex 0.970819 -7.70534 1.99
      vertex 0.970819 -7.70534 5
    endloop
  endfacet
  facet normal -0.760419 0.649433 0
    outer loop
      vertex 0.848528 -7.84853 1.99
      vertex 0.970819 -7.70534 5
      vertex 0.970819 -7.70534 1.99
    endloop
  endfacet
  facet normal -0.760419 0.649433 0
    outer loop
      vertex 0.970819 -7.70534 5
      vertex 0.848528 -7.84853 1.99
      vertex 0.848528 -7.84853 5
    endloop
  endfacet
  facet normal 0.996919 -0.0784386 0
    outer loop
      vertex -1.2 -7 5
      vertex -1.18523 -6.81228 1.99
      vertex -1.18523 -6.81228 5
    endloop
  endfacet
  facet normal 0.996919 -0.0784386 0
    outer loop
      vertex -1.18523 -6.81228 1.99
      vertex -1.2 -7 5
      vertex -1.2 -7 1.99
    endloop
  endfacet
  facet normal 0.972368 -0.233453 0
    outer loop
      vertex -1.18523 -6.81228 5
      vertex -1.14127 -6.62918 1.99
      vertex -1.14127 -6.62918 5
    endloop
  endfacet
  facet normal 0.972368 -0.233453 0
    outer loop
      vertex -1.14127 -6.62918 1.99
      vertex -1.18523 -6.81228 5
      vertex -1.18523 -6.81228 1.99
    endloop
  endfacet
  facet normal 0.760419 0.649433 0
    outer loop
      vertex -0.848528 -7.84853 5
      vertex -0.970819 -7.70534 1.99
      vertex -0.970819 -7.70534 5
    endloop
  endfacet
  facet normal 0.760419 0.649433 0
    outer loop
      vertex -0.970819 -7.70534 1.99
      vertex -0.848528 -7.84853 5
      vertex -0.848528 -7.84853 1.99
    endloop
  endfacet
  facet normal 0.852626 0.522521 0
    outer loop
      vertex -0.970819 -7.70534 5
      vertex -1.06921 -7.54479 1.99
      vertex -1.06921 -7.54479 5
    endloop
  endfacet
  facet normal 0.852626 0.522521 0
    outer loop
      vertex -1.06921 -7.54479 1.99
      vertex -0.970819 -7.70534 5
      vertex -0.970819 -7.70534 1.99
    endloop
  endfacet
  facet normal 0.852626 -0.522521 0
    outer loop
      vertex -1.06921 -6.45521 5
      vertex -0.970819 -6.29466 1.99
      vertex -0.970819 -6.29466 5
    endloop
  endfacet
  facet normal 0.852626 -0.522521 0
    outer loop
      vertex -0.970819 -6.29466 1.99
      vertex -1.06921 -6.45521 5
      vertex -1.06921 -6.45521 1.99
    endloop
  endfacet
  facet normal 0.972368 0.233454 0
    outer loop
      vertex 17.7784 2.81582 6
      vertex 17.119 5.56231 0
      vertex 17.119 5.56231 6
    endloop
  endfacet
  facet normal 0.972368 0.233454 0
    outer loop
      vertex 17.119 5.56231 0
      vertex 17.7784 2.81582 6
      vertex 17.7784 2.81582 0
    endloop
  endfacet
  facet normal 0.996918 0.0784556 0
    outer loop
      vertex 18 0 6
      vertex 17.7784 2.81582 0
      vertex 17.7784 2.81582 6
    endloop
  endfacet
  facet normal 0.996918 0.0784556 0
    outer loop
      vertex 17.7784 2.81582 0
      vertex 18 0 6
      vertex 18 0 0
    endloop
  endfacet
  facet normal 0.923879 0.382684 0
    outer loop
      vertex 17.119 5.56231 6
      vertex 16.0381 8.17183 0
      vertex 16.0381 8.17183 6
    endloop
  endfacet
  facet normal 0.923879 0.382684 0
    outer loop
      vertex 16.0381 8.17183 0
      vertex 17.119 5.56231 6
      vertex 17.119 5.56231 0
    endloop
  endfacet
  facet normal 0.649449 -0.760405 0
    outer loop
      vertex 10.5801 -14.5623 0
      vertex 12.7279 -12.7279 6
      vertex 10.5801 -14.5623 6
    endloop
  endfacet
  facet normal 0.649449 -0.760405 0
    outer loop
      vertex 12.7279 -12.7279 6
      vertex 10.5801 -14.5623 0
      vertex 12.7279 -12.7279 0
    endloop
  endfacet
  facet normal 0.522501 -0.852639 0
    outer loop
      vertex 8.17183 -16.0381 0
      vertex 10.5801 -14.5623 6
      vertex 8.17183 -16.0381 6
    endloop
  endfacet
  facet normal 0.522501 -0.852639 0
    outer loop
      vertex 10.5801 -14.5623 6
      vertex 8.17183 -16.0381 0
      vertex 10.5801 -14.5623 0
    endloop
  endfacet
  facet normal 0.760405 0.649449 0
    outer loop
      vertex 14.5623 10.5801 6
      vertex 12.7279 12.7279 0
      vertex 12.7279 12.7279 6
    endloop
  endfacet
  facet normal 0.760405 0.649449 0
    outer loop
      vertex 12.7279 12.7279 0
      vertex 14.5623 10.5801 6
      vertex 14.5623 10.5801 0
    endloop
  endfacet
  facet normal -0.996918 0.0784556 0
    outer loop
      vertex -18 0 0
      vertex -17.7784 2.81582 6
      vertex -17.7784 2.81582 0
    endloop
  endfacet
  facet normal -0.996918 0.0784556 0
    outer loop
      vertex -17.7784 2.81582 6
      vertex -18 0 0
      vertex -18 0 6
    endloop
  endfacet
  facet normal -0.852639 0.522501 0
    outer loop
      vertex -16.0381 8.17183 0
      vertex -14.5623 10.5801 6
      vertex -14.5623 10.5801 0
    endloop
  endfacet
  facet normal -0.852639 0.522501 0
    outer loop
      vertex -14.5623 10.5801 6
      vertex -16.0381 8.17183 0
      vertex -16.0381 8.17183 6
    endloop
  endfacet
  facet normal -0.522501 0.852639 0
    outer loop
      vertex -8.17183 16.0381 0
      vertex -10.5801 14.5623 6
      vertex -8.17183 16.0381 6
    endloop
  endfacet
  facet normal -0.522501 0.852639 0
    outer loop
      vertex -10.5801 14.5623 6
      vertex -8.17183 16.0381 0
      vertex -10.5801 14.5623 0
    endloop
  endfacet
  facet normal 0.923879 -0.382684 0
    outer loop
      vertex 16.0381 -8.17183 6
      vertex 17.119 -5.56231 0
      vertex 17.119 -5.56231 6
    endloop
  endfacet
  facet normal 0.923879 -0.382684 0
    outer loop
      vertex 17.119 -5.56231 0
      vertex 16.0381 -8.17183 6
      vertex 16.0381 -8.17183 0
    endloop
  endfacet
  facet normal 0.852639 -0.522501 0
    outer loop
      vertex 14.5623 -10.5801 6
      vertex 16.0381 -8.17183 0
      vertex 16.0381 -8.17183 6
    endloop
  endfacet
  facet normal 0.852639 -0.522501 0
    outer loop
      vertex 16.0381 -8.17183 0
      vertex 14.5623 -10.5801 6
      vertex 14.5623 -10.5801 0
    endloop
  endfacet
  facet normal -0.382684 0.923879 0
    outer loop
      vertex -5.56231 17.119 0
      vertex -8.17183 16.0381 6
      vertex -5.56231 17.119 6
    endloop
  endfacet
  facet normal -0.382684 0.923879 0
    outer loop
      vertex -8.17183 16.0381 6
      vertex -5.56231 17.119 0
      vertex -8.17183 16.0381 0
    endloop
  endfacet
  facet normal -0.972368 -0.233454 0
    outer loop
      vertex -17.119 -5.56231 0
      vertex -17.7784 -2.81582 6
      vertex -17.7784 -2.81582 0
    endloop
  endfacet
  facet normal -0.972368 -0.233454 0
    outer loop
      vertex -17.7784 -2.81582 6
      vertex -17.119 -5.56231 0
      vertex -17.119 -5.56231 6
    endloop
  endfacet
  facet normal 0.233454 -0.972368 0
    outer loop
      vertex 2.81582 -17.7784 0
      vertex 5.56231 -17.119 6
      vertex 2.81582 -17.7784 6
    endloop
  endfacet
  facet normal 0.233454 -0.972368 0
    outer loop
      vertex 5.56231 -17.119 6
      vertex 2.81582 -17.7784 0
      vertex 5.56231 -17.119 0
    endloop
  endfacet
  facet normal 0.0784556 -0.996918 0
    outer loop
      vertex 0 -18 0
      vertex 2.81582 -17.7784 6
      vertex 0 -18 6
    endloop
  endfacet
  facet normal 0.0784556 -0.996918 0
    outer loop
      vertex 2.81582 -17.7784 6
      vertex 0 -18 0
      vertex 2.81582 -17.7784 0
    endloop
  endfacet
  facet normal -0.649449 0.760405 0
    outer loop
      vertex -10.5801 14.5623 0
      vertex -12.7279 12.7279 6
      vertex -10.5801 14.5623 6
    endloop
  endfacet
  facet normal -0.649449 0.760405 0
    outer loop
      vertex -12.7279 12.7279 6
      vertex -10.5801 14.5623 0
      vertex -12.7279 12.7279 0
    endloop
  endfacet
  facet normal 0.852639 0.522501 0
    outer loop
      vertex 16.0381 8.17183 6
      vertex 14.5623 10.5801 0
      vertex 14.5623 10.5801 6
    endloop
  endfacet
  facet normal 0.852639 0.522501 0
    outer loop
      vertex 14.5623 10.5801 0
      vertex 16.0381 8.17183 6
      vertex 16.0381 8.17183 0
    endloop
  endfacet
  facet normal -0.0784556 0.996918 0
    outer loop
      vertex 0 18 0
      vertex -2.81582 17.7784 6
      vertex 0 18 6
    endloop
  endfacet
  facet normal -0.0784556 0.996918 0
    outer loop
      vertex -2.81582 17.7784 6
      vertex 0 18 0
      vertex -2.81582 17.7784 0
    endloop
  endfacet
  facet normal 0.382684 0.923879 -0
    outer loop
      vertex 8.17183 16.0381 0
      vertex 5.56231 17.119 6
      vertex 8.17183 16.0381 6
    endloop
  endfacet
  facet normal 0.382684 0.923879 0
    outer loop
      vertex 5.56231 17.119 6
      vertex 8.17183 16.0381 0
      vertex 5.56231 17.119 0
    endloop
  endfacet
  facet normal -0.996918 -0.0784556 0
    outer loop
      vertex -17.7784 -2.81582 0
      vertex -18 0 6
      vertex -18 0 0
    endloop
  endfacet
  facet normal -0.996918 -0.0784556 0
    outer loop
      vertex -18 0 6
      vertex -17.7784 -2.81582 0
      vertex -17.7784 -2.81582 6
    endloop
  endfacet
  facet normal -0.233454 0.972368 0
    outer loop
      vertex -2.81582 17.7784 0
      vertex -5.56231 17.119 6
      vertex -2.81582 17.7784 6
    endloop
  endfacet
  facet normal -0.233454 0.972368 0
    outer loop
      vertex -5.56231 17.119 6
      vertex -2.81582 17.7784 0
      vertex -5.56231 17.119 0
    endloop
  endfacet
  facet normal 0 0 1
    outer loop
      vertex 10 0 6
      vertex 18 0 6
      vertex 17.7784 2.81582 6
    endloop
  endfacet
  facet normal 0 0 1
    outer loop
      vertex 10 0 6
      vertex 17.7784 2.81582 6
      vertex 17.119 5.56231 6
    endloop
  endfacet
  facet normal 0 0 1
    outer loop
      vertex 18 0 6
      vertex 10 0 6
      vertex 17.7784 -2.81582 6
    endloop
  endfacet
  facet normal 0 0 1
    outer loop
      vertex 10 0 6
      vertex 17.119 5.56231 6
      vertex 16.0381 8.17183 6
    endloop
  endfacet
  facet normal 0 0 1
    outer loop
      vertex 17.7784 -2.81582 6
      vertex 10 0 6
      vertex 17.119 -5.56231 6
    endloop
  endfacet
  facet normal 0 0 1
    outer loop
      vertex 7.54479 1.06921 6
      vertex 16.0381 8.17183 6
      vertex 14.5623 10.5801 6
    endloop
  endfacet
  facet normal 0 0 1
    outer loop
      vertex 17.119 -5.56231 6
      vertex 10 0 6
      vertex 16.0381 -8.17183 6
    endloop
  endfacet
  facet normal 0 0 1
    outer loop
      vertex 4.8541 3.52671 6
      vertex 14.5623 10.5801 6
      vertex 12.7279 12.7279 6
    endloop
  endfacet
  facet normal 0 0 1
    outer loop
      vertex 10 -10 6
      vertex 16.0381 -8.17183 6
      vertex 10 0 6
    endloop
  endfacet
  facet normal 0 0 1
    outer loop
      vertex 4.24264 4.24264 6
      vertex 12.7279 12.7279 6
      vertex 10.5801 14.5623 6
    endloop
  endfacet
  facet normal 0 0 1
    outer loop
      vertex 16.0381 -8.17183 6
      vertex 10 -10 6
      vertex 14.5623 -10.5801 6
    endloop
  endfacet
  facet normal 0 0 1
    outer loop
      vertex 14.5623 -10.5801 6
      vertex 10 -10 6
      vertex 12.7279 -12.7279 6
    endloop
  endfacet
  facet normal 0 0 1
    outer loop
      vertex 16.0381 8.17183 6
      vertex 7.70534 0.970819 6
      vertex 10 0 6
    endloop
  endfacet
  facet normal 0 0 1
    outer loop
      vertex 10 0 6
      vertex 8.18523 0.187721 6
      vertex 8.2 0 6
    endloop
  endfacet
  facet normal 0 0 1
    outer loop
      vertex 1.06921 7.54479 6
      vertex 10.5801 14.5623 6
      vertex 8.17183 16.0381 6
    endloop
  endfacet
  facet normal 0 0 1
    outer loop
      vertex 10 0 6
      vertex 8.14127 0.37082 6
      vertex 8.18523 0.187721 6
    endloop
  endfacet
  facet normal 0 0 1
    outer loop
      vertex 10 0 6
      vertex 8.06921 0.544788 6
      vertex 8.14127 0.37082 6
    endloop
  endfacet
  facet normal 0 0 1
    outer loop
      vertex 10 0 6
      vertex 7.97082 0.705342 6
      vertex 8.06921 0.544788 6
    endloop
  endfacet
  facet normal 0 0 1
    outer loop
      vertex 10 0 6
      vertex 7.84853 0.848528 6
      vertex 7.97082 0.705342 6
    endloop
  endfacet
  facet normal 0 0 1
    outer loop
      vertex 10 0 6
      vertex 7.70534 0.970819 6
      vertex 7.84853 0.848528 6
    endloop
  endfacet
  facet normal 0 0 1
    outer loop
      vertex 16.0381 8.17183 6
      vertex 7.54479 1.06921 6
      vertex 7.70534 0.970819 6
    endloop
  endfacet
  facet normal 0 0 1
    outer loop
      vertex 14.5623 10.5801 6
      vertex 4.8541 3.52671 6
      vertex 7.54479 1.06921 6
    endloop
  endfacet
  facet normal 0 0 1
    outer loop
      vertex 7.54479 1.06921 6
      vertex 4.8541 3.52671 6
      vertex 7.37082 1.14127 6
    endloop
  endfacet
  facet normal -0 -0 1
    outer loop
      vertex 5.34604 2.72394 6
      vertex 7.37082 1.14127 6
      vertex 4.8541 3.52671 6
    endloop
  endfacet
  facet normal 0 0 1
    outer loop
      vertex 7.37082 1.14127 6
      vertex 5.34604 2.72394 6
      vertex 7.18772 1.18523 6
    endloop
  endfacet
  facet normal 0 0 1
    outer loop
      vertex 7.18772 1.18523 6
      vertex 5.34604 2.72394 6
      vertex 7 1.2 6
    endloop
  endfacet
  facet normal 0 0 1
    outer loop
      vertex 7 1.2 6
      vertex 5.70634 1.8541 6
      vertex 6.81228 1.18523 6
    endloop
  endfacet
  facet normal 0 0 1
    outer loop
      vertex 6.81228 1.18523 6
      vertex 5.70634 1.8541 6
      vertex 6.62918 1.14127 6
    endloop
  endfacet
  facet normal 0 0 1
    outer loop
      vertex 6.62918 1.14127 6
      vertex 5.70634 1.8541 6
      vertex 6.45521 1.06921 6
    endloop
  endfacet
  facet normal 0 -0 1
    outer loop
      vertex 5.92613 0.938606 6
      vertex 6.29466 0.970819 6
      vertex 5.70634 1.8541 6
    endloop
  endfacet
  facet normal 0 0 1
    outer loop
      vertex 6.29466 0.970819 6
      vertex 5.92613 0.938606 6
      vertex 6.15147 0.848528 6
    endloop
  endfacet
  facet normal 0 0 1
    outer loop
      vertex 6.02918 0.705342 6
      vertex 5.92613 0.938606 6
      vertex 5.95413 0.582868 6
    endloop
  endfacet
  facet normal 0 0 1
    outer loop
      vertex 6.15147 0.848528 6
      vertex 5.92613 0.938606 6
      vertex 6.02918 0.705342 6
    endloop
  endfacet
  facet normal 0 0 1
    outer loop
      vertex 0.848528 7.84853 6
      vertex 8.17183 16.0381 6
      vertex 5.56231 17.119 6
    endloop
  endfacet
  facet normal 0 0 1
    outer loop
      vertex 6.45521 1.06921 6
      vertex 5.70634 1.8541 6
      vertex 6.29466 0.970819 6
    endloop
  endfacet
  facet normal -0 -0 1
    outer loop
      vertex 5.70634 1.8541 6
      vertex 7 1.2 6
      vertex 5.34604 2.72394 6
    endloop
  endfacet
  facet normal 0 0 1
    outer loop
      vertex 12.7279 12.7279 6
      vertex 4.24264 4.24264 6
      vertex 4.8541 3.52671 6
    endloop
  endfacet
  facet normal 0 0 1
    outer loop
      vertex 10.5801 14.5623 6
      vertex 3.52671 4.8541 6
      vertex 4.24264 4.24264 6
    endloop
  endfacet
  facet normal 0 0 1
    outer loop
      vertex 0.544788 8.06921 6
      vertex 5.56231 17.119 6
      vertex 2.81582 17.7784 6
    endloop
  endfacet
  facet normal 0 0 1
    outer loop
      vertex 10.5801 14.5623 6
      vertex 1.06921 7.54479 6
      vertex 3.52671 4.8541 6
    endloop
  endfacet
  facet normal -0 -0 1
    outer loop
      vertex 1.14127 7.37082 6
      vertex 3.52671 4.8541 6
      vertex 1.06921 7.54479 6
    endloop
  endfacet
  facet normal -0 -0 1
    outer loop
      vertex 1.18523 7.18772 6
      vertex 2.72394 5.34604 6
      vertex 1.14127 7.37082 6
    endloop
  endfacet
  facet normal 0 0 1
    outer loop
      vertex 2.72394 5.34604 6
      vertex 1.2 7 6
      vertex 1.8541 5.70634 6
    endloop
  endfacet
  facet normal -0 -0 1
    outer loop
      vertex 1.2 7 6
      vertex 2.72394 5.34604 6
      vertex 1.18523 7.18772 6
    endloop
  endfacet
  facet normal 0 0 1
    outer loop
      vertex 3.52671 4.8541 6
      vertex 1.14127 7.37082 6
      vertex 2.72394 5.34604 6
    endloop
  endfacet
  facet normal 0 0 1
    outer loop
      vertex 8.17183 16.0381 6
      vertex 0.970819 7.70534 6
      vertex 1.06921 7.54479 6
    endloop
  endfacet
  facet normal 0 0 1
    outer loop
      vertex 8.17183 16.0381 6
      vertex 0.848528 7.84853 6
      vertex 0.970819 7.70534 6
    endloop
  endfacet
  facet normal 0 0 1
    outer loop
      vertex 5.56231 17.119 6
      vertex 0.705342 7.97082 6
      vertex 0.848528 7.84853 6
    endloop
  endfacet
  facet normal 0 0 1
    outer loop
      vertex 5.56231 17.119 6
      vertex 0.544788 8.06921 6
      vertex 0.705342 7.97082 6
    endloop
  endfacet
  facet normal 0 0 1
    outer loop
      vertex 2.81582 17.7784 6
      vertex 0.37082 8.14127 6
      vertex 0.544788 8.06921 6
    endloop
  endfacet
  facet normal 0 0 1
    outer loop
      vertex 2.81582 17.7784 6
      vertex 0.187721 8.18523 6
      vertex 0.37082 8.14127 6
    endloop
  endfacet
  facet normal 0 0 1
    outer loop
      vertex 0 18 6
      vertex 0.187721 8.18523 6
      vertex 2.81582 17.7784 6
    endloop
  endfacet
  facet normal 0 0 1
    outer loop
      vertex 0 18 6
      vertex 0 8.2 6
      vertex 0.187721 8.18523 6
    endloop
  endfacet
  facet normal 0 0 1
    outer loop
      vertex 0 18 6
      vertex -0.187721 8.18523 6
      vertex 0 8.2 6
    endloop
  endfacet
  facet normal -0 0 1
    outer loop
      vertex -2.81582 17.7784 6
      vertex -0.187721 8.18523 6
      vertex 0 18 6
    endloop
  endfacet
  facet normal 0 0 1
    outer loop
      vertex -0.187721 8.18523 6
      vertex -2.81582 17.7784 6
      vertex -0.37082 8.14127 6
    endloop
  endfacet
  facet normal 0 0 1
    outer loop
      vertex -0.37082 8.14127 6
      vertex -2.81582 17.7784 6
      vertex -0.544788 8.06921 6
    endloop
  endfacet
  facet normal -0 0 1
    outer loop
      vertex -5.56231 17.119 6
      vertex -0.544788 8.06921 6
      vertex -2.81582 17.7784 6
    endloop
  endfacet
  facet normal 0 0 1
    outer loop
      vertex -0.544788 8.06921 6
      vertex -5.56231 17.119 6
      vertex -0.705342 7.97082 6
    endloop
  endfacet
  facet normal 0 0 1
    outer loop
      vertex -0.705342 7.97082 6
      vertex -5.56231 17.119 6
      vertex -0.848528 7.84853 6
    endloop
  endfacet
  facet normal -0 0 1
    outer loop
      vertex -8.17183 16.0381 6
      vertex -0.848528 7.84853 6
      vertex -5.56231 17.119 6
    endloop
  endfacet
  facet normal 0 0 1
    outer loop
      vertex -0.848528 7.84853 6
      vertex -8.17183 16.0381 6
      vertex -0.970819 7.70534 6
    endloop
  endfacet
  facet normal 0 0 1
    outer loop
      vertex -2.72394 5.34604 6
      vertex -1.2 7 6
      vertex -1.18523 7.18772 6
    endloop
  endfacet
  facet normal 0 0 1
    outer loop
      vertex -0.970819 7.70534 6
      vertex -8.17183 16.0381 6
      vertex -1.06921 7.54479 6
    endloop
  endfacet
  facet normal -0 0 1
    outer loop
      vertex -10.5801 14.5623 6
      vertex -1.06921 7.54479 6
      vertex -8.17183 16.0381 6
    endloop
  endfacet
  facet normal 0 -0 1
    outer loop
      vertex -3.52671 4.8541 6
      vertex -1.06921 7.54479 6
      vertex -10.5801 14.5623 6
    endloop
  endfacet
  facet normal 0 0 1
    outer loop
      vertex -1.2 7 6
      vertex -2.72394 5.34604 6
      vertex -1.8541 5.70634 6
    endloop
  endfacet
  facet normal 0 0 1
    outer loop
      vertex -1.06921 7.54479 6
      vertex -3.52671 4.8541 6
      vertex -1.14127 7.37082 6
    endloop
  endfacet
  facet normal 0 0 1
    outer loop
      vertex -1.14127 7.37082 6
      vertex -2.72394 5.34604 6
      vertex -1.18523 7.18772 6
    endloop
  endfacet
  facet normal 0 -0 1
    outer loop
      vertex -2.72394 5.34604 6
      vertex -1.14127 7.37082 6
      vertex -3.52671 4.8541 6
    endloop
  endfacet
  facet normal 0 0 1
    outer loop
      vertex -3.52671 4.8541 6
      vertex -10.5801 14.5623 6
      vertex -4.24264 4.24264 6
    endloop
  endfacet
  facet normal -0 0 1
    outer loop
      vertex -12.7279 12.7279 6
      vertex -4.24264 4.24264 6
      vertex -10.5801 14.5623 6
    endloop
  endfacet
  facet normal 0 0 1
    outer loop
      vertex -4.24264 4.24264 6
      vertex -12.7279 12.7279 6
      vertex -4.8541 3.52671 6
    endloop
  endfacet
  facet normal -0 0 1
    outer loop
      vertex -14.5623 10.5801 6
      vertex -4.8541 3.52671 6
      vertex -12.7279 12.7279 6
    endloop
  endfacet
  facet normal 0 0 1
    outer loop
      vertex -5.92613 0.938606 6
      vertex -6.02918 0.705342 6
      vertex -5.95413 0.582868 6
    endloop
  endfacet
  facet normal 0 0 1
    outer loop
      vertex -5.92613 0.938606 6
      vertex -6.15147 0.848528 6
      vertex -6.02918 0.705342 6
    endloop
  endfacet
  facet normal 0 0 1
    outer loop
      vertex -5.92613 0.938606 6
      vertex -6.29466 0.970819 6
      vertex -6.15147 0.848528 6
    endloop
  endfacet
  facet normal 0 0 1
    outer loop
      vertex -5.70634 1.8541 6
      vertex -6.29466 0.970819 6
      vertex -5.92613 0.938606 6
    endloop
  endfacet
  facet normal 0 -0 1
    outer loop
      vertex -6.29466 0.970819 6
      vertex -5.70634 1.8541 6
      vertex -6.45521 1.06921 6
    endloop
  endfacet
  facet normal 0 -0 1
    outer loop
      vertex -6.45521 1.06921 6
      vertex -5.70634 1.8541 6
      vertex -6.62918 1.14127 6
    endloop
  endfacet
  facet normal 0 0 1
    outer loop
      vertex -5.70634 1.8541 6
      vertex -6.81228 1.18523 6
      vertex -6.62918 1.14127 6
    endloop
  endfacet
  facet normal 0 -0 1
    outer loop
      vertex -7.54479 1.06921 6
      vertex -4.8541 3.52671 6
      vertex -14.5623 10.5801 6
    endloop
  endfacet
  facet normal 0 0 1
    outer loop
      vertex -5.70634 1.8541 6
      vertex -7 1.2 6
      vertex -6.81228 1.18523 6
    endloop
  endfacet
  facet normal 0 -0 1
    outer loop
      vertex -7.37082 1.14127 6
      vertex -4.8541 3.52671 6
      vertex -7.54479 1.06921 6
    endloop
  endfacet
  facet normal 0 0 1
    outer loop
      vertex -5.34604 2.72394 6
      vertex -7 1.2 6
      vertex -5.70634 1.8541 6
    endloop
  endfacet
  facet normal 0 -0 1
    outer loop
      vertex -7 1.2 6
      vertex -5.34604 2.72394 6
      vertex -7.18772 1.18523 6
    endloop
  endfacet
  facet normal 0 -0 1
    outer loop
      vertex -7.18772 1.18523 6
      vertex -5.34604 2.72394 6
      vertex -7.37082 1.14127 6
    endloop
  endfacet
  facet normal 0 0 1
    outer loop
      vertex -4.8541 3.52671 6
      vertex -7.37082 1.14127 6
      vertex -5.34604 2.72394 6
    endloop
  endfacet
  facet normal -0 0 1
    outer loop
      vertex -16.0381 8.17183 6
      vertex -7.54479 1.06921 6
      vertex -14.5623 10.5801 6
    endloop
  endfacet
  facet normal 0 0 1
    outer loop
      vertex -7.54479 1.06921 6
      vertex -16.0381 8.17183 6
      vertex -7.70534 0.970819 6
    endloop
  endfacet
  facet normal 0 -0 1
    outer loop
      vertex -10 0 6
      vertex -7.70534 0.970819 6
      vertex -16.0381 8.17183 6
    endloop
  endfacet
  facet normal 0 0 1
    outer loop
      vertex -7.70534 0.970819 6
      vertex -10 0 6
      vertex -7.84853 0.848528 6
    endloop
  endfacet
  facet normal 0 0 1
    outer loop
      vertex -7.84853 0.848528 6
      vertex -10 0 6
      vertex -7.97082 0.705342 6
    endloop
  endfacet
  facet normal 0 0 1
    outer loop
      vertex -8.14127 0.37082 6
      vertex -10 0 6
      vertex -8.18523 0.187721 6
    endloop
  endfacet
  facet normal 0 0 1
    outer loop
      vertex -7.97082 0.705342 6
      vertex -10 0 6
      vertex -8.06921 0.544788 6
    endloop
  endfacet
  facet normal 0 0 1
    outer loop
      vertex 12.7279 -12.7279 6
      vertex 10 -10 6
      vertex 10.5801 -14.5623 6
    endloop
  endfacet
  facet normal 0 0 1
    outer loop
      vertex 10 -10 6
      vertex 8.17183 -16.0381 6
      vertex 10.5801 -14.5623 6
    endloop
  endfacet
  facet normal 0 0 1
    outer loop
      vertex 10 -10 6
      vertex 5.56231 -17.119 6
      vertex 8.17183 -16.0381 6
    endloop
  endfacet
  facet normal 0 0 1
    outer loop
      vertex 10 -10 6
      vertex 2.81582 -17.7784 6
      vertex 5.56231 -17.119 6
    endloop
  endfacet
  facet normal 0 0 1
    outer loop
      vertex 10 -10 6
      vertex 0 -18 6
      vertex 2.81582 -17.7784 6
    endloop
  endfacet
  facet normal -0 0 1
    outer loop
      vertex -10 -10 6
      vertex 0 -18 6
      vertex 10 -10 6
    endloop
  endfacet
  facet normal 0 0 1
    outer loop
      vertex 0 -18 6
      vertex -10 -10 6
      vertex -2.81582 -17.7784 6
    endloop
  endfacet
  facet normal 0 0 1
    outer loop
      vertex -2.81582 -17.7784 6
      vertex -10 -10 6
      vertex -5.56231 -17.119 6
    endloop
  endfacet
  facet normal 0 0 1
    outer loop
      vertex -5.56231 -17.119 6
      vertex -10 -10 6
      vertex -8.17183 -16.0381 6
    endloop
  endfacet
  facet normal 0 0 1
    outer loop
      vertex -10 -10 6
      vertex -10.5801 -14.5623 6
      vertex -8.17183 -16.0381 6
    endloop
  endfacet
  facet normal 0 0 1
    outer loop
      vertex -8.18523 0.187721 6
      vertex -10 0 6
      vertex -8.2 0 6
    endloop
  endfacet
  facet normal 0 0 1
    outer loop
      vertex -8.06921 0.544788 6
      vertex -10 0 6
      vertex -8.14127 0.37082 6
    endloop
  endfacet
  facet normal 0 0 1
    outer loop
      vertex -10 -10 6
      vertex -12.7279 -12.7279 6
      vertex -10.5801 -14.5623 6
    endloop
  endfacet
  facet normal -0 0 1
    outer loop
      vertex -17.119 5.56231 6
      vertex -10 0 6
      vertex -16.0381 8.17183 6
    endloop
  endfacet
  facet normal 0 0 1
    outer loop
      vertex -10 -10 6
      vertex -14.5623 -10.5801 6
      vertex -12.7279 -12.7279 6
    endloop
  endfacet
  facet normal -0 0 1
    outer loop
      vertex -17.7784 2.81582 6
      vertex -10 0 6
      vertex -17.119 5.56231 6
    endloop
  endfacet
  facet normal 0 0 1
    outer loop
      vertex -10 -10 6
      vertex -16.0381 -8.17183 6
      vertex -14.5623 -10.5801 6
    endloop
  endfacet
  facet normal 0 0 1
    outer loop
      vertex -18 0 6
      vertex -10 0 6
      vertex -17.7784 2.81582 6
    endloop
  endfacet
  facet normal 0 0 1
    outer loop
      vertex -10 0 6
      vertex -16.0381 -8.17183 6
      vertex -10 -10 6
    endloop
  endfacet
  facet normal 0 -0 1
    outer loop
      vertex -17.7784 -2.81582 6
      vertex -10 0 6
      vertex -18 0 6
    endloop
  endfacet
  facet normal 0 -0 1
    outer loop
      vertex -16.0381 -8.17183 6
      vertex -10 0 6
      vertex -17.119 -5.56231 6
    endloop
  endfacet
  facet normal 0 -0 1
    outer loop
      vertex -17.119 -5.56231 6
      vertex -10 0 6
      vertex -17.7784 -2.81582 6
    endloop
  endfacet
  facet normal -0 0 1
    outer loop
      vertex 1.18523 6.81228 6
      vertex 1.8541 5.70634 6
      vertex 1.2 7 6
    endloop
  endfacet
  facet normal -0 0 1
    outer loop
      vertex 1.14127 6.62918 6
      vertex 1.8541 5.70634 6
      vertex 1.18523 6.81228 6
    endloop
  endfacet
  facet normal -0 0 1
    outer loop
      vertex 1.06921 6.45521 6
      vertex 1.8541 5.70634 6
      vertex 1.14127 6.62918 6
    endloop
  endfacet
  facet normal -0 0 1
    outer loop
      vertex 0.970819 6.29466 6
      vertex 1.8541 5.70634 6
      vertex 1.06921 6.45521 6
    endloop
  endfacet
  facet normal 0 0 1
    outer loop
      vertex 0.970819 6.29466 6
      vertex 0.938606 5.92613 6
      vertex 1.8541 5.70634 6
    endloop
  endfacet
  facet normal -0 0 1
    outer loop
      vertex 0.848528 6.15147 6
      vertex 0.938606 5.92613 6
      vertex 0.970819 6.29466 6
    endloop
  endfacet
  facet normal -0 0 1
    outer loop
      vertex 0.705342 6.02918 6
      vertex 0.938606 5.92613 6
      vertex 0.848528 6.15147 6
    endloop
  endfacet
  facet normal 0 0 1
    outer loop
      vertex 0.938606 5.92613 6
      vertex 0.705342 6.02918 6
      vertex 0.582868 5.95413 6
    endloop
  endfacet
  facet normal 0 0 1
    outer loop
      vertex -0.705342 6.02918 6
      vertex -0.938606 5.92613 6
      vertex -0.582868 5.95413 6
    endloop
  endfacet
  facet normal 0 0 1
    outer loop
      vertex -0.848528 6.15147 6
      vertex -0.938606 5.92613 6
      vertex -0.705342 6.02918 6
    endloop
  endfacet
  facet normal 0 0 1
    outer loop
      vertex -0.970819 6.29466 6
      vertex -0.938606 5.92613 6
      vertex -0.848528 6.15147 6
    endloop
  endfacet
  facet normal 0 0 1
    outer loop
      vertex -1.8541 5.70634 6
      vertex -0.970819 6.29466 6
      vertex -1.06921 6.45521 6
    endloop
  endfacet
  facet normal 0 0 1
    outer loop
      vertex -1.8541 5.70634 6
      vertex -1.06921 6.45521 6
      vertex -1.14127 6.62918 6
    endloop
  endfacet
  facet normal 0 0 1
    outer loop
      vertex -0.970819 6.29466 6
      vertex -1.8541 5.70634 6
      vertex -0.938606 5.92613 6
    endloop
  endfacet
  facet normal 0 0 1
    outer loop
      vertex -1.18523 6.81228 6
      vertex -1.8541 5.70634 6
      vertex -1.14127 6.62918 6
    endloop
  endfacet
  facet normal 0 0 1
    outer loop
      vertex -1.8541 5.70634 6
      vertex -1.18523 6.81228 6
      vertex -1.2 7 6
    endloop
  endfacet
  facet normal 0 0 -1
    outer loop
      vertex 8.14754 -0.344705 6
      vertex 8.2 0 6
      vertex 8.18523 -0.187721 6
    endloop
  endfacet
  facet normal 0 0 -1
    outer loop
      vertex -8.14754 -0.344705 6
      vertex 8.2 0 6
      vertex 8.14754 -0.344705 6
    endloop
  endfacet
  facet normal 0 0 -1
    outer loop
      vertex -8.2 0 6
      vertex -8.14754 -0.344705 6
      vertex -8.18523 -0.187721 6
    endloop
  endfacet
  facet normal 0 0 -1
    outer loop
      vertex -8.14754 -0.344705 6
      vertex -8.2 0 6
      vertex 8.2 0 6
    endloop
  endfacet
  facet normal 0.522501 0.852639 -0
    outer loop
      vertex 10.5801 14.5623 0
      vertex 8.17183 16.0381 6
      vertex 10.5801 14.5623 6
    endloop
  endfacet
  facet normal 0.522501 0.852639 0
    outer loop
      vertex 8.17183 16.0381 6
      vertex 10.5801 14.5623 0
      vertex 8.17183 16.0381 0
    endloop
  endfacet
  facet normal 0.0784556 0.996918 -0
    outer loop
      vertex 2.81582 17.7784 0
      vertex 0 18 6
      vertex 2.81582 17.7784 6
    endloop
  endfacet
  facet normal 0.0784556 0.996918 0
    outer loop
      vertex 0 18 6
      vertex 2.81582 17.7784 0
      vertex 0 18 0
    endloop
  endfacet
  facet normal 0.382684 -0.923879 0
    outer loop
      vertex 5.56231 -17.119 0
      vertex 8.17183 -16.0381 6
      vertex 5.56231 -17.119 6
    endloop
  endfacet
  facet normal 0.382684 -0.923879 0
    outer loop
      vertex 8.17183 -16.0381 6
      vertex 5.56231 -17.119 0
      vertex 8.17183 -16.0381 0
    endloop
  endfacet
  facet normal -0.522501 -0.852639 0
    outer loop
      vertex -10.5801 -14.5623 0
      vertex -8.17183 -16.0381 6
      vertex -10.5801 -14.5623 6
    endloop
  endfacet
  facet normal -0.522501 -0.852639 -0
    outer loop
      vertex -8.17183 -16.0381 6
      vertex -10.5801 -14.5623 0
      vertex -8.17183 -16.0381 0
    endloop
  endfacet
  facet normal -0.852639 -0.522501 0
    outer loop
      vertex -14.5623 -10.5801 0
      vertex -16.0381 -8.17183 6
      vertex -16.0381 -8.17183 0
    endloop
  endfacet
  facet normal -0.852639 -0.522501 0
    outer loop
      vertex -16.0381 -8.17183 6
      vertex -14.5623 -10.5801 0
      vertex -14.5623 -10.5801 6
    endloop
  endfacet
  facet normal 0.996918 -0.0784556 0
    outer loop
      vertex 17.7784 -2.81582 6
      vertex 18 0 0
      vertex 18 0 6
    endloop
  endfacet
  facet normal 0.996918 -0.0784556 0
    outer loop
      vertex 18 0 0
      vertex 17.7784 -2.81582 6
      vertex 17.7784 -2.81582 0
    endloop
  endfacet
  facet normal -0.760405 0.649449 0
    outer loop
      vertex -14.5623 10.5801 0
      vertex -12.7279 12.7279 6
      vertex -12.7279 12.7279 0
    endloop
  endfacet
  facet normal -0.760405 0.649449 0
    outer loop
      vertex -12.7279 12.7279 6
      vertex -14.5623 10.5801 0
      vertex -14.5623 10.5801 6
    endloop
  endfacet
  facet normal 0.972368 -0.233454 0
    outer loop
      vertex 17.119 -5.56231 6
      vertex 17.7784 -2.81582 0
      vertex 17.7784 -2.81582 6
    endloop
  endfacet
  facet normal 0.972368 -0.233454 0
    outer loop
      vertex 17.7784 -2.81582 0
      vertex 17.119 -5.56231 6
      vertex 17.119 -5.56231 0
    endloop
  endfacet
  facet normal -0.972368 0.233454 0
    outer loop
      vertex -17.7784 2.81582 0
      vertex -17.119 5.56231 6
      vertex -17.119 5.56231 0
    endloop
  endfacet
  facet normal -0.972368 0.233454 0
    outer loop
      vertex -17.119 5.56231 6
      vertex -17.7784 2.81582 0
      vertex -17.7784 2.81582 6
    endloop
  endfacet
  facet normal -0.760405 -0.649449 0
    outer loop
      vertex -12.7279 -12.7279 0
      vertex -14.5623 -10.5801 6
      vertex -14.5623 -10.5801 0
    endloop
  endfacet
  facet normal -0.760405 -0.649449 0
    outer loop
      vertex -14.5623 -10.5801 6
      vertex -12.7279 -12.7279 0
      vertex -12.7279 -12.7279 6
    endloop
  endfacet
  facet normal -0.233454 -0.972368 0
    outer loop
      vertex -5.56231 -17.119 0
      vertex -2.81582 -17.7784 6
      vertex -5.56231 -17.119 6
    endloop
  endfacet
  facet normal -0.233454 -0.972368 -0
    outer loop
      vertex -2.81582 -17.7784 6
      vertex -5.56231 -17.119 0
      vertex -2.81582 -17.7784 0
    endloop
  endfacet
  facet normal -0.382684 -0.923879 0
    outer loop
      vertex -8.17183 -16.0381 0
      vertex -5.56231 -17.119 6
      vertex -8.17183 -16.0381 6
    endloop
  endfacet
  facet normal -0.382684 -0.923879 -0
    outer loop
      vertex -5.56231 -17.119 6
      vertex -8.17183 -16.0381 0
      vertex -5.56231 -17.119 0
    endloop
  endfacet
  facet normal 0.233454 0.972368 -0
    outer loop
      vertex 5.56231 17.119 0
      vertex 2.81582 17.7784 6
      vertex 5.56231 17.119 6
    endloop
  endfacet
  facet normal 0.233454 0.972368 0
    outer loop
      vertex 2.81582 17.7784 6
      vertex 5.56231 17.119 0
      vertex 2.81582 17.7784 0
    endloop
  endfacet
  facet normal 0 0 -1
    outer loop
      vertex 10.3 0 0
      vertex 18 0 0
      vertex 17.7784 -2.81582 0
    endloop
  endfacet
  facet normal 0 0 -1
    outer loop
      vertex 10.1732 -1.61127 0
      vertex 17.7784 -2.81582 0
      vertex 17.119 -5.56231 0
    endloop
  endfacet
  facet normal 0 0 -1
    outer loop
      vertex 18 0 0
      vertex 10.3 0 0
      vertex 17.7784 2.81582 0
    endloop
  endfacet
  facet normal 0 0 -1
    outer loop
      vertex 9.79588 -3.18287 0
      vertex 17.119 -5.56231 0
      vertex 16.0381 -8.17183 0
    endloop
  endfacet
  facet normal 0 0 -1
    outer loop
      vertex 10.1732 1.61127 0
      vertex 17.7784 2.81582 0
      vertex 10.3 0 0
    endloop
  endfacet
  facet normal 0 0 -1
    outer loop
      vertex 9.17737 -4.6761 0
      vertex 16.0381 -8.17183 0
      vertex 14.5623 -10.5801 0
    endloop
  endfacet
  facet normal -0 0 -1
    outer loop
      vertex 17.7784 2.81582 0
      vertex 10.1732 1.61127 0
      vertex 17.119 5.56231 0
    endloop
  endfacet
  facet normal 0 0 -1
    outer loop
      vertex 8.33287 -6.05419 0
      vertex 14.5623 -10.5801 0
      vertex 12.7279 -12.7279 0
    endloop
  endfacet
  facet normal 0 0 -1
    outer loop
      vertex 9.79588 3.18287 0
      vertex 17.119 5.56231 0
      vertex 10.1732 1.61127 0
    endloop
  endfacet
  facet normal 0 0 -1
    outer loop
      vertex 7.2832 -7.2832 0
      vertex 12.7279 -12.7279 0
      vertex 10.5801 -14.5623 0
    endloop
  endfacet
  facet normal -0 0 -1
    outer loop
      vertex 17.119 5.56231 0
      vertex 9.79588 3.18287 0
      vertex 16.0381 8.17183 0
    endloop
  endfacet
  facet normal 0 0 -1
    outer loop
      vertex 9.17737 4.6761 0
      vertex 16.0381 8.17183 0
      vertex 9.79588 3.18287 0
    endloop
  endfacet
  facet normal 0 0 -1
    outer loop
      vertex 17.7784 -2.81582 0
      vertex 10.1732 -1.61127 0
      vertex 10.3 0 0
    endloop
  endfacet
  facet normal 0 0 -1
    outer loop
      vertex 17.119 -5.56231 0
      vertex 9.79588 -3.18287 0
      vertex 10.1732 -1.61127 0
    endloop
  endfacet
  facet normal 0 0 -1
    outer loop
      vertex 16.0381 -8.17183 0
      vertex 9.17737 -4.6761 0
      vertex 9.79588 -3.18287 0
    endloop
  endfacet
  facet normal 0 0 -1
    outer loop
      vertex 14.5623 -10.5801 0
      vertex 8.33287 -6.05419 0
      vertex 9.17737 -4.6761 0
    endloop
  endfacet
  facet normal 0 0 -1
    outer loop
      vertex 6.05419 -8.33287 0
      vertex 10.5801 -14.5623 0
      vertex 8.17183 -16.0381 0
    endloop
  endfacet
  facet normal 0 0 -1
    outer loop
      vertex 12.7279 -12.7279 0
      vertex 7.2832 -7.2832 0
      vertex 8.33287 -6.05419 0
    endloop
  endfacet
  facet normal 0 0 -1
    outer loop
      vertex 10.5801 -14.5623 0
      vertex 6.05419 -8.33287 0
      vertex 7.2832 -7.2832 0
    endloop
  endfacet
  facet normal 0 0 -1
    outer loop
      vertex 4.6761 -9.17737 0
      vertex 8.17183 -16.0381 0
      vertex 5.56231 -17.119 0
    endloop
  endfacet
  facet normal 0 0 -1
    outer loop
      vertex 8.17183 -16.0381 0
      vertex 4.6761 -9.17737 0
      vertex 6.05419 -8.33287 0
    endloop
  endfacet
  facet normal 0 0 -1
    outer loop
      vertex 5.56231 -17.119 0
      vertex 3.18287 -9.79588 0
      vertex 4.6761 -9.17737 0
    endloop
  endfacet
  facet normal 0 0 -1
    outer loop
      vertex 2.81582 -17.7784 0
      vertex 3.18287 -9.79588 0
      vertex 5.56231 -17.119 0
    endloop
  endfacet
  facet normal 0 0 -1
    outer loop
      vertex 2.81582 -17.7784 0
      vertex 1.61127 -10.1732 0
      vertex 3.18287 -9.79588 0
    endloop
  endfacet
  facet normal 0 0 -1
    outer loop
      vertex 0 -18 0
      vertex 1.61127 -10.1732 0
      vertex 2.81582 -17.7784 0
    endloop
  endfacet
  facet normal 0 0 -1
    outer loop
      vertex 0 -18 0
      vertex 0 -10.3 0
      vertex 1.61127 -10.1732 0
    endloop
  endfacet
  facet normal 0 0 -1
    outer loop
      vertex 0 -18 0
      vertex -1.61127 -10.1732 0
      vertex 0 -10.3 0
    endloop
  endfacet
  facet normal 0 0 -1
    outer loop
      vertex -2.81582 -17.7784 0
      vertex -1.61127 -10.1732 0
      vertex 0 -18 0
    endloop
  endfacet
  facet normal 0 0 -1
    outer loop
      vertex -2.81582 -17.7784 0
      vertex -3.18287 -9.79588 0
      vertex -1.61127 -10.1732 0
    endloop
  endfacet
  facet normal 0 0 -1
    outer loop
      vertex -5.56231 -17.119 0
      vertex -3.18287 -9.79588 0
      vertex -2.81582 -17.7784 0
    endloop
  endfacet
  facet normal -0 0 -1
    outer loop
      vertex -3.18287 -9.79588 0
      vertex -5.56231 -17.119 0
      vertex -4.6761 -9.17737 0
    endloop
  endfacet
  facet normal 0 0 -1
    outer loop
      vertex -8.17183 -16.0381 0
      vertex -4.6761 -9.17737 0
      vertex -5.56231 -17.119 0
    endloop
  endfacet
  facet normal -0 0 -1
    outer loop
      vertex -4.6761 -9.17737 0
      vertex -8.17183 -16.0381 0
      vertex -6.05419 -8.33287 0
    endloop
  endfacet
  facet normal 0 0 -1
    outer loop
      vertex -10.5801 -14.5623 0
      vertex -6.05419 -8.33287 0
      vertex -8.17183 -16.0381 0
    endloop
  endfacet
  facet normal -0 0 -1
    outer loop
      vertex -6.05419 -8.33287 0
      vertex -10.5801 -14.5623 0
      vertex -7.2832 -7.2832 0
    endloop
  endfacet
  facet normal 0 0 -1
    outer loop
      vertex -12.7279 -12.7279 0
      vertex -7.2832 -7.2832 0
      vertex -10.5801 -14.5623 0
    endloop
  endfacet
  facet normal -0 0 -1
    outer loop
      vertex -7.2832 -7.2832 0
      vertex -12.7279 -12.7279 0
      vertex -8.33287 -6.05419 0
    endloop
  endfacet
  facet normal 0 0 -1
    outer loop
      vertex -14.5623 -10.5801 0
      vertex -8.33287 -6.05419 0
      vertex -12.7279 -12.7279 0
    endloop
  endfacet
  facet normal 0 0 -1
    outer loop
      vertex -16.0381 -8.17183 0
      vertex -9.17737 -4.6761 0
      vertex -14.5623 -10.5801 0
    endloop
  endfacet
  facet normal -0 0 -1
    outer loop
      vertex -8.33287 -6.05419 0
      vertex -14.5623 -10.5801 0
      vertex -9.17737 -4.6761 0
    endloop
  endfacet
  facet normal -0 0 -1
    outer loop
      vertex 16.0381 8.17183 0
      vertex 9.17737 4.6761 0
      vertex 14.5623 10.5801 0
    endloop
  endfacet
  facet normal 0 0 -1
    outer loop
      vertex 8.33287 6.05419 0
      vertex 14.5623 10.5801 0
      vertex 9.17737 4.6761 0
    endloop
  endfacet
  facet normal -0 0 -1
    outer loop
      vertex 14.5623 10.5801 0
      vertex 8.33287 6.05419 0
      vertex 12.7279 12.7279 0
    endloop
  endfacet
  facet normal 0 0 -1
    outer loop
      vertex 7.2832 7.2832 0
      vertex 12.7279 12.7279 0
      vertex 8.33287 6.05419 0
    endloop
  endfacet
  facet normal -0 0 -1
    outer loop
      vertex 12.7279 12.7279 0
      vertex 7.2832 7.2832 0
      vertex 10.5801 14.5623 0
    endloop
  endfacet
  facet normal 0 0 -1
    outer loop
      vertex 6.05419 8.33287 0
      vertex 10.5801 14.5623 0
      vertex 7.2832 7.2832 0
    endloop
  endfacet
  facet normal -0 0 -1
    outer loop
      vertex 10.5801 14.5623 0
      vertex 6.05419 8.33287 0
      vertex 8.17183 16.0381 0
    endloop
  endfacet
  facet normal 0 0 -1
    outer loop
      vertex 4.6761 9.17737 0
      vertex 8.17183 16.0381 0
      vertex 6.05419 8.33287 0
    endloop
  endfacet
  facet normal -0 0 -1
    outer loop
      vertex 8.17183 16.0381 0
      vertex 4.6761 9.17737 0
      vertex 5.56231 17.119 0
    endloop
  endfacet
  facet normal 0 0 -1
    outer loop
      vertex 3.18287 9.79588 0
      vertex 5.56231 17.119 0
      vertex 4.6761 9.17737 0
    endloop
  endfacet
  facet normal 0 0 -1
    outer loop
      vertex 3.18287 9.79588 0
      vertex 2.81582 17.7784 0
      vertex 5.56231 17.119 0
    endloop
  endfacet
  facet normal 0 0 -1
    outer loop
      vertex 1.61127 10.1732 0
      vertex 2.81582 17.7784 0
      vertex 3.18287 9.79588 0
    endloop
  endfacet
  facet normal 0 0 -1
    outer loop
      vertex 0 10.3 0
      vertex 2.81582 17.7784 0
      vertex 1.61127 10.1732 0
    endloop
  endfacet
  facet normal 0 0 -1
    outer loop
      vertex 0 10.3 0
      vertex 0 18 0
      vertex 2.81582 17.7784 0
    endloop
  endfacet
  facet normal 0 0 -1
    outer loop
      vertex -1.61127 10.1732 0
      vertex 0 18 0
      vertex 0 10.3 0
    endloop
  endfacet
  facet normal 0 0 -1
    outer loop
      vertex -1.61127 10.1732 0
      vertex -2.81582 17.7784 0
      vertex 0 18 0
    endloop
  endfacet
  facet normal 0 0 -1
    outer loop
      vertex -3.18287 9.79588 0
      vertex -2.81582 17.7784 0
      vertex -1.61127 10.1732 0
    endloop
  endfacet
  facet normal 0 0 -1
    outer loop
      vertex -5.56231 17.119 0
      vertex -3.18287 9.79588 0
      vertex -4.6761 9.17737 0
    endloop
  endfacet
  facet normal 0 0 -1
    outer loop
      vertex -3.18287 9.79588 0
      vertex -5.56231 17.119 0
      vertex -2.81582 17.7784 0
    endloop
  endfacet
  facet normal 0 0 -1
    outer loop
      vertex -8.17183 16.0381 0
      vertex -4.6761 9.17737 0
      vertex -6.05419 8.33287 0
    endloop
  endfacet
  facet normal 0 0 -1
    outer loop
      vertex -10.5801 14.5623 0
      vertex -6.05419 8.33287 0
      vertex -7.2832 7.2832 0
    endloop
  endfacet
  facet normal 0 0 -1
    outer loop
      vertex -4.6761 9.17737 0
      vertex -8.17183 16.0381 0
      vertex -5.56231 17.119 0
    endloop
  endfacet
  facet normal 0 0 -1
    outer loop
      vertex -12.7279 12.7279 0
      vertex -7.2832 7.2832 0
      vertex -8.33287 6.05419 0
    endloop
  endfacet
  facet normal 0 0 -1
    outer loop
      vertex -14.5623 10.5801 0
      vertex -8.33287 6.05419 0
      vertex -9.17737 4.6761 0
    endloop
  endfacet
  facet normal 0 0 -1
    outer loop
      vertex -16.0381 8.17183 0
      vertex -9.17737 4.6761 0
      vertex -9.79588 3.18287 0
    endloop
  endfacet
  facet normal 0 0 -1
    outer loop
      vertex -17.119 5.56231 0
      vertex -9.79588 3.18287 0
      vertex -10.1732 1.61127 0
    endloop
  endfacet
  facet normal 0 0 -1
    outer loop
      vertex -6.05419 8.33287 0
      vertex -10.5801 14.5623 0
      vertex -8.17183 16.0381 0
    endloop
  endfacet
  facet normal 0 0 -1
    outer loop
      vertex -17.7784 2.81582 0
      vertex -10.1732 1.61127 0
      vertex -10.3 0 0
    endloop
  endfacet
  facet normal -0 0 -1
    outer loop
      vertex -9.17737 -4.6761 0
      vertex -16.0381 -8.17183 0
      vertex -9.79588 -3.18287 0
    endloop
  endfacet
  facet normal 0 0 -1
    outer loop
      vertex -17.119 -5.56231 0
      vertex -9.79588 -3.18287 0
      vertex -16.0381 -8.17183 0
    endloop
  endfacet
  facet normal 0 0 -1
    outer loop
      vertex -7.2832 7.2832 0
      vertex -12.7279 12.7279 0
      vertex -10.5801 14.5623 0
    endloop
  endfacet
  facet normal -0 0 -1
    outer loop
      vertex -9.79588 -3.18287 0
      vertex -17.119 -5.56231 0
      vertex -10.1732 -1.61127 0
    endloop
  endfacet
  facet normal 0 0 -1
    outer loop
      vertex -8.33287 6.05419 0
      vertex -14.5623 10.5801 0
      vertex -12.7279 12.7279 0
    endloop
  endfacet
  facet normal 0 0 -1
    outer loop
      vertex -17.7784 -2.81582 0
      vertex -10.1732 -1.61127 0
      vertex -17.119 -5.56231 0
    endloop
  endfacet
  facet normal 0 0 -1
    outer loop
      vertex -9.17737 4.6761 0
      vertex -16.0381 8.17183 0
      vertex -14.5623 10.5801 0
    endloop
  endfacet
  facet normal -0 0 -1
    outer loop
      vertex -10.1732 -1.61127 0
      vertex -17.7784 -2.81582 0
      vertex -10.3 0 0
    endloop
  endfacet
  facet normal 0 0 -1
    outer loop
      vertex -9.79588 3.18287 0
      vertex -17.119 5.56231 0
      vertex -16.0381 8.17183 0
    endloop
  endfacet
  facet normal 0 0 -1
    outer loop
      vertex -18 0 0
      vertex -10.3 0 0
      vertex -17.7784 -2.81582 0
    endloop
  endfacet
  facet normal 0 0 -1
    outer loop
      vertex -10.1732 1.61127 0
      vertex -17.7784 2.81582 0
      vertex -17.119 5.56231 0
    endloop
  endfacet
  facet normal 0 0 -1
    outer loop
      vertex -10.3 0 0
      vertex -18 0 0
      vertex -17.7784 2.81582 0
    endloop
  endfacet
  facet normal -0.649449 -0.760405 0
    outer loop
      vertex -12.7279 -12.7279 0
      vertex -10.5801 -14.5623 6
      vertex -12.7279 -12.7279 6
    endloop
  endfacet
  facet normal -0.649449 -0.760405 -0
    outer loop
      vertex -10.5801 -14.5623 6
      vertex -12.7279 -12.7279 0
      vertex -10.5801 -14.5623 0
    endloop
  endfacet
  facet normal -0.0784556 -0.996918 0
    outer loop
      vertex -2.81582 -17.7784 0
      vertex 0 -18 6
      vertex -2.81582 -17.7784 6
    endloop
  endfacet
  facet normal -0.0784556 -0.996918 -0
    outer loop
      vertex 0 -18 6
      vertex -2.81582 -17.7784 0
      vertex 0 -18 0
    endloop
  endfacet
  facet normal 0.649449 0.760405 -0
    outer loop
      vertex 12.7279 12.7279 0
      vertex 10.5801 14.5623 6
      vertex 12.7279 12.7279 6
    endloop
  endfacet
  facet normal 0.649449 0.760405 0
    outer loop
      vertex 10.5801 14.5623 6
      vertex 12.7279 12.7279 0
      vertex 10.5801 14.5623 0
    endloop
  endfacet
  facet normal -0.923879 -0.382684 0
    outer loop
      vertex -16.0381 -8.17183 0
      vertex -17.119 -5.56231 6
      vertex -17.119 -5.56231 0
    endloop
  endfacet
  facet normal -0.923879 -0.382684 0
    outer loop
      vertex -17.119 -5.56231 6
      vertex -16.0381 -8.17183 0
      vertex -16.0381 -8.17183 6
    endloop
  endfacet
  facet normal -0.923879 0.382684 0
    outer loop
      vertex -17.119 5.56231 0
      vertex -16.0381 8.17183 6
      vertex -16.0381 8.17183 0
    endloop
  endfacet
  facet normal -0.923879 0.382684 0
    outer loop
      vertex -16.0381 8.17183 6
      vertex -17.119 5.56231 0
      vertex -17.119 5.56231 6
    endloop
  endfacet
  facet normal 0.760405 -0.649449 0
    outer loop
      vertex 12.7279 -12.7279 6
      vertex 14.5623 -10.5801 0
      vertex 14.5623 -10.5801 6
    endloop
  endfacet
  facet normal 0.760405 -0.649449 0
    outer loop
      vertex 14.5623 -10.5801 0
      vertex 12.7279 -12.7279 6
      vertex 12.7279 -12.7279 0
    endloop
  endfacet
  facet normal -0.233453 0.972368 0
    outer loop
      vertex 3.18287 -9.79588 0
      vertex 1.61127 -10.1732 1.99
      vertex 3.18287 -9.79588 1.99
    endloop
  endfacet
  facet normal -0.233453 0.972368 0
    outer loop
      vertex 1.61127 -10.1732 1.99
      vertex 3.18287 -9.79588 0
      vertex 1.61127 -10.1732 0
    endloop
  endfacet
  facet normal -0.972368 -0.233453 0
    outer loop
      vertex 10.1732 1.61127 0
      vertex 9.79588 3.18287 1.99
      vertex 9.79588 3.18287 0
    endloop
  endfacet
  facet normal -0.972368 -0.233453 0
    outer loop
      vertex 9.79588 3.18287 1.99
      vertex 10.1732 1.61127 0
      vertex 10.1732 1.61127 1.99
    endloop
  endfacet
  facet normal -0.996918 -0.0784531 0
    outer loop
      vertex 10.3 0 0
      vertex 10.1732 1.61127 1.99
      vertex 10.1732 1.61127 0
    endloop
  endfacet
  facet normal -0.996918 -0.0784531 0
    outer loop
      vertex 10.1732 1.61127 1.99
      vertex 10.3 0 0
      vertex 10.3 0 1.99
    endloop
  endfacet
  facet normal -0.923881 -0.38268 0
    outer loop
      vertex 9.79588 3.18287 0
      vertex 9.17737 4.6761 1.99
      vertex 9.17737 4.6761 0
    endloop
  endfacet
  facet normal -0.923881 -0.38268 0
    outer loop
      vertex 9.17737 4.6761 1.99
      vertex 9.79588 3.18287 0
      vertex 9.79588 3.18287 1.99
    endloop
  endfacet
  facet normal -0.996918 0.0784531 0
    outer loop
      vertex 10.1732 -1.61127 0
      vertex 10.3 0 1.99
      vertex 10.3 0 0
    endloop
  endfacet
  facet normal -0.996918 0.0784531 0
    outer loop
      vertex 10.3 0 1.99
      vertex 10.1732 -1.61127 0
      vertex 10.1732 -1.61127 1.99
    endloop
  endfacet
  facet normal -0.760407 0.649447 0
    outer loop
      vertex 7.2832 -7.2832 0
      vertex 8.33287 -6.05419 1.99
      vertex 8.33287 -6.05419 0
    endloop
  endfacet
  facet normal -0.760407 0.649447 0
    outer loop
      vertex 8.33287 -6.05419 1.99
      vertex 7.2832 -7.2832 0
      vertex 7.2832 -7.2832 1.99
    endloop
  endfacet
  facet normal 0.38268 0.923881 -0
    outer loop
      vertex -3.18287 -9.79588 0
      vertex -4.6761 -9.17737 1.99
      vertex -3.18287 -9.79588 1.99
    endloop
  endfacet
  facet normal 0.38268 0.923881 0
    outer loop
      vertex -4.6761 -9.17737 1.99
      vertex -3.18287 -9.79588 0
      vertex -4.6761 -9.17737 0
    endloop
  endfacet
  facet normal -0.972368 0.233453 0
    outer loop
      vertex 9.79588 -3.18287 0
      vertex 10.1732 -1.61127 1.99
      vertex 10.1732 -1.61127 0
    endloop
  endfacet
  facet normal -0.972368 0.233453 0
    outer loop
      vertex 10.1732 -1.61127 1.99
      vertex 9.79588 -3.18287 0
      vertex 9.79588 -3.18287 1.99
    endloop
  endfacet
  facet normal -0.522501 -0.852639 0
    outer loop
      vertex 4.6761 9.17737 0
      vertex 6.05419 8.33287 1.99
      vertex 4.6761 9.17737 1.99
    endloop
  endfacet
  facet normal -0.522501 -0.852639 -0
    outer loop
      vertex 6.05419 8.33287 1.99
      vertex 4.6761 9.17737 0
      vertex 6.05419 8.33287 0
    endloop
  endfacet
  facet normal 0.233453 0.972368 -0
    outer loop
      vertex -1.61127 -10.1732 0
      vertex -3.18287 -9.79588 1.99
      vertex -1.61127 -10.1732 1.99
    endloop
  endfacet
  facet normal 0.233453 0.972368 0
    outer loop
      vertex -3.18287 -9.79588 1.99
      vertex -1.61127 -10.1732 0
      vertex -3.18287 -9.79588 0
    endloop
  endfacet
  facet normal 0.996918 0.0784531 0
    outer loop
      vertex -10.1732 -1.61127 1.99
      vertex -10.3 0 0
      vertex -10.3 0 1.99
    endloop
  endfacet
  facet normal 0.996918 0.0784531 0
    outer loop
      vertex -10.3 0 0
      vertex -10.1732 -1.61127 1.99
      vertex -10.1732 -1.61127 0
    endloop
  endfacet
  facet normal -0.0784531 -0.996918 0
    outer loop
      vertex 0 10.3 0
      vertex 1.61127 10.1732 1.99
      vertex 0 10.3 1.99
    endloop
  endfacet
  facet normal -0.0784531 -0.996918 -0
    outer loop
      vertex 1.61127 10.1732 1.99
      vertex 0 10.3 0
      vertex 1.61127 10.1732 0
    endloop
  endfacet
  facet normal -0.522501 0.852639 0
    outer loop
      vertex 6.05419 -8.33287 0
      vertex 4.6761 -9.17737 1.99
      vertex 6.05419 -8.33287 1.99
    endloop
  endfacet
  facet normal -0.522501 0.852639 0
    outer loop
      vertex 4.6761 -9.17737 1.99
      vertex 6.05419 -8.33287 0
      vertex 4.6761 -9.17737 0
    endloop
  endfacet
  facet normal 0 0 -1
    outer loop
      vertex -0.938606 5.92613 1.99
      vertex -0.705342 6.02918 1.99
      vertex -0.582868 5.95413 1.99
    endloop
  endfacet
  facet normal 0 0 -1
    outer loop
      vertex -0.938606 5.92613 1.99
      vertex -0.848528 6.15147 1.99
      vertex -0.705342 6.02918 1.99
    endloop
  endfacet
  facet normal 0 0 -1
    outer loop
      vertex -0.938606 5.92613 1.99
      vertex -0.970819 6.29466 1.99
      vertex -0.848528 6.15147 1.99
    endloop
  endfacet
  facet normal 0 0 -1
    outer loop
      vertex -1.8541 5.70634 1.99
      vertex -0.970819 6.29466 1.99
      vertex -0.938606 5.92613 1.99
    endloop
  endfacet
  facet normal -0 0 -1
    outer loop
      vertex -0.970819 6.29466 1.99
      vertex -1.8541 5.70634 1.99
      vertex -1.06921 6.45521 1.99
    endloop
  endfacet
  facet normal 0 0 -1
    outer loop
      vertex -1.8541 5.70634 1.99
      vertex -1.2 7 1.99
      vertex -1.18523 6.81228 1.99
    endloop
  endfacet
  facet normal -0 0 -1
    outer loop
      vertex -1.06921 6.45521 1.99
      vertex -1.8541 5.70634 1.99
      vertex -1.14127 6.62918 1.99
    endloop
  endfacet
  facet normal 0 0 -1
    outer loop
      vertex -1.8541 5.70634 1.99
      vertex -1.18523 6.81228 1.99
      vertex -1.14127 6.62918 1.99
    endloop
  endfacet
  facet normal 0 0 -1
    outer loop
      vertex -1.2 7 1.99
      vertex -1.8541 5.70634 1.99
      vertex -2.72394 5.34604 1.99
    endloop
  endfacet
  facet normal -0 0 -1
    outer loop
      vertex -1.2 7 1.99
      vertex -2.72394 5.34604 1.99
      vertex -4.6761 9.17737 1.99
    endloop
  endfacet
  facet normal 0 0 -1
    outer loop
      vertex -1.2 7 1.99
      vertex -3.18287 9.79588 1.99
      vertex -1.61127 10.1732 1.99
    endloop
  endfacet
  facet normal 0 0 -1
    outer loop
      vertex -4.6761 9.17737 1.99
      vertex -2.72394 5.34604 1.99
      vertex -3.52671 4.8541 1.99
    endloop
  endfacet
  facet normal 0 0 -1
    outer loop
      vertex -6.05419 8.33287 1.99
      vertex -3.52671 4.8541 1.99
      vertex -4.24264 4.24264 1.99
    endloop
  endfacet
  facet normal 0 0 -1
    outer loop
      vertex -1.2 7 1.99
      vertex -4.6761 9.17737 1.99
      vertex -3.18287 9.79588 1.99
    endloop
  endfacet
  facet normal 0 0 -1
    outer loop
      vertex -7.2832 7.2832 1.99
      vertex -4.24264 4.24264 1.99
      vertex -4.8541 3.52671 1.99
    endloop
  endfacet
  facet normal 0 0 -1
    outer loop
      vertex -8.33287 6.05419 1.99
      vertex -4.8541 3.52671 1.99
      vertex -5.34604 2.72394 1.99
    endloop
  endfacet
  facet normal 0 0 -1
    outer loop
      vertex -7 1.2 1.99
      vertex -5.34604 2.72394 1.99
      vertex -5.70634 1.8541 1.99
    endloop
  endfacet
  facet normal 0 0 -1
    outer loop
      vertex -6.29466 0.970819 1.99
      vertex -5.70634 1.8541 1.99
      vertex -5.92613 0.938606 1.99
    endloop
  endfacet
  facet normal 0 0 -1
    outer loop
      vertex -6.02918 0.705342 1.99
      vertex -5.92613 0.938606 1.99
      vertex -5.95413 0.582868 1.99
    endloop
  endfacet
  facet normal 0 0 -1
    outer loop
      vertex -6.15147 0.848528 1.99
      vertex -5.92613 0.938606 1.99
      vertex -6.02918 0.705342 1.99
    endloop
  endfacet
  facet normal 0 0 -1
    outer loop
      vertex -6.29466 0.970819 1.99
      vertex -5.92613 0.938606 1.99
      vertex -6.15147 0.848528 1.99
    endloop
  endfacet
  facet normal 0 0 -1
    outer loop
      vertex -3.52671 4.8541 1.99
      vertex -6.05419 8.33287 1.99
      vertex -4.6761 9.17737 1.99
    endloop
  endfacet
  facet normal 0 0 -1
    outer loop
      vertex -5.70634 1.8541 1.99
      vertex -6.29466 0.970819 1.99
      vertex -6.45521 1.06921 1.99
    endloop
  endfacet
  facet normal 0 0 -1
    outer loop
      vertex -5.70634 1.8541 1.99
      vertex -6.45521 1.06921 1.99
      vertex -6.62918 1.14127 1.99
    endloop
  endfacet
  facet normal 0 0 -1
    outer loop
      vertex -6.81228 1.18523 1.99
      vertex -5.70634 1.8541 1.99
      vertex -6.62918 1.14127 1.99
    endloop
  endfacet
  facet normal 0 0 -1
    outer loop
      vertex -7 1.2 1.99
      vertex -5.70634 1.8541 1.99
      vertex -6.81228 1.18523 1.99
    endloop
  endfacet
  facet normal 0 0 -1
    outer loop
      vertex -5.34604 2.72394 1.99
      vertex -7 1.2 1.99
      vertex -7.18772 1.18523 1.99
    endloop
  endfacet
  facet normal -0 0 -1
    outer loop
      vertex -5.34604 2.72394 1.99
      vertex -7.18772 1.18523 1.99
      vertex -9.17737 4.6761 1.99
    endloop
  endfacet
  facet normal 0 0 -1
    outer loop
      vertex -4.24264 4.24264 1.99
      vertex -7.2832 7.2832 1.99
      vertex -6.05419 8.33287 1.99
    endloop
  endfacet
  facet normal 0 0 -1
    outer loop
      vertex -9.79588 3.18287 1.99
      vertex -7.18772 1.18523 1.99
      vertex -7.37082 1.14127 1.99
    endloop
  endfacet
  facet normal 0 0 -1
    outer loop
      vertex -9.79588 3.18287 1.99
      vertex -7.37082 1.14127 1.99
      vertex -7.54479 1.06921 1.99
    endloop
  endfacet
  facet normal 0 0 -1
    outer loop
      vertex -9.79588 3.18287 1.99
      vertex -7.54479 1.06921 1.99
      vertex -7.70534 0.970819 1.99
    endloop
  endfacet
  facet normal 0 0 -1
    outer loop
      vertex -10.1732 1.61127 1.99
      vertex -7.70534 0.970819 1.99
      vertex -7.84853 0.848528 1.99
    endloop
  endfacet
  facet normal 0 0 -1
    outer loop
      vertex -10.1732 1.61127 1.99
      vertex -7.84853 0.848528 1.99
      vertex -7.97082 0.705342 1.99
    endloop
  endfacet
  facet normal 0 0 -1
    outer loop
      vertex -10.1732 1.61127 1.99
      vertex -7.97082 0.705342 1.99
      vertex -8.06921 0.544788 1.99
    endloop
  endfacet
  facet normal 0 0 -1
    outer loop
      vertex -10.1732 1.61127 1.99
      vertex -8.06921 0.544788 1.99
      vertex -8.14127 0.37082 1.99
    endloop
  endfacet
  facet normal 0 0 -1
    outer loop
      vertex -10.3 0 1.99
      vertex -8.14127 0.37082 1.99
      vertex -8.18523 0.187721 1.99
    endloop
  endfacet
  facet normal 0 0 -1
    outer loop
      vertex -4.8541 3.52671 1.99
      vertex -8.33287 6.05419 1.99
      vertex -7.2832 7.2832 1.99
    endloop
  endfacet
  facet normal 0 0 -1
    outer loop
      vertex -10.3 0 1.99
      vertex -8.18523 0.187721 1.99
      vertex -8.2 0 1.99
    endloop
  endfacet
  facet normal -0 0 -1
    outer loop
      vertex -8.06921 -0.544788 1.99
      vertex -10.1732 -1.61127 1.99
      vertex -8.14127 -0.37082 1.99
    endloop
  endfacet
  facet normal 0 0 -1
    outer loop
      vertex -10.3 0 1.99
      vertex -8.14127 -0.37082 1.99
      vertex -10.1732 -1.61127 1.99
    endloop
  endfacet
  facet normal 0 0 -1
    outer loop
      vertex -5.34604 2.72394 1.99
      vertex -9.17737 4.6761 1.99
      vertex -8.33287 6.05419 1.99
    endloop
  endfacet
  facet normal 0 0 -1
    outer loop
      vertex -8.14127 -0.37082 1.99
      vertex -10.3 0 1.99
      vertex -8.18523 -0.187721 1.99
    endloop
  endfacet
  facet normal 0 0 -1
    outer loop
      vertex -7.18772 1.18523 1.99
      vertex -9.79588 3.18287 1.99
      vertex -9.17737 4.6761 1.99
    endloop
  endfacet
  facet normal 0 0 -1
    outer loop
      vertex -8.18523 -0.187721 1.99
      vertex -10.3 0 1.99
      vertex -8.2 0 1.99
    endloop
  endfacet
  facet normal 0 0 -1
    outer loop
      vertex -7.70534 0.970819 1.99
      vertex -10.1732 1.61127 1.99
      vertex -9.79588 3.18287 1.99
    endloop
  endfacet
  facet normal -0 0 -1
    outer loop
      vertex -8.14127 0.37082 1.99
      vertex -10.3 0 1.99
      vertex -10.1732 1.61127 1.99
    endloop
  endfacet
  facet normal 0 0 -1
    outer loop
      vertex 2.72394 -5.34604 1.99
      vertex 1.18523 -7.18772 1.99
      vertex 1.2 -7 1.99
    endloop
  endfacet
  facet normal 0 0 -1
    outer loop
      vertex 3.18287 -9.79588 1.99
      vertex 1.14127 -7.37082 1.99
      vertex 1.18523 -7.18772 1.99
    endloop
  endfacet
  facet normal 0 0 -1
    outer loop
      vertex 3.18287 -9.79588 1.99
      vertex 1.06921 -7.54479 1.99
      vertex 1.14127 -7.37082 1.99
    endloop
  endfacet
  facet normal 0 0 -1
    outer loop
      vertex 3.18287 -9.79588 1.99
      vertex 0.970819 -7.70534 1.99
      vertex 1.06921 -7.54479 1.99
    endloop
  endfacet
  facet normal 0 0 -1
    outer loop
      vertex 1.61127 -10.1732 1.99
      vertex 0.848528 -7.84853 1.99
      vertex 0.970819 -7.70534 1.99
    endloop
  endfacet
  facet normal 0 0 -1
    outer loop
      vertex 1.61127 -10.1732 1.99
      vertex 0.705342 -7.97082 1.99
      vertex 0.848528 -7.84853 1.99
    endloop
  endfacet
  facet normal 0 0 -1
    outer loop
      vertex 1.61127 -10.1732 1.99
      vertex 0.544788 -8.06921 1.99
      vertex 0.705342 -7.97082 1.99
    endloop
  endfacet
  facet normal 0 0 -1
    outer loop
      vertex 1.61127 -10.1732 1.99
      vertex 0.37082 -8.14127 1.99
      vertex 0.544788 -8.06921 1.99
    endloop
  endfacet
  facet normal 0 0 -1
    outer loop
      vertex 0 -10.3 1.99
      vertex 0.37082 -8.14127 1.99
      vertex 1.61127 -10.1732 1.99
    endloop
  endfacet
  facet normal 0 0 -1
    outer loop
      vertex 0.37082 -8.14127 1.99
      vertex 0 -10.3 1.99
      vertex 0.187721 -8.18523 1.99
    endloop
  endfacet
  facet normal 0 0 -1
    outer loop
      vertex 0 -10.3 1.99
      vertex 0 -8.2 1.99
      vertex 0.187721 -8.18523 1.99
    endloop
  endfacet
  facet normal 0 0 -1
    outer loop
      vertex 0 -10.3 1.99
      vertex -0.187721 -8.18523 1.99
      vertex 0 -8.2 1.99
    endloop
  endfacet
  facet normal 0 0 -1
    outer loop
      vertex 0 -10.3 1.99
      vertex -0.37082 -8.14127 1.99
      vertex -0.187721 -8.18523 1.99
    endloop
  endfacet
  facet normal 0 0 -1
    outer loop
      vertex -1.61127 -10.1732 1.99
      vertex -0.37082 -8.14127 1.99
      vertex 0 -10.3 1.99
    endloop
  endfacet
  facet normal -0 0 -1
    outer loop
      vertex -0.37082 -8.14127 1.99
      vertex -1.61127 -10.1732 1.99
      vertex -0.544788 -8.06921 1.99
    endloop
  endfacet
  facet normal -0 0 -1
    outer loop
      vertex -0.544788 -8.06921 1.99
      vertex -1.61127 -10.1732 1.99
      vertex -0.705342 -7.97082 1.99
    endloop
  endfacet
  facet normal -0 0 -1
    outer loop
      vertex -0.705342 -7.97082 1.99
      vertex -1.61127 -10.1732 1.99
      vertex -0.848528 -7.84853 1.99
    endloop
  endfacet
  facet normal -0 0 -1
    outer loop
      vertex -0.848528 -7.84853 1.99
      vertex -1.61127 -10.1732 1.99
      vertex -0.970819 -7.70534 1.99
    endloop
  endfacet
  facet normal 0 0 -1
    outer loop
      vertex -3.18287 -9.79588 1.99
      vertex -0.970819 -7.70534 1.99
      vertex -1.61127 -10.1732 1.99
    endloop
  endfacet
  facet normal -0 0 -1
    outer loop
      vertex -1.14127 -7.37082 1.99
      vertex -3.18287 -9.79588 1.99
      vertex -1.18523 -7.18772 1.99
    endloop
  endfacet
  facet normal -0 0 -1
    outer loop
      vertex -1.06921 -7.54479 1.99
      vertex -3.18287 -9.79588 1.99
      vertex -1.14127 -7.37082 1.99
    endloop
  endfacet
  facet normal -0 0 -1
    outer loop
      vertex -0.970819 -7.70534 1.99
      vertex -3.18287 -9.79588 1.99
      vertex -1.06921 -7.54479 1.99
    endloop
  endfacet
  facet normal 0 0 -1
    outer loop
      vertex 8.14127 -0.37082 1.99
      vertex 10.3 0 1.99
      vertex 10.1732 -1.61127 1.99
    endloop
  endfacet
  facet normal 0 0 -1
    outer loop
      vertex 7.70534 -0.970819 1.99
      vertex 10.1732 -1.61127 1.99
      vertex 9.79588 -3.18287 1.99
    endloop
  endfacet
  facet normal -0 0 -1
    outer loop
      vertex 10.3 0 1.99
      vertex 8.18523 -0.187721 1.99
      vertex 8.2 0 1.99
    endloop
  endfacet
  facet normal 0 0 -1
    outer loop
      vertex 7.18772 -1.18523 1.99
      vertex 9.79588 -3.18287 1.99
      vertex 9.17737 -4.6761 1.99
    endloop
  endfacet
  facet normal 0 0 -1
    outer loop
      vertex 8.18523 0.187721 1.99
      vertex 10.3 0 1.99
      vertex 8.2 0 1.99
    endloop
  endfacet
  facet normal 0 0 -1
    outer loop
      vertex 5.34604 -2.72394 1.99
      vertex 9.17737 -4.6761 1.99
      vertex 8.33287 -6.05419 1.99
    endloop
  endfacet
  facet normal 0 0 -1
    outer loop
      vertex 8.14127 0.37082 1.99
      vertex 10.3 0 1.99
      vertex 8.18523 0.187721 1.99
    endloop
  endfacet
  facet normal 0 0 -1
    outer loop
      vertex 8.06921 0.544788 1.99
      vertex 10.1732 1.61127 1.99
      vertex 8.14127 0.37082 1.99
    endloop
  endfacet
  facet normal 0 0 -1
    outer loop
      vertex 10.3 0 1.99
      vertex 8.14127 0.37082 1.99
      vertex 10.1732 1.61127 1.99
    endloop
  endfacet
  facet normal 0 0 -1
    outer loop
      vertex 10.3 0 1.99
      vertex 8.14127 -0.37082 1.99
      vertex 8.18523 -0.187721 1.99
    endloop
  endfacet
  facet normal 0 0 -1
    outer loop
      vertex 10.1732 -1.61127 1.99
      vertex 8.06921 -0.544788 1.99
      vertex 8.14127 -0.37082 1.99
    endloop
  endfacet
  facet normal 0 0 -1
    outer loop
      vertex 10.1732 -1.61127 1.99
      vertex 7.97082 -0.705342 1.99
      vertex 8.06921 -0.544788 1.99
    endloop
  endfacet
  facet normal 0 0 -1
    outer loop
      vertex 10.1732 -1.61127 1.99
      vertex 7.84853 -0.848528 1.99
      vertex 7.97082 -0.705342 1.99
    endloop
  endfacet
  facet normal 0 0 -1
    outer loop
      vertex 10.1732 -1.61127 1.99
      vertex 7.70534 -0.970819 1.99
      vertex 7.84853 -0.848528 1.99
    endloop
  endfacet
  facet normal 0 0 -1
    outer loop
      vertex 9.79588 -3.18287 1.99
      vertex 7.54479 -1.06921 1.99
      vertex 7.70534 -0.970819 1.99
    endloop
  endfacet
  facet normal 0 0 -1
    outer loop
      vertex 9.79588 -3.18287 1.99
      vertex 7.37082 -1.14127 1.99
      vertex 7.54479 -1.06921 1.99
    endloop
  endfacet
  facet normal 0 0 -1
    outer loop
      vertex 4.8541 -3.52671 1.99
      vertex 8.33287 -6.05419 1.99
      vertex 7.2832 -7.2832 1.99
    endloop
  endfacet
  facet normal 0 0 -1
    outer loop
      vertex 9.17737 -4.6761 1.99
      vertex 5.34604 -2.72394 1.99
      vertex 7.18772 -1.18523 1.99
    endloop
  endfacet
  facet normal 0 0 -1
    outer loop
      vertex 9.79588 -3.18287 1.99
      vertex 7.18772 -1.18523 1.99
      vertex 7.37082 -1.14127 1.99
    endloop
  endfacet
  facet normal 0 0 -1
    outer loop
      vertex 7.18772 -1.18523 1.99
      vertex 5.34604 -2.72394 1.99
      vertex 7 -1.2 1.99
    endloop
  endfacet
  facet normal 0 -0 -1
    outer loop
      vertex 5.70634 -1.8541 1.99
      vertex 7 -1.2 1.99
      vertex 5.34604 -2.72394 1.99
    endloop
  endfacet
  facet normal -0 0 -1
    outer loop
      vertex 7 -1.2 1.99
      vertex 5.70634 -1.8541 1.99
      vertex 6.81228 -1.18523 1.99
    endloop
  endfacet
  facet normal -0 0 -1
    outer loop
      vertex 6.81228 -1.18523 1.99
      vertex 5.70634 -1.8541 1.99
      vertex 6.62918 -1.14127 1.99
    endloop
  endfacet
  facet normal -0 0 -1
    outer loop
      vertex 6.45521 -1.06921 1.99
      vertex 5.70634 -1.8541 1.99
      vertex 6.29466 -0.970819 1.99
    endloop
  endfacet
  facet normal 0 0 -1
    outer loop
      vertex 4.24264 -4.24264 1.99
      vertex 7.2832 -7.2832 1.99
      vertex 6.05419 -8.33287 1.99
    endloop
  endfacet
  facet normal 0 -0 -1
    outer loop
      vertex 5.92613 -0.938606 1.99
      vertex 6.29466 -0.970819 1.99
      vertex 5.70634 -1.8541 1.99
    endloop
  endfacet
  facet normal 0 0 -1
    outer loop
      vertex 6.29466 -0.970819 1.99
      vertex 5.92613 -0.938606 1.99
      vertex 6.15147 -0.848528 1.99
    endloop
  endfacet
  facet normal -0 0 -1
    outer loop
      vertex 6.02918 -0.705342 1.99
      vertex 5.92613 -0.938606 1.99
      vertex 5.95413 -0.582868 1.99
    endloop
  endfacet
  facet normal -0 0 -1
    outer loop
      vertex 6.15147 -0.848528 1.99
      vertex 5.92613 -0.938606 1.99
      vertex 6.02918 -0.705342 1.99
    endloop
  endfacet
  facet normal -0 0 -1
    outer loop
      vertex 6.62918 -1.14127 1.99
      vertex 5.70634 -1.8541 1.99
      vertex 6.45521 -1.06921 1.99
    endloop
  endfacet
  facet normal 0 0 -1
    outer loop
      vertex 8.33287 -6.05419 1.99
      vertex 4.8541 -3.52671 1.99
      vertex 5.34604 -2.72394 1.99
    endloop
  endfacet
  facet normal 0 0 -1
    outer loop
      vertex 3.52671 -4.8541 1.99
      vertex 6.05419 -8.33287 1.99
      vertex 4.6761 -9.17737 1.99
    endloop
  endfacet
  facet normal 0 0 -1
    outer loop
      vertex 7.2832 -7.2832 1.99
      vertex 4.24264 -4.24264 1.99
      vertex 4.8541 -3.52671 1.99
    endloop
  endfacet
  facet normal 0 0 -1
    outer loop
      vertex 6.05419 -8.33287 1.99
      vertex 3.52671 -4.8541 1.99
      vertex 4.24264 -4.24264 1.99
    endloop
  endfacet
  facet normal 0 0 -1
    outer loop
      vertex 1.18523 -7.18772 1.99
      vertex 4.6761 -9.17737 1.99
      vertex 3.18287 -9.79588 1.99
    endloop
  endfacet
  facet normal 0 0 -1
    outer loop
      vertex 4.6761 -9.17737 1.99
      vertex 2.72394 -5.34604 1.99
      vertex 3.52671 -4.8541 1.99
    endloop
  endfacet
  facet normal 0 0 -1
    outer loop
      vertex 1.18523 -7.18772 1.99
      vertex 2.72394 -5.34604 1.99
      vertex 4.6761 -9.17737 1.99
    endloop
  endfacet
  facet normal 0 0 -1
    outer loop
      vertex 0.970819 -7.70534 1.99
      vertex 3.18287 -9.79588 1.99
      vertex 1.61127 -10.1732 1.99
    endloop
  endfacet
  facet normal 0 0 -1
    outer loop
      vertex 2.72394 -5.34604 1.99
      vertex 1.2 -7 1.99
      vertex 1.8541 -5.70634 1.99
    endloop
  endfacet
  facet normal 0 0 -1
    outer loop
      vertex 1.18523 -6.81228 1.99
      vertex 1.8541 -5.70634 1.99
      vertex 1.2 -7 1.99
    endloop
  endfacet
  facet normal 0 0 -1
    outer loop
      vertex 1.14127 -6.62918 1.99
      vertex 1.8541 -5.70634 1.99
      vertex 1.18523 -6.81228 1.99
    endloop
  endfacet
  facet normal 0 0 -1
    outer loop
      vertex 1.06921 -6.45521 1.99
      vertex 1.8541 -5.70634 1.99
      vertex 1.14127 -6.62918 1.99
    endloop
  endfacet
  facet normal 0 0 -1
    outer loop
      vertex 0.970819 -6.29466 1.99
      vertex 1.8541 -5.70634 1.99
      vertex 1.06921 -6.45521 1.99
    endloop
  endfacet
  facet normal 0 0 -1
    outer loop
      vertex 0.970819 -6.29466 1.99
      vertex 0.938606 -5.92613 1.99
      vertex 1.8541 -5.70634 1.99
    endloop
  endfacet
  facet normal 0 0 -1
    outer loop
      vertex 0.848528 -6.15147 1.99
      vertex 0.938606 -5.92613 1.99
      vertex 0.970819 -6.29466 1.99
    endloop
  endfacet
  facet normal 0 0 -1
    outer loop
      vertex 0.705342 -6.02918 1.99
      vertex 0.938606 -5.92613 1.99
      vertex 0.848528 -6.15147 1.99
    endloop
  endfacet
  facet normal 0 0 -1
    outer loop
      vertex 0.938606 -5.92613 1.99
      vertex 0.705342 -6.02918 1.99
      vertex 0.582868 -5.95413 1.99
    endloop
  endfacet
  facet normal 0 0 -1
    outer loop
      vertex 7.97082 0.705342 1.99
      vertex 10.1732 1.61127 1.99
      vertex 8.06921 0.544788 1.99
    endloop
  endfacet
  facet normal 0 0 -1
    outer loop
      vertex 7.84853 0.848528 1.99
      vertex 10.1732 1.61127 1.99
      vertex 7.97082 0.705342 1.99
    endloop
  endfacet
  facet normal 0 0 -1
    outer loop
      vertex 7.70534 0.970819 1.99
      vertex 10.1732 1.61127 1.99
      vertex 7.84853 0.848528 1.99
    endloop
  endfacet
  facet normal -0 0 -1
    outer loop
      vertex 10.1732 1.61127 1.99
      vertex 7.70534 0.970819 1.99
      vertex 9.79588 3.18287 1.99
    endloop
  endfacet
  facet normal 0 0 -1
    outer loop
      vertex 7.54479 1.06921 1.99
      vertex 9.79588 3.18287 1.99
      vertex 7.70534 0.970819 1.99
    endloop
  endfacet
  facet normal 0 0 -1
    outer loop
      vertex 7.37082 1.14127 1.99
      vertex 9.79588 3.18287 1.99
      vertex 7.54479 1.06921 1.99
    endloop
  endfacet
  facet normal 0 0 -1
    outer loop
      vertex 7.18772 1.18523 1.99
      vertex 9.79588 3.18287 1.99
      vertex 7.37082 1.14127 1.99
    endloop
  endfacet
  facet normal -0 0 -1
    outer loop
      vertex 9.79588 3.18287 1.99
      vertex 7.18772 1.18523 1.99
      vertex 9.17737 4.6761 1.99
    endloop
  endfacet
  facet normal 0 0 -1
    outer loop
      vertex 5.34604 2.72394 1.99
      vertex 9.17737 4.6761 1.99
      vertex 7.18772 1.18523 1.99
    endloop
  endfacet
  facet normal -0 0 -1
    outer loop
      vertex 9.17737 4.6761 1.99
      vertex 5.34604 2.72394 1.99
      vertex 8.33287 6.05419 1.99
    endloop
  endfacet
  facet normal 0 0 -1
    outer loop
      vertex 5.34604 2.72394 1.99
      vertex 7.18772 1.18523 1.99
      vertex 7 1.2 1.99
    endloop
  endfacet
  facet normal 0 0 -1
    outer loop
      vertex 5.70634 1.8541 1.99
      vertex 7 1.2 1.99
      vertex 6.81228 1.18523 1.99
    endloop
  endfacet
  facet normal 0 0 -1
    outer loop
      vertex 5.70634 1.8541 1.99
      vertex 6.81228 1.18523 1.99
      vertex 6.62918 1.14127 1.99
    endloop
  endfacet
  facet normal 0 0 -1
    outer loop
      vertex 5.70634 1.8541 1.99
      vertex 6.62918 1.14127 1.99
      vertex 6.45521 1.06921 1.99
    endloop
  endfacet
  facet normal 0 0 -1
    outer loop
      vertex 5.70634 1.8541 1.99
      vertex 6.45521 1.06921 1.99
      vertex 6.29466 0.970819 1.99
    endloop
  endfacet
  facet normal 0 0 -1
    outer loop
      vertex 5.92613 0.938606 1.99
      vertex 6.29466 0.970819 1.99
      vertex 6.15147 0.848528 1.99
    endloop
  endfacet
  facet normal 0 0 -1
    outer loop
      vertex 7 1.2 1.99
      vertex 5.70634 1.8541 1.99
      vertex 5.34604 2.72394 1.99
    endloop
  endfacet
  facet normal 0 0 -1
    outer loop
      vertex 5.92613 0.938606 1.99
      vertex 6.15147 0.848528 1.99
      vertex 6.02918 0.705342 1.99
    endloop
  endfacet
  facet normal 0 0 -1
    outer loop
      vertex 5.92613 0.938606 1.99
      vertex 6.02918 0.705342 1.99
      vertex 5.95413 0.582868 1.99
    endloop
  endfacet
  facet normal -0 0 -1
    outer loop
      vertex 6.29466 0.970819 1.99
      vertex 5.92613 0.938606 1.99
      vertex 5.70634 1.8541 1.99
    endloop
  endfacet
  facet normal 0 0 -1
    outer loop
      vertex 4.8541 3.52671 1.99
      vertex 8.33287 6.05419 1.99
      vertex 5.34604 2.72394 1.99
    endloop
  endfacet
  facet normal -0 0 -1
    outer loop
      vertex 8.33287 6.05419 1.99
      vertex 4.8541 3.52671 1.99
      vertex 7.2832 7.2832 1.99
    endloop
  endfacet
  facet normal 0 0 -1
    outer loop
      vertex 4.24264 4.24264 1.99
      vertex 7.2832 7.2832 1.99
      vertex 4.8541 3.52671 1.99
    endloop
  endfacet
  facet normal -0 0 -1
    outer loop
      vertex 7.2832 7.2832 1.99
      vertex 4.24264 4.24264 1.99
      vertex 6.05419 8.33287 1.99
    endloop
  endfacet
  facet normal 0 0 -1
    outer loop
      vertex 3.52671 4.8541 1.99
      vertex 6.05419 8.33287 1.99
      vertex 4.24264 4.24264 1.99
    endloop
  endfacet
  facet normal -0 0 -1
    outer loop
      vertex 6.05419 8.33287 1.99
      vertex 3.52671 4.8541 1.99
      vertex 4.6761 9.17737 1.99
    endloop
  endfacet
  facet normal 0 0 -1
    outer loop
      vertex 2.72394 5.34604 1.99
      vertex 4.6761 9.17737 1.99
      vertex 3.52671 4.8541 1.99
    endloop
  endfacet
  facet normal 0 0 -1
    outer loop
      vertex 1.18523 7.18772 1.99
      vertex 4.6761 9.17737 1.99
      vertex 2.72394 5.34604 1.99
    endloop
  endfacet
  facet normal 0 0 -1
    outer loop
      vertex 1.2 7 1.99
      vertex 2.72394 5.34604 1.99
      vertex 1.8541 5.70634 1.99
    endloop
  endfacet
  facet normal -0 0 -1
    outer loop
      vertex 4.6761 9.17737 1.99
      vertex 1.18523 7.18772 1.99
      vertex 3.18287 9.79588 1.99
    endloop
  endfacet
  facet normal 0 0 -1
    outer loop
      vertex 2.72394 5.34604 1.99
      vertex 1.2 7 1.99
      vertex 1.18523 7.18772 1.99
    endloop
  endfacet
  facet normal 0 0 -1
    outer loop
      vertex 1.8541 5.70634 1.99
      vertex 1.18523 6.81228 1.99
      vertex 1.2 7 1.99
    endloop
  endfacet
  facet normal 0 0 -1
    outer loop
      vertex 1.8541 5.70634 1.99
      vertex 1.14127 6.62918 1.99
      vertex 1.18523 6.81228 1.99
    endloop
  endfacet
  facet normal 0 0 -1
    outer loop
      vertex 1.8541 5.70634 1.99
      vertex 1.06921 6.45521 1.99
      vertex 1.14127 6.62918 1.99
    endloop
  endfacet
  facet normal 0 0 -1
    outer loop
      vertex 1.8541 5.70634 1.99
      vertex 0.970819 6.29466 1.99
      vertex 1.06921 6.45521 1.99
    endloop
  endfacet
  facet normal 0 0 -1
    outer loop
      vertex 0.938606 5.92613 1.99
      vertex 0.970819 6.29466 1.99
      vertex 1.8541 5.70634 1.99
    endloop
  endfacet
  facet normal 0 0 -1
    outer loop
      vertex 0.938606 5.92613 1.99
      vertex 0.848528 6.15147 1.99
      vertex 0.970819 6.29466 1.99
    endloop
  endfacet
  facet normal 0 0 -1
    outer loop
      vertex 0.938606 5.92613 1.99
      vertex 0.705342 6.02918 1.99
      vertex 0.848528 6.15147 1.99
    endloop
  endfacet
  facet normal 0 -0 -1
    outer loop
      vertex 0.705342 6.02918 1.99
      vertex 0.938606 5.92613 1.99
      vertex 0.582868 5.95413 1.99
    endloop
  endfacet
  facet normal 0 0 -1
    outer loop
      vertex 1.14127 7.37082 1.99
      vertex 3.18287 9.79588 1.99
      vertex 1.18523 7.18772 1.99
    endloop
  endfacet
  facet normal 0 0 -1
    outer loop
      vertex 1.06921 7.54479 1.99
      vertex 3.18287 9.79588 1.99
      vertex 1.14127 7.37082 1.99
    endloop
  endfacet
  facet normal 0 0 -1
    outer loop
      vertex 0.970819 7.70534 1.99
      vertex 3.18287 9.79588 1.99
      vertex 1.06921 7.54479 1.99
    endloop
  endfacet
  facet normal -0 0 -1
    outer loop
      vertex 3.18287 9.79588 1.99
      vertex 0.970819 7.70534 1.99
      vertex 1.61127 10.1732 1.99
    endloop
  endfacet
  facet normal 0 0 -1
    outer loop
      vertex 0.848528 7.84853 1.99
      vertex 1.61127 10.1732 1.99
      vertex 0.970819 7.70534 1.99
    endloop
  endfacet
  facet normal 0 0 -1
    outer loop
      vertex 0.705342 7.97082 1.99
      vertex 1.61127 10.1732 1.99
      vertex 0.848528 7.84853 1.99
    endloop
  endfacet
  facet normal 0 0 -1
    outer loop
      vertex 0.544788 8.06921 1.99
      vertex 1.61127 10.1732 1.99
      vertex 0.705342 7.97082 1.99
    endloop
  endfacet
  facet normal 0 0 -1
    outer loop
      vertex 0.37082 8.14127 1.99
      vertex 1.61127 10.1732 1.99
      vertex 0.544788 8.06921 1.99
    endloop
  endfacet
  facet normal 0 0 -1
    outer loop
      vertex 0 10.3 1.99
      vertex 0.37082 8.14127 1.99
      vertex 0.187721 8.18523 1.99
    endloop
  endfacet
  facet normal 0 0 -1
    outer loop
      vertex 0 10.3 1.99
      vertex 0.187721 8.18523 1.99
      vertex 0 8.2 1.99
    endloop
  endfacet
  facet normal 0 0 -1
    outer loop
      vertex 0.37082 8.14127 1.99
      vertex 0 10.3 1.99
      vertex 1.61127 10.1732 1.99
    endloop
  endfacet
  facet normal 0 0 -1
    outer loop
      vertex -0.187721 8.18523 1.99
      vertex 0 10.3 1.99
      vertex 0 8.2 1.99
    endloop
  endfacet
  facet normal 0 0 -1
    outer loop
      vertex -0.37082 8.14127 1.99
      vertex 0 10.3 1.99
      vertex -0.187721 8.18523 1.99
    endloop
  endfacet
  facet normal 0 0 -1
    outer loop
      vertex -1.61127 10.1732 1.99
      vertex -0.37082 8.14127 1.99
      vertex -0.544788 8.06921 1.99
    endloop
  endfacet
  facet normal 0 0 -1
    outer loop
      vertex -1.61127 10.1732 1.99
      vertex -0.544788 8.06921 1.99
      vertex -0.705342 7.97082 1.99
    endloop
  endfacet
  facet normal 0 0 -1
    outer loop
      vertex -1.61127 10.1732 1.99
      vertex -0.705342 7.97082 1.99
      vertex -0.848528 7.84853 1.99
    endloop
  endfacet
  facet normal 0 0 -1
    outer loop
      vertex -1.61127 10.1732 1.99
      vertex -0.848528 7.84853 1.99
      vertex -0.970819 7.70534 1.99
    endloop
  endfacet
  facet normal 0 0 -1
    outer loop
      vertex -1.61127 10.1732 1.99
      vertex -0.970819 7.70534 1.99
      vertex -1.06921 7.54479 1.99
    endloop
  endfacet
  facet normal 0 0 -1
    outer loop
      vertex -1.61127 10.1732 1.99
      vertex -1.06921 7.54479 1.99
      vertex -1.14127 7.37082 1.99
    endloop
  endfacet
  facet normal 0 0 -1
    outer loop
      vertex -0.37082 8.14127 1.99
      vertex -1.61127 10.1732 1.99
      vertex 0 10.3 1.99
    endloop
  endfacet
  facet normal 0 0 -1
    outer loop
      vertex -1.18523 7.18772 1.99
      vertex -1.61127 10.1732 1.99
      vertex -1.14127 7.37082 1.99
    endloop
  endfacet
  facet normal 0 0 -1
    outer loop
      vertex -1.61127 10.1732 1.99
      vertex -1.18523 7.18772 1.99
      vertex -1.2 7 1.99
    endloop
  endfacet
  facet normal 0 0 -1
    outer loop
      vertex -0.705342 -6.02918 1.99
      vertex -0.938606 -5.92613 1.99
      vertex -0.582868 -5.95413 1.99
    endloop
  endfacet
  facet normal 0 0 -1
    outer loop
      vertex -0.848528 -6.15147 1.99
      vertex -0.938606 -5.92613 1.99
      vertex -0.705342 -6.02918 1.99
    endloop
  endfacet
  facet normal 0 0 -1
    outer loop
      vertex -0.970819 -6.29466 1.99
      vertex -0.938606 -5.92613 1.99
      vertex -0.848528 -6.15147 1.99
    endloop
  endfacet
  facet normal 0 0 -1
    outer loop
      vertex -1.8541 -5.70634 1.99
      vertex -0.970819 -6.29466 1.99
      vertex -1.06921 -6.45521 1.99
    endloop
  endfacet
  facet normal 0 0 -1
    outer loop
      vertex -1.8541 -5.70634 1.99
      vertex -1.06921 -6.45521 1.99
      vertex -1.14127 -6.62918 1.99
    endloop
  endfacet
  facet normal 0 0 -1
    outer loop
      vertex -4.6761 -9.17737 1.99
      vertex -1.18523 -7.18772 1.99
      vertex -3.18287 -9.79588 1.99
    endloop
  endfacet
  facet normal 0 0 -1
    outer loop
      vertex -0.970819 -6.29466 1.99
      vertex -1.8541 -5.70634 1.99
      vertex -0.938606 -5.92613 1.99
    endloop
  endfacet
  facet normal 0 0 -1
    outer loop
      vertex -1.18523 -6.81228 1.99
      vertex -1.8541 -5.70634 1.99
      vertex -1.14127 -6.62918 1.99
    endloop
  endfacet
  facet normal 0 -0 -1
    outer loop
      vertex -2.72394 -5.34604 1.99
      vertex -1.18523 -7.18772 1.99
      vertex -4.6761 -9.17737 1.99
    endloop
  endfacet
  facet normal 0 0 -1
    outer loop
      vertex -1.18523 -7.18772 1.99
      vertex -2.72394 -5.34604 1.99
      vertex -1.2 -7 1.99
    endloop
  endfacet
  facet normal 0 0 -1
    outer loop
      vertex -1.2 -7 1.99
      vertex -1.8541 -5.70634 1.99
      vertex -1.18523 -6.81228 1.99
    endloop
  endfacet
  facet normal -0 -0 -1
    outer loop
      vertex -1.8541 -5.70634 1.99
      vertex -1.2 -7 1.99
      vertex -2.72394 -5.34604 1.99
    endloop
  endfacet
  facet normal -0 0 -1
    outer loop
      vertex -2.72394 -5.34604 1.99
      vertex -4.6761 -9.17737 1.99
      vertex -3.52671 -4.8541 1.99
    endloop
  endfacet
  facet normal 0 0 -1
    outer loop
      vertex -6.05419 -8.33287 1.99
      vertex -3.52671 -4.8541 1.99
      vertex -4.6761 -9.17737 1.99
    endloop
  endfacet
  facet normal -0 0 -1
    outer loop
      vertex -3.52671 -4.8541 1.99
      vertex -6.05419 -8.33287 1.99
      vertex -4.24264 -4.24264 1.99
    endloop
  endfacet
  facet normal 0 0 -1
    outer loop
      vertex -7.2832 -7.2832 1.99
      vertex -4.24264 -4.24264 1.99
      vertex -6.05419 -8.33287 1.99
    endloop
  endfacet
  facet normal -0 0 -1
    outer loop
      vertex -4.24264 -4.24264 1.99
      vertex -7.2832 -7.2832 1.99
      vertex -4.8541 -3.52671 1.99
    endloop
  endfacet
  facet normal 0 0 -1
    outer loop
      vertex -8.33287 -6.05419 1.99
      vertex -4.8541 -3.52671 1.99
      vertex -7.2832 -7.2832 1.99
    endloop
  endfacet
  facet normal 0 0 -1
    outer loop
      vertex -5.92613 -0.938606 1.99
      vertex -6.02918 -0.705342 1.99
      vertex -5.95413 -0.582868 1.99
    endloop
  endfacet
  facet normal -0 0 -1
    outer loop
      vertex -4.8541 -3.52671 1.99
      vertex -8.33287 -6.05419 1.99
      vertex -5.34604 -2.72394 1.99
    endloop
  endfacet
  facet normal 0 0 -1
    outer loop
      vertex -9.17737 -4.6761 1.99
      vertex -5.34604 -2.72394 1.99
      vertex -8.33287 -6.05419 1.99
    endloop
  endfacet
  facet normal 0 0 -1
    outer loop
      vertex -5.92613 -0.938606 1.99
      vertex -6.15147 -0.848528 1.99
      vertex -6.02918 -0.705342 1.99
    endloop
  endfacet
  facet normal -0 0 -1
    outer loop
      vertex -5.92613 -0.938606 1.99
      vertex -6.29466 -0.970819 1.99
      vertex -6.15147 -0.848528 1.99
    endloop
  endfacet
  facet normal -0 -0 -1
    outer loop
      vertex -7 -1.2 1.99
      vertex -5.34604 -2.72394 1.99
      vertex -7.18772 -1.18523 1.99
    endloop
  endfacet
  facet normal 0 0 -1
    outer loop
      vertex -5.70634 -1.8541 1.99
      vertex -6.29466 -0.970819 1.99
      vertex -5.92613 -0.938606 1.99
    endloop
  endfacet
  facet normal 0 -0 -1
    outer loop
      vertex -6.29466 -0.970819 1.99
      vertex -5.70634 -1.8541 1.99
      vertex -6.45521 -1.06921 1.99
    endloop
  endfacet
  facet normal 0 -0 -1
    outer loop
      vertex -6.45521 -1.06921 1.99
      vertex -5.70634 -1.8541 1.99
      vertex -6.62918 -1.14127 1.99
    endloop
  endfacet
  facet normal 0 0 -1
    outer loop
      vertex -5.70634 -1.8541 1.99
      vertex -6.81228 -1.18523 1.99
      vertex -6.62918 -1.14127 1.99
    endloop
  endfacet
  facet normal 0 0 -1
    outer loop
      vertex -5.70634 -1.8541 1.99
      vertex -7 -1.2 1.99
      vertex -6.81228 -1.18523 1.99
    endloop
  endfacet
  facet normal 0 0 -1
    outer loop
      vertex -5.34604 -2.72394 1.99
      vertex -7 -1.2 1.99
      vertex -5.70634 -1.8541 1.99
    endloop
  endfacet
  facet normal -0 0 -1
    outer loop
      vertex -5.34604 -2.72394 1.99
      vertex -9.17737 -4.6761 1.99
      vertex -7.18772 -1.18523 1.99
    endloop
  endfacet
  facet normal 0 0 -1
    outer loop
      vertex -9.79588 -3.18287 1.99
      vertex -7.18772 -1.18523 1.99
      vertex -9.17737 -4.6761 1.99
    endloop
  endfacet
  facet normal -0 0 -1
    outer loop
      vertex -7.18772 -1.18523 1.99
      vertex -9.79588 -3.18287 1.99
      vertex -7.37082 -1.14127 1.99
    endloop
  endfacet
  facet normal -0 0 -1
    outer loop
      vertex -7.37082 -1.14127 1.99
      vertex -9.79588 -3.18287 1.99
      vertex -7.54479 -1.06921 1.99
    endloop
  endfacet
  facet normal -0 0 -1
    outer loop
      vertex -7.54479 -1.06921 1.99
      vertex -9.79588 -3.18287 1.99
      vertex -7.70534 -0.970819 1.99
    endloop
  endfacet
  facet normal 0 0 -1
    outer loop
      vertex -10.1732 -1.61127 1.99
      vertex -7.70534 -0.970819 1.99
      vertex -9.79588 -3.18287 1.99
    endloop
  endfacet
  facet normal -0 0 -1
    outer loop
      vertex -7.70534 -0.970819 1.99
      vertex -10.1732 -1.61127 1.99
      vertex -7.84853 -0.848528 1.99
    endloop
  endfacet
  facet normal -0 0 -1
    outer loop
      vertex -7.97082 -0.705342 1.99
      vertex -10.1732 -1.61127 1.99
      vertex -8.06921 -0.544788 1.99
    endloop
  endfacet
  facet normal -0 0 -1
    outer loop
      vertex -7.84853 -0.848528 1.99
      vertex -10.1732 -1.61127 1.99
      vertex -7.97082 -0.705342 1.99
    endloop
  endfacet
  facet normal 0.972368 0.233453 0
    outer loop
      vertex -9.79588 -3.18287 1.99
      vertex -10.1732 -1.61127 0
      vertex -10.1732 -1.61127 1.99
    endloop
  endfacet
  facet normal 0.972368 0.233453 0
    outer loop
      vertex -10.1732 -1.61127 0
      vertex -9.79588 -3.18287 1.99
      vertex -9.79588 -3.18287 0
    endloop
  endfacet
  facet normal -0.852639 0.522501 0
    outer loop
      vertex 8.33287 -6.05419 0
      vertex 9.17737 -4.6761 1.99
      vertex 9.17737 -4.6761 0
    endloop
  endfacet
  facet normal -0.852639 0.522501 0
    outer loop
      vertex 9.17737 -4.6761 1.99
      vertex 8.33287 -6.05419 0
      vertex 8.33287 -6.05419 1.99
    endloop
  endfacet
  facet normal -0.233453 -0.972368 0
    outer loop
      vertex 1.61127 10.1732 0
      vertex 3.18287 9.79588 1.99
      vertex 1.61127 10.1732 1.99
    endloop
  endfacet
  facet normal -0.233453 -0.972368 -0
    outer loop
      vertex 3.18287 9.79588 1.99
      vertex 1.61127 10.1732 0
      vertex 3.18287 9.79588 0
    endloop
  endfacet
  facet normal -0.760407 -0.649447 0
    outer loop
      vertex 8.33287 6.05419 0
      vertex 7.2832 7.2832 1.99
      vertex 7.2832 7.2832 0
    endloop
  endfacet
  facet normal -0.760407 -0.649447 0
    outer loop
      vertex 7.2832 7.2832 1.99
      vertex 8.33287 6.05419 0
      vertex 8.33287 6.05419 1.99
    endloop
  endfacet
  facet normal 0.923881 0.38268 0
    outer loop
      vertex -9.17737 -4.6761 1.99
      vertex -9.79588 -3.18287 0
      vertex -9.79588 -3.18287 1.99
    endloop
  endfacet
  facet normal 0.923881 0.38268 0
    outer loop
      vertex -9.79588 -3.18287 0
      vertex -9.17737 -4.6761 1.99
      vertex -9.17737 -4.6761 0
    endloop
  endfacet
  facet normal -0.852639 -0.522501 0
    outer loop
      vertex 9.17737 4.6761 0
      vertex 8.33287 6.05419 1.99
      vertex 8.33287 6.05419 0
    endloop
  endfacet
  facet normal -0.852639 -0.522501 0
    outer loop
      vertex 8.33287 6.05419 1.99
      vertex 9.17737 4.6761 0
      vertex 9.17737 4.6761 1.99
    endloop
  endfacet
  facet normal 0.852639 -0.522501 0
    outer loop
      vertex -9.17737 4.6761 1.99
      vertex -8.33287 6.05419 0
      vertex -8.33287 6.05419 1.99
    endloop
  endfacet
  facet normal 0.852639 -0.522501 0
    outer loop
      vertex -8.33287 6.05419 0
      vertex -9.17737 4.6761 1.99
      vertex -9.17737 4.6761 0
    endloop
  endfacet
  facet normal -0.0784531 0.996918 0
    outer loop
      vertex 1.61127 -10.1732 0
      vertex 0 -10.3 1.99
      vertex 1.61127 -10.1732 1.99
    endloop
  endfacet
  facet normal -0.0784531 0.996918 0
    outer loop
      vertex 0 -10.3 1.99
      vertex 1.61127 -10.1732 0
      vertex 0 -10.3 0
    endloop
  endfacet
  facet normal 0.649447 -0.760407 0
    outer loop
      vertex -7.2832 7.2832 0
      vertex -6.05419 8.33287 1.99
      vertex -7.2832 7.2832 1.99
    endloop
  endfacet
  facet normal 0.649447 -0.760407 0
    outer loop
      vertex -6.05419 8.33287 1.99
      vertex -7.2832 7.2832 0
      vertex -6.05419 8.33287 0
    endloop
  endfacet
  facet normal 0.38268 -0.923881 0
    outer loop
      vertex -4.6761 9.17737 0
      vertex -3.18287 9.79588 1.99
      vertex -4.6761 9.17737 1.99
    endloop
  endfacet
  facet normal 0.38268 -0.923881 0
    outer loop
      vertex -3.18287 9.79588 1.99
      vertex -4.6761 9.17737 0
      vertex -3.18287 9.79588 0
    endloop
  endfacet
  facet normal -0.649447 -0.760407 0
    outer loop
      vertex 6.05419 8.33287 0
      vertex 7.2832 7.2832 1.99
      vertex 6.05419 8.33287 1.99
    endloop
  endfacet
  facet normal -0.649447 -0.760407 -0
    outer loop
      vertex 7.2832 7.2832 1.99
      vertex 6.05419 8.33287 0
      vertex 7.2832 7.2832 0
    endloop
  endfacet
  facet normal 0.233453 -0.972368 0
    outer loop
      vertex -3.18287 9.79588 0
      vertex -1.61127 10.1732 1.99
      vertex -3.18287 9.79588 1.99
    endloop
  endfacet
  facet normal 0.233453 -0.972368 0
    outer loop
      vertex -1.61127 10.1732 1.99
      vertex -3.18287 9.79588 0
      vertex -1.61127 10.1732 0
    endloop
  endfacet
  facet normal 0.852639 0.522501 0
    outer loop
      vertex -8.33287 -6.05419 1.99
      vertex -9.17737 -4.6761 0
      vertex -9.17737 -4.6761 1.99
    endloop
  endfacet
  facet normal 0.852639 0.522501 0
    outer loop
      vertex -9.17737 -4.6761 0
      vertex -8.33287 -6.05419 1.99
      vertex -8.33287 -6.05419 0
    endloop
  endfacet
  facet normal 0.0784531 0.996918 -0
    outer loop
      vertex 0 -10.3 0
      vertex -1.61127 -10.1732 1.99
      vertex 0 -10.3 1.99
    endloop
  endfacet
  facet normal 0.0784531 0.996918 0
    outer loop
      vertex -1.61127 -10.1732 1.99
      vertex 0 -10.3 0
      vertex -1.61127 -10.1732 0
    endloop
  endfacet
  facet normal 0.0784531 -0.996918 0
    outer loop
      vertex -1.61127 10.1732 0
      vertex 0 10.3 1.99
      vertex -1.61127 10.1732 1.99
    endloop
  endfacet
  facet normal 0.0784531 -0.996918 0
    outer loop
      vertex 0 10.3 1.99
      vertex -1.61127 10.1732 0
      vertex 0 10.3 0
    endloop
  endfacet
  facet normal 0.923881 -0.38268 0
    outer loop
      vertex -9.79588 3.18287 1.99
      vertex -9.17737 4.6761 0
      vertex -9.17737 4.6761 1.99
    endloop
  endfacet
  facet normal 0.923881 -0.38268 0
    outer loop
      vertex -9.17737 4.6761 0
      vertex -9.79588 3.18287 1.99
      vertex -9.79588 3.18287 0
    endloop
  endfacet
  facet normal 0.760407 0.649447 0
    outer loop
      vertex -7.2832 -7.2832 1.99
      vertex -8.33287 -6.05419 0
      vertex -8.33287 -6.05419 1.99
    endloop
  endfacet
  facet normal 0.760407 0.649447 0
    outer loop
      vertex -8.33287 -6.05419 0
      vertex -7.2832 -7.2832 1.99
      vertex -7.2832 -7.2832 0
    endloop
  endfacet
  facet normal 0.972368 -0.233453 0
    outer loop
      vertex -10.1732 1.61127 1.99
      vertex -9.79588 3.18287 0
      vertex -9.79588 3.18287 1.99
    endloop
  endfacet
  facet normal 0.972368 -0.233453 0
    outer loop
      vertex -9.79588 3.18287 0
      vertex -10.1732 1.61127 1.99
      vertex -10.1732 1.61127 0
    endloop
  endfacet
  facet normal -0.649447 0.760407 0
    outer loop
      vertex 7.2832 -7.2832 0
      vertex 6.05419 -8.33287 1.99
      vertex 7.2832 -7.2832 1.99
    endloop
  endfacet
  facet normal -0.649447 0.760407 0
    outer loop
      vertex 6.05419 -8.33287 1.99
      vertex 7.2832 -7.2832 0
      vertex 6.05419 -8.33287 0
    endloop
  endfacet
  facet normal 0.760407 -0.649447 0
    outer loop
      vertex -8.33287 6.05419 1.99
      vertex -7.2832 7.2832 0
      vertex -7.2832 7.2832 1.99
    endloop
  endfacet
  facet normal 0.760407 -0.649447 0
    outer loop
      vertex -7.2832 7.2832 0
      vertex -8.33287 6.05419 1.99
      vertex -8.33287 6.05419 0
    endloop
  endfacet
  facet normal -0.38268 -0.923881 0
    outer loop
      vertex 3.18287 9.79588 0
      vertex 4.6761 9.17737 1.99
      vertex 3.18287 9.79588 1.99
    endloop
  endfacet
  facet normal -0.38268 -0.923881 -0
    outer loop
      vertex 4.6761 9.17737 1.99
      vertex 3.18287 9.79588 0
      vertex 4.6761 9.17737 0
    endloop
  endfacet
  facet normal 0.522501 -0.852639 0
    outer loop
      vertex -6.05419 8.33287 0
      vertex -4.6761 9.17737 1.99
      vertex -6.05419 8.33287 1.99
    endloop
  endfacet
  facet normal 0.522501 -0.852639 0
    outer loop
      vertex -4.6761 9.17737 1.99
      vertex -6.05419 8.33287 0
      vertex -4.6761 9.17737 0
    endloop
  endfacet
  facet normal -0.38268 0.923881 0
    outer loop
      vertex 4.6761 -9.17737 0
      vertex 3.18287 -9.79588 1.99
      vertex 4.6761 -9.17737 1.99
    endloop
  endfacet
  facet normal -0.38268 0.923881 0
    outer loop
      vertex 3.18287 -9.79588 1.99
      vertex 4.6761 -9.17737 0
      vertex 3.18287 -9.79588 0
    endloop
  endfacet
  facet normal -0.923881 0.38268 0
    outer loop
      vertex 9.17737 -4.6761 0
      vertex 9.79588 -3.18287 1.99
      vertex 9.79588 -3.18287 0
    endloop
  endfacet
  facet normal -0.923881 0.38268 0
    outer loop
      vertex 9.79588 -3.18287 1.99
      vertex 9.17737 -4.6761 0
      vertex 9.17737 -4.6761 1.99
    endloop
  endfacet
  facet normal 0.996918 -0.0784531 0
    outer loop
      vertex -10.3 0 1.99
      vertex -10.1732 1.61127 0
      vertex -10.1732 1.61127 1.99
    endloop
  endfacet
  facet normal 0.996918 -0.0784531 0
    outer loop
      vertex -10.1732 1.61127 0
      vertex -10.3 0 1.99
      vertex -10.3 0 0
    endloop
  endfacet
  facet normal 0.649447 0.760407 -0
    outer loop
      vertex -6.05419 -8.33287 0
      vertex -7.2832 -7.2832 1.99
      vertex -6.05419 -8.33287 1.99
    endloop
  endfacet
  facet normal 0.649447 0.760407 0
    outer loop
      vertex -7.2832 -7.2832 1.99
      vertex -6.05419 -8.33287 0
      vertex -7.2832 -7.2832 0
    endloop
  endfacet
  facet normal 0.522501 0.852639 -0
    outer loop
      vertex -4.6761 -9.17737 0
      vertex -6.05419 -8.33287 1.99
      vertex -4.6761 -9.17737 1.99
    endloop
  endfacet
  facet normal 0.522501 0.852639 0
    outer loop
      vertex -6.05419 -8.33287 1.99
      vertex -4.6761 -9.17737 0
      vertex -6.05419 -8.33287 0
    endloop
  endfacet
  facet normal 0.972368 0.233454 0
    outer loop
      vertex -5.91139 -1 5
      vertex -5.92613 -0.938606 1.99
      vertex -5.92613 -0.938606 5.09369
    endloop
  endfacet
  facet normal 0.97237 0.233444 -0
    outer loop
      vertex -5.70634 -1.8541 1.99
      vertex -5.91139 -1 5
      vertex -5.70634 -1.8541 5
    endloop
  endfacet
  facet normal 0.97237 0.233445 -2.09708e-07
    outer loop
      vertex -5.91139 -1 5
      vertex -5.70634 -1.8541 1.99
      vertex -5.92613 -0.938606 1.99
    endloop
  endfacet
  facet normal -0.97237 -0.233445 0
    outer loop
      vertex 5.92613 0.938606 1.99
      vertex 5.70634 1.8541 6
      vertex 5.70634 1.8541 1.99
    endloop
  endfacet
  facet normal -0.97237 -0.233445 0
    outer loop
      vertex 5.70634 1.8541 6
      vertex 5.92613 0.938606 1.99
      vertex 5.92613 0.938606 6
    endloop
  endfacet
  facet normal -0.996917 -0.0784669 0
    outer loop
      vertex 5.95413 0.582868 1.99
      vertex 5.92613 0.938606 6
      vertex 5.92613 0.938606 1.99
    endloop
  endfacet
  facet normal -0.996917 -0.0784669 0
    outer loop
      vertex 5.92613 0.938606 6
      vertex 5.95413 0.582868 1.99
      vertex 5.95413 0.582868 6
    endloop
  endfacet
  facet normal -0.923879 -0.382684 0
    outer loop
      vertex 5.70634 1.8541 1.99
      vertex 5.34604 2.72394 6
      vertex 5.34604 2.72394 1.99
    endloop
  endfacet
  facet normal -0.923879 -0.382684 0
    outer loop
      vertex 5.34604 2.72394 6
      vertex 5.70634 1.8541 1.99
      vertex 5.70634 1.8541 6
    endloop
  endfacet
  facet normal -0.382684 0.923879 0
    outer loop
      vertex 2.72394 -5.34604 1.99
      vertex 1.8541 -5.70634 5
      vertex 2.72394 -5.34604 5
    endloop
  endfacet
  facet normal -0.382684 0.923879 0
    outer loop
      vertex 1.8541 -5.70634 5
      vertex 2.72394 -5.34604 1.99
      vertex 1.8541 -5.70634 1.99
    endloop
  endfacet
  facet normal -0.852639 0.5225 0
    outer loop
      vertex 4.8541 -3.52671 1.99
      vertex 5.34604 -2.72394 5
      vertex 5.34604 -2.72394 1.99
    endloop
  endfacet
  facet normal -0.852639 0.5225 0
    outer loop
      vertex 5.34604 -2.72394 5
      vertex 4.8541 -3.52671 1.99
      vertex 4.8541 -3.52671 5
    endloop
  endfacet
  facet normal 0.649447 -0.760407 0
    outer loop
      vertex -4.24264 4.24264 1.99
      vertex -3.52671 4.8541 6
      vertex -4.24264 4.24264 6
    endloop
  endfacet
  facet normal 0.649447 -0.760407 0
    outer loop
      vertex -3.52671 4.8541 6
      vertex -4.24264 4.24264 1.99
      vertex -3.52671 4.8541 1.99
    endloop
  endfacet
  facet normal 0.382684 -0.923879 0
    outer loop
      vertex -2.72394 5.34604 1.99
      vertex -1.8541 5.70634 6
      vertex -2.72394 5.34604 6
    endloop
  endfacet
  facet normal 0.382684 -0.923879 0
    outer loop
      vertex -1.8541 5.70634 6
      vertex -2.72394 5.34604 1.99
      vertex -1.8541 5.70634 1.99
    endloop
  endfacet
  facet normal -0.760407 0.649447 0
    outer loop
      vertex 4.24264 -4.24264 1.99
      vertex 4.8541 -3.52671 5
      vertex 4.8541 -3.52671 1.99
    endloop
  endfacet
  facet normal -0.760407 0.649447 0
    outer loop
      vertex 4.8541 -3.52671 5
      vertex 4.24264 -4.24264 1.99
      vertex 4.24264 -4.24264 5
    endloop
  endfacet
  facet normal -0.996917 0.0784669 0
    outer loop
      vertex 5.92613 -0.938606 5.09369
      vertex 5.95413 -0.582868 1.99
      vertex 5.92613 -0.938606 1.99
    endloop
  endfacet
  facet normal -0.996917 0.0784669 0
    outer loop
      vertex 5.95413 -0.582868 1.99
      vertex 5.92613 -0.938606 5.09369
      vertex 5.95413 -0.582868 5.63656
    endloop
  endfacet
  facet normal -0.923879 0.382684 0
    outer loop
      vertex 5.34604 -2.72394 1.99
      vertex 5.70634 -1.8541 5
      vertex 5.70634 -1.8541 1.99
    endloop
  endfacet
  facet normal -0.923879 0.382684 0
    outer loop
      vertex 5.70634 -1.8541 5
      vertex 5.34604 -2.72394 1.99
      vertex 5.34604 -2.72394 5
    endloop
  endfacet
  facet normal 0.923879 0.382684 0
    outer loop
      vertex -5.34604 -2.72394 5
      vertex -5.70634 -1.8541 1.99
      vertex -5.70634 -1.8541 5
    endloop
  endfacet
  facet normal 0.923879 0.382684 0
    outer loop
      vertex -5.70634 -1.8541 1.99
      vertex -5.34604 -2.72394 5
      vertex -5.34604 -2.72394 1.99
    endloop
  endfacet
  facet normal 0.996917 -0.0784669 0
    outer loop
      vertex -5.95413 0.582868 6
      vertex -5.92613 0.938606 1.99
      vertex -5.92613 0.938606 6
    endloop
  endfacet
  facet normal 0.996917 -0.0784669 0
    outer loop
      vertex -5.92613 0.938606 1.99
      vertex -5.95413 0.582868 6
      vertex -5.95413 0.582868 1.99
    endloop
  endfacet
  facet normal 0.97237 -0.233445 0
    outer loop
      vertex -5.92613 0.938606 6
      vertex -5.70634 1.8541 1.99
      vertex -5.70634 1.8541 6
    endloop
  endfacet
  facet normal 0.97237 -0.233445 0
    outer loop
      vertex -5.70634 1.8541 1.99
      vertex -5.92613 0.938606 6
      vertex -5.92613 0.938606 1.99
    endloop
  endfacet
  facet normal -0.233445 -0.97237 0
    outer loop
      vertex 0.938606 5.92613 1.99
      vertex 1.8541 5.70634 6
      vertex 0.938606 5.92613 6
    endloop
  endfacet
  facet normal -0.233445 -0.97237 -0
    outer loop
      vertex 1.8541 5.70634 6
      vertex 0.938606 5.92613 1.99
      vertex 1.8541 5.70634 1.99
    endloop
  endfacet
  facet normal 0.0784669 -0.996917 0
    outer loop
      vertex -0.938606 5.92613 1.99
      vertex -0.582868 5.95413 6
      vertex -0.938606 5.92613 6
    endloop
  endfacet
  facet normal 0.0784669 -0.996917 0
    outer loop
      vertex -0.582868 5.95413 6
      vertex -0.938606 5.92613 1.99
      vertex -0.582868 5.95413 1.99
    endloop
  endfacet
  facet normal 0.760407 0.649447 0
    outer loop
      vertex -4.24264 -4.24264 5
      vertex -4.8541 -3.52671 1.99
      vertex -4.8541 -3.52671 5
    endloop
  endfacet
  facet normal 0.760407 0.649447 0
    outer loop
      vertex -4.8541 -3.52671 1.99
      vertex -4.24264 -4.24264 5
      vertex -4.24264 -4.24264 1.99
    endloop
  endfacet
  facet normal 0.233445 0.97237 -0
    outer loop
      vertex -0.938606 -5.92613 1.99
      vertex -1.8541 -5.70634 5
      vertex -0.938606 -5.92613 5
    endloop
  endfacet
  facet normal 0.233445 0.97237 0
    outer loop
      vertex -1.8541 -5.70634 5
      vertex -0.938606 -5.92613 1.99
      vertex -1.8541 -5.70634 1.99
    endloop
  endfacet
  facet normal 0.649447 0.760407 -0
    outer loop
      vertex -3.52671 -4.8541 1.99
      vertex -4.24264 -4.24264 5
      vertex -3.52671 -4.8541 5
    endloop
  endfacet
  facet normal 0.649447 0.760407 0
    outer loop
      vertex -4.24264 -4.24264 5
      vertex -3.52671 -4.8541 1.99
      vertex -4.24264 -4.24264 1.99
    endloop
  endfacet
  facet normal -0.852639 -0.5225 0
    outer loop
      vertex 5.34604 2.72394 1.99
      vertex 4.8541 3.52671 6
      vertex 4.8541 3.52671 1.99
    endloop
  endfacet
  facet normal -0.852639 -0.5225 0
    outer loop
      vertex 4.8541 3.52671 6
      vertex 5.34604 2.72394 1.99
      vertex 5.34604 2.72394 6
    endloop
  endfacet
  facet normal 0.923879 -0.382684 0
    outer loop
      vertex -5.70634 1.8541 6
      vertex -5.34604 2.72394 1.99
      vertex -5.34604 2.72394 6
    endloop
  endfacet
  facet normal 0.923879 -0.382684 0
    outer loop
      vertex -5.34604 2.72394 1.99
      vertex -5.70634 1.8541 6
      vertex -5.70634 1.8541 1.99
    endloop
  endfacet
  facet normal 0.5225 -0.852639 0
    outer loop
      vertex -3.52671 4.8541 1.99
      vertex -2.72394 5.34604 6
      vertex -3.52671 4.8541 6
    endloop
  endfacet
  facet normal 0.5225 -0.852639 0
    outer loop
      vertex -2.72394 5.34604 6
      vertex -3.52671 4.8541 1.99
      vertex -2.72394 5.34604 1.99
    endloop
  endfacet
  facet normal 0.0784669 0.996917 -0
    outer loop
      vertex -0.582868 -5.95413 1.99
      vertex -0.938606 -5.92613 5
      vertex -0.582868 -5.95413 5
    endloop
  endfacet
  facet normal 0.0784669 0.996917 0
    outer loop
      vertex -0.938606 -5.92613 5
      vertex -0.582868 -5.95413 1.99
      vertex -0.938606 -5.92613 1.99
    endloop
  endfacet
  facet normal -0.5225 -0.852639 0
    outer loop
      vertex 2.72394 5.34604 1.99
      vertex 3.52671 4.8541 6
      vertex 2.72394 5.34604 6
    endloop
  endfacet
  facet normal -0.5225 -0.852639 -0
    outer loop
      vertex 3.52671 4.8541 6
      vertex 2.72394 5.34604 1.99
      vertex 3.52671 4.8541 1.99
    endloop
  endfacet
  facet normal -0.5225 0.852639 0
    outer loop
      vertex 3.52671 -4.8541 1.99
      vertex 2.72394 -5.34604 5
      vertex 3.52671 -4.8541 5
    endloop
  endfacet
  facet normal -0.5225 0.852639 0
    outer loop
      vertex 2.72394 -5.34604 5
      vertex 3.52671 -4.8541 1.99
      vertex 2.72394 -5.34604 1.99
    endloop
  endfacet
  facet normal 0.760407 -0.649447 0
    outer loop
      vertex -4.8541 3.52671 6
      vertex -4.24264 4.24264 1.99
      vertex -4.24264 4.24264 6
    endloop
  endfacet
  facet normal 0.760407 -0.649447 0
    outer loop
      vertex -4.24264 4.24264 1.99
      vertex -4.8541 3.52671 6
      vertex -4.8541 3.52671 1.99
    endloop
  endfacet
  facet normal 0.233445 -0.97237 0
    outer loop
      vertex -1.8541 5.70634 1.99
      vertex -0.938606 5.92613 6
      vertex -1.8541 5.70634 6
    endloop
  endfacet
  facet normal 0.233445 -0.97237 0
    outer loop
      vertex -0.938606 5.92613 6
      vertex -1.8541 5.70634 1.99
      vertex -0.938606 5.92613 1.99
    endloop
  endfacet
  facet normal 0.5225 0.852639 -0
    outer loop
      vertex -2.72394 -5.34604 1.99
      vertex -3.52671 -4.8541 5
      vertex -2.72394 -5.34604 5
    endloop
  endfacet
  facet normal 0.5225 0.852639 0
    outer loop
      vertex -3.52671 -4.8541 5
      vertex -2.72394 -5.34604 1.99
      vertex -3.52671 -4.8541 1.99
    endloop
  endfacet
  facet normal -0.760407 -0.649447 0
    outer loop
      vertex 4.8541 3.52671 1.99
      vertex 4.24264 4.24264 6
      vertex 4.24264 4.24264 1.99
    endloop
  endfacet
  facet normal -0.760407 -0.649447 0
    outer loop
      vertex 4.24264 4.24264 6
      vertex 4.8541 3.52671 1.99
      vertex 4.8541 3.52671 6
    endloop
  endfacet
  facet normal -0.649447 -0.760407 0
    outer loop
      vertex 3.52671 4.8541 1.99
      vertex 4.24264 4.24264 6
      vertex 3.52671 4.8541 6
    endloop
  endfacet
  facet normal -0.649447 -0.760407 -0
    outer loop
      vertex 4.24264 4.24264 6
      vertex 3.52671 4.8541 1.99
      vertex 4.24264 4.24264 1.99
    endloop
  endfacet
  facet normal -0.0784669 0.996917 0
    outer loop
      vertex 0.938606 -5.92613 1.99
      vertex 0.582868 -5.95413 5
      vertex 0.938606 -5.92613 5
    endloop
  endfacet
  facet normal -0.0784669 0.996917 0
    outer loop
      vertex 0.582868 -5.95413 5
      vertex 0.938606 -5.92613 1.99
      vertex 0.582868 -5.95413 1.99
    endloop
  endfacet
  facet normal 0.382684 0.923879 -0
    outer loop
      vertex -1.8541 -5.70634 1.99
      vertex -2.72394 -5.34604 5
      vertex -1.8541 -5.70634 5
    endloop
  endfacet
  facet normal 0.382684 0.923879 0
    outer loop
      vertex -2.72394 -5.34604 5
      vertex -1.8541 -5.70634 1.99
      vertex -2.72394 -5.34604 1.99
    endloop
  endfacet
  facet normal 0.852639 0.5225 0
    outer loop
      vertex -4.8541 -3.52671 5
      vertex -5.34604 -2.72394 1.99
      vertex -5.34604 -2.72394 5
    endloop
  endfacet
  facet normal 0.852639 0.5225 0
    outer loop
      vertex -5.34604 -2.72394 1.99
      vertex -4.8541 -3.52671 5
      vertex -4.8541 -3.52671 1.99
    endloop
  endfacet
  facet normal -0.233445 0.97237 0
    outer loop
      vertex 1.8541 -5.70634 1.99
      vertex 0.938606 -5.92613 5
      vertex 1.8541 -5.70634 5
    endloop
  endfacet
  facet normal -0.233445 0.97237 0
    outer loop
      vertex 0.938606 -5.92613 5
      vertex 1.8541 -5.70634 1.99
      vertex 0.938606 -5.92613 1.99
    endloop
  endfacet
  facet normal -0.649447 0.760407 0
    outer loop
      vertex 4.24264 -4.24264 1.99
      vertex 3.52671 -4.8541 5
      vertex 4.24264 -4.24264 5
    endloop
  endfacet
  facet normal -0.649447 0.760407 0
    outer loop
      vertex 3.52671 -4.8541 5
      vertex 4.24264 -4.24264 1.99
      vertex 3.52671 -4.8541 1.99
    endloop
  endfacet
  facet normal 0.996917 0.0784669 0
    outer loop
      vertex -5.92613 -0.938606 5.09369
      vertex -5.95413 -0.582868 1.99
      vertex -5.95413 -0.582868 5.63656
    endloop
  endfacet
  facet normal 0.996917 0.0784669 0
    outer loop
      vertex -5.95413 -0.582868 1.99
      vertex -5.92613 -0.938606 5.09369
      vertex -5.92613 -0.938606 1.99
    endloop
  endfacet
  facet normal -0.972368 0.233454 0
    outer loop
      vertex 5.92613 -0.938606 1.99
      vertex 5.91139 -1 5
      vertex 5.92613 -0.938606 5.09369
    endloop
  endfacet
  facet normal -0.97237 0.233445 -2.09708e-07
    outer loop
      vertex 5.70634 -1.8541 1.99
      vertex 5.91139 -1 5
      vertex 5.92613 -0.938606 1.99
    endloop
  endfacet
  facet normal -0.97237 0.233444 0
    outer loop
      vertex 5.91139 -1 5
      vertex 5.70634 -1.8541 1.99
      vertex 5.70634 -1.8541 5
    endloop
  endfacet
  facet normal -0.382684 -0.923879 0
    outer loop
      vertex 1.8541 5.70634 1.99
      vertex 2.72394 5.34604 6
      vertex 1.8541 5.70634 6
    endloop
  endfacet
  facet normal -0.382684 -0.923879 -0
    outer loop
      vertex 2.72394 5.34604 6
      vertex 1.8541 5.70634 1.99
      vertex 2.72394 5.34604 1.99
    endloop
  endfacet
  facet normal -0.0784669 -0.996917 0
    outer loop
      vertex 0.582868 5.95413 1.99
      vertex 0.938606 5.92613 6
      vertex 0.582868 5.95413 6
    endloop
  endfacet
  facet normal -0.0784669 -0.996917 -0
    outer loop
      vertex 0.938606 5.92613 6
      vertex 0.582868 5.95413 1.99
      vertex 0.938606 5.92613 1.99
    endloop
  endfacet
  facet normal 0.852639 -0.5225 0
    outer loop
      vertex -5.34604 2.72394 6
      vertex -4.8541 3.52671 1.99
      vertex -4.8541 3.52671 6
    endloop
  endfacet
  facet normal 0.852639 -0.5225 0
    outer loop
      vertex -4.8541 3.52671 1.99
      vertex -5.34604 2.72394 6
      vertex -5.34604 2.72394 1.99
    endloop
  endfacet
  facet normal 0 0.647226 -0.762298
    outer loop
      vertex -8.58962 0 83.8491
      vertex 10.7778 3.71111 87
      vertex 8.58962 0 83.8491
    endloop
  endfacet
  facet normal 0 0.647226 -0.762298
    outer loop
      vertex 10.7778 3.71111 87
      vertex -8.58962 0 83.8491
      vertex -10.7778 3.71111 87
    endloop
  endfacet
  facet normal -0.923073 -0.384624 -0
    outer loop
      vertex -10 -4.2 87
      vertex -10.7778 -2.33333 87
      vertex -10 -4.2 85.88
    endloop
  endfacet
  facet normal -0.821364 -9.17604e-07 -0.570405
    outer loop
      vertex -10 0 85.88
      vertex -10.7778 3.71111 87
      vertex -8.58962 0 83.8491
    endloop
  endfacet
  facet normal -0.821362 0 -0.570407
    outer loop
      vertex -10 0 85.88
      vertex -10.7778 -2.33333 87
      vertex -10.7778 3.71111 87
    endloop
  endfacet
  facet normal -0.821362 0 -0.570407
    outer loop
      vertex -10.7778 -2.33333 87
      vertex -10 0 85.88
      vertex -10 -4.2 85.88
    endloop
  endfacet
  facet normal 0.923073 -0.384624 0
    outer loop
      vertex 10 -4.2 87
      vertex 10 -4.2 85.88
      vertex 10.7778 -2.33333 87
    endloop
  endfacet
  facet normal 0.821362 0 -0.570407
    outer loop
      vertex 10.7778 -2.33333 87
      vertex 10 0 85.88
      vertex 10.7778 3.71111 87
    endloop
  endfacet
  facet normal 0.821362 0 -0.570407
    outer loop
      vertex 10 0 85.88
      vertex 10.7778 -2.33333 87
      vertex 10 -4.2 85.88
    endloop
  endfacet
  facet normal 0.821364 -9.17604e-07 -0.570405
    outer loop
      vertex 10.7778 3.71111 87
      vertex 10 0 85.88
      vertex 8.58962 0 83.8491
    endloop
  endfacet
  facet normal 0.909422 -0.415874 5.69364e-05
    outer loop
      vertex 14.25 4.66551 66.7467
      vertex 10.9587 -2.53078 74.3911
      vertex 10.9728 -2.5 74
    endloop
  endfacet
  facet normal 0.90929 -0.416163 -0.000272322
    outer loop
      vertex 14.25 4.66551 66.7467
      vertex 10.9169 -2.62236 74.7725
      vertex 10.9587 -2.53078 74.3911
    endloop
  endfacet
  facet normal 0.909643 -0.415391 0.000574856
    outer loop
      vertex 10.9169 -2.62236 74.7725
      vertex 14.25 4.66551 66.7467
      vertex 10.8785 -2.70617 74.9749
    endloop
  endfacet
  facet normal 0.909382 -0.415962 -4.85319e-05
    outer loop
      vertex 10.9587 -2.53078 73.6089
      vertex 14.25 4.66551 66.7467
      vertex 10.9728 -2.5 74
    endloop
  endfacet
  facet normal 0.909459 -0.415793 0.000165097
    outer loop
      vertex 10.9169 -2.62236 73.2275
      vertex 14.25 4.66551 66.7467
      vertex 10.9587 -2.53078 73.6089
    endloop
  endfacet
  facet normal 0.909377 -0.415972 -7.84149e-05
    outer loop
      vertex 10.8482 -2.77248 72.865
      vertex 14.25 4.66551 66.7467
      vertex 10.9169 -2.62236 73.2275
    endloop
  endfacet
  facet normal 0.909373 -0.415982 -9.29504e-05
    outer loop
      vertex 10.7544 -2.97746 72.5305
      vertex 14.25 4.66551 66.7467
      vertex 10.8482 -2.77248 72.865
    endloop
  endfacet
  facet normal 0.909411 -0.415899 4.0706e-05
    outer loop
      vertex 10.6379 -3.23223 72.2322
      vertex 14.25 4.66551 66.7467
      vertex 10.7544 -2.97746 72.5305
    endloop
  endfacet
  facet normal 0.909418 -0.415883 6.82612e-05
    outer loop
      vertex 10.5015 -3.53054 71.9775
      vertex 14.25 4.66551 66.7467
      vertex 10.6379 -3.23223 72.2322
    endloop
  endfacet
  facet normal 0.909389 -0.415947 -5.23315e-05
    outer loop
      vertex 10.3485 -3.86502 71.7725
      vertex 14.25 4.66551 66.7467
      vertex 10.5015 -3.53054 71.9775
    endloop
  endfacet
  facet normal 0.909437 -0.415842 0.000161494
    outer loop
      vertex 10.1828 -4.22746 71.6224
      vertex 14.25 4.66551 66.7467
      vertex 10.3485 -3.86502 71.7725
    endloop
  endfacet
  facet normal 0.909364 -0.416002 -4.91106e-07
    outer loop
      vertex 10 -4.62704 60.1189
      vertex 10.1828 -4.22746 71.6224
      vertex 10.0083 -4.60891 71.5308
    endloop
  endfacet
  facet normal 0.909247 -0.416257 0
    outer loop
      vertex 10 -4.62704 60.1189
      vertex 10.0083 -4.60891 71.5308
      vertex 10 -4.62704 71.5294
    endloop
  endfacet
  facet normal 0.909402 -0.415917 -4.04016e-06
    outer loop
      vertex 10.1828 -4.22746 71.6224
      vertex 10 -4.62704 60.1189
      vertex 14.25 4.66551 66.7467
    endloop
  endfacet
  facet normal 0.909604 -0.415477 0.000443241
    outer loop
      vertex 10 -4.62704 77.1189
      vertex 10.3485 -3.86502 76.2275
      vertex 10.3856 -3.78385 76.1778
    endloop
  endfacet
  facet normal 0.909492 -0.415722 0.000190118
    outer loop
      vertex 10 -4.62704 77.1189
      vertex 10.1828 -4.22746 76.3776
      vertex 10.3485 -3.86502 76.2275
    endloop
  endfacet
  facet normal 0.909364 -0.416 8.68111e-06
    outer loop
      vertex 10 -4.62704 77.1189
      vertex 10.0083 -4.60891 76.4692
      vertex 10.1828 -4.22746 76.3776
    endloop
  endfacet
  facet normal 0.909247 -0.416257 0
    outer loop
      vertex 10.0083 -4.60891 76.4692
      vertex 10 -4.62704 77.1189
      vertex 10 -4.62704 76.4706
    endloop
  endfacet
  facet normal 0 -0.0306148 0.999531
    outer loop
      vertex 14.25 7.44388 82.5036
      vertex -10 0 82.2756
      vertex 10 0 82.2756
    endloop
  endfacet
  facet normal -4.36523e-06 -0.0306173 0.999531
    outer loop
      vertex -10 0 82.2756
      vertex -14.25 7.44388 82.5036
      vertex -10 -3.73796 82.1611
    endloop
  endfacet
  facet normal 0 -0.0306148 0.999531
    outer loop
      vertex -14.25 7.44388 82.5036
      vertex -10 0 82.2756
      vertex 14.25 7.44388 82.5036
    endloop
  endfacet
  facet normal 4.36523e-06 -0.0306173 0.999531
    outer loop
      vertex 14.25 7.44388 82.5036
      vertex 10 0 82.2756
      vertex 10 -3.73796 82.1611
    endloop
  endfacet
  facet normal 0.824928 0 -0.565238
    outer loop
      vertex 14.25 8.21081 66.1215
      vertex 10 -3.49254 59.9189
      vertex 10 0 59.9189
    endloop
  endfacet
  facet normal 0.824932 -6.47167e-06 -0.565232
    outer loop
      vertex 14.25 8.21081 66.1215
      vertex 10 0 59.9189
      vertex 8.67855 0 57.9903
    endloop
  endfacet
  facet normal -0.824932 -6.47167e-06 -0.565232
    outer loop
      vertex -10 0 59.9189
      vertex -14.25 8.21081 66.1215
      vertex -8.67855 0 57.9903
    endloop
  endfacet
  facet normal -0.824928 0 -0.565238
    outer loop
      vertex -14.25 8.21081 66.1215
      vertex -10 0 59.9189
      vertex -10 -3.49254 59.9189
    endloop
  endfacet
  facet normal 0 0.703654 -0.710543
    outer loop
      vertex -8.67855 0 57.9903
      vertex 14.25 8.21081 66.1215
      vertex 8.67855 0 57.9903
    endloop
  endfacet
  facet normal 0 0.703654 -0.710543
    outer loop
      vertex 14.25 8.21081 66.1215
      vertex -8.67855 0 57.9903
      vertex -14.25 8.21081 66.1215
    endloop
  endfacet
  facet normal 1 0 0
    outer loop
      vertex 14.25 7.44388 82.5036
      vertex 14.25 8.21081 66.1215
      vertex 14.25 10.9892 81.8785
    endloop
  endfacet
  facet normal 1 0 0
    outer loop
      vertex 14.25 8.21081 66.1215
      vertex 14.25 7.44388 82.5036
      vertex 14.25 4.66551 66.7467
    endloop
  endfacet
  facet normal -0 0.173639 0.984809
    outer loop
      vertex -14.25 10.9892 81.8785
      vertex 14.25 7.44388 82.5036
      vertex 14.25 10.9892 81.8785
    endloop
  endfacet
  facet normal 0 0.173639 0.984809
    outer loop
      vertex 14.25 7.44388 82.5036
      vertex -14.25 10.9892 81.8785
      vertex -14.25 7.44388 82.5036
    endloop
  endfacet
  facet normal 6.39433e-06 0.984807 -0.173653
    outer loop
      vertex 9.59141 9.73925 74.7897
      vertex 14.25 10.9892 81.8785
      vertex 9.72188 9.74863 74.8429
    endloop
  endfacet
  facet normal -1.44912e-05 0.984806 -0.173658
    outer loop
      vertex -14.25 10.9892 81.8785
      vertex -9.85921 9.75436 74.8754
      vertex -10 9.75628 74.8863
    endloop
  endfacet
  facet normal -0.000116856 0.984821 -0.173574
    outer loop
      vertex 9.47099 9.72644 74.7171
      vertex 14.25 10.9892 81.8785
      vertex 9.59141 9.73925 74.7897
    endloop
  endfacet
  facet normal -5.45529e-06 0.984807 -0.173652
    outer loop
      vertex -14.25 10.9892 81.8785
      vertex -9.72188 9.74863 74.8429
      vertex -9.85921 9.75436 74.8754
    endloop
  endfacet
  facet normal 0 0.984807 -0.17365
    outer loop
      vertex 14.25 10.9892 81.8785
      vertex 9.47099 9.72644 74.7171
      vertex -14.25 10.9892 81.8785
    endloop
  endfacet
  facet normal -6.39433e-06 0.984807 -0.173653
    outer loop
      vertex -14.25 10.9892 81.8785
      vertex -9.59141 9.73925 74.7897
      vertex -9.72188 9.74863 74.8429
    endloop
  endfacet
  facet normal 0 0.984807 -0.17365
    outer loop
      vertex -9.47099 9.72644 74.7171
      vertex -14.25 10.9892 81.8785
      vertex 9.47099 9.72644 74.7171
    endloop
  endfacet
  facet normal 0.000116856 0.984821 -0.173574
    outer loop
      vertex -14.25 10.9892 81.8785
      vertex -9.47099 9.72644 74.7171
      vertex -9.59141 9.73925 74.7897
    endloop
  endfacet
  facet normal 0 0.984826 -0.173543
    outer loop
      vertex 9.3636 9.71051 74.6267
      vertex -9.47099 9.72644 74.7171
      vertex 9.47099 9.72644 74.7171
    endloop
  endfacet
  facet normal 0 0.984826 -0.173543
    outer loop
      vertex 9.3636 9.71051 74.6267
      vertex -9.3636 9.71051 74.6267
      vertex -9.47099 9.72644 74.7171
    endloop
  endfacet
  facet normal 0 0.984788 -0.173759
    outer loop
      vertex 9.27188 9.69186 74.521
      vertex -9.3636 9.71051 74.6267
      vertex 9.3636 9.71051 74.6267
    endloop
  endfacet
  facet normal 0 0.984788 -0.173759
    outer loop
      vertex 9.27188 9.69186 74.521
      vertex -9.27188 9.69186 74.521
      vertex -9.3636 9.71051 74.6267
    endloop
  endfacet
  facet normal 0 0.984811 -0.173629
    outer loop
      vertex 9.19809 9.67095 74.4024
      vertex -9.27188 9.69186 74.521
      vertex 9.27188 9.69186 74.521
    endloop
  endfacet
  facet normal 0 0.984811 -0.173629
    outer loop
      vertex 9.19809 9.67095 74.4024
      vertex -9.19809 9.67095 74.4024
      vertex -9.27188 9.69186 74.521
    endloop
  endfacet
  facet normal 0 0.984805 -0.173663
    outer loop
      vertex 9.14405 9.64829 74.2739
      vertex -9.19809 9.67095 74.4024
      vertex 9.19809 9.67095 74.4024
    endloop
  endfacet
  facet normal 0 0.984805 -0.173663
    outer loop
      vertex 9.14405 9.64829 74.2739
      vertex -9.14405 9.64829 74.2739
      vertex -9.19809 9.67095 74.4024
    endloop
  endfacet
  facet normal 0 0.984829 -0.173528
    outer loop
      vertex 9.11108 9.62445 74.1386
      vertex -9.14405 9.64829 74.2739
      vertex 9.14405 9.64829 74.2739
    endloop
  endfacet
  facet normal 0 0.984829 -0.173528
    outer loop
      vertex 9.11108 9.62445 74.1386
      vertex -9.11108 9.62445 74.1386
      vertex -9.14405 9.64829 74.2739
    endloop
  endfacet
  facet normal 0 0.984794 -0.173725
    outer loop
      vertex 9.1 9.6 74
      vertex -9.11108 9.62445 74.1386
      vertex 9.11108 9.62445 74.1386
    endloop
  endfacet
  facet normal 0 0.984794 -0.173725
    outer loop
      vertex 9.1 9.6 74
      vertex -9.1 9.6 74
      vertex -9.11108 9.62445 74.1386
    endloop
  endfacet
  facet normal 0 0.984794 -0.173725
    outer loop
      vertex 9.11108 9.57555 73.8614
      vertex -9.1 9.6 74
      vertex 9.1 9.6 74
    endloop
  endfacet
  facet normal 0 0.984794 -0.173725
    outer loop
      vertex 9.11108 9.57555 73.8614
      vertex -9.11108 9.57555 73.8614
      vertex -9.1 9.6 74
    endloop
  endfacet
  facet normal 0 0.984829 -0.173528
    outer loop
      vertex 9.14405 9.55171 73.7261
      vertex -9.11108 9.57555 73.8614
      vertex 9.11108 9.57555 73.8614
    endloop
  endfacet
  facet normal 0 0.984829 -0.173528
    outer loop
      vertex 9.14405 9.55171 73.7261
      vertex -9.14405 9.55171 73.7261
      vertex -9.11108 9.57555 73.8614
    endloop
  endfacet
  facet normal 0 0.984805 -0.173663
    outer loop
      vertex 9.19809 9.52905 73.5976
      vertex -9.14405 9.55171 73.7261
      vertex 9.14405 9.55171 73.7261
    endloop
  endfacet
  facet normal 0 0.984805 -0.173663
    outer loop
      vertex 9.19809 9.52905 73.5976
      vertex -9.19809 9.52905 73.5976
      vertex -9.14405 9.55171 73.7261
    endloop
  endfacet
  facet normal 0 0.984811 -0.173629
    outer loop
      vertex 9.27188 9.50814 73.479
      vertex -9.19809 9.52905 73.5976
      vertex 9.19809 9.52905 73.5976
    endloop
  endfacet
  facet normal 0 0.984811 -0.173629
    outer loop
      vertex 9.27188 9.50814 73.479
      vertex -9.27188 9.50814 73.479
      vertex -9.19809 9.52905 73.5976
    endloop
  endfacet
  facet normal 0 0.984788 -0.173759
    outer loop
      vertex 9.3636 9.48949 73.3733
      vertex -9.27188 9.50814 73.479
      vertex 9.27188 9.50814 73.479
    endloop
  endfacet
  facet normal 0 0.984788 -0.173759
    outer loop
      vertex 9.3636 9.48949 73.3733
      vertex -9.3636 9.48949 73.3733
      vertex -9.27188 9.50814 73.479
    endloop
  endfacet
  facet normal 0 0.984826 -0.173543
    outer loop
      vertex 9.47099 9.47356 73.2829
      vertex -9.3636 9.48949 73.3733
      vertex 9.3636 9.48949 73.3733
    endloop
  endfacet
  facet normal 0 0.984826 -0.173543
    outer loop
      vertex 9.47099 9.47356 73.2829
      vertex -9.47099 9.47356 73.2829
      vertex -9.3636 9.48949 73.3733
    endloop
  endfacet
  facet normal 0.000118243 0.984821 -0.173572
    outer loop
      vertex 14.25 8.21081 66.1215
      vertex 9.47099 9.47356 73.2829
      vertex 9.59141 9.46075 73.2103
    endloop
  endfacet
  facet normal 0 0.984808 -0.173648
    outer loop
      vertex 9.47099 9.47356 73.2829
      vertex 14.25 8.21081 66.1215
      vertex -9.47099 9.47356 73.2829
    endloop
  endfacet
  facet normal -5.6205e-06 0.984807 -0.173651
    outer loop
      vertex 14.25 8.21081 66.1215
      vertex 9.59141 9.46075 73.2103
      vertex 9.72188 9.45137 73.1571
    endloop
  endfacet
  facet normal 0 0.984808 -0.173648
    outer loop
      vertex -14.25 8.21081 66.1215
      vertex -9.47099 9.47356 73.2829
      vertex 14.25 8.21081 66.1215
    endloop
  endfacet
  facet normal -5.06451e-06 0.984807 -0.173651
    outer loop
      vertex 14.25 8.21081 66.1215
      vertex 9.72188 9.45137 73.1571
      vertex 9.85921 9.44564 73.1246
    endloop
  endfacet
  facet normal -0.000118243 0.984821 -0.173572
    outer loop
      vertex -9.47099 9.47356 73.2829
      vertex -14.25 8.21081 66.1215
      vertex -9.59141 9.46075 73.2103
    endloop
  endfacet
  facet normal -1.43767e-05 0.984806 -0.173656
    outer loop
      vertex 14.25 8.21081 66.1215
      vertex 9.85921 9.44564 73.1246
      vertex 10 9.44372 73.1137
    endloop
  endfacet
  facet normal 5.6205e-06 0.984807 -0.173651
    outer loop
      vertex -9.59141 9.46075 73.2103
      vertex -14.25 8.21081 66.1215
      vertex -9.72188 9.45137 73.1571
    endloop
  endfacet
  facet normal 1.44912e-05 0.984806 -0.173658
    outer loop
      vertex 9.85921 9.75436 74.8754
      vertex 14.25 10.9892 81.8785
      vertex 10 9.75628 74.8863
    endloop
  endfacet
  facet normal -1.31878e-05 0.984809 -0.173641
    outer loop
      vertex 14.25 10.9892 81.8785
      vertex 10.1408 9.75436 74.8754
      vertex 10 9.75628 74.8863
    endloop
  endfacet
  facet normal -4.08015e-06 0.984808 -0.173646
    outer loop
      vertex 14.25 10.9892 81.8785
      vertex 10.2781 9.74863 74.8429
      vertex 10.1408 9.75436 74.8754
    endloop
  endfacet
  facet normal -3.83303e-06 0.984808 -0.173647
    outer loop
      vertex 14.25 10.9892 81.8785
      vertex 10.4086 9.73925 74.7897
      vertex 10.2781 9.74863 74.8429
    endloop
  endfacet
  facet normal 5.31877e-05 0.984803 -0.173677
    outer loop
      vertex 14.25 10.9892 81.8785
      vertex 10.529 9.72644 74.7171
      vertex 10.4086 9.73925 74.7897
    endloop
  endfacet
  facet normal -6.44972e-05 0.984813 -0.173617
    outer loop
      vertex 14.25 10.9892 81.8785
      vertex 10.6364 9.71051 74.6267
      vertex 10.529 9.72644 74.7171
    endloop
  endfacet
  facet normal 8.32814e-05 0.984801 -0.173689
    outer loop
      vertex 14.25 10.9892 81.8785
      vertex 10.7281 9.69186 74.521
      vertex 10.6364 9.71051 74.6267
    endloop
  endfacet
  facet normal -1.96812e-05 0.984809 -0.173641
    outer loop
      vertex 14.25 10.9892 81.8785
      vertex 10.8019 9.67095 74.4024
      vertex 10.7281 9.69186 74.521
    endloop
  endfacet
  facet normal 1.54552e-05 0.984806 -0.173657
    outer loop
      vertex 14.25 10.9892 81.8785
      vertex 10.856 9.64829 74.2739
      vertex 10.8019 9.67095 74.4024
    endloop
  endfacet
  facet normal -0.000182497 0.984821 -0.173571
    outer loop
      vertex 14.25 10.9892 81.8785
      vertex 10.8889 9.62445 74.1386
      vertex 10.856 9.64829 74.2739
    endloop
  endfacet
  facet normal 0.000153861 0.984796 -0.173713
    outer loop
      vertex 14.25 10.9892 81.8785
      vertex 10.9 9.6 74
      vertex 10.8889 9.62445 74.1386
    endloop
  endfacet
  facet normal -1.46986e-06 0.984808 -0.173649
    outer loop
      vertex 14.25 8.21081 66.1215
      vertex 10.9 9.6 74
      vertex 14.25 10.9892 81.8785
    endloop
  endfacet
  facet normal -0.000156334 0.984796 -0.173712
    outer loop
      vertex 10.9 9.6 74
      vertex 14.25 8.21081 66.1215
      vertex 10.8889 9.57555 73.8614
    endloop
  endfacet
  facet normal 5.06451e-06 0.984807 -0.173651
    outer loop
      vertex -9.72188 9.45137 73.1571
      vertex -14.25 8.21081 66.1215
      vertex -9.85921 9.44564 73.1246
    endloop
  endfacet
  facet normal 1.30836e-05 0.984809 -0.17364
    outer loop
      vertex 10.1408 9.44564 73.1246
      vertex 14.25 8.21081 66.1215
      vertex 10 9.44372 73.1137
    endloop
  endfacet
  facet normal 3.78788e-06 0.984808 -0.173645
    outer loop
      vertex 10.2781 9.45137 73.1571
      vertex 14.25 8.21081 66.1215
      vertex 10.1408 9.44564 73.1246
    endloop
  endfacet
  facet normal 3.36916e-06 0.984808 -0.173646
    outer loop
      vertex 10.4086 9.46075 73.2103
      vertex 14.25 8.21081 66.1215
      vertex 10.2781 9.45137 73.1571
    endloop
  endfacet
  facet normal -5.38191e-05 0.984803 -0.173676
    outer loop
      vertex 10.529 9.47356 73.2829
      vertex 14.25 8.21081 66.1215
      vertex 10.4086 9.46075 73.2103
    endloop
  endfacet
  facet normal 6.36919e-05 0.984813 -0.173616
    outer loop
      vertex 10.6364 9.48949 73.3733
      vertex 14.25 8.21081 66.1215
      vertex 10.529 9.47356 73.2829
    endloop
  endfacet
  facet normal -8.42757e-05 0.984801 -0.173688
    outer loop
      vertex 10.7281 9.50814 73.479
      vertex 14.25 8.21081 66.1215
      vertex 10.6364 9.48949 73.3733
    endloop
  endfacet
  facet normal 1.84654e-05 0.984809 -0.17364
    outer loop
      vertex 10.8019 9.52905 73.5976
      vertex 14.25 8.21081 66.1215
      vertex 10.7281 9.50814 73.479
    endloop
  endfacet
  facet normal -1.69484e-05 0.984806 -0.173656
    outer loop
      vertex 10.856 9.55171 73.7261
      vertex 14.25 8.21081 66.1215
      vertex 10.8019 9.52905 73.5976
    endloop
  endfacet
  facet normal 0.000180619 0.984821 -0.17357
    outer loop
      vertex 10.8889 9.57555 73.8614
      vertex 14.25 8.21081 66.1215
      vertex 10.856 9.55171 73.7261
    endloop
  endfacet
  facet normal 5.45529e-06 0.984807 -0.173652
    outer loop
      vertex 9.72188 9.74863 74.8429
      vertex 14.25 10.9892 81.8785
      vertex 9.85921 9.75436 74.8754
    endloop
  endfacet
  facet normal 1.31878e-05 0.984809 -0.173641
    outer loop
      vertex -10.1408 9.75436 74.8754
      vertex -14.25 10.9892 81.8785
      vertex -10 9.75628 74.8863
    endloop
  endfacet
  facet normal 4.08015e-06 0.984808 -0.173646
    outer loop
      vertex -10.2781 9.74863 74.8429
      vertex -14.25 10.9892 81.8785
      vertex -10.1408 9.75436 74.8754
    endloop
  endfacet
  facet normal 3.83303e-06 0.984808 -0.173647
    outer loop
      vertex -10.4086 9.73925 74.7897
      vertex -14.25 10.9892 81.8785
      vertex -10.2781 9.74863 74.8429
    endloop
  endfacet
  facet normal -5.31877e-05 0.984803 -0.173677
    outer loop
      vertex -10.529 9.72644 74.7171
      vertex -14.25 10.9892 81.8785
      vertex -10.4086 9.73925 74.7897
    endloop
  endfacet
  facet normal 6.44972e-05 0.984813 -0.173617
    outer loop
      vertex -10.6364 9.71051 74.6267
      vertex -14.25 10.9892 81.8785
      vertex -10.529 9.72644 74.7171
    endloop
  endfacet
  facet normal -8.32814e-05 0.984801 -0.173689
    outer loop
      vertex -10.7281 9.69186 74.521
      vertex -14.25 10.9892 81.8785
      vertex -10.6364 9.71051 74.6267
    endloop
  endfacet
  facet normal 1.96812e-05 0.984809 -0.173641
    outer loop
      vertex -10.8019 9.67095 74.4024
      vertex -14.25 10.9892 81.8785
      vertex -10.7281 9.69186 74.521
    endloop
  endfacet
  facet normal -1.54552e-05 0.984806 -0.173657
    outer loop
      vertex -10.856 9.64829 74.2739
      vertex -14.25 10.9892 81.8785
      vertex -10.8019 9.67095 74.4024
    endloop
  endfacet
  facet normal 0.000182497 0.984821 -0.173571
    outer loop
      vertex -10.8889 9.62445 74.1386
      vertex -14.25 10.9892 81.8785
      vertex -10.856 9.64829 74.2739
    endloop
  endfacet
  facet normal -0.000153861 0.984796 -0.173713
    outer loop
      vertex -10.9 9.6 74
      vertex -14.25 10.9892 81.8785
      vertex -10.8889 9.62445 74.1386
    endloop
  endfacet
  facet normal 0.000156334 0.984796 -0.173712
    outer loop
      vertex -14.25 8.21081 66.1215
      vertex -10.9 9.6 74
      vertex -10.8889 9.57555 73.8614
    endloop
  endfacet
  facet normal -0.000180619 0.984821 -0.17357
    outer loop
      vertex -14.25 8.21081 66.1215
      vertex -10.8889 9.57555 73.8614
      vertex -10.856 9.55171 73.7261
    endloop
  endfacet
  facet normal 1.43767e-05 0.984806 -0.173656
    outer loop
      vertex -9.85921 9.44564 73.1246
      vertex -14.25 8.21081 66.1215
      vertex -10 9.44372 73.1137
    endloop
  endfacet
  facet normal -1.30836e-05 0.984809 -0.17364
    outer loop
      vertex -10 9.44372 73.1137
      vertex -14.25 8.21081 66.1215
      vertex -10.1408 9.44564 73.1246
    endloop
  endfacet
  facet normal 1.46986e-06 0.984808 -0.173649
    outer loop
      vertex -10.9 9.6 74
      vertex -14.25 8.21081 66.1215
      vertex -14.25 10.9892 81.8785
    endloop
  endfacet
  facet normal 1.69484e-05 0.984806 -0.173656
    outer loop
      vertex -10.8019 9.52905 73.5976
      vertex -14.25 8.21081 66.1215
      vertex -10.856 9.55171 73.7261
    endloop
  endfacet
  facet normal -1.84654e-05 0.984809 -0.17364
    outer loop
      vertex -10.7281 9.50814 73.479
      vertex -14.25 8.21081 66.1215
      vertex -10.8019 9.52905 73.5976
    endloop
  endfacet
  facet normal 8.42757e-05 0.984801 -0.173688
    outer loop
      vertex -10.6364 9.48949 73.3733
      vertex -14.25 8.21081 66.1215
      vertex -10.7281 9.50814 73.479
    endloop
  endfacet
  facet normal -6.36919e-05 0.984813 -0.173616
    outer loop
      vertex -10.529 9.47356 73.2829
      vertex -14.25 8.21081 66.1215
      vertex -10.6364 9.48949 73.3733
    endloop
  endfacet
  facet normal 5.38191e-05 0.984803 -0.173676
    outer loop
      vertex -10.4086 9.46075 73.2103
      vertex -14.25 8.21081 66.1215
      vertex -10.529 9.47356 73.2829
    endloop
  endfacet
  facet normal -3.36916e-06 0.984808 -0.173646
    outer loop
      vertex -10.2781 9.45137 73.1571
      vertex -14.25 8.21081 66.1215
      vertex -10.4086 9.46075 73.2103
    endloop
  endfacet
  facet normal -3.78788e-06 0.984808 -0.173645
    outer loop
      vertex -10.1408 9.44564 73.1246
      vertex -14.25 8.21081 66.1215
      vertex -10.2781 9.45137 73.1571
    endloop
  endfacet
  facet normal -0.909382 -0.415962 -4.85319e-05
    outer loop
      vertex -14.25 4.66551 66.7467
      vertex -10.9587 -2.53078 73.6089
      vertex -10.9728 -2.5 74
    endloop
  endfacet
  facet normal -0.909459 -0.415793 0.000165097
    outer loop
      vertex -14.25 4.66551 66.7467
      vertex -10.9169 -2.62236 73.2275
      vertex -10.9587 -2.53078 73.6089
    endloop
  endfacet
  facet normal -0.909377 -0.415972 -7.84149e-05
    outer loop
      vertex -14.25 4.66551 66.7467
      vertex -10.8482 -2.77248 72.865
      vertex -10.9169 -2.62236 73.2275
    endloop
  endfacet
  facet normal -0.909373 -0.415982 -9.29504e-05
    outer loop
      vertex -14.25 4.66551 66.7467
      vertex -10.7544 -2.97746 72.5305
      vertex -10.8482 -2.77248 72.865
    endloop
  endfacet
  facet normal -0.909411 -0.415899 4.0706e-05
    outer loop
      vertex -14.25 4.66551 66.7467
      vertex -10.6379 -3.23223 72.2322
      vertex -10.7544 -2.97746 72.5305
    endloop
  endfacet
  facet normal -0.909418 -0.415883 6.82612e-05
    outer loop
      vertex -14.25 4.66551 66.7467
      vertex -10.5015 -3.53054 71.9775
      vertex -10.6379 -3.23223 72.2322
    endloop
  endfacet
  facet normal -0.909389 -0.415947 -5.23315e-05
    outer loop
      vertex -14.25 4.66551 66.7467
      vertex -10.3485 -3.86502 71.7725
      vertex -10.5015 -3.53054 71.9775
    endloop
  endfacet
  facet normal -0.909437 -0.415842 0.000161494
    outer loop
      vertex -14.25 4.66551 66.7467
      vertex -10.1828 -4.22746 71.6224
      vertex -10.3485 -3.86502 71.7725
    endloop
  endfacet
  facet normal -0.909402 -0.415917 -4.04016e-06
    outer loop
      vertex -10 -4.62704 60.1189
      vertex -10.1828 -4.22746 71.6224
      vertex -14.25 4.66551 66.7467
    endloop
  endfacet
  facet normal -0.909364 -0.416002 -4.91106e-07
    outer loop
      vertex -10.1828 -4.22746 71.6224
      vertex -10 -4.62704 60.1189
      vertex -10.0083 -4.60891 71.5308
    endloop
  endfacet
  facet normal -0.909247 -0.416257 0
    outer loop
      vertex -10.0083 -4.60891 71.5308
      vertex -10 -4.62704 60.1189
      vertex -10 -4.62704 71.5294
    endloop
  endfacet
  facet normal -0.909422 -0.415874 5.69364e-05
    outer loop
      vertex -10.9587 -2.53078 74.3911
      vertex -14.25 4.66551 66.7467
      vertex -10.9728 -2.5 74
    endloop
  endfacet
  facet normal -0.90929 -0.416163 -0.000272322
    outer loop
      vertex -10.9169 -2.62236 74.7725
      vertex -14.25 4.66551 66.7467
      vertex -10.9587 -2.53078 74.3911
    endloop
  endfacet
  facet normal -0.909643 -0.415391 0.000574856
    outer loop
      vertex -14.25 4.66551 66.7467
      vertex -10.9169 -2.62236 74.7725
      vertex -10.8785 -2.70617 74.9749
    endloop
  endfacet
  facet normal -0.909604 -0.415477 0.000443241
    outer loop
      vertex -10.3485 -3.86502 76.2275
      vertex -10 -4.62704 77.1189
      vertex -10.3856 -3.78385 76.1778
    endloop
  endfacet
  facet normal -0.909492 -0.415722 0.000190118
    outer loop
      vertex -10.1828 -4.22746 76.3776
      vertex -10 -4.62704 77.1189
      vertex -10.3485 -3.86502 76.2275
    endloop
  endfacet
  facet normal -0.909364 -0.416 8.68111e-06
    outer loop
      vertex -10.0083 -4.60891 76.4692
      vertex -10 -4.62704 77.1189
      vertex -10.1828 -4.22746 76.3776
    endloop
  endfacet
  facet normal -0.909247 -0.416257 -0
    outer loop
      vertex -10 -4.62704 77.1189
      vertex -10.0083 -4.60891 76.4692
      vertex -10 -4.62704 76.4706
    endloop
  endfacet
  facet normal 0.886468 -0.080371 -0.455757
    outer loop
      vertex 14.25 4.66551 66.7467
      vertex 10 -3.49254 59.9189
      vertex 14.25 8.21081 66.1215
    endloop
  endfacet
  facet normal 0.886459 -0.0803488 -0.455778
    outer loop
      vertex 10 -3.49254 59.9189
      vertex 14.25 4.66551 66.7467
      vertex 10 -4.62704 60.1189
    endloop
  endfacet
  facet normal 0.932271 -0.356264 0.062819
    outer loop
      vertex 14.25 7.44388 82.5036
      vertex 10.8785 -2.70617 74.9749
      vertex 14.25 4.66551 66.7467
    endloop
  endfacet
  facet normal 0.932309 -0.356186 0.0626964
    outer loop
      vertex 14.25 7.44388 82.5036
      vertex 10.8424 -2.77248 75.135
      vertex 10.8785 -2.70617 74.9749
    endloop
  endfacet
  facet normal 0.932256 -0.356295 0.0628734
    outer loop
      vertex 14.25 7.44388 82.5036
      vertex 10.7415 -2.97746 75.4695
      vertex 10.8424 -2.77248 75.135
    endloop
  endfacet
  facet normal 0.932272 -0.356263 0.0628164
    outer loop
      vertex 10 -3.73796 82.1611
      vertex 10.7415 -2.97746 75.4695
      vertex 14.25 7.44388 82.5036
    endloop
  endfacet
  facet normal 0.932352 -0.356047 0.0628498
    outer loop
      vertex 10.7415 -2.97746 75.4695
      vertex 10 -3.73796 82.1611
      vertex 10.6241 -3.23223 75.7678
    endloop
  endfacet
  facet normal 0.932229 -0.356375 0.0628118
    outer loop
      vertex 10.6241 -3.23223 75.7678
      vertex 10 -3.73796 82.1611
      vertex 10.4929 -3.53054 76.0225
    endloop
  endfacet
  facet normal 0.932272 -0.356263 0.062819
    outer loop
      vertex 10 -4.62704 77.1189
      vertex 10.4929 -3.53054 76.0225
      vertex 10 -3.73796 82.1611
    endloop
  endfacet
  facet normal 0.932182 -0.356556 0.0624856
    outer loop
      vertex 10.4929 -3.53054 76.0225
      vertex 10 -4.62704 77.1189
      vertex 10.3856 -3.78385 76.1778
    endloop
  endfacet
  facet normal -1 0 0
    outer loop
      vertex -14.25 8.21081 66.1215
      vertex -14.25 7.44388 82.5036
      vertex -14.25 10.9892 81.8785
    endloop
  endfacet
  facet normal -1 0 -0
    outer loop
      vertex -14.25 7.44388 82.5036
      vertex -14.25 8.21081 66.1215
      vertex -14.25 4.66551 66.7467
    endloop
  endfacet
  facet normal -0.886468 -0.080371 -0.455757
    outer loop
      vertex -10 -3.49254 59.9189
      vertex -14.25 4.66551 66.7467
      vertex -14.25 8.21081 66.1215
    endloop
  endfacet
  facet normal -0.886459 -0.0803488 -0.455778
    outer loop
      vertex -14.25 4.66551 66.7467
      vertex -10 -3.49254 59.9189
      vertex -10 -4.62704 60.1189
    endloop
  endfacet
  facet normal -0.932271 -0.356264 0.062819
    outer loop
      vertex -10.8785 -2.70617 74.9749
      vertex -14.25 7.44388 82.5036
      vertex -14.25 4.66551 66.7467
    endloop
  endfacet
  facet normal -0.932309 -0.356186 0.0626964
    outer loop
      vertex -10.8424 -2.77248 75.135
      vertex -14.25 7.44388 82.5036
      vertex -10.8785 -2.70617 74.9749
    endloop
  endfacet
  facet normal -0.932256 -0.356295 0.0628734
    outer loop
      vertex -10.7415 -2.97746 75.4695
      vertex -14.25 7.44388 82.5036
      vertex -10.8424 -2.77248 75.135
    endloop
  endfacet
  facet normal -0.932352 -0.356047 0.0628498
    outer loop
      vertex -10 -3.73796 82.1611
      vertex -10.7415 -2.97746 75.4695
      vertex -10.6241 -3.23223 75.7678
    endloop
  endfacet
  facet normal -0.932229 -0.356375 0.0628118
    outer loop
      vertex -10 -3.73796 82.1611
      vertex -10.6241 -3.23223 75.7678
      vertex -10.4929 -3.53054 76.0225
    endloop
  endfacet
  facet normal -0.932272 -0.356263 0.0628164
    outer loop
      vertex -10.7415 -2.97746 75.4695
      vertex -10 -3.73796 82.1611
      vertex -14.25 7.44388 82.5036
    endloop
  endfacet
  facet normal -0.932182 -0.356556 0.0624856
    outer loop
      vertex -10 -4.62704 77.1189
      vertex -10.4929 -3.53054 76.0225
      vertex -10.3856 -3.78385 76.1778
    endloop
  endfacet
  facet normal -0.932272 -0.356263 0.062819
    outer loop
      vertex -10.4929 -3.53054 76.0225
      vertex -10 -4.62704 77.1189
      vertex -10 -3.73796 82.1611
    endloop
  endfacet
  facet normal 0.935965 -0.33086 0.120423
    outer loop
      vertex 14.25 8.95327 56.7488
      vertex 11.2057 -2.5983 48.6723
      vertex 14.25 3.48095 41.7137
    endloop
  endfacet
  facet normal 0.935957 -0.330874 0.120446
    outer loop
      vertex 14.25 8.95327 56.7488
      vertex 11.1843 -2.62236 48.7725
      vertex 11.2057 -2.5983 48.6723
    endloop
  endfacet
  facet normal 0.935969 -0.330852 0.12041
    outer loop
      vertex 14.25 8.95327 56.7488
      vertex 11.0846 -2.77248 49.135
      vertex 11.1843 -2.62236 48.7725
    endloop
  endfacet
  facet normal 0.935963 -0.330863 0.120429
    outer loop
      vertex 14.25 8.95327 56.7488
      vertex 10.9691 -2.97746 49.4695
      vertex 11.0846 -2.77248 49.135
    endloop
  endfacet
  facet normal 0.935967 -0.330857 0.120417
    outer loop
      vertex 10 -3.25495 56.2396
      vertex 10.9691 -2.97746 49.4695
      vertex 14.25 8.95327 56.7488
    endloop
  endfacet
  facet normal 0.93601 -0.330729 0.120429
    outer loop
      vertex 10.9691 -2.97746 49.4695
      vertex 10 -3.25495 56.2396
      vertex 10.8407 -3.23223 49.7678
    endloop
  endfacet
  facet normal 0.935986 -0.3308 0.120425
    outer loop
      vertex 10 -3.25495 56.2396
      vertex 10.7025 -3.53054 50.0225
      vertex 10.8407 -3.23223 49.7678
    endloop
  endfacet
  facet normal 0.935976 -0.330827 0.120425
    outer loop
      vertex 10 -3.25495 56.2396
      vertex 10.5579 -3.86502 50.2275
      vertex 10.7025 -3.53054 50.0225
    endloop
  endfacet
  facet normal 0.93596 -0.330871 0.120428
    outer loop
      vertex 10 -5.0061 51.4284
      vertex 10.5579 -3.86502 50.2275
      vertex 10 -3.25495 56.2396
    endloop
  endfacet
  facet normal 0.936001 -0.330685 0.120623
    outer loop
      vertex 10.5579 -3.86502 50.2275
      vertex 10 -5.0061 51.4284
      vertex 10.4993 -4.00911 50.2872
    endloop
  endfacet
  facet normal 5.15689e-05 0.939699 -0.342003
    outer loop
      vertex -10.856 9.69512 48.2613
      vertex -14.25 12.3362 55.5175
      vertex -10.8227 9.72256 48.3367
    endloop
  endfacet
  facet normal -0.00017277 0.939665 -0.342096
    outer loop
      vertex -10.8889 9.64815 48.1323
      vertex -14.25 12.3362 55.5175
      vertex -10.856 9.69512 48.2613
    endloop
  endfacet
  facet normal 5.64462e-05 0.939699 -0.342004
    outer loop
      vertex -10.9 9.6 48
      vertex -14.25 12.3362 55.5175
      vertex -10.8889 9.64815 48.1323
    endloop
  endfacet
  facet normal -4.70037e-05 0.939699 -0.342003
    outer loop
      vertex -14.25 6.86384 40.4825
      vertex -10.9 9.6 48
      vertex -10.8889 9.55185 47.8677
    endloop
  endfacet
  facet normal 0.000179937 0.939666 -0.342094
    outer loop
      vertex -14.25 6.86384 40.4825
      vertex -10.8889 9.55185 47.8677
      vertex -10.856 9.50488 47.7387
    endloop
  endfacet
  facet normal 5.6101e-06 0.939691 -0.342024
    outer loop
      vertex -10.9 9.6 48
      vertex -14.25 6.86384 40.4825
      vertex -14.25 12.3362 55.5175
    endloop
  endfacet
  facet normal 6.12407e-05 0.939683 -0.342045
    outer loop
      vertex -10.8019 9.46025 47.6161
      vertex -14.25 6.86384 40.4825
      vertex -10.856 9.50488 47.7387
    endloop
  endfacet
  facet normal -0.000155765 0.939717 -0.341953
    outer loop
      vertex -10.7281 9.41907 47.5029
      vertex -14.25 6.86384 40.4825
      vertex -10.8019 9.46025 47.6161
    endloop
  endfacet
  facet normal 3.44084e-05 0.939686 -0.342037
    outer loop
      vertex -10.6364 9.38234 47.402
      vertex -14.25 6.86384 40.4825
      vertex -10.7281 9.41907 47.5029
    endloop
  endfacet
  facet normal -2.67168e-05 0.939697 -0.342009
    outer loop
      vertex -10.529 9.35097 47.3158
      vertex -14.25 6.86384 40.4825
      vertex -10.6364 9.38234 47.402
    endloop
  endfacet
  facet normal 9.94664e-05 0.939675 -0.342069
    outer loop
      vertex -10.4086 9.32573 47.2465
      vertex -14.25 6.86384 40.4825
      vertex -10.529 9.35097 47.3158
    endloop
  endfacet
  facet normal -5.69239e-05 0.939703 -0.341991
    outer loop
      vertex -14.25 6.86384 40.4825
      vertex -10.4086 9.32573 47.2465
      vertex -10.2781 9.30725 47.1957
    endloop
  endfacet
  facet normal -0.894079 -0.447909 -0.000183086
    outer loop
      vertex -14.25 3.48095 41.7137
      vertex -11.2395 -2.53078 47.6089
      vertex -11.255 -2.5 48
    endloop
  endfacet
  facet normal -0.894196 -0.447675 0.000115014
    outer loop
      vertex -14.25 3.48095 41.7137
      vertex -11.1937 -2.62236 47.2275
      vertex -11.2395 -2.53078 47.6089
    endloop
  endfacet
  facet normal -0.894138 -0.447791 -4.62207e-05
    outer loop
      vertex -14.25 3.48095 41.7137
      vertex -11.1185 -2.77248 46.865
      vertex -11.1937 -2.62236 47.2275
    endloop
  endfacet
  facet normal -0.894181 -0.447706 8.32205e-05
    outer loop
      vertex -14.25 3.48095 41.7137
      vertex -11.0159 -2.97746 46.5305
      vertex -11.1185 -2.77248 46.865
    endloop
  endfacet
  facet normal -0.894144 -0.44778 -4.01065e-05
    outer loop
      vertex -14.25 3.48095 41.7137
      vertex -10.8883 -3.23223 46.2322
      vertex -11.0159 -2.97746 46.5305
    endloop
  endfacet
  facet normal -0.894145 -0.447777 -3.51969e-05
    outer loop
      vertex -14.25 3.48095 41.7137
      vertex -10.7389 -3.53054 45.9775
      vertex -10.8883 -3.23223 46.2322
    endloop
  endfacet
  facet normal -0.894151 -0.447765 -9.94445e-06
    outer loop
      vertex -14.25 3.48095 41.7137
      vertex -10.5714 -3.86502 45.7725
      vertex -10.7389 -3.53054 45.9775
    endloop
  endfacet
  facet normal -0.894152 -0.447764 -7.56365e-06
    outer loop
      vertex -14.25 3.48095 41.7137
      vertex -10.3899 -4.22746 45.6224
      vertex -10.5714 -3.86502 45.7725
    endloop
  endfacet
  facet normal -0.894154 -0.44776 1.19317e-06
    outer loop
      vertex -10 -5.0061 34.4284
      vertex -10.3899 -4.22746 45.6224
      vertex -14.25 3.48095 41.7137
    endloop
  endfacet
  facet normal -0.894169 -0.447729 -1.51526e-06
    outer loop
      vertex -10.3899 -4.22746 45.6224
      vertex -10 -5.0061 34.4284
      vertex -10.1989 -4.60891 45.5308
    endloop
  endfacet
  facet normal -0.894194 -0.44768 -3.71717e-06
    outer loop
      vertex -10.1989 -4.60891 45.5308
      vertex -10 -5.0061 34.4284
      vertex -10.0031 -5 45.5
    endloop
  endfacet
  facet normal -0.891485 -0.45305 0
    outer loop
      vertex -10.0031 -5 45.5
      vertex -10 -5.0061 34.4284
      vertex -10 -5.0061 45.5005
    endloop
  endfacet
  facet normal -0.894247 -0.447573 0.000216148
    outer loop
      vertex -11.2395 -2.53078 48.3911
      vertex -14.25 3.48095 41.7137
      vertex -11.255 -2.5 48
    endloop
  endfacet
  facet normal -0.894128 -0.447811 -5.22827e-05
    outer loop
      vertex -14.25 3.48095 41.7137
      vertex -11.2395 -2.53078 48.3911
      vertex -11.2057 -2.5983 48.6723
    endloop
  endfacet
  facet normal -0.894013 -0.448041 -0.000272898
    outer loop
      vertex -10.3899 -4.22746 50.3776
      vertex -10 -5.0061 51.4284
      vertex -10.4993 -4.00911 50.2872
    endloop
  endfacet
  facet normal -0.894171 -0.447726 1.93079e-05
    outer loop
      vertex -10.1989 -4.60891 50.4692
      vertex -10 -5.0061 51.4284
      vertex -10.3899 -4.22746 50.3776
    endloop
  endfacet
  facet normal -0.894195 -0.447677 4.435e-05
    outer loop
      vertex -10.0031 -5 50.5
      vertex -10 -5.0061 51.4284
      vertex -10.1989 -4.60891 50.4692
    endloop
  endfacet
  facet normal -0.891485 -0.45305 -0
    outer loop
      vertex -10 -5.0061 51.4284
      vertex -10.0031 -5 50.5
      vertex -10 -5.0061 50.4995
    endloop
  endfacet
  facet normal -0.935965 -0.33086 0.120423
    outer loop
      vertex -11.2057 -2.5983 48.6723
      vertex -14.25 8.95327 56.7488
      vertex -14.25 3.48095 41.7137
    endloop
  endfacet
  facet normal -0.935957 -0.330874 0.120446
    outer loop
      vertex -11.1843 -2.62236 48.7725
      vertex -14.25 8.95327 56.7488
      vertex -11.2057 -2.5983 48.6723
    endloop
  endfacet
  facet normal -0.935969 -0.330852 0.12041
    outer loop
      vertex -11.0846 -2.77248 49.135
      vertex -14.25 8.95327 56.7488
      vertex -11.1843 -2.62236 48.7725
    endloop
  endfacet
  facet normal -0.935963 -0.330863 0.120429
    outer loop
      vertex -10.9691 -2.97746 49.4695
      vertex -14.25 8.95327 56.7488
      vertex -11.0846 -2.77248 49.135
    endloop
  endfacet
  facet normal -0.93601 -0.330729 0.120429
    outer loop
      vertex -10 -3.25495 56.2396
      vertex -10.9691 -2.97746 49.4695
      vertex -10.8407 -3.23223 49.7678
    endloop
  endfacet
  facet normal -0.935967 -0.330857 0.120417
    outer loop
      vertex -10.9691 -2.97746 49.4695
      vertex -10 -3.25495 56.2396
      vertex -14.25 8.95327 56.7488
    endloop
  endfacet
  facet normal -0.935986 -0.3308 0.120425
    outer loop
      vertex -10.7025 -3.53054 50.0225
      vertex -10 -3.25495 56.2396
      vertex -10.8407 -3.23223 49.7678
    endloop
  endfacet
  facet normal -0.935976 -0.330827 0.120425
    outer loop
      vertex -10.5579 -3.86502 50.2275
      vertex -10 -3.25495 56.2396
      vertex -10.7025 -3.53054 50.0225
    endloop
  endfacet
  facet normal -0.936001 -0.330685 0.120623
    outer loop
      vertex -10 -5.0061 51.4284
      vertex -10.5579 -3.86502 50.2275
      vertex -10.4993 -4.00911 50.2872
    endloop
  endfacet
  facet normal -0.93596 -0.330871 0.120428
    outer loop
      vertex -10.5579 -3.86502 50.2275
      vertex -10 -5.0061 51.4284
      vertex -10 -3.25495 56.2396
    endloop
  endfacet
  facet normal 0.834951 0 -0.550324
    outer loop
      vertex 14.25 6.86384 40.4825
      vertex 10 -3.92357 34.0344
      vertex 10 0 34.0344
    endloop
  endfacet
  facet normal 0.834957 -1.13701e-05 -0.550315
    outer loop
      vertex 14.25 6.86384 40.4825
      vertex 10 0 34.0344
      vertex 8.79478 0 32.2058
    endloop
  endfacet
  facet normal -0.916675 -0.136676 -0.375535
    outer loop
      vertex -10 -3.92357 34.0344
      vertex -14.25 3.48095 41.7137
      vertex -14.25 6.86384 40.4825
    endloop
  endfacet
  facet normal -0.916676 -0.13668 -0.375532
    outer loop
      vertex -14.25 3.48095 41.7137
      vertex -10 -3.92357 34.0344
      vertex -10 -5.0061 34.4284
    endloop
  endfacet
  facet normal 0 -0.0416692 0.999131
    outer loop
      vertex 14.25 8.95327 56.7488
      vertex -10 0 56.3754
      vertex 10 0 56.3754
    endloop
  endfacet
  facet normal -3.29157e-05 -0.0416848 0.999131
    outer loop
      vertex -10 0 56.3754
      vertex -14.25 8.95327 56.7488
      vertex -10 -3.25495 56.2396
    endloop
  endfacet
  facet normal 0 -0.0416692 0.999131
    outer loop
      vertex -14.25 8.95327 56.7488
      vertex -10 0 56.3754
      vertex 14.25 8.95327 56.7488
    endloop
  endfacet
  facet normal 3.29157e-05 -0.0416848 0.999131
    outer loop
      vertex 14.25 8.95327 56.7488
      vertex 10 0 56.3754
      vertex 10 -3.25495 56.2396
    endloop
  endfacet
  facet normal 0.916675 -0.136676 -0.375535
    outer loop
      vertex 14.25 3.48095 41.7137
      vertex 10 -3.92357 34.0344
      vertex 14.25 6.86384 40.4825
    endloop
  endfacet
  facet normal 0.916676 -0.13668 -0.375532
    outer loop
      vertex 10 -3.92357 34.0344
      vertex 14.25 3.48095 41.7137
      vertex 10 -5.0061 34.4284
    endloop
  endfacet
  facet normal 0.894247 -0.447573 0.000216148
    outer loop
      vertex 14.25 3.48095 41.7137
      vertex 11.2395 -2.53078 48.3911
      vertex 11.255 -2.5 48
    endloop
  endfacet
  facet normal 0.894128 -0.447811 -5.22827e-05
    outer loop
      vertex 11.2395 -2.53078 48.3911
      vertex 14.25 3.48095 41.7137
      vertex 11.2057 -2.5983 48.6723
    endloop
  endfacet
  facet normal 0.894079 -0.447909 -0.000183086
    outer loop
      vertex 11.2395 -2.53078 47.6089
      vertex 14.25 3.48095 41.7137
      vertex 11.255 -2.5 48
    endloop
  endfacet
  facet normal 0.894196 -0.447675 0.000115014
    outer loop
      vertex 11.1937 -2.62236 47.2275
      vertex 14.25 3.48095 41.7137
      vertex 11.2395 -2.53078 47.6089
    endloop
  endfacet
  facet normal 0.894138 -0.447791 -4.62207e-05
    outer loop
      vertex 11.1185 -2.77248 46.865
      vertex 14.25 3.48095 41.7137
      vertex 11.1937 -2.62236 47.2275
    endloop
  endfacet
  facet normal 0.894181 -0.447706 8.32205e-05
    outer loop
      vertex 11.0159 -2.97746 46.5305
      vertex 14.25 3.48095 41.7137
      vertex 11.1185 -2.77248 46.865
    endloop
  endfacet
  facet normal 0.894144 -0.44778 -4.01065e-05
    outer loop
      vertex 10.8883 -3.23223 46.2322
      vertex 14.25 3.48095 41.7137
      vertex 11.0159 -2.97746 46.5305
    endloop
  endfacet
  facet normal 0.894145 -0.447777 -3.51969e-05
    outer loop
      vertex 10.7389 -3.53054 45.9775
      vertex 14.25 3.48095 41.7137
      vertex 10.8883 -3.23223 46.2322
    endloop
  endfacet
  facet normal 0.894151 -0.447765 -9.94445e-06
    outer loop
      vertex 10.5714 -3.86502 45.7725
      vertex 14.25 3.48095 41.7137
      vertex 10.7389 -3.53054 45.9775
    endloop
  endfacet
  facet normal 0.894152 -0.447764 -7.56365e-06
    outer loop
      vertex 10.3899 -4.22746 45.6224
      vertex 14.25 3.48095 41.7137
      vertex 10.5714 -3.86502 45.7725
    endloop
  endfacet
  facet normal 0.894169 -0.447729 -1.51526e-06
    outer loop
      vertex 10 -5.0061 34.4284
      vertex 10.3899 -4.22746 45.6224
      vertex 10.1989 -4.60891 45.5308
    endloop
  endfacet
  facet normal 0.894194 -0.44768 -3.71717e-06
    outer loop
      vertex 10 -5.0061 34.4284
      vertex 10.1989 -4.60891 45.5308
      vertex 10.0031 -5 45.5
    endloop
  endfacet
  facet normal 0.891485 -0.45305 0
    outer loop
      vertex 10 -5.0061 34.4284
      vertex 10.0031 -5 45.5
      vertex 10 -5.0061 45.5005
    endloop
  endfacet
  facet normal 0.894154 -0.44776 1.19317e-06
    outer loop
      vertex 10.3899 -4.22746 45.6224
      vertex 10 -5.0061 34.4284
      vertex 14.25 3.48095 41.7137
    endloop
  endfacet
  facet normal 0.894013 -0.448041 -0.000272898
    outer loop
      vertex 10 -5.0061 51.4284
      vertex 10.3899 -4.22746 50.3776
      vertex 10.4993 -4.00911 50.2872
    endloop
  endfacet
  facet normal 0.894171 -0.447726 1.93079e-05
    outer loop
      vertex 10 -5.0061 51.4284
      vertex 10.1989 -4.60891 50.4692
      vertex 10.3899 -4.22746 50.3776
    endloop
  endfacet
  facet normal 0.894195 -0.447677 4.435e-05
    outer loop
      vertex 10 -5.0061 51.4284
      vertex 10.0031 -5 50.5
      vertex 10.1989 -4.60891 50.4692
    endloop
  endfacet
  facet normal 0.891485 -0.45305 0
    outer loop
      vertex 10.0031 -5 50.5
      vertex 10 -5.0061 51.4284
      vertex 10 -5.0061 50.4995
    endloop
  endfacet
  facet normal 9.79531e-05 0.939669 -0.342084
    outer loop
      vertex 9.59141 9.87427 48.7535
      vertex 14.25 12.3362 55.5175
      vertex 9.72188 9.89275 48.8043
    endloop
  endfacet
  facet normal 3.25122e-05 0.939697 -0.342007
    outer loop
      vertex -14.25 12.3362 55.5175
      vertex -9.85921 9.90403 48.8353
      vertex -10 9.90782 48.8457
    endloop
  endfacet
  facet normal -0.00021332 0.939738 -0.341895
    outer loop
      vertex 9.47099 9.84903 48.6842
      vertex 14.25 12.3362 55.5175
      vertex 9.59141 9.87427 48.7535
    endloop
  endfacet
  facet normal -2.65162e-05 0.939685 -0.342042
    outer loop
      vertex -14.25 12.3362 55.5175
      vertex -9.72188 9.89275 48.8043
      vertex -9.85921 9.90403 48.8353
    endloop
  endfacet
  facet normal 0 0.93969 -0.342026
    outer loop
      vertex 14.25 12.3362 55.5175
      vertex 9.47099 9.84903 48.6842
      vertex -14.25 12.3362 55.5175
    endloop
  endfacet
  facet normal -9.79531e-05 0.939669 -0.342084
    outer loop
      vertex -14.25 12.3362 55.5175
      vertex -9.59141 9.87427 48.7535
      vertex -9.72188 9.89275 48.8043
    endloop
  endfacet
  facet normal 0 0.93969 -0.342026
    outer loop
      vertex -9.47099 9.84903 48.6842
      vertex -14.25 12.3362 55.5175
      vertex 9.47099 9.84903 48.6842
    endloop
  endfacet
  facet normal 0.00021332 0.939738 -0.341895
    outer loop
      vertex -14.25 12.3362 55.5175
      vertex -9.47099 9.84903 48.6842
      vertex -9.59141 9.87427 48.7535
    endloop
  endfacet
  facet normal 0 0.939707 -0.341979
    outer loop
      vertex 9.3636 9.81766 48.598
      vertex -9.47099 9.84903 48.6842
      vertex 9.47099 9.84903 48.6842
    endloop
  endfacet
  facet normal 0 0.939707 -0.341979
    outer loop
      vertex 9.3636 9.81766 48.598
      vertex -9.3636 9.81766 48.598
      vertex -9.47099 9.84903 48.6842
    endloop
  endfacet
  facet normal 0 0.939676 -0.342065
    outer loop
      vertex 9.27188 9.78093 48.4971
      vertex -9.3636 9.81766 48.598
      vertex 9.3636 9.81766 48.598
    endloop
  endfacet
  facet normal 0 0.939676 -0.342065
    outer loop
      vertex 9.27188 9.78093 48.4971
      vertex -9.27188 9.78093 48.4971
      vertex -9.3636 9.81766 48.598
    endloop
  endfacet
  facet normal 0 0.93975 -0.341863
    outer loop
      vertex 9.19809 9.73975 48.3839
      vertex -9.27188 9.78093 48.4971
      vertex 9.27188 9.78093 48.4971
    endloop
  endfacet
  facet normal 0 0.93975 -0.341863
    outer loop
      vertex 9.19809 9.73975 48.3839
      vertex -9.19809 9.73975 48.3839
      vertex -9.27188 9.78093 48.4971
    endloop
  endfacet
  facet normal 0 0.939675 -0.342069
    outer loop
      vertex 9.14405 9.69512 48.2613
      vertex -9.19809 9.73975 48.3839
      vertex 9.19809 9.73975 48.3839
    endloop
  endfacet
  facet normal 0 0.939675 -0.342069
    outer loop
      vertex 9.14405 9.69512 48.2613
      vertex -9.14405 9.69512 48.2613
      vertex -9.19809 9.73975 48.3839
    endloop
  endfacet
  facet normal 0 0.939651 -0.342135
    outer loop
      vertex 9.11108 9.64815 48.1323
      vertex -9.14405 9.69512 48.2613
      vertex 9.14405 9.69512 48.2613
    endloop
  endfacet
  facet normal 0 0.939651 -0.342135
    outer loop
      vertex 9.11108 9.64815 48.1323
      vertex -9.11108 9.64815 48.1323
      vertex -9.14405 9.69512 48.2613
    endloop
  endfacet
  facet normal 0 0.9397 -0.342
    outer loop
      vertex 9.1 9.6 48
      vertex -9.11108 9.64815 48.1323
      vertex 9.11108 9.64815 48.1323
    endloop
  endfacet
  facet normal 0 0.9397 -0.342
    outer loop
      vertex 9.1 9.6 48
      vertex -9.1 9.6 48
      vertex -9.11108 9.64815 48.1323
    endloop
  endfacet
  facet normal 0 0.9397 -0.342
    outer loop
      vertex 9.11108 9.55185 47.8677
      vertex -9.1 9.6 48
      vertex 9.1 9.6 48
    endloop
  endfacet
  facet normal 0 0.9397 -0.342
    outer loop
      vertex 9.11108 9.55185 47.8677
      vertex -9.11108 9.55185 47.8677
      vertex -9.1 9.6 48
    endloop
  endfacet
  facet normal 0 0.939651 -0.342135
    outer loop
      vertex 9.14405 9.50488 47.7387
      vertex -9.11108 9.55185 47.8677
      vertex 9.11108 9.55185 47.8677
    endloop
  endfacet
  facet normal 0 0.939651 -0.342135
    outer loop
      vertex 9.14405 9.50488 47.7387
      vertex -9.14405 9.50488 47.7387
      vertex -9.11108 9.55185 47.8677
    endloop
  endfacet
  facet normal 0 0.939675 -0.342069
    outer loop
      vertex 9.19809 9.46025 47.6161
      vertex -9.14405 9.50488 47.7387
      vertex 9.14405 9.50488 47.7387
    endloop
  endfacet
  facet normal 0 0.939675 -0.342069
    outer loop
      vertex 9.19809 9.46025 47.6161
      vertex -9.19809 9.46025 47.6161
      vertex -9.14405 9.50488 47.7387
    endloop
  endfacet
  facet normal 0 0.93975 -0.341863
    outer loop
      vertex 9.27188 9.41907 47.5029
      vertex -9.19809 9.46025 47.6161
      vertex 9.19809 9.46025 47.6161
    endloop
  endfacet
  facet normal 0 0.93975 -0.341863
    outer loop
      vertex 9.27188 9.41907 47.5029
      vertex -9.27188 9.41907 47.5029
      vertex -9.19809 9.46025 47.6161
    endloop
  endfacet
  facet normal 0 0.939676 -0.342065
    outer loop
      vertex 9.3636 9.38234 47.402
      vertex -9.27188 9.41907 47.5029
      vertex 9.27188 9.41907 47.5029
    endloop
  endfacet
  facet normal 0 0.939676 -0.342065
    outer loop
      vertex 9.3636 9.38234 47.402
      vertex -9.3636 9.38234 47.402
      vertex -9.27188 9.41907 47.5029
    endloop
  endfacet
  facet normal 0 0.939707 -0.341979
    outer loop
      vertex 9.47099 9.35097 47.3158
      vertex -9.3636 9.38234 47.402
      vertex 9.3636 9.38234 47.402
    endloop
  endfacet
  facet normal 0 0.939707 -0.341979
    outer loop
      vertex 9.47099 9.35097 47.3158
      vertex -9.47099 9.35097 47.3158
      vertex -9.3636 9.38234 47.402
    endloop
  endfacet
  facet normal 0 0.939619 -0.342222
    outer loop
      vertex 9.59141 9.32573 47.2465
      vertex -9.47099 9.35097 47.3158
      vertex 9.47099 9.35097 47.3158
    endloop
  endfacet
  facet normal 0 0.939619 -0.342222
    outer loop
      vertex 9.59141 9.32573 47.2465
      vertex -9.59141 9.32573 47.2465
      vertex -9.47099 9.35097 47.3158
    endloop
  endfacet
  facet normal 0 0.93975 -0.341862
    outer loop
      vertex 9.72188 9.30725 47.1957
      vertex -9.59141 9.32573 47.2465
      vertex 9.59141 9.32573 47.2465
    endloop
  endfacet
  facet normal 0 0.93975 -0.341862
    outer loop
      vertex -9.59141 9.32573 47.2465
      vertex 9.72188 9.30725 47.1957
      vertex -9.72188 9.30725 47.1957
    endloop
  endfacet
  facet normal -3.25122e-05 0.939697 -0.342007
    outer loop
      vertex 9.85921 9.90403 48.8353
      vertex 14.25 12.3362 55.5175
      vertex 10 9.90782 48.8457
    endloop
  endfacet
  facet normal 2.95876e-05 0.939685 -0.342042
    outer loop
      vertex 14.25 12.3362 55.5175
      vertex 10.1408 9.90403 48.8353
      vertex 10 9.90782 48.8457
    endloop
  endfacet
  facet normal -1.98344e-05 0.939694 -0.342015
    outer loop
      vertex 14.25 12.3362 55.5175
      vertex 10.2781 9.89275 48.8043
      vertex 10.1408 9.90403 48.8353
    endloop
  endfacet
  facet normal -5.86953e-05 0.939702 -0.341995
    outer loop
      vertex 14.25 12.3362 55.5175
      vertex 10.4086 9.87427 48.7535
      vertex 10.2781 9.89275 48.8043
    endloop
  endfacet
  facet normal 9.70557e-05 0.939673 -0.342073
    outer loop
      vertex 14.25 12.3362 55.5175
      vertex 10.529 9.84903 48.6842
      vertex 10.4086 9.87427 48.7535
    endloop
  endfacet
  facet normal -2.9789e-05 0.939696 -0.342012
    outer loop
      vertex 14.25 12.3362 55.5175
      vertex 10.6364 9.81766 48.598
      vertex 10.529 9.84903 48.6842
    endloop
  endfacet
  facet normal 3.06124e-05 0.939685 -0.34204
    outer loop
      vertex 14.25 12.3362 55.5175
      vertex 10.7281 9.78093 48.4971
      vertex 10.6364 9.81766 48.598
    endloop
  endfacet
  facet normal -0.000160406 0.939716 -0.341955
    outer loop
      vertex 14.25 12.3362 55.5175
      vertex 10.8019 9.73975 48.3839
      vertex 10.7281 9.78093 48.4971
    endloop
  endfacet
  facet normal 0.000223926 0.939656 -0.342119
    outer loop
      vertex 10.8019 9.73975 48.3839
      vertex 14.25 12.3362 55.5175
      vertex 10.8227 9.72256 48.3367
    endloop
  endfacet
  facet normal 2.65162e-05 0.939685 -0.342042
    outer loop
      vertex 9.72188 9.89275 48.8043
      vertex 14.25 12.3362 55.5175
      vertex 9.85921 9.90403 48.8353
    endloop
  endfacet
  facet normal -2.95876e-05 0.939685 -0.342042
    outer loop
      vertex -10.1408 9.90403 48.8353
      vertex -14.25 12.3362 55.5175
      vertex -10 9.90782 48.8457
    endloop
  endfacet
  facet normal 1.98344e-05 0.939694 -0.342015
    outer loop
      vertex -10.2781 9.89275 48.8043
      vertex -14.25 12.3362 55.5175
      vertex -10.1408 9.90403 48.8353
    endloop
  endfacet
  facet normal 5.86953e-05 0.939702 -0.341995
    outer loop
      vertex -10.4086 9.87427 48.7535
      vertex -14.25 12.3362 55.5175
      vertex -10.2781 9.89275 48.8043
    endloop
  endfacet
  facet normal -9.70557e-05 0.939673 -0.342073
    outer loop
      vertex -10.529 9.84903 48.6842
      vertex -14.25 12.3362 55.5175
      vertex -10.4086 9.87427 48.7535
    endloop
  endfacet
  facet normal 2.9789e-05 0.939696 -0.342012
    outer loop
      vertex -10.6364 9.81766 48.598
      vertex -14.25 12.3362 55.5175
      vertex -10.529 9.84903 48.6842
    endloop
  endfacet
  facet normal -3.06124e-05 0.939685 -0.34204
    outer loop
      vertex -10.7281 9.78093 48.4971
      vertex -14.25 12.3362 55.5175
      vertex -10.6364 9.81766 48.598
    endloop
  endfacet
  facet normal 0.000160406 0.939716 -0.341955
    outer loop
      vertex -10.8019 9.73975 48.3839
      vertex -14.25 12.3362 55.5175
      vertex -10.7281 9.78093 48.4971
    endloop
  endfacet
  facet normal -0.000223926 0.939656 -0.342119
    outer loop
      vertex -14.25 12.3362 55.5175
      vertex -10.8019 9.73975 48.3839
      vertex -10.8227 9.72256 48.3367
    endloop
  endfacet
  facet normal 0 0 0
    outer loop
      vertex 9.72189 9.30725 47.1957
      vertex -9.72189 9.30725 47.1957
      vertex -9.72188 9.30725 47.1957
    endloop
  endfacet
  facet normal 0 -0 0
    outer loop
      vertex 9.72188 9.30725 47.1957
      vertex 9.72189 9.30725 47.1957
      vertex -9.72188 9.30725 47.1957
    endloop
  endfacet
  facet normal -1 0 0
    outer loop
      vertex -14.25 6.86384 40.4825
      vertex -14.25 8.95327 56.7488
      vertex -14.25 12.3362 55.5175
    endloop
  endfacet
  facet normal -1 0 0
    outer loop
      vertex -14.25 8.95327 56.7488
      vertex -14.25 6.86384 40.4825
      vertex -14.25 3.48095 41.7137
    endloop
  endfacet
  facet normal 0 0.769747 -0.638349
    outer loop
      vertex 8.79478 0 32.2058
      vertex -14.25 6.86384 40.4825
      vertex 14.25 6.86384 40.4825
    endloop
  endfacet
  facet normal 0 0.769747 -0.638349
    outer loop
      vertex -14.25 6.86384 40.4825
      vertex 8.79478 0 32.2058
      vertex -8.79478 0 32.2058
    endloop
  endfacet
  facet normal -0 0.342024 0.939691
    outer loop
      vertex -14.25 12.3362 55.5175
      vertex 14.25 8.95327 56.7488
      vertex 14.25 12.3362 55.5175
    endloop
  endfacet
  facet normal 0 0.342024 0.939691
    outer loop
      vertex 14.25 8.95327 56.7488
      vertex -14.25 12.3362 55.5175
      vertex -14.25 8.95327 56.7488
    endloop
  endfacet
  facet normal 1 0 0
    outer loop
      vertex 14.25 8.95327 56.7488
      vertex 14.25 6.86384 40.4825
      vertex 14.25 12.3362 55.5175
    endloop
  endfacet
  facet normal 1 0 -0
    outer loop
      vertex 14.25 6.86384 40.4825
      vertex 14.25 8.95327 56.7488
      vertex 14.25 3.48095 41.7137
    endloop
  endfacet
  facet normal -0.834957 -1.13701e-05 -0.550315
    outer loop
      vertex -10 0 34.0344
      vertex -14.25 6.86384 40.4825
      vertex -8.79478 0 32.2058
    endloop
  endfacet
  facet normal -0.834951 0 -0.550324
    outer loop
      vertex -14.25 6.86384 40.4825
      vertex -10 0 34.0344
      vertex -10 -3.92357 34.0344
    endloop
  endfacet
  facet normal -5.15689e-05 0.939699 -0.342003
    outer loop
      vertex 14.25 12.3362 55.5175
      vertex 10.856 9.69512 48.2613
      vertex 10.8227 9.72256 48.3367
    endloop
  endfacet
  facet normal 0.00017277 0.939665 -0.342096
    outer loop
      vertex 14.25 12.3362 55.5175
      vertex 10.8889 9.64815 48.1323
      vertex 10.856 9.69512 48.2613
    endloop
  endfacet
  facet normal -5.64462e-05 0.939699 -0.342004
    outer loop
      vertex 14.25 12.3362 55.5175
      vertex 10.9 9.6 48
      vertex 10.8889 9.64815 48.1323
    endloop
  endfacet
  facet normal -5.6101e-06 0.939691 -0.342024
    outer loop
      vertex 14.25 6.86384 40.4825
      vertex 10.9 9.6 48
      vertex 14.25 12.3362 55.5175
    endloop
  endfacet
  facet normal 4.70037e-05 0.939699 -0.342003
    outer loop
      vertex 10.9 9.6 48
      vertex 14.25 6.86384 40.4825
      vertex 10.8889 9.55185 47.8677
    endloop
  endfacet
  facet normal 5.69239e-05 0.939703 -0.341991
    outer loop
      vertex 10.4086 9.32573 47.2465
      vertex 14.25 6.86384 40.4825
      vertex 10.2781 9.30725 47.1957
    endloop
  endfacet
  facet normal -9.94664e-05 0.939675 -0.342069
    outer loop
      vertex 10.529 9.35097 47.3158
      vertex 14.25 6.86384 40.4825
      vertex 10.4086 9.32573 47.2465
    endloop
  endfacet
  facet normal 2.67168e-05 0.939697 -0.342009
    outer loop
      vertex 10.6364 9.38234 47.402
      vertex 14.25 6.86384 40.4825
      vertex 10.529 9.35097 47.3158
    endloop
  endfacet
  facet normal -3.44084e-05 0.939686 -0.342037
    outer loop
      vertex 10.7281 9.41907 47.5029
      vertex 14.25 6.86384 40.4825
      vertex 10.6364 9.38234 47.402
    endloop
  endfacet
  facet normal 0.000155765 0.939717 -0.341953
    outer loop
      vertex 10.8019 9.46025 47.6161
      vertex 14.25 6.86384 40.4825
      vertex 10.7281 9.41907 47.5029
    endloop
  endfacet
  facet normal -6.12407e-05 0.939683 -0.342045
    outer loop
      vertex 10.856 9.50488 47.7387
      vertex 14.25 6.86384 40.4825
      vertex 10.8019 9.46025 47.6161
    endloop
  endfacet
  facet normal -0.000179937 0.939666 -0.342094
    outer loop
      vertex 10.8889 9.55185 47.8677
      vertex 14.25 6.86384 40.4825
      vertex 10.856 9.50488 47.7387
    endloop
  endfacet
  facet normal 2.50275e-05 0.939687 -0.342036
    outer loop
      vertex -9.72189 9.30725 47.1957
      vertex -14.25 6.86384 40.4825
      vertex -9.85921 9.29597 47.1647
    endloop
  endfacet
  facet normal -2.99851e-05 0.939686 -0.342037
    outer loop
      vertex 10.1408 9.29597 47.1647
      vertex 14.25 6.86384 40.4825
      vertex 10 9.29218 47.1543
    endloop
  endfacet
  facet normal 1.87192e-05 0.939696 -0.342011
    outer loop
      vertex 14.25 6.86384 40.4825
      vertex 10.1408 9.29597 47.1647
      vertex 10.2781 9.30725 47.1957
    endloop
  endfacet
  facet normal -2.50275e-05 0.939687 -0.342036
    outer loop
      vertex 14.25 6.86384 40.4825
      vertex 9.72189 9.30725 47.1957
      vertex 9.85921 9.29597 47.1647
    endloop
  endfacet
  facet normal 0 0.939692 -0.342021
    outer loop
      vertex 9.72189 9.30725 47.1957
      vertex 14.25 6.86384 40.4825
      vertex -9.72189 9.30725 47.1957
    endloop
  endfacet
  facet normal 3.2949e-05 0.939699 -0.342002
    outer loop
      vertex 14.25 6.86384 40.4825
      vertex 9.85921 9.29597 47.1647
      vertex 10 9.29218 47.1543
    endloop
  endfacet
  facet normal 0 0.939692 -0.342021
    outer loop
      vertex -14.25 6.86384 40.4825
      vertex -9.72189 9.30725 47.1957
      vertex 14.25 6.86384 40.4825
    endloop
  endfacet
  facet normal -3.2949e-05 0.939699 -0.342002
    outer loop
      vertex -9.85921 9.29597 47.1647
      vertex -14.25 6.86384 40.4825
      vertex -10 9.29218 47.1543
    endloop
  endfacet
  facet normal 2.99851e-05 0.939686 -0.342037
    outer loop
      vertex -10 9.29218 47.1543
      vertex -14.25 6.86384 40.4825
      vertex -10.1408 9.29597 47.1647
    endloop
  endfacet
  facet normal -1.87192e-05 0.939696 -0.342011
    outer loop
      vertex -10.1408 9.29597 47.1647
      vertex -14.25 6.86384 40.4825
      vertex -10.2781 9.30725 47.1957
    endloop
  endfacet
  facet normal 0 -0.0373512 0.999302
    outer loop
      vertex 14.25 10.4823 30.7282
      vertex -10 0 30.3364
      vertex 10 0 30.3364
    endloop
  endfacet
  facet normal -2.41647e-05 -0.037361 0.999302
    outer loop
      vertex -10 0 30.3364
      vertex -14.25 10.4823 30.7282
      vertex -10 -2.76566 30.233
    endloop
  endfacet
  facet normal 0 -0.0373512 0.999302
    outer loop
      vertex -14.25 10.4823 30.7282
      vertex -10 0 30.3364
      vertex 14.25 10.4823 30.7282
    endloop
  endfacet
  facet normal 2.41647e-05 -0.037361 0.999302
    outer loop
      vertex 14.25 10.4823 30.7282
      vertex 10 0 30.3364
      vertex 10 -2.76566 30.233
    endloop
  endfacet
  facet normal 0.93163 -0.181704 -0.314721
    outer loop
      vertex 14.25 2.48231 16.8718
      vertex 10 -4.328 8.22297
      vertex 14.25 5.6 15.0718
    endloop
  endfacet
  facet normal 0.93163 -0.181704 -0.314721
    outer loop
      vertex 10 -4.328 8.22297
      vertex 14.25 2.48231 16.8718
      vertex 10 -5.32566 8.79897
    endloop
  endfacet
  facet normal -0.849695 2.54428e-06 -0.527275
    outer loop
      vertex -10 0 8.22297
      vertex -14.25 5.6 15.0718
      vertex -8.94697 0 6.52603
    endloop
  endfacet
  facet normal -0.849696 0 -0.527273
    outer loop
      vertex -14.25 5.6 15.0718
      vertex -10 0 8.22297
      vertex -10 -4.328 8.22297
    endloop
  endfacet
  facet normal 1 0 0
    outer loop
      vertex 14.25 10.4823 30.7282
      vertex 14.25 5.6 15.0718
      vertex 14.25 13.6 28.9282
    endloop
  endfacet
  facet normal 1 0 -0
    outer loop
      vertex 14.25 5.6 15.0718
      vertex 14.25 10.4823 30.7282
      vertex 14.25 2.48231 16.8718
    endloop
  endfacet
  facet normal -0.878278 -0.478151 -9.61181e-05
    outer loop
      vertex -14.25 2.48231 16.8718
      vertex -11.5213 -2.53078 21.6089
      vertex -11.5381 -2.5 22
    endloop
  endfacet
  facet normal -0.878278 -0.478151 -9.6912e-05
    outer loop
      vertex -14.25 2.48231 16.8718
      vertex -11.4714 -2.62236 21.2275
      vertex -11.5213 -2.53078 21.6089
    endloop
  endfacet
  facet normal -0.878321 -0.478071 2.52145e-05
    outer loop
      vertex -14.25 2.48231 16.8718
      vertex -11.3897 -2.77248 20.865
      vertex -11.4714 -2.62236 21.2275
    endloop
  endfacet
  facet normal -0.878356 -0.478007 0.000134744
    outer loop
      vertex -14.25 2.48231 16.8718
      vertex -11.2782 -2.97746 20.5305
      vertex -11.3897 -2.77248 20.865
    endloop
  endfacet
  facet normal -0.878304 -0.478102 -4.95999e-05
    outer loop
      vertex -14.25 2.48231 16.8718
      vertex -11.1395 -3.23223 20.2322
      vertex -11.2782 -2.97746 20.5305
    endloop
  endfacet
  facet normal -0.878304 -0.478103 -5.29001e-05
    outer loop
      vertex -14.25 2.48231 16.8718
      vertex -10.9771 -3.53054 19.9775
      vertex -11.1395 -3.23223 20.2322
    endloop
  endfacet
  facet normal -0.878297 -0.478116 -8.52197e-05
    outer loop
      vertex -14.25 2.48231 16.8718
      vertex -10.795 -3.86502 19.7725
      vertex -10.9771 -3.53054 19.9775
    endloop
  endfacet
  facet normal -0.878358 -0.478003 0.00023524
    outer loop
      vertex -14.25 2.48231 16.8718
      vertex -10.5978 -4.22746 19.6224
      vertex -10.795 -3.86502 19.7725
    endloop
  endfacet
  facet normal -0.878317 -0.478079 -2.95468e-06
    outer loop
      vertex -10 -5.32566 8.79897
      vertex -10.5978 -4.22746 19.6224
      vertex -14.25 2.48231 16.8718
    endloop
  endfacet
  facet normal -0.878246 -0.478209 1.42442e-05
    outer loop
      vertex -10.5978 -4.22746 19.6224
      vertex -10 -5.32566 8.79897
      vertex -10.3901 -4.60891 19.5308
    endloop
  endfacet
  facet normal -0.878388 -0.477948 -8.37544e-06
    outer loop
      vertex -10.3901 -4.60891 19.5308
      vertex -10 -5.32566 8.79897
      vertex -10.1773 -5 19.5
    endloop
  endfacet
  facet normal -0.878273 -0.47816 0
    outer loop
      vertex -10.1773 -5 19.5
      vertex -10 -5.32566 8.79897
      vertex -10 -5.32566 19.5256
    endloop
  endfacet
  facet normal -0.878368 -0.477985 0.000113075
    outer loop
      vertex -11.5213 -2.53078 22.3911
      vertex -14.25 2.48231 16.8718
      vertex -11.5381 -2.5 22
    endloop
  endfacet
  facet normal -0.878402 -0.477923 0.000185791
    outer loop
      vertex -14.25 2.48231 16.8718
      vertex -11.5213 -2.53078 22.3911
      vertex -11.483 -2.60106 22.6838
    endloop
  endfacet
  facet normal -0.87835 -0.478019 8.2528e-05
    outer loop
      vertex -10.5978 -4.22746 24.3776
      vertex -10 -5.32566 25.799
      vertex -10.7215 -4.00018 24.2835
    endloop
  endfacet
  facet normal -0.878234 -0.478231 -0.000129926
    outer loop
      vertex -10.3901 -4.60891 24.4692
      vertex -10 -5.32566 25.799
      vertex -10.5978 -4.22746 24.3776
    endloop
  endfacet
  facet normal -0.87839 -0.477944 7.02172e-05
    outer loop
      vertex -10.1773 -5 24.5
      vertex -10 -5.32566 25.799
      vertex -10.3901 -4.60891 24.4692
    endloop
  endfacet
  facet normal -0.878273 -0.47816 -0
    outer loop
      vertex -10 -5.32566 25.799
      vertex -10.1773 -5 24.5
      vertex -10 -5.32566 24.4744
    endloop
  endfacet
  facet normal -0 0.499999 0.866026
    outer loop
      vertex -14.25 13.6 28.9282
      vertex 14.25 10.4823 30.7282
      vertex 14.25 13.6 28.9282
    endloop
  endfacet
  facet normal 0 0.499999 0.866026
    outer loop
      vertex 14.25 10.4823 30.7282
      vertex -14.25 13.6 28.9282
      vertex -14.25 10.4823 30.7282
    endloop
  endfacet
  facet normal 0 0.836414 -0.548098
    outer loop
      vertex 8.94697 0 6.52603
      vertex -14.25 5.6 15.0718
      vertex 14.25 5.6 15.0718
    endloop
  endfacet
  facet normal 0 0.836414 -0.548098
    outer loop
      vertex -14.25 5.6 15.0718
      vertex 8.94697 0 6.52603
      vertex -8.94697 0 6.52603
    endloop
  endfacet
  facet normal 2.05955e-05 0.836415 -0.548097
    outer loop
      vertex 5.91139 -1 5
      vertex 5.95413 -0.582868 5.63656
      vertex 5.92613 -0.938606 5.09369
    endloop
  endfacet
  facet normal 0 0.836416 -0.548096
    outer loop
      vertex 5.95413 -0.582868 5.63656
      vertex 5.91139 -1 5
      vertex -5.95413 -0.582868 5.63656
    endloop
  endfacet
  facet normal 0 0.836416 -0.548096
    outer loop
      vertex -5.91139 -1 5
      vertex -5.95413 -0.582868 5.63656
      vertex 5.91139 -1 5
    endloop
  endfacet
  facet normal -2.05955e-05 0.836415 -0.548097
    outer loop
      vertex -5.95413 -0.582868 5.63656
      vertex -5.91139 -1 5
      vertex -5.92613 -0.938606 5.09369
    endloop
  endfacet
  facet normal 4.32355e-06 0.836399 -0.54812
    outer loop
      vertex 5.95413 -0.582868 5.63656
      vertex 8.14754 -0.344705 6
      vertex 8.14127 -0.37082 5.96015
    endloop
  endfacet
  facet normal 0 0.836411 -0.548102
    outer loop
      vertex 8.14754 -0.344705 6
      vertex 5.95413 -0.582868 5.63656
      vertex -8.14754 -0.344705 6
    endloop
  endfacet
  facet normal -2.97032e-07 0.836414 -0.548099
    outer loop
      vertex 5.95413 -0.582868 5.63656
      vertex 8.14127 -0.37082 5.96015
      vertex 8.06921 -0.544788 5.69467
    endloop
  endfacet
  facet normal 0 0.836411 -0.548102
    outer loop
      vertex -5.95413 -0.582868 5.63656
      vertex -8.14754 -0.344705 6
      vertex 5.95413 -0.582868 5.63656
    endloop
  endfacet
  facet normal -4.32355e-06 0.836399 -0.54812
    outer loop
      vertex -8.14754 -0.344705 6
      vertex -5.95413 -0.582868 5.63656
      vertex -8.14127 -0.37082 5.96015
    endloop
  endfacet
  facet normal -3.06594e-07 0.836414 -0.548098
    outer loop
      vertex 7.97082 -0.705342 5.44966
      vertex 5.95413 -0.582868 5.63656
      vertex 8.06921 -0.544788 5.69467
    endloop
  endfacet
  facet normal 0 0.836415 -0.548096
    outer loop
      vertex 7.97082 -0.705342 5.44966
      vertex 6.02918 -0.705342 5.44966
      vertex 5.95413 -0.582868 5.63656
    endloop
  endfacet
  facet normal 0 0.836419 -0.548091
    outer loop
      vertex 7.84853 -0.848528 5.23115
      vertex 6.02918 -0.705342 5.44966
      vertex 7.97082 -0.705342 5.44966
    endloop
  endfacet
  facet normal 0 0.836419 -0.548091
    outer loop
      vertex 7.84853 -0.848528 5.23115
      vertex 6.15147 -0.848528 5.23115
      vertex 6.02918 -0.705342 5.44966
    endloop
  endfacet
  facet normal -4.66391e-05 0.836431 -0.548072
    outer loop
      vertex 7.65772 -1 5
      vertex 7.84853 -0.848528 5.23115
      vertex 7.70534 -0.970819 5.04453
    endloop
  endfacet
  facet normal 0 0.836413 -0.548099
    outer loop
      vertex 7.84853 -0.848528 5.23115
      vertex 7.65772 -1 5
      vertex 6.15147 -0.848528 5.23115
    endloop
  endfacet
  facet normal 0 0.836413 -0.548099
    outer loop
      vertex 6.34228 -1 5
      vertex 6.15147 -0.848528 5.23115
      vertex 7.65772 -1 5
    endloop
  endfacet
  facet normal 4.66391e-05 0.836431 -0.548072
    outer loop
      vertex 6.15147 -0.848528 5.23115
      vertex 6.34228 -1 5
      vertex 6.29466 -0.970819 5.04453
    endloop
  endfacet
  facet normal 2.97032e-07 0.836414 -0.548099
    outer loop
      vertex -8.14127 -0.37082 5.96015
      vertex -5.95413 -0.582868 5.63656
      vertex -8.06921 -0.544788 5.69467
    endloop
  endfacet
  facet normal 0 0.836415 -0.548096
    outer loop
      vertex -7.97082 -0.705342 5.44966
      vertex -5.95413 -0.582868 5.63656
      vertex -6.02918 -0.705342 5.44966
    endloop
  endfacet
  facet normal 3.06594e-07 0.836414 -0.548098
    outer loop
      vertex -5.95413 -0.582868 5.63656
      vertex -7.97082 -0.705342 5.44966
      vertex -8.06921 -0.544788 5.69467
    endloop
  endfacet
  facet normal 0 0.836419 -0.548091
    outer loop
      vertex -6.15147 -0.848528 5.23115
      vertex -7.97082 -0.705342 5.44966
      vertex -6.02918 -0.705342 5.44966
    endloop
  endfacet
  facet normal 0 0.836419 -0.548091
    outer loop
      vertex -6.15147 -0.848528 5.23115
      vertex -7.84853 -0.848528 5.23115
      vertex -7.97082 -0.705342 5.44966
    endloop
  endfacet
  facet normal -4.66391e-05 0.836431 -0.548072
    outer loop
      vertex -6.34228 -1 5
      vertex -6.15147 -0.848528 5.23115
      vertex -6.29466 -0.970819 5.04453
    endloop
  endfacet
  facet normal 0 0.836413 -0.548099
    outer loop
      vertex -6.15147 -0.848528 5.23115
      vertex -6.34228 -1 5
      vertex -7.84853 -0.848528 5.23115
    endloop
  endfacet
  facet normal 0 0.836413 -0.548099
    outer loop
      vertex -7.65772 -1 5
      vertex -7.84853 -0.848528 5.23115
      vertex -6.34228 -1 5
    endloop
  endfacet
  facet normal 4.66391e-05 0.836431 -0.548072
    outer loop
      vertex -7.84853 -0.848528 5.23115
      vertex -7.65772 -1 5
      vertex -7.70534 -0.970819 5.04453
    endloop
  endfacet
  facet normal 0.878368 -0.477985 0.000113075
    outer loop
      vertex 14.25 2.48231 16.8718
      vertex 11.5213 -2.53078 22.3911
      vertex 11.5381 -2.5 22
    endloop
  endfacet
  facet normal 0.878402 -0.477923 0.000185791
    outer loop
      vertex 11.5213 -2.53078 22.3911
      vertex 14.25 2.48231 16.8718
      vertex 11.483 -2.60106 22.6838
    endloop
  endfacet
  facet normal 0.878278 -0.478151 -9.61181e-05
    outer loop
      vertex 11.5213 -2.53078 21.6089
      vertex 14.25 2.48231 16.8718
      vertex 11.5381 -2.5 22
    endloop
  endfacet
  facet normal 0.878278 -0.478151 -9.6912e-05
    outer loop
      vertex 11.4714 -2.62236 21.2275
      vertex 14.25 2.48231 16.8718
      vertex 11.5213 -2.53078 21.6089
    endloop
  endfacet
  facet normal 0.878321 -0.478071 2.52145e-05
    outer loop
      vertex 11.3897 -2.77248 20.865
      vertex 14.25 2.48231 16.8718
      vertex 11.4714 -2.62236 21.2275
    endloop
  endfacet
  facet normal 0.878356 -0.478007 0.000134744
    outer loop
      vertex 11.2782 -2.97746 20.5305
      vertex 14.25 2.48231 16.8718
      vertex 11.3897 -2.77248 20.865
    endloop
  endfacet
  facet normal 0.878304 -0.478102 -4.95999e-05
    outer loop
      vertex 11.1395 -3.23223 20.2322
      vertex 14.25 2.48231 16.8718
      vertex 11.2782 -2.97746 20.5305
    endloop
  endfacet
  facet normal 0.878304 -0.478103 -5.29001e-05
    outer loop
      vertex 10.9771 -3.53054 19.9775
      vertex 14.25 2.48231 16.8718
      vertex 11.1395 -3.23223 20.2322
    endloop
  endfacet
  facet normal 0.878297 -0.478116 -8.52197e-05
    outer loop
      vertex 10.795 -3.86502 19.7725
      vertex 14.25 2.48231 16.8718
      vertex 10.9771 -3.53054 19.9775
    endloop
  endfacet
  facet normal 0.878358 -0.478003 0.00023524
    outer loop
      vertex 10.5978 -4.22746 19.6224
      vertex 14.25 2.48231 16.8718
      vertex 10.795 -3.86502 19.7725
    endloop
  endfacet
  facet normal 0.878246 -0.478209 1.42442e-05
    outer loop
      vertex 10 -5.32566 8.79897
      vertex 10.5978 -4.22746 19.6224
      vertex 10.3901 -4.60891 19.5308
    endloop
  endfacet
  facet normal 0.878388 -0.477948 -8.37544e-06
    outer loop
      vertex 10 -5.32566 8.79897
      vertex 10.3901 -4.60891 19.5308
      vertex 10.1773 -5 19.5
    endloop
  endfacet
  facet normal 0.878273 -0.47816 0
    outer loop
      vertex 10 -5.32566 8.79897
      vertex 10.1773 -5 19.5
      vertex 10 -5.32566 19.5256
    endloop
  endfacet
  facet normal 0.878317 -0.478079 -2.95468e-06
    outer loop
      vertex 10.5978 -4.22746 19.6224
      vertex 10 -5.32566 8.79897
      vertex 14.25 2.48231 16.8718
    endloop
  endfacet
  facet normal 0.87835 -0.478019 8.2528e-05
    outer loop
      vertex 10 -5.32566 25.799
      vertex 10.5978 -4.22746 24.3776
      vertex 10.7215 -4.00018 24.2835
    endloop
  endfacet
  facet normal 0.878234 -0.478231 -0.000129926
    outer loop
      vertex 10 -5.32566 25.799
      vertex 10.3901 -4.60891 24.4692
      vertex 10.5978 -4.22746 24.3776
    endloop
  endfacet
  facet normal 0.87839 -0.477944 7.02172e-05
    outer loop
      vertex 10 -5.32566 25.799
      vertex 10.1773 -5 24.5
      vertex 10.3901 -4.60891 24.4692
    endloop
  endfacet
  facet normal 0.878273 -0.47816 0
    outer loop
      vertex 10.1773 -5 24.5
      vertex 10 -5.32566 25.799
      vertex 10 -5.32566 24.4744
    endloop
  endfacet
  facet normal 0.935215 -0.306643 0.17704
    outer loop
      vertex 14.25 10.4823 30.7282
      vertex 11.483 -2.60106 22.6838
      vertex 14.25 2.48231 16.8718
    endloop
  endfacet
  facet normal 0.935451 -0.306295 0.176393
    outer loop
      vertex 14.25 10.4823 30.7282
      vertex 11.4593 -2.62236 22.7725
      vertex 11.483 -2.60106 22.6838
    endloop
  endfacet
  facet normal 0.935217 -0.306639 0.177035
    outer loop
      vertex 11.3414 -2.77248 23.135
      vertex 14.25 10.4823 30.7282
      vertex 10 -2.76566 30.233
    endloop
  endfacet
  facet normal 0.935177 -0.306695 0.177148
    outer loop
      vertex 14.25 10.4823 30.7282
      vertex 11.3414 -2.77248 23.135
      vertex 11.4593 -2.62236 22.7725
    endloop
  endfacet
  facet normal 0.935255 -0.306519 0.177042
    outer loop
      vertex 10 -2.76566 30.233
      vertex 11.2109 -2.97746 23.4695
      vertex 11.3414 -2.77248 23.135
    endloop
  endfacet
  facet normal 0.935219 -0.30663 0.177039
    outer loop
      vertex 10 -2.76566 30.233
      vertex 11.0709 -3.23223 23.7678
      vertex 11.2109 -2.97746 23.4695
    endloop
  endfacet
  facet normal 0.935239 -0.306572 0.177038
    outer loop
      vertex 10 -2.76566 30.233
      vertex 10.9249 -3.53054 24.0225
      vertex 11.0709 -3.23223 23.7678
    endloop
  endfacet
  facet normal 0.935198 -0.306692 0.177046
    outer loop
      vertex 10 -2.76566 30.233
      vertex 10.7764 -3.86502 24.2275
      vertex 10.9249 -3.53054 24.0225
    endloop
  endfacet
  facet normal 0.935217 -0.306637 0.177039
    outer loop
      vertex 10 -5.32566 25.799
      vertex 10.7764 -3.86502 24.2275
      vertex 10 -2.76566 30.233
    endloop
  endfacet
  facet normal 0.935242 -0.306455 0.17722
    outer loop
      vertex 10.7764 -3.86502 24.2275
      vertex 10 -5.32566 25.799
      vertex 10.7215 -4.00018 24.2835
    endloop
  endfacet
  facet normal 0 0 -1
    outer loop
      vertex -6.62918 -1.14127 5
      vertex -6.34228 -1 5
      vertex -6.45521 -1.06921 5
    endloop
  endfacet
  facet normal 0 0 -1
    outer loop
      vertex -6.81228 -1.18523 5
      vertex -6.34228 -1 5
      vertex -6.62918 -1.14127 5
    endloop
  endfacet
  facet normal 0 0 -1
    outer loop
      vertex -7 -1.2 5
      vertex -6.34228 -1 5
      vertex -6.81228 -1.18523 5
    endloop
  endfacet
  facet normal 0 0 -1
    outer loop
      vertex -7.18772 -1.18523 5
      vertex -6.34228 -1 5
      vertex -7 -1.2 5
    endloop
  endfacet
  facet normal 0 0 -1
    outer loop
      vertex -7.37082 -1.14127 5
      vertex -6.34228 -1 5
      vertex -7.18772 -1.18523 5
    endloop
  endfacet
  facet normal 0 0 -1
    outer loop
      vertex -7.65772 -1 5
      vertex -7.37082 -1.14127 5
      vertex -7.54479 -1.06921 5
    endloop
  endfacet
  facet normal 0 0 -1
    outer loop
      vertex -7.37082 -1.14127 5
      vertex -7.65772 -1 5
      vertex -6.34228 -1 5
    endloop
  endfacet
  facet normal 0 0 -1
    outer loop
      vertex 1.18523 -7.18772 5
      vertex 1.18523 -6.81228 5
      vertex 1.2 -7 5
    endloop
  endfacet
  facet normal 0 0 -1
    outer loop
      vertex 1.14127 -7.37082 5
      vertex 1.18523 -6.81228 5
      vertex 1.18523 -7.18772 5
    endloop
  endfacet
  facet normal 0 0 -1
    outer loop
      vertex 1.14127 -7.37082 5
      vertex 1.14127 -6.62918 5
      vertex 1.18523 -6.81228 5
    endloop
  endfacet
  facet normal 0 0 -1
    outer loop
      vertex 1.06921 -7.54479 5
      vertex 1.14127 -6.62918 5
      vertex 1.14127 -7.37082 5
    endloop
  endfacet
  facet normal 0 0 -1
    outer loop
      vertex 1.06921 -7.54479 5
      vertex 1.06921 -6.45521 5
      vertex 1.14127 -6.62918 5
    endloop
  endfacet
  facet normal 0 0 -1
    outer loop
      vertex 0.970819 -7.70534 5
      vertex 1.06921 -6.45521 5
      vertex 1.06921 -7.54479 5
    endloop
  endfacet
  facet normal 0 0 -1
    outer loop
      vertex 0.970819 -7.70534 5
      vertex 0.970819 -6.29466 5
      vertex 1.06921 -6.45521 5
    endloop
  endfacet
  facet normal 0 0 -1
    outer loop
      vertex 0.848528 -7.84853 5
      vertex 0.970819 -6.29466 5
      vertex 0.970819 -7.70534 5
    endloop
  endfacet
  facet normal 0 0 -1
    outer loop
      vertex 0.848528 -7.84853 5
      vertex 0.848528 -6.15147 5
      vertex 0.970819 -6.29466 5
    endloop
  endfacet
  facet normal 0 0 -1
    outer loop
      vertex 0.705342 -7.97082 5
      vertex 0.848528 -6.15147 5
      vertex 0.848528 -7.84853 5
    endloop
  endfacet
  facet normal 0 0 -1
    outer loop
      vertex 0.582868 -5.95413 5
      vertex 0.848528 -6.15147 5
      vertex 0.705342 -7.97082 5
    endloop
  endfacet
  facet normal 0 0 -1
    outer loop
      vertex 0.848528 -6.15147 5
      vertex 0.582868 -5.95413 5
      vertex 0.705342 -6.02918 5
    endloop
  endfacet
  facet normal 0 -0 -1
    outer loop
      vertex 0.582868 -5.95413 5
      vertex 0.705342 -7.97082 5
      vertex 0.544788 -8.06921 5
    endloop
  endfacet
  facet normal 0 0 -1
    outer loop
      vertex 5.34604 -2.72394 5
      vertex 5.91139 -1 5
      vertex 5.70634 -1.8541 5
    endloop
  endfacet
  facet normal 0 0 -1
    outer loop
      vertex 4.8541 -3.52671 5
      vertex 5.91139 -1 5
      vertex 5.34604 -2.72394 5
    endloop
  endfacet
  facet normal 0 0 -1
    outer loop
      vertex 4.24264 -4.24264 5
      vertex 5.91139 -1 5
      vertex 4.8541 -3.52671 5
    endloop
  endfacet
  facet normal 0 0 -1
    outer loop
      vertex 3.52671 -4.8541 5
      vertex 5.91139 -1 5
      vertex 4.24264 -4.24264 5
    endloop
  endfacet
  facet normal 0 0 -1
    outer loop
      vertex 2.72394 -5.34604 5
      vertex 5.91139 -1 5
      vertex 3.52671 -4.8541 5
    endloop
  endfacet
  facet normal 0 0 -1
    outer loop
      vertex 0.582868 -5.95413 5
      vertex 2.72394 -5.34604 5
      vertex 1.8541 -5.70634 5
    endloop
  endfacet
  facet normal 0 0 -1
    outer loop
      vertex 0.582868 -5.95413 5
      vertex 1.8541 -5.70634 5
      vertex 0.938606 -5.92613 5
    endloop
  endfacet
  facet normal -0 0 -1
    outer loop
      vertex 2.72394 -5.34604 5
      vertex 0.582868 -5.95413 5
      vertex 5.91139 -1 5
    endloop
  endfacet
  facet normal 0 0 -1
    outer loop
      vertex 0.37082 -8.14127 5
      vertex 0.582868 -5.95413 5
      vertex 0.544788 -8.06921 5
    endloop
  endfacet
  facet normal 0 0 -1
    outer loop
      vertex 0.187721 -8.18523 5
      vertex 0.582868 -5.95413 5
      vertex 0.37082 -8.14127 5
    endloop
  endfacet
  facet normal 0 0 -1
    outer loop
      vertex 0 -8.2 5
      vertex 0.582868 -5.95413 5
      vertex 0.187721 -8.18523 5
    endloop
  endfacet
  facet normal 0 0 -1
    outer loop
      vertex -0.187721 -8.18523 5
      vertex 0.582868 -5.95413 5
      vertex 0 -8.2 5
    endloop
  endfacet
  facet normal 0 0 -1
    outer loop
      vertex -0.37082 -8.14127 5
      vertex 0.582868 -5.95413 5
      vertex -0.187721 -8.18523 5
    endloop
  endfacet
  facet normal 0 0 -1
    outer loop
      vertex -0.544788 -8.06921 5
      vertex 0.582868 -5.95413 5
      vertex -0.37082 -8.14127 5
    endloop
  endfacet
  facet normal 0 0 -1
    outer loop
      vertex -0.582868 -5.95413 5
      vertex 0.582868 -5.95413 5
      vertex -0.544788 -8.06921 5
    endloop
  endfacet
  facet normal 0 0 -1
    outer loop
      vertex -0.582868 -5.95413 5
      vertex 5.91139 -1 5
      vertex 0.582868 -5.95413 5
    endloop
  endfacet
  facet normal 0 0 -1
    outer loop
      vertex -1.8541 -5.70634 5
      vertex -0.582868 -5.95413 5
      vertex -0.938606 -5.92613 5
    endloop
  endfacet
  facet normal 0 0 -1
    outer loop
      vertex -2.72394 -5.34604 5
      vertex -0.582868 -5.95413 5
      vertex -1.8541 -5.70634 5
    endloop
  endfacet
  facet normal 0 0 -1
    outer loop
      vertex -0.582868 -5.95413 5
      vertex -2.72394 -5.34604 5
      vertex 5.91139 -1 5
    endloop
  endfacet
  facet normal 0 0 -1
    outer loop
      vertex -3.52671 -4.8541 5
      vertex 5.91139 -1 5
      vertex -2.72394 -5.34604 5
    endloop
  endfacet
  facet normal 0 0 -1
    outer loop
      vertex -4.24264 -4.24264 5
      vertex 5.91139 -1 5
      vertex -3.52671 -4.8541 5
    endloop
  endfacet
  facet normal 0 0 -1
    outer loop
      vertex -4.8541 -3.52671 5
      vertex 5.91139 -1 5
      vertex -4.24264 -4.24264 5
    endloop
  endfacet
  facet normal 0 0 -1
    outer loop
      vertex -5.34604 -2.72394 5
      vertex 5.91139 -1 5
      vertex -4.8541 -3.52671 5
    endloop
  endfacet
  facet normal 0 0 -1
    outer loop
      vertex -5.70634 -1.8541 5
      vertex 5.91139 -1 5
      vertex -5.34604 -2.72394 5
    endloop
  endfacet
  facet normal -0 0 -1
    outer loop
      vertex 5.91139 -1 5
      vertex -5.70634 -1.8541 5
      vertex -5.91139 -1 5
    endloop
  endfacet
  facet normal 0 0 -1
    outer loop
      vertex -0.705342 -7.97082 5
      vertex -0.582868 -5.95413 5
      vertex -0.544788 -8.06921 5
    endloop
  endfacet
  facet normal 0 0 -1
    outer loop
      vertex -0.848528 -7.84853 5
      vertex -0.582868 -5.95413 5
      vertex -0.705342 -7.97082 5
    endloop
  endfacet
  facet normal 0 0 -1
    outer loop
      vertex -0.848528 -6.15147 5
      vertex -0.582868 -5.95413 5
      vertex -0.848528 -7.84853 5
    endloop
  endfacet
  facet normal 0 0 -1
    outer loop
      vertex -0.582868 -5.95413 5
      vertex -0.848528 -6.15147 5
      vertex -0.705342 -6.02918 5
    endloop
  endfacet
  facet normal 0 0 -1
    outer loop
      vertex -0.970819 -7.70534 5
      vertex -0.848528 -6.15147 5
      vertex -0.848528 -7.84853 5
    endloop
  endfacet
  facet normal 0 0 -1
    outer loop
      vertex -0.970819 -7.70534 5
      vertex -0.970819 -6.29466 5
      vertex -0.848528 -6.15147 5
    endloop
  endfacet
  facet normal 0 0 -1
    outer loop
      vertex -1.06921 -7.54479 5
      vertex -0.970819 -6.29466 5
      vertex -0.970819 -7.70534 5
    endloop
  endfacet
  facet normal 0 0 -1
    outer loop
      vertex -1.06921 -7.54479 5
      vertex -1.06921 -6.45521 5
      vertex -0.970819 -6.29466 5
    endloop
  endfacet
  facet normal 0 0 -1
    outer loop
      vertex -1.14127 -7.37082 5
      vertex -1.06921 -6.45521 5
      vertex -1.06921 -7.54479 5
    endloop
  endfacet
  facet normal 0 0 -1
    outer loop
      vertex -1.14127 -7.37082 5
      vertex -1.14127 -6.62918 5
      vertex -1.06921 -6.45521 5
    endloop
  endfacet
  facet normal 0 0 -1
    outer loop
      vertex -1.18523 -7.18772 5
      vertex -1.14127 -6.62918 5
      vertex -1.14127 -7.37082 5
    endloop
  endfacet
  facet normal 0 0 -1
    outer loop
      vertex -1.18523 -7.18772 5
      vertex -1.18523 -6.81228 5
      vertex -1.14127 -6.62918 5
    endloop
  endfacet
  facet normal 0 -0 -1
    outer loop
      vertex -1.18523 -6.81228 5
      vertex -1.18523 -7.18772 5
      vertex -1.2 -7 5
    endloop
  endfacet
  facet normal 0 0 -1
    outer loop
      vertex 7.37082 -1.14127 5
      vertex 7.65772 -1 5
      vertex 7.54479 -1.06921 5
    endloop
  endfacet
  facet normal 0 0 -1
    outer loop
      vertex 7.18772 -1.18523 5
      vertex 7.65772 -1 5
      vertex 7.37082 -1.14127 5
    endloop
  endfacet
  facet normal 0 0 -1
    outer loop
      vertex 7 -1.2 5
      vertex 7.65772 -1 5
      vertex 7.18772 -1.18523 5
    endloop
  endfacet
  facet normal 0 0 -1
    outer loop
      vertex 6.81228 -1.18523 5
      vertex 7.65772 -1 5
      vertex 7 -1.2 5
    endloop
  endfacet
  facet normal 0 0 -1
    outer loop
      vertex 6.62918 -1.14127 5
      vertex 7.65772 -1 5
      vertex 6.81228 -1.18523 5
    endloop
  endfacet
  facet normal 0 0 -1
    outer loop
      vertex 6.34228 -1 5
      vertex 6.62918 -1.14127 5
      vertex 6.45521 -1.06921 5
    endloop
  endfacet
  facet normal 0 0 -1
    outer loop
      vertex 6.62918 -1.14127 5
      vertex 6.34228 -1 5
      vertex 7.65772 -1 5
    endloop
  endfacet
  facet normal 0.000179365 0.865969 -0.500098
    outer loop
      vertex 9.59141 10.001 22.6945
      vertex 14.25 13.6 28.9282
      vertex 9.72188 10.028 22.7413
    endloop
  endfacet
  facet normal -0.00027462 0.865944 -0.500141
    outer loop
      vertex -14.25 13.6 28.9282
      vertex -9.85921 10.0445 22.7698
      vertex -10 10.05 22.7794
    endloop
  endfacet
  facet normal -0.000567516 0.866211 -0.499679
    outer loop
      vertex 9.47099 9.96406 22.6306
      vertex 14.25 13.6 28.9282
      vertex 9.59141 10.001 22.6945
    endloop
  endfacet
  facet normal 0.000338775 0.866133 -0.499813
    outer loop
      vertex -14.25 13.6 28.9282
      vertex -9.72188 10.028 22.7413
      vertex -9.85921 10.0445 22.7698
    endloop
  endfacet
  facet normal 0.000728267 0.865785 -0.500416
    outer loop
      vertex 9.3636 9.9182 22.5511
      vertex 14.25 13.6 28.9282
      vertex 9.47099 9.96406 22.6306
    endloop
  endfacet
  facet normal -0.000179365 0.865969 -0.500098
    outer loop
      vertex -14.25 13.6 28.9282
      vertex -9.59141 10.001 22.6945
      vertex -9.72188 10.028 22.7413
    endloop
  endfacet
  facet normal 0 0.866027 -0.499998
    outer loop
      vertex 14.25 13.6 28.9282
      vertex 9.3636 9.9182 22.5511
      vertex -14.25 13.6 28.9282
    endloop
  endfacet
  facet normal 0.000567516 0.866211 -0.499679
    outer loop
      vertex -14.25 13.6 28.9282
      vertex -9.47099 9.96406 22.6306
      vertex -9.59141 10.001 22.6945
    endloop
  endfacet
  facet normal 0 0.866027 -0.499998
    outer loop
      vertex -9.3636 9.9182 22.5511
      vertex -14.25 13.6 28.9282
      vertex 9.3636 9.9182 22.5511
    endloop
  endfacet
  facet normal -0.000728267 0.865785 -0.500416
    outer loop
      vertex -14.25 13.6 28.9282
      vertex -9.3636 9.9182 22.5511
      vertex -9.47099 9.96406 22.6306
    endloop
  endfacet
  facet normal 0 0.865999 -0.500045
    outer loop
      vertex 9.27188 9.8645 22.4581
      vertex -9.3636 9.9182 22.5511
      vertex 9.3636 9.9182 22.5511
    endloop
  endfacet
  facet normal 0 0.865999 -0.500045
    outer loop
      vertex 9.27188 9.8645 22.4581
      vertex -9.27188 9.8645 22.4581
      vertex -9.3636 9.9182 22.5511
    endloop
  endfacet
  facet normal 0 0.865881 -0.50025
    outer loop
      vertex 9.19809 9.8043 22.3539
      vertex -9.27188 9.8645 22.4581
      vertex 9.27188 9.8645 22.4581
    endloop
  endfacet
  facet normal 0 0.865881 -0.50025
    outer loop
      vertex 9.19809 9.8043 22.3539
      vertex -9.19809 9.8043 22.3539
      vertex -9.27188 9.8645 22.4581
    endloop
  endfacet
  facet normal 0 0.866027 -0.499997
    outer loop
      vertex 9.14405 9.73906 22.2409
      vertex -9.19809 9.8043 22.3539
      vertex 9.19809 9.8043 22.3539
    endloop
  endfacet
  facet normal 0 0.866027 -0.499997
    outer loop
      vertex 9.14405 9.73906 22.2409
      vertex -9.14405 9.73906 22.2409
      vertex -9.19809 9.8043 22.3539
    endloop
  endfacet
  facet normal 0 0.866166 -0.499756
    outer loop
      vertex 9.11108 9.6704 22.1219
      vertex -9.14405 9.73906 22.2409
      vertex 9.14405 9.73906 22.2409
    endloop
  endfacet
  facet normal 0 0.866166 -0.499756
    outer loop
      vertex 9.11108 9.6704 22.1219
      vertex -9.11108 9.6704 22.1219
      vertex -9.14405 9.73906 22.2409
    endloop
  endfacet
  facet normal 0 0.865961 -0.500112
    outer loop
      vertex 9.1 9.6 22
      vertex -9.11108 9.6704 22.1219
      vertex 9.11108 9.6704 22.1219
    endloop
  endfacet
  facet normal 0 0.865961 -0.500112
    outer loop
      vertex 9.1 9.6 22
      vertex -9.1 9.6 22
      vertex -9.11108 9.6704 22.1219
    endloop
  endfacet
  facet normal 0 0.865961 -0.500112
    outer loop
      vertex 9.11108 9.5296 21.8781
      vertex -9.1 9.6 22
      vertex 9.1 9.6 22
    endloop
  endfacet
  facet normal 0 0.865961 -0.500112
    outer loop
      vertex 9.11108 9.5296 21.8781
      vertex -9.11108 9.5296 21.8781
      vertex -9.1 9.6 22
    endloop
  endfacet
  facet normal 0 0.866166 -0.499756
    outer loop
      vertex 9.14405 9.46094 21.7591
      vertex -9.11108 9.5296 21.8781
      vertex 9.11108 9.5296 21.8781
    endloop
  endfacet
  facet normal 0 0.866166 -0.499756
    outer loop
      vertex 9.14405 9.46094 21.7591
      vertex -9.14405 9.46094 21.7591
      vertex -9.11108 9.5296 21.8781
    endloop
  endfacet
  facet normal 0 0.866027 -0.499997
    outer loop
      vertex 9.19809 9.3957 21.6461
      vertex -9.14405 9.46094 21.7591
      vertex 9.14405 9.46094 21.7591
    endloop
  endfacet
  facet normal 0 0.866027 -0.499997
    outer loop
      vertex 9.19809 9.3957 21.6461
      vertex -9.19809 9.3957 21.6461
      vertex -9.14405 9.46094 21.7591
    endloop
  endfacet
  facet normal 0 0.865881 -0.50025
    outer loop
      vertex 9.19809 9.3957 21.6461
      vertex 9.27188 9.3355 21.5419
      vertex -9.19809 9.3957 21.6461
    endloop
  endfacet
  facet normal 0 0.865881 -0.50025
    outer loop
      vertex -9.27188 9.3355 21.5419
      vertex -9.19809 9.3957 21.6461
      vertex 9.27188 9.3355 21.5419
    endloop
  endfacet
  facet normal 0.00027462 0.865944 -0.500141
    outer loop
      vertex 9.85921 10.0445 22.7698
      vertex 14.25 13.6 28.9282
      vertex 10 10.05 22.7794
    endloop
  endfacet
  facet normal -0.000249927 0.866101 -0.499869
    outer loop
      vertex 14.25 13.6 28.9282
      vertex 10.1408 10.0445 22.7698
      vertex 10 10.05 22.7794
    endloop
  endfacet
  facet normal 0.000253536 0.865955 -0.500121
    outer loop
      vertex 14.25 13.6 28.9282
      vertex 10.2781 10.028 22.7413
      vertex 10.1408 10.0445 22.7698
    endloop
  endfacet
  facet normal -0.000107508 0.866056 -0.499947
    outer loop
      vertex 14.25 13.6 28.9282
      vertex 10.4086 10.001 22.6945
      vertex 10.2781 10.028 22.7413
    endloop
  endfacet
  facet normal 0.000258029 0.865958 -0.500116
    outer loop
      vertex 14.25 13.6 28.9282
      vertex 10.529 9.96406 22.6306
      vertex 10.4086 10.001 22.6945
    endloop
  endfacet
  facet normal -0.000222087 0.866081 -0.499904
    outer loop
      vertex 14.25 13.6 28.9282
      vertex 10.6364 9.9182 22.5511
      vertex 10.529 9.96406 22.6306
    endloop
  endfacet
  facet normal 4.03175e-05 0.866017 -0.500015
    outer loop
      vertex 14.25 13.6 28.9282
      vertex 10.7281 9.8645 22.4581
      vertex 10.6364 9.9182 22.5511
    endloop
  endfacet
  facet normal 0.000267559 0.865963 -0.500108
    outer loop
      vertex 14.25 13.6 28.9282
      vertex 10.8019 9.8043 22.3539
      vertex 10.7281 9.8645 22.4581
    endloop
  endfacet
  facet normal -7.86425e-06 0.866026 -0.499999
    outer loop
      vertex 14.25 13.6 28.9282
      vertex 10.856 9.73906 22.2409
      vertex 10.8019 9.8043 22.3539
    endloop
  endfacet
  facet normal -0.000419027 0.866116 -0.499843
    outer loop
      vertex 14.25 13.6 28.9282
      vertex 10.8889 9.6704 22.1219
      vertex 10.856 9.73906 22.2409
    endloop
  endfacet
  facet normal 0.000259255 0.865971 -0.500094
    outer loop
      vertex 14.25 13.6 28.9282
      vertex 10.9 9.6 22
      vertex 10.8889 9.6704 22.1219
    endloop
  endfacet
  facet normal 0.000393954 0.865943 -0.500143
    outer loop
      vertex 10.9 9.6 22
      vertex 14.25 13.6 28.9282
      vertex 10.889 9.53035 21.8794
    endloop
  endfacet
  facet normal -0.000338775 0.866133 -0.499813
    outer loop
      vertex 9.72188 10.028 22.7413
      vertex 14.25 13.6 28.9282
      vertex 9.85921 10.0445 22.7698
    endloop
  endfacet
  facet normal 0.000249927 0.866101 -0.499869
    outer loop
      vertex -10.1408 10.0445 22.7698
      vertex -14.25 13.6 28.9282
      vertex -10 10.05 22.7794
    endloop
  endfacet
  facet normal -0.000253536 0.865955 -0.500121
    outer loop
      vertex -10.2781 10.028 22.7413
      vertex -14.25 13.6 28.9282
      vertex -10.1408 10.0445 22.7698
    endloop
  endfacet
  facet normal 0.000107508 0.866056 -0.499947
    outer loop
      vertex -10.4086 10.001 22.6945
      vertex -14.25 13.6 28.9282
      vertex -10.2781 10.028 22.7413
    endloop
  endfacet
  facet normal -0.000258029 0.865958 -0.500116
    outer loop
      vertex -10.529 9.96406 22.6306
      vertex -14.25 13.6 28.9282
      vertex -10.4086 10.001 22.6945
    endloop
  endfacet
  facet normal 0.000222087 0.866081 -0.499904
    outer loop
      vertex -10.6364 9.9182 22.5511
      vertex -14.25 13.6 28.9282
      vertex -10.529 9.96406 22.6306
    endloop
  endfacet
  facet normal -4.03175e-05 0.866017 -0.500015
    outer loop
      vertex -10.7281 9.8645 22.4581
      vertex -14.25 13.6 28.9282
      vertex -10.6364 9.9182 22.5511
    endloop
  endfacet
  facet normal -0.000267559 0.865963 -0.500108
    outer loop
      vertex -10.8019 9.8043 22.3539
      vertex -14.25 13.6 28.9282
      vertex -10.7281 9.8645 22.4581
    endloop
  endfacet
  facet normal 7.86425e-06 0.866026 -0.499999
    outer loop
      vertex -10.856 9.73906 22.2409
      vertex -14.25 13.6 28.9282
      vertex -10.8019 9.8043 22.3539
    endloop
  endfacet
  facet normal 0.000419027 0.866116 -0.499843
    outer loop
      vertex -10.8889 9.6704 22.1219
      vertex -14.25 13.6 28.9282
      vertex -10.856 9.73906 22.2409
    endloop
  endfacet
  facet normal -0.000259255 0.865971 -0.500094
    outer loop
      vertex -10.9 9.6 22
      vertex -14.25 13.6 28.9282
      vertex -10.8889 9.6704 22.1219
    endloop
  endfacet
  facet normal -0.000393954 0.865943 -0.500143
    outer loop
      vertex -14.25 13.6 28.9282
      vertex -10.9 9.6 22
      vertex -10.889 9.53035 21.8794
    endloop
  endfacet
  facet normal -0.935215 -0.306643 0.17704
    outer loop
      vertex -11.483 -2.60106 22.6838
      vertex -14.25 10.4823 30.7282
      vertex -14.25 2.48231 16.8718
    endloop
  endfacet
  facet normal -0.935451 -0.306295 0.176393
    outer loop
      vertex -11.4593 -2.62236 22.7725
      vertex -14.25 10.4823 30.7282
      vertex -11.483 -2.60106 22.6838
    endloop
  endfacet
  facet normal -0.935177 -0.306695 0.177148
    outer loop
      vertex -11.3414 -2.77248 23.135
      vertex -14.25 10.4823 30.7282
      vertex -11.4593 -2.62236 22.7725
    endloop
  endfacet
  facet normal -0.935217 -0.306639 0.177035
    outer loop
      vertex -14.25 10.4823 30.7282
      vertex -11.3414 -2.77248 23.135
      vertex -10 -2.76566 30.233
    endloop
  endfacet
  facet normal -0.935255 -0.306519 0.177042
    outer loop
      vertex -11.2109 -2.97746 23.4695
      vertex -10 -2.76566 30.233
      vertex -11.3414 -2.77248 23.135
    endloop
  endfacet
  facet normal -0.935219 -0.30663 0.177039
    outer loop
      vertex -11.0709 -3.23223 23.7678
      vertex -10 -2.76566 30.233
      vertex -11.2109 -2.97746 23.4695
    endloop
  endfacet
  facet normal -0.935239 -0.306572 0.177038
    outer loop
      vertex -10.9249 -3.53054 24.0225
      vertex -10 -2.76566 30.233
      vertex -11.0709 -3.23223 23.7678
    endloop
  endfacet
  facet normal -0.935198 -0.306692 0.177046
    outer loop
      vertex -10.7764 -3.86502 24.2275
      vertex -10 -2.76566 30.233
      vertex -10.9249 -3.53054 24.0225
    endloop
  endfacet
  facet normal -0.935242 -0.306455 0.17722
    outer loop
      vertex -10 -5.32566 25.799
      vertex -10.7764 -3.86502 24.2275
      vertex -10.7215 -4.00018 24.2835
    endloop
  endfacet
  facet normal -0.935217 -0.306637 0.177039
    outer loop
      vertex -10.7764 -3.86502 24.2275
      vertex -10 -5.32566 25.799
      vertex -10 -2.76566 30.233
    endloop
  endfacet
  facet normal -0.93163 -0.181704 -0.314721
    outer loop
      vertex -10 -4.328 8.22297
      vertex -14.25 2.48231 16.8718
      vertex -14.25 5.6 15.0718
    endloop
  endfacet
  facet normal -0.93163 -0.181704 -0.314721
    outer loop
      vertex -14.25 2.48231 16.8718
      vertex -10 -4.328 8.22297
      vertex -10 -5.32566 8.79897
    endloop
  endfacet
  facet normal -5.54634e-06 0.866025 -0.5
    outer loop
      vertex 14.25 5.6 15.0718
      vertex 10.889 9.53035 21.8794
      vertex 14.25 13.6 28.9282
    endloop
  endfacet
  facet normal 0.000644041 0.866164 -0.49976
    outer loop
      vertex 10.889 9.53035 21.8794
      vertex 14.25 5.6 15.0718
      vertex 10.8889 9.5296 21.8781
    endloop
  endfacet
  facet normal -0.000267559 0.865963 -0.500108
    outer loop
      vertex 10.8019 9.3957 21.6461
      vertex 14.25 5.6 15.0718
      vertex 10.7281 9.3355 21.5419
    endloop
  endfacet
  facet normal 7.86425e-06 0.866026 -0.499999
    outer loop
      vertex 10.856 9.46094 21.7591
      vertex 14.25 5.6 15.0718
      vertex 10.8019 9.3957 21.6461
    endloop
  endfacet
  facet normal 0.000419027 0.866116 -0.499843
    outer loop
      vertex 10.8889 9.5296 21.8781
      vertex 14.25 5.6 15.0718
      vertex 10.856 9.46094 21.7591
    endloop
  endfacet
  facet normal 0.849696 0 -0.527273
    outer loop
      vertex 14.25 5.6 15.0718
      vertex 10 -4.328 8.22297
      vertex 10 0 8.22297
    endloop
  endfacet
  facet normal 0.849695 2.54428e-06 -0.527275
    outer loop
      vertex 14.25 5.6 15.0718
      vertex 10 0 8.22297
      vertex 8.94697 0 6.52603
    endloop
  endfacet
  facet normal -1 0 0
    outer loop
      vertex -14.25 5.6 15.0718
      vertex -14.25 10.4823 30.7282
      vertex -14.25 13.6 28.9282
    endloop
  endfacet
  facet normal -1 0 0
    outer loop
      vertex -14.25 10.4823 30.7282
      vertex -14.25 5.6 15.0718
      vertex -14.25 2.48231 16.8718
    endloop
  endfacet
  facet normal -0.00018935 0.866085 -0.499897
    outer loop
      vertex -9.72188 9.17202 21.2587
      vertex -14.25 5.6 15.0718
      vertex -9.85921 9.15554 21.2302
    endloop
  endfacet
  facet normal 1.49486e-05 0.866031 -0.499991
    outer loop
      vertex 10.1408 9.15554 21.2302
      vertex 14.25 5.6 15.0718
      vertex 10 9.15 21.2206
    endloop
  endfacet
  facet normal -0.000141721 0.865985 -0.500069
    outer loop
      vertex 10.2781 9.17202 21.2587
      vertex 14.25 5.6 15.0718
      vertex 10.1408 9.15554 21.2302
    endloop
  endfacet
  facet normal -5.35077e-05 0.86601 -0.500027
    outer loop
      vertex 10.4086 9.19905 21.3055
      vertex 14.25 5.6 15.0718
      vertex 10.2781 9.17202 21.2587
    endloop
  endfacet
  facet normal 1.57398e-05 0.866028 -0.499995
    outer loop
      vertex 10.529 9.23594 21.3694
      vertex 14.25 5.6 15.0718
      vertex 10.4086 9.19905 21.3055
    endloop
  endfacet
  facet normal 0.000222087 0.866081 -0.499904
    outer loop
      vertex 10.6364 9.2818 21.4489
      vertex 14.25 5.6 15.0718
      vertex 10.529 9.23594 21.3694
    endloop
  endfacet
  facet normal -4.03175e-05 0.866017 -0.500015
    outer loop
      vertex 14.25 5.6 15.0718
      vertex 10.6364 9.2818 21.4489
      vertex 10.7281 9.3355 21.5419
    endloop
  endfacet
  facet normal 0 0.865999 -0.500045
    outer loop
      vertex 9.3636 9.2818 21.4489
      vertex -9.27188 9.3355 21.5419
      vertex 9.27188 9.3355 21.5419
    endloop
  endfacet
  facet normal 0 0.865999 -0.500045
    outer loop
      vertex 9.3636 9.2818 21.4489
      vertex -9.3636 9.2818 21.4489
      vertex -9.27188 9.3355 21.5419
    endloop
  endfacet
  facet normal -0.000728267 0.865785 -0.500416
    outer loop
      vertex 14.25 5.6 15.0718
      vertex 9.3636 9.2818 21.4489
      vertex 9.47099 9.23594 21.3694
    endloop
  endfacet
  facet normal 0 0.866027 -0.499998
    outer loop
      vertex 9.3636 9.2818 21.4489
      vertex 14.25 5.6 15.0718
      vertex -9.3636 9.2818 21.4489
    endloop
  endfacet
  facet normal -3.46078e-05 0.866013 -0.500022
    outer loop
      vertex 14.25 5.6 15.0718
      vertex 9.47099 9.23594 21.3694
      vertex 9.59141 9.19905 21.3055
    endloop
  endfacet
  facet normal 0 0.866027 -0.499998
    outer loop
      vertex -14.25 5.6 15.0718
      vertex -9.3636 9.2818 21.4489
      vertex 14.25 5.6 15.0718
    endloop
  endfacet
  facet normal 8.92853e-05 0.866053 -0.499952
    outer loop
      vertex 14.25 5.6 15.0718
      vertex 9.59141 9.19905 21.3055
      vertex 9.72188 9.17202 21.2587
    endloop
  endfacet
  facet normal 0.000728267 0.865785 -0.500416
    outer loop
      vertex -9.3636 9.2818 21.4489
      vertex -14.25 5.6 15.0718
      vertex -9.47099 9.23594 21.3694
    endloop
  endfacet
  facet normal 0.00018935 0.866085 -0.499897
    outer loop
      vertex 14.25 5.6 15.0718
      vertex 9.72188 9.17202 21.2587
      vertex 9.85921 9.15554 21.2302
    endloop
  endfacet
  facet normal 3.46078e-05 0.866013 -0.500022
    outer loop
      vertex -9.47099 9.23594 21.3694
      vertex -14.25 5.6 15.0718
      vertex -9.59141 9.19905 21.3055
    endloop
  endfacet
  facet normal -1.64283e-05 0.866021 -0.500007
    outer loop
      vertex 14.25 5.6 15.0718
      vertex 9.85921 9.15554 21.2302
      vertex 10 9.15 21.2206
    endloop
  endfacet
  facet normal -8.92853e-05 0.866053 -0.499952
    outer loop
      vertex -9.59141 9.19905 21.3055
      vertex -14.25 5.6 15.0718
      vertex -9.72188 9.17202 21.2587
    endloop
  endfacet
  facet normal 1.64283e-05 0.866021 -0.500007
    outer loop
      vertex -9.85921 9.15554 21.2302
      vertex -14.25 5.6 15.0718
      vertex -10 9.15 21.2206
    endloop
  endfacet
  facet normal -1.49486e-05 0.866031 -0.499991
    outer loop
      vertex -10 9.15 21.2206
      vertex -14.25 5.6 15.0718
      vertex -10.1408 9.15554 21.2302
    endloop
  endfacet
  facet normal 4.03175e-05 0.866017 -0.500015
    outer loop
      vertex -10.6364 9.2818 21.4489
      vertex -14.25 5.6 15.0718
      vertex -10.7281 9.3355 21.5419
    endloop
  endfacet
  facet normal -0.000222087 0.866081 -0.499904
    outer loop
      vertex -10.529 9.23594 21.3694
      vertex -14.25 5.6 15.0718
      vertex -10.6364 9.2818 21.4489
    endloop
  endfacet
  facet normal -1.57398e-05 0.866028 -0.499995
    outer loop
      vertex -10.4086 9.19905 21.3055
      vertex -14.25 5.6 15.0718
      vertex -10.529 9.23594 21.3694
    endloop
  endfacet
  facet normal 5.35077e-05 0.86601 -0.500027
    outer loop
      vertex -10.2781 9.17202 21.2587
      vertex -14.25 5.6 15.0718
      vertex -10.4086 9.19905 21.3055
    endloop
  endfacet
  facet normal 0.000141721 0.865985 -0.500069
    outer loop
      vertex -10.1408 9.15554 21.2302
      vertex -14.25 5.6 15.0718
      vertex -10.2781 9.17202 21.2587
    endloop
  endfacet
  facet normal -0.000644041 0.866164 -0.49976
    outer loop
      vertex -14.25 5.6 15.0718
      vertex -10.889 9.53035 21.8794
      vertex -10.8889 9.5296 21.8781
    endloop
  endfacet
  facet normal -0.000419027 0.866116 -0.499843
    outer loop
      vertex -14.25 5.6 15.0718
      vertex -10.8889 9.5296 21.8781
      vertex -10.856 9.46094 21.7591
    endloop
  endfacet
  facet normal 5.54634e-06 0.866025 -0.5
    outer loop
      vertex -10.889 9.53035 21.8794
      vertex -14.25 5.6 15.0718
      vertex -14.25 13.6 28.9282
    endloop
  endfacet
  facet normal -7.86425e-06 0.866026 -0.499999
    outer loop
      vertex -10.8019 9.3957 21.6461
      vertex -14.25 5.6 15.0718
      vertex -10.856 9.46094 21.7591
    endloop
  endfacet
  facet normal 0.000267559 0.865963 -0.500108
    outer loop
      vertex -14.25 5.6 15.0718
      vertex -10.8019 9.3957 21.6461
      vertex -10.7281 9.3355 21.5419
    endloop
  endfacet
  facet normal 1 -0 0
    outer loop
      vertex 10 -10 87
      vertex 10 -4.2 85.88
      vertex 10 -4.2 87
    endloop
  endfacet
  facet normal 1 0 0
    outer loop
      vertex 10 -4.62704 77.1189
      vertex 10 -5 76.5
      vertex 10 -4.62704 76.4706
    endloop
  endfacet
  facet normal 1 0 0
    outer loop
      vertex 10 -4.2 85.88
      vertex 10 -10 87
      vertex 10 -4.62704 77.1189
    endloop
  endfacet
  facet normal 1 0 0
    outer loop
      vertex 10 -4.62704 77.1189
      vertex 10 -5.39109 76.4692
      vertex 10 -5 76.5
    endloop
  endfacet
  facet normal 1 0 0
    outer loop
      vertex 10 -4.62704 77.1189
      vertex 10 -5.77254 76.3776
      vertex 10 -5.39109 76.4692
    endloop
  endfacet
  facet normal 1 0 -0
    outer loop
      vertex 10 -6.13498 76.2275
      vertex 10 -4.62704 77.1189
      vertex 10 -10 87
    endloop
  endfacet
  facet normal 1 0 0
    outer loop
      vertex 10 -4.62704 77.1189
      vertex 10 -6.13498 76.2275
      vertex 10 -5.77254 76.3776
    endloop
  endfacet
  facet normal 1 0 0
    outer loop
      vertex 10 -6.13498 76.2275
      vertex 10 -10 87
      vertex 10 -6.46946 76.0225
    endloop
  endfacet
  facet normal 1 0 0
    outer loop
      vertex 10 -6.46946 76.0225
      vertex 10 -10 87
      vertex 10 -6.76777 75.7678
    endloop
  endfacet
  facet normal 1 0 0
    outer loop
      vertex 10 -6.76777 75.7678
      vertex 10 -10 87
      vertex 10 -7.02254 75.4695
    endloop
  endfacet
  facet normal 1 0 0
    outer loop
      vertex 10 -7.02254 75.4695
      vertex 10 -10 87
      vertex 10 -7.22752 75.135
    endloop
  endfacet
  facet normal 1 0 0
    outer loop
      vertex 10 -7.46922 48.3911
      vertex 10 -10 87
      vertex 10 -7.5 48
    endloop
  endfacet
  facet normal 1 0 0
    outer loop
      vertex 10 -10 6
      vertex 10 -7.5 48
      vertex 10 -10 87
    endloop
  endfacet
  facet normal 1 0 0
    outer loop
      vertex 10 -7.46922 74.3911
      vertex 10 -10 87
      vertex 10 -7.5 74
    endloop
  endfacet
  facet normal 1 0 0
    outer loop
      vertex 10 -7.37764 74.7725
      vertex 10 -10 87
      vertex 10 -7.46922 74.3911
    endloop
  endfacet
  facet normal 1 0 0
    outer loop
      vertex 10 -7.22752 75.135
      vertex 10 -10 87
      vertex 10 -7.37764 74.7725
    endloop
  endfacet
  facet normal 1 0 0
    outer loop
      vertex 10 0 85.88
      vertex 10 -3.73796 82.1611
      vertex 10 0 82.2756
    endloop
  endfacet
  facet normal 1 -0 0
    outer loop
      vertex 10 -4.2 85.88
      vertex 10 -3.73796 82.1611
      vertex 10 0 85.88
    endloop
  endfacet
  facet normal 1 0 0
    outer loop
      vertex 10 -3.73796 82.1611
      vertex 10 -4.2 85.88
      vertex 10 -4.62704 77.1189
    endloop
  endfacet
  facet normal 1 0 0
    outer loop
      vertex 10 -5.39109 45.5308
      vertex 10 -5.0061 34.4284
      vertex 10 -5.0061 45.5005
    endloop
  endfacet
  facet normal 1 0 0
    outer loop
      vertex 10 -5.77254 45.6224
      vertex 10 -5.0061 34.4284
      vertex 10 -5.39109 45.5308
    endloop
  endfacet
  facet normal 1 0 0
    outer loop
      vertex 10 -6.13498 45.7725
      vertex 10 -5.0061 34.4284
      vertex 10 -5.77254 45.6224
    endloop
  endfacet
  facet normal 1 0 0
    outer loop
      vertex 10 -5.32566 25.799
      vertex 10 -5.39109 24.4692
      vertex 10 -5.32566 24.4744
    endloop
  endfacet
  facet normal 1 0 0
    outer loop
      vertex 10 -6.46946 45.9775
      vertex 10 -5.0061 34.4284
      vertex 10 -6.13498 45.7725
    endloop
  endfacet
  facet normal 1 0 0
    outer loop
      vertex 10 -5.32566 25.799
      vertex 10 -5.77254 24.3776
      vertex 10 -5.39109 24.4692
    endloop
  endfacet
  facet normal 1 0 0
    outer loop
      vertex 10 -6.76777 46.2322
      vertex 10 -5.0061 34.4284
      vertex 10 -6.46946 45.9775
    endloop
  endfacet
  facet normal 1 0 0
    outer loop
      vertex 10 -5.32566 25.799
      vertex 10 -6.13498 24.2275
      vertex 10 -5.77254 24.3776
    endloop
  endfacet
  facet normal 1 0 0
    outer loop
      vertex 10 -7.02254 46.5305
      vertex 10 -5.0061 34.4284
      vertex 10 -6.76777 46.2322
    endloop
  endfacet
  facet normal 1 0 0
    outer loop
      vertex 10 -5.32566 25.799
      vertex 10 -6.46946 24.0225
      vertex 10 -6.13498 24.2275
    endloop
  endfacet
  facet normal 1 0 0
    outer loop
      vertex 10 -5.0061 34.4284
      vertex 10 -6.76777 23.7678
      vertex 10 -5.32566 25.799
    endloop
  endfacet
  facet normal 1 0 0
    outer loop
      vertex 10 -5.32566 25.799
      vertex 10 -6.76777 23.7678
      vertex 10 -6.46946 24.0225
    endloop
  endfacet
  facet normal 1 0 0
    outer loop
      vertex 10 -7.22752 46.865
      vertex 10 -5.0061 34.4284
      vertex 10 -7.02254 46.5305
    endloop
  endfacet
  facet normal 1 0 0
    outer loop
      vertex 10 -5.0061 34.4284
      vertex 10 -7.02254 23.4695
      vertex 10 -6.76777 23.7678
    endloop
  endfacet
  facet normal 1 0 0
    outer loop
      vertex 10 -7.37764 47.2275
      vertex 10 -5.0061 34.4284
      vertex 10 -7.22752 46.865
    endloop
  endfacet
  facet normal 1 0 0
    outer loop
      vertex 10 -5.0061 34.4284
      vertex 10 -7.22752 23.135
      vertex 10 -7.02254 23.4695
    endloop
  endfacet
  facet normal 1 0 0
    outer loop
      vertex 10 -7.37764 22.7725
      vertex 10 -5.0061 34.4284
      vertex 10 -7.37764 47.2275
    endloop
  endfacet
  facet normal 1 0 0
    outer loop
      vertex 10 -5.0061 34.4284
      vertex 10 -7.37764 22.7725
      vertex 10 -7.22752 23.135
    endloop
  endfacet
  facet normal 1 0 0
    outer loop
      vertex 10 -7.46922 47.6089
      vertex 10 -7.37764 22.7725
      vertex 10 -7.37764 47.2275
    endloop
  endfacet
  facet normal 1 0 0
    outer loop
      vertex 10 -7.46922 47.6089
      vertex 10 -7.46922 22.3911
      vertex 10 -7.37764 22.7725
    endloop
  endfacet
  facet normal 1 0 0
    outer loop
      vertex 10 -7.5 48
      vertex 10 -7.46922 22.3911
      vertex 10 -7.46922 47.6089
    endloop
  endfacet
  facet normal 1 0 0
    outer loop
      vertex 10 -7.46922 22.3911
      vertex 10 -7.5 48
      vertex 10 -7.5 22
    endloop
  endfacet
  facet normal 1 0 0
    outer loop
      vertex 10 0 34.0344
      vertex 10 -2.76566 30.233
      vertex 10 0 30.3364
    endloop
  endfacet
  facet normal 1 -0 0
    outer loop
      vertex 10 -3.92357 34.0344
      vertex 10 -2.76566 30.233
      vertex 10 0 34.0344
    endloop
  endfacet
  facet normal 1 0 0
    outer loop
      vertex 10 -5.0061 34.4284
      vertex 10 -2.76566 30.233
      vertex 10 -3.92357 34.0344
    endloop
  endfacet
  facet normal 1 0 0
    outer loop
      vertex 10 -2.76566 30.233
      vertex 10 -5.0061 34.4284
      vertex 10 -5.32566 25.799
    endloop
  endfacet
  facet normal 1 0 0
    outer loop
      vertex 10 -5.32566 19.5256
      vertex 10 -5.39109 19.5308
      vertex 10 -5.32566 8.79897
    endloop
  endfacet
  facet normal 1 0 0
    outer loop
      vertex 10 -4.62704 71.5294
      vertex 10 -5 71.5
      vertex 10 -4.62704 60.1189
    endloop
  endfacet
  facet normal 1 0 0
    outer loop
      vertex 10 0 59.9189
      vertex 10 -3.25495 56.2396
      vertex 10 0 56.3754
    endloop
  endfacet
  facet normal 1 -0 0
    outer loop
      vertex 10 -3.49254 59.9189
      vertex 10 -3.25495 56.2396
      vertex 10 0 59.9189
    endloop
  endfacet
  facet normal 1 0 0
    outer loop
      vertex 10 -4.62704 60.1189
      vertex 10 -3.25495 56.2396
      vertex 10 -3.49254 59.9189
    endloop
  endfacet
  facet normal 1 0 0
    outer loop
      vertex 10 -4.62704 60.1189
      vertex 10 -5.0061 51.4284
      vertex 10 -3.25495 56.2396
    endloop
  endfacet
  facet normal 1 0 0
    outer loop
      vertex 10 -5.39109 71.5308
      vertex 10 -4.62704 60.1189
      vertex 10 -5 71.5
    endloop
  endfacet
  facet normal 1 0 0
    outer loop
      vertex 10 -5.77254 71.6224
      vertex 10 -4.62704 60.1189
      vertex 10 -5.39109 71.5308
    endloop
  endfacet
  facet normal 1 0 0
    outer loop
      vertex 10 -6.13498 71.7725
      vertex 10 -4.62704 60.1189
      vertex 10 -5.77254 71.6224
    endloop
  endfacet
  facet normal 1 0 0
    outer loop
      vertex 10 -5.0061 51.4284
      vertex 10 -5.39109 50.4692
      vertex 10 -5.0061 50.4995
    endloop
  endfacet
  facet normal 1 0 0
    outer loop
      vertex 10 -6.46946 71.9775
      vertex 10 -4.62704 60.1189
      vertex 10 -6.13498 71.7725
    endloop
  endfacet
  facet normal 1 0 0
    outer loop
      vertex 10 -5.0061 51.4284
      vertex 10 -5.77254 50.3776
      vertex 10 -5.39109 50.4692
    endloop
  endfacet
  facet normal 1 0 0
    outer loop
      vertex 10 -6.76777 72.2322
      vertex 10 -4.62704 60.1189
      vertex 10 -6.46946 71.9775
    endloop
  endfacet
  facet normal 1 0 0
    outer loop
      vertex 10 -5.0061 51.4284
      vertex 10 -6.13498 50.2275
      vertex 10 -5.77254 50.3776
    endloop
  endfacet
  facet normal 1 0 0
    outer loop
      vertex 10 -4.62704 60.1189
      vertex 10 -6.46946 50.0225
      vertex 10 -5.0061 51.4284
    endloop
  endfacet
  facet normal 1 0 0
    outer loop
      vertex 10 -5.0061 51.4284
      vertex 10 -6.46946 50.0225
      vertex 10 -6.13498 50.2275
    endloop
  endfacet
  facet normal 1 0 0
    outer loop
      vertex 10 -7.02254 72.5305
      vertex 10 -4.62704 60.1189
      vertex 10 -6.76777 72.2322
    endloop
  endfacet
  facet normal 1 0 0
    outer loop
      vertex 10 -4.62704 60.1189
      vertex 10 -6.76777 49.7678
      vertex 10 -6.46946 50.0225
    endloop
  endfacet
  facet normal 1 0 0
    outer loop
      vertex 10 -7.22752 72.865
      vertex 10 -4.62704 60.1189
      vertex 10 -7.02254 72.5305
    endloop
  endfacet
  facet normal 1 0 0
    outer loop
      vertex 10 -4.62704 60.1189
      vertex 10 -7.02254 49.4695
      vertex 10 -6.76777 49.7678
    endloop
  endfacet
  facet normal 1 0 0
    outer loop
      vertex 10 -7.22752 49.135
      vertex 10 -4.62704 60.1189
      vertex 10 -7.22752 72.865
    endloop
  endfacet
  facet normal 1 0 0
    outer loop
      vertex 10 -4.62704 60.1189
      vertex 10 -7.22752 49.135
      vertex 10 -7.02254 49.4695
    endloop
  endfacet
  facet normal 1 0 0
    outer loop
      vertex 10 -7.37764 73.2275
      vertex 10 -7.22752 49.135
      vertex 10 -7.22752 72.865
    endloop
  endfacet
  facet normal 1 0 0
    outer loop
      vertex 10 -7.37764 73.2275
      vertex 10 -7.37764 48.7725
      vertex 10 -7.22752 49.135
    endloop
  endfacet
  facet normal 1 0 0
    outer loop
      vertex 10 -7.46922 73.6089
      vertex 10 -7.37764 48.7725
      vertex 10 -7.37764 73.2275
    endloop
  endfacet
  facet normal 1 0 0
    outer loop
      vertex 10 -7.46922 73.6089
      vertex 10 -7.46922 48.3911
      vertex 10 -7.37764 48.7725
    endloop
  endfacet
  facet normal 1 0 0
    outer loop
      vertex 10 -10 87
      vertex 10 -7.46922 73.6089
      vertex 10 -7.5 74
    endloop
  endfacet
  facet normal 1 0 0
    outer loop
      vertex 10 -7.46922 73.6089
      vertex 10 -10 87
      vertex 10 -7.46922 48.3911
    endloop
  endfacet
  facet normal 1 -0 0
    outer loop
      vertex 10 -4.328 8.22297
      vertex 10 0 6
      vertex 10 0 8.22297
    endloop
  endfacet
  facet normal 1 0 0
    outer loop
      vertex 10 -5.77254 19.6224
      vertex 10 -5.32566 8.79897
      vertex 10 -5.39109 19.5308
    endloop
  endfacet
  facet normal 1 0 0
    outer loop
      vertex 10 -6.13498 19.7725
      vertex 10 -5.32566 8.79897
      vertex 10 -5.77254 19.6224
    endloop
  endfacet
  facet normal 1 0 0
    outer loop
      vertex 10 -6.46946 19.9775
      vertex 10 -5.32566 8.79897
      vertex 10 -6.13498 19.7725
    endloop
  endfacet
  facet normal 1 0 0
    outer loop
      vertex 10 -10 6
      vertex 10 -6.46946 19.9775
      vertex 10 -6.76777 20.2322
    endloop
  endfacet
  facet normal 1 0 0
    outer loop
      vertex 10 -10 6
      vertex 10 -6.76777 20.2322
      vertex 10 -7.02254 20.5305
    endloop
  endfacet
  facet normal 1 0 0
    outer loop
      vertex 10 -10 6
      vertex 10 -7.02254 20.5305
      vertex 10 -7.22752 20.865
    endloop
  endfacet
  facet normal 1 0 0
    outer loop
      vertex 10 -10 6
      vertex 10 -7.22752 20.865
      vertex 10 -7.37764 21.2275
    endloop
  endfacet
  facet normal 1 0 0
    outer loop
      vertex 10 -10 6
      vertex 10 -7.37764 21.2275
      vertex 10 -7.46922 21.6089
    endloop
  endfacet
  facet normal 1 0 0
    outer loop
      vertex 10 -4.328 8.22297
      vertex 10 -10 6
      vertex 10 0 6
    endloop
  endfacet
  facet normal 1 0 0
    outer loop
      vertex 10 -5.32566 8.79897
      vertex 10 -10 6
      vertex 10 -4.328 8.22297
    endloop
  endfacet
  facet normal 1 0 0
    outer loop
      vertex 10 -6.46946 19.9775
      vertex 10 -10 6
      vertex 10 -5.32566 8.79897
    endloop
  endfacet
  facet normal 1 0 0
    outer loop
      vertex 10 -7.5 22
      vertex 10 -10 6
      vertex 10 -7.46922 21.6089
    endloop
  endfacet
  facet normal 1 0 0
    outer loop
      vertex 10 -7.5 48
      vertex 10 -10 6
      vertex 10 -7.5 22
    endloop
  endfacet
  facet normal -1 0 0
    outer loop
      vertex -10 0 6
      vertex -10 -4.328 8.22297
      vertex -10 0 8.22297
    endloop
  endfacet
  facet normal -1 0 0
    outer loop
      vertex -10 -5.32566 8.79897
      vertex -10 -5.39109 19.5308
      vertex -10 -5.32566 19.5256
    endloop
  endfacet
  facet normal -1 0 0
    outer loop
      vertex -10 -5.32566 8.79897
      vertex -10 -5.77254 19.6224
      vertex -10 -5.39109 19.5308
    endloop
  endfacet
  facet normal -1 0 0
    outer loop
      vertex -10 -5.32566 8.79897
      vertex -10 -6.13498 19.7725
      vertex -10 -5.77254 19.6224
    endloop
  endfacet
  facet normal -1 0 0
    outer loop
      vertex -10 -5.32566 8.79897
      vertex -10 -6.46946 19.9775
      vertex -10 -6.13498 19.7725
    endloop
  endfacet
  facet normal -1 0 0
    outer loop
      vertex -10 -10 6
      vertex -10 -6.46946 19.9775
      vertex -10 -5.32566 8.79897
    endloop
  endfacet
  facet normal -1 -0 0
    outer loop
      vertex -10 -6.46946 19.9775
      vertex -10 -10 6
      vertex -10 -6.76777 20.2322
    endloop
  endfacet
  facet normal -1 -0 0
    outer loop
      vertex -10 -6.76777 20.2322
      vertex -10 -10 6
      vertex -10 -7.02254 20.5305
    endloop
  endfacet
  facet normal -1 -0 0
    outer loop
      vertex -10 -7.02254 20.5305
      vertex -10 -10 6
      vertex -10 -7.22752 20.865
    endloop
  endfacet
  facet normal -1 -0 0
    outer loop
      vertex -10 -7.22752 20.865
      vertex -10 -10 6
      vertex -10 -7.37764 21.2275
    endloop
  endfacet
  facet normal -1 -0 0
    outer loop
      vertex -10 -7.46922 47.6089
      vertex -10 -10 6
      vertex -10 -7.5 48
    endloop
  endfacet
  facet normal -1 -0 0
    outer loop
      vertex -10 -7.5 48
      vertex -10 -10 6
      vertex -10 -10 87
    endloop
  endfacet
  facet normal -1 -0 0
    outer loop
      vertex -10 -7.46922 21.6089
      vertex -10 -10 6
      vertex -10 -7.5 22
    endloop
  endfacet
  facet normal -1 -0 0
    outer loop
      vertex -10 -7.37764 21.2275
      vertex -10 -10 6
      vertex -10 -7.46922 21.6089
    endloop
  endfacet
  facet normal -1 -0 0
    outer loop
      vertex -10 -4.328 8.22297
      vertex -10 -10 6
      vertex -10 -5.32566 8.79897
    endloop
  endfacet
  facet normal -1 0 0
    outer loop
      vertex -10 -10 6
      vertex -10 -4.328 8.22297
      vertex -10 0 6
    endloop
  endfacet
  facet normal -1 -0 0
    outer loop
      vertex -10 -5.32566 24.4744
      vertex -10 -5.39109 24.4692
      vertex -10 -5.32566 25.799
    endloop
  endfacet
  facet normal -1 -0 0
    outer loop
      vertex -10 -5.0061 50.4995
      vertex -10 -5.39109 50.4692
      vertex -10 -5.0061 51.4284
    endloop
  endfacet
  facet normal -1 0 0
    outer loop
      vertex -10 -4.62704 76.4706
      vertex -10 -5 76.5
      vertex -10 -4.62704 77.1189
    endloop
  endfacet
  facet normal -1 0 0
    outer loop
      vertex -10 -3.73796 82.1611
      vertex -10 0 85.88
      vertex -10 0 82.2756
    endloop
  endfacet
  facet normal -1 0 0
    outer loop
      vertex -10 -3.73796 82.1611
      vertex -10 -4.2 85.88
      vertex -10 0 85.88
    endloop
  endfacet
  facet normal -1 0 0
    outer loop
      vertex -10 -5.77254 76.3776
      vertex -10 -3.73796 82.1611
      vertex -10 -4.62704 77.1189
    endloop
  endfacet
  facet normal -1 0 0
    outer loop
      vertex -10 -3.73796 82.1611
      vertex -10 -10 87
      vertex -10 -4.2 85.88
    endloop
  endfacet
  facet normal -1 0 0
    outer loop
      vertex -10 -5.39109 76.4692
      vertex -10 -4.62704 77.1189
      vertex -10 -5 76.5
    endloop
  endfacet
  facet normal -1 0 0
    outer loop
      vertex -10 -5.77254 76.3776
      vertex -10 -4.62704 77.1189
      vertex -10 -5.39109 76.4692
    endloop
  endfacet
  facet normal -1 0 0
    outer loop
      vertex -10 -3.73796 82.1611
      vertex -10 -5.77254 76.3776
      vertex -10 -6.13498 76.2275
    endloop
  endfacet
  facet normal -1 0 0
    outer loop
      vertex -10 -6.46946 76.0225
      vertex -10 -3.73796 82.1611
      vertex -10 -6.13498 76.2275
    endloop
  endfacet
  facet normal -1 -0 0
    outer loop
      vertex -10 -3.73796 82.1611
      vertex -10 -6.46946 76.0225
      vertex -10 -10 87
    endloop
  endfacet
  facet normal -1 0 0
    outer loop
      vertex -10 -10 87
      vertex -10 -6.46946 76.0225
      vertex -10 -6.76777 75.7678
    endloop
  endfacet
  facet normal -1 0 0
    outer loop
      vertex -10 -10 87
      vertex -10 -6.76777 75.7678
      vertex -10 -7.02254 75.4695
    endloop
  endfacet
  facet normal -1 0 0
    outer loop
      vertex -10 -10 87
      vertex -10 -7.02254 75.4695
      vertex -10 -7.22752 75.135
    endloop
  endfacet
  facet normal -1 0 0
    outer loop
      vertex -10 -10 87
      vertex -10 -7.22752 75.135
      vertex -10 -7.37764 74.7725
    endloop
  endfacet
  facet normal -1 0 0
    outer loop
      vertex -10 -4.2 85.88
      vertex -10 -10 87
      vertex -10 -4.2 87
    endloop
  endfacet
  facet normal -1 0 0
    outer loop
      vertex -10 -7.46922 74.3911
      vertex -10 -10 87
      vertex -10 -7.37764 74.7725
    endloop
  endfacet
  facet normal -1 0 0
    outer loop
      vertex -10 -7.5 74
      vertex -10 -10 87
      vertex -10 -7.46922 74.3911
    endloop
  endfacet
  facet normal -1 0 0
    outer loop
      vertex -10 -7.5 48
      vertex -10 -10 87
      vertex -10 -7.5 74
    endloop
  endfacet
  facet normal -1 0 0
    outer loop
      vertex -10 -3.25495 56.2396
      vertex -10 0 59.9189
      vertex -10 0 56.3754
    endloop
  endfacet
  facet normal -1 0 0
    outer loop
      vertex -10 -3.25495 56.2396
      vertex -10 -3.49254 59.9189
      vertex -10 0 59.9189
    endloop
  endfacet
  facet normal -1 0 0
    outer loop
      vertex -10 -3.25495 56.2396
      vertex -10 -4.62704 60.1189
      vertex -10 -3.49254 59.9189
    endloop
  endfacet
  facet normal -1 0 0
    outer loop
      vertex -10 -4.62704 60.1189
      vertex -10 -5 71.5
      vertex -10 -4.62704 71.5294
    endloop
  endfacet
  facet normal -1 0 0
    outer loop
      vertex -10 -5.0061 51.4284
      vertex -10 -4.62704 60.1189
      vertex -10 -3.25495 56.2396
    endloop
  endfacet
  facet normal -1 0 0
    outer loop
      vertex -10 -6.46946 50.0225
      vertex -10 -4.62704 60.1189
      vertex -10 -5.0061 51.4284
    endloop
  endfacet
  facet normal -1 0 0
    outer loop
      vertex -10 -5.77254 50.3776
      vertex -10 -5.0061 51.4284
      vertex -10 -5.39109 50.4692
    endloop
  endfacet
  facet normal -1 0 0
    outer loop
      vertex -10 -4.62704 60.1189
      vertex -10 -5.39109 71.5308
      vertex -10 -5 71.5
    endloop
  endfacet
  facet normal -1 0 0
    outer loop
      vertex -10 -6.13498 50.2275
      vertex -10 -5.0061 51.4284
      vertex -10 -5.77254 50.3776
    endloop
  endfacet
  facet normal -1 0 0
    outer loop
      vertex -10 -4.62704 60.1189
      vertex -10 -5.77254 71.6224
      vertex -10 -5.39109 71.5308
    endloop
  endfacet
  facet normal -1 0 0
    outer loop
      vertex -10 -6.46946 50.0225
      vertex -10 -5.0061 51.4284
      vertex -10 -6.13498 50.2275
    endloop
  endfacet
  facet normal -1 0 0
    outer loop
      vertex -10 -4.62704 60.1189
      vertex -10 -6.13498 71.7725
      vertex -10 -5.77254 71.6224
    endloop
  endfacet
  facet normal -1 0 0
    outer loop
      vertex -10 -6.76777 49.7678
      vertex -10 -4.62704 60.1189
      vertex -10 -6.46946 50.0225
    endloop
  endfacet
  facet normal -1 0 0
    outer loop
      vertex -10 -4.62704 60.1189
      vertex -10 -6.46946 71.9775
      vertex -10 -6.13498 71.7725
    endloop
  endfacet
  facet normal -1 0 0
    outer loop
      vertex -10 -7.02254 49.4695
      vertex -10 -4.62704 60.1189
      vertex -10 -6.76777 49.7678
    endloop
  endfacet
  facet normal -1 0 0
    outer loop
      vertex -10 -4.62704 60.1189
      vertex -10 -6.76777 72.2322
      vertex -10 -6.46946 71.9775
    endloop
  endfacet
  facet normal -1 0 0
    outer loop
      vertex -10 -7.22752 49.135
      vertex -10 -4.62704 60.1189
      vertex -10 -7.02254 49.4695
    endloop
  endfacet
  facet normal -1 0 0
    outer loop
      vertex -10 -4.62704 60.1189
      vertex -10 -7.02254 72.5305
      vertex -10 -6.76777 72.2322
    endloop
  endfacet
  facet normal -1 0 0
    outer loop
      vertex -10 -7.22752 72.865
      vertex -10 -4.62704 60.1189
      vertex -10 -7.22752 49.135
    endloop
  endfacet
  facet normal -1 0 0
    outer loop
      vertex -10 -4.62704 60.1189
      vertex -10 -7.22752 72.865
      vertex -10 -7.02254 72.5305
    endloop
  endfacet
  facet normal -1 0 0
    outer loop
      vertex -10 -7.37764 48.7725
      vertex -10 -7.22752 72.865
      vertex -10 -7.22752 49.135
    endloop
  endfacet
  facet normal -1 0 0
    outer loop
      vertex -10 -7.37764 48.7725
      vertex -10 -7.37764 73.2275
      vertex -10 -7.22752 72.865
    endloop
  endfacet
  facet normal -1 0 0
    outer loop
      vertex -10 -7.46922 48.3911
      vertex -10 -7.37764 73.2275
      vertex -10 -7.37764 48.7725
    endloop
  endfacet
  facet normal -1 0 0
    outer loop
      vertex -10 -7.46922 48.3911
      vertex -10 -7.46922 73.6089
      vertex -10 -7.37764 73.2275
    endloop
  endfacet
  facet normal -1 0 0
    outer loop
      vertex -10 -7.5 48
      vertex -10 -7.46922 73.6089
      vertex -10 -7.46922 48.3911
    endloop
  endfacet
  facet normal -1 -0 0
    outer loop
      vertex -10 -7.46922 73.6089
      vertex -10 -7.5 48
      vertex -10 -7.5 74
    endloop
  endfacet
  facet normal -1 0 0
    outer loop
      vertex -10 -2.76566 30.233
      vertex -10 0 34.0344
      vertex -10 0 30.3364
    endloop
  endfacet
  facet normal -1 0 0
    outer loop
      vertex -10 -2.76566 30.233
      vertex -10 -3.92357 34.0344
      vertex -10 0 34.0344
    endloop
  endfacet
  facet normal -1 0 0
    outer loop
      vertex -10 -2.76566 30.233
      vertex -10 -5.0061 34.4284
      vertex -10 -3.92357 34.0344
    endloop
  endfacet
  facet normal -1 0 0
    outer loop
      vertex -10 -5.32566 25.799
      vertex -10 -5.0061 34.4284
      vertex -10 -2.76566 30.233
    endloop
  endfacet
  facet normal -1 0 0
    outer loop
      vertex -10 -6.76777 23.7678
      vertex -10 -5.0061 34.4284
      vertex -10 -5.32566 25.799
    endloop
  endfacet
  facet normal -1 0 0
    outer loop
      vertex -10 -5.77254 24.3776
      vertex -10 -5.32566 25.799
      vertex -10 -5.39109 24.4692
    endloop
  endfacet
  facet normal -1 0 0
    outer loop
      vertex -10 -5.0061 34.4284
      vertex -10 -5.39109 45.5308
      vertex -10 -5.0061 45.5005
    endloop
  endfacet
  facet normal -1 0 0
    outer loop
      vertex -10 -6.13498 24.2275
      vertex -10 -5.32566 25.799
      vertex -10 -5.77254 24.3776
    endloop
  endfacet
  facet normal -1 0 0
    outer loop
      vertex -10 -5.0061 34.4284
      vertex -10 -5.77254 45.6224
      vertex -10 -5.39109 45.5308
    endloop
  endfacet
  facet normal -1 0 0
    outer loop
      vertex -10 -6.46946 24.0225
      vertex -10 -5.32566 25.799
      vertex -10 -6.13498 24.2275
    endloop
  endfacet
  facet normal -1 0 0
    outer loop
      vertex -10 -5.0061 34.4284
      vertex -10 -6.13498 45.7725
      vertex -10 -5.77254 45.6224
    endloop
  endfacet
  facet normal -1 0 0
    outer loop
      vertex -10 -6.76777 23.7678
      vertex -10 -5.32566 25.799
      vertex -10 -6.46946 24.0225
    endloop
  endfacet
  facet normal -1 0 0
    outer loop
      vertex -10 -5.0061 34.4284
      vertex -10 -6.46946 45.9775
      vertex -10 -6.13498 45.7725
    endloop
  endfacet
  facet normal -1 0 0
    outer loop
      vertex -10 -7.02254 23.4695
      vertex -10 -5.0061 34.4284
      vertex -10 -6.76777 23.7678
    endloop
  endfacet
  facet normal -1 0 0
    outer loop
      vertex -10 -5.0061 34.4284
      vertex -10 -6.76777 46.2322
      vertex -10 -6.46946 45.9775
    endloop
  endfacet
  facet normal -1 0 0
    outer loop
      vertex -10 -7.22752 23.135
      vertex -10 -5.0061 34.4284
      vertex -10 -7.02254 23.4695
    endloop
  endfacet
  facet normal -1 0 0
    outer loop
      vertex -10 -5.0061 34.4284
      vertex -10 -7.02254 46.5305
      vertex -10 -6.76777 46.2322
    endloop
  endfacet
  facet normal -1 0 0
    outer loop
      vertex -10 -7.37764 22.7725
      vertex -10 -5.0061 34.4284
      vertex -10 -7.22752 23.135
    endloop
  endfacet
  facet normal -1 0 0
    outer loop
      vertex -10 -5.0061 34.4284
      vertex -10 -7.22752 46.865
      vertex -10 -7.02254 46.5305
    endloop
  endfacet
  facet normal -1 0 0
    outer loop
      vertex -10 -7.37764 47.2275
      vertex -10 -5.0061 34.4284
      vertex -10 -7.37764 22.7725
    endloop
  endfacet
  facet normal -1 0 0
    outer loop
      vertex -10 -5.0061 34.4284
      vertex -10 -7.37764 47.2275
      vertex -10 -7.22752 46.865
    endloop
  endfacet
  facet normal -1 0 0
    outer loop
      vertex -10 -7.46922 22.3911
      vertex -10 -7.37764 47.2275
      vertex -10 -7.37764 22.7725
    endloop
  endfacet
  facet normal -1 0 0
    outer loop
      vertex -10 -7.46922 22.3911
      vertex -10 -7.46922 47.6089
      vertex -10 -7.37764 47.2275
    endloop
  endfacet
  facet normal -1 0 0
    outer loop
      vertex -10 -10 6
      vertex -10 -7.46922 22.3911
      vertex -10 -7.5 22
    endloop
  endfacet
  facet normal -1 -0 0
    outer loop
      vertex -10 -7.46922 22.3911
      vertex -10 -10 6
      vertex -10 -7.46922 47.6089
    endloop
  endfacet
  facet normal 0 1 0
    outer loop
      vertex 8.2 0 6
      vertex 8.94697 0 6.52603
      vertex 10 0 6
    endloop
  endfacet
  facet normal 0 1 -0
    outer loop
      vertex 10 0 6
      vertex 8.94697 0 6.52603
      vertex 10 0 8.22297
    endloop
  endfacet
  facet normal 0 1 0
    outer loop
      vertex 8.94697 0 6.52603
      vertex 8.2 0 6
      vertex -8.94697 0 6.52603
    endloop
  endfacet
  facet normal 0 1 -0
    outer loop
      vertex -8.2 0 6
      vertex -8.94697 0 6.52603
      vertex 8.2 0 6
    endloop
  endfacet
  facet normal 0 1 0
    outer loop
      vertex -8.94697 0 6.52603
      vertex -10 0 6
      vertex -10 0 8.22297
    endloop
  endfacet
  facet normal 0 1 0
    outer loop
      vertex -10 0 6
      vertex -8.94697 0 6.52603
      vertex -8.2 0 6
    endloop
  endfacet
  facet normal 0 1 0
    outer loop
      vertex 8.58962 0 83.8491
      vertex 10 0 82.2756
      vertex -8.58962 0 83.8491
    endloop
  endfacet
  facet normal 0 1 -0
    outer loop
      vertex 10 0 82.2756
      vertex 8.58962 0 83.8491
      vertex 10 0 85.88
    endloop
  endfacet
  facet normal 0 1 0
    outer loop
      vertex -8.58962 0 83.8491
      vertex -10 0 82.2756
      vertex -10 0 85.88
    endloop
  endfacet
  facet normal 0 1 0
    outer loop
      vertex -10 0 82.2756
      vertex -8.58962 0 83.8491
      vertex 10 0 82.2756
    endloop
  endfacet
  facet normal 0 1 0
    outer loop
      vertex 8.67855 0 57.9903
      vertex 10 0 56.3754
      vertex -8.67855 0 57.9903
    endloop
  endfacet
  facet normal 0 1 -0
    outer loop
      vertex 10 0 56.3754
      vertex 8.67855 0 57.9903
      vertex 10 0 59.9189
    endloop
  endfacet
  facet normal 0 1 0
    outer loop
      vertex -8.67855 0 57.9903
      vertex -10 0 56.3754
      vertex -10 0 59.9189
    endloop
  endfacet
  facet normal 0 1 0
    outer loop
      vertex -10 0 56.3754
      vertex -8.67855 0 57.9903
      vertex 10 0 56.3754
    endloop
  endfacet
  facet normal 0 1 0
    outer loop
      vertex 8.79478 0 32.2058
      vertex 10 0 30.3364
      vertex -8.79478 0 32.2058
    endloop
  endfacet
  facet normal 0 1 -0
    outer loop
      vertex 10 0 30.3364
      vertex 8.79478 0 32.2058
      vertex 10 0 34.0344
    endloop
  endfacet
  facet normal 0 1 0
    outer loop
      vertex -8.79478 0 32.2058
      vertex -10 0 30.3364
      vertex -10 0 34.0344
    endloop
  endfacet
  facet normal 0 1 0
    outer loop
      vertex -10 0 30.3364
      vertex -8.79478 0 32.2058
      vertex 10 0 30.3364
    endloop
  endfacet
  facet normal 0 -1 0
    outer loop
      vertex -10 -10 6
      vertex 10 -10 87
      vertex -10 -10 87
    endloop
  endfacet
  facet normal 0 -1 -0
    outer loop
      vertex 10 -10 87
      vertex -10 -10 6
      vertex 10 -10 6
    endloop
  endfacet
  facet normal 0.923749 0.0665066 0.377181
    outer loop
      vertex -10.856 -1.87206 75.7404
      vertex -10.8019 9.52905 73.5976
      vertex -10.856 9.55171 73.7261
    endloop
  endfacet
  facet normal 0.923749 0.0665066 0.377181
    outer loop
      vertex -10.8019 9.52905 73.5976
      vertex -10.856 -1.87206 75.7404
      vertex -10.8019 -1.89472 75.6119
    endloop
  endfacet
  facet normal -0.972391 0.0405218 0.229813
    outer loop
      vertex -9.14405 9.55171 73.7261
      vertex -9.11108 -1.84822 75.8757
      vertex -9.11108 9.57555 73.8614
    endloop
  endfacet
  facet normal -0.972391 0.0405218 0.229813
    outer loop
      vertex -9.11108 -1.84822 75.8757
      vertex -9.14405 9.55171 73.7261
      vertex -9.14405 -1.87206 75.7404
    endloop
  endfacet
  facet normal -0.996915 0.0136285 0.0772915
    outer loop
      vertex -9.11108 9.57555 73.8614
      vertex -9.1 -1.82377 76.0143
      vertex -9.1 9.6 74
    endloop
  endfacet
  facet normal -0.996915 0.0136285 0.0772915
    outer loop
      vertex -9.1 -1.82377 76.0143
      vertex -9.11108 9.57555 73.8614
      vertex -9.11108 -1.84822 75.8757
    endloop
  endfacet
  facet normal -0.923899 0.0664436 0.376824
    outer loop
      vertex -9.19809 9.52905 73.5976
      vertex -9.14405 -1.87206 75.7404
      vertex -9.14405 9.55171 73.7261
    endloop
  endfacet
  facet normal -0.923899 0.0664436 0.376824
    outer loop
      vertex -9.14405 -1.87206 75.7404
      vertex -9.19809 9.52905 73.5976
      vertex -9.19809 -1.89472 75.6119
    endloop
  endfacet
  facet normal -0.522128 -0.148097 -0.839911
    outer loop
      vertex -9.59141 -1.68452 76.804
      vertex -9.47099 9.72644 74.7171
      vertex -9.47099 -1.69733 76.7314
    endloop
  endfacet
  facet normal -0.522128 -0.148097 -0.839911
    outer loop
      vertex -9.47099 9.72644 74.7171
      vertex -9.59141 -1.68452 76.804
      vertex -9.59141 9.73925 74.7897
    endloop
  endfacet
  facet normal -0.972391 -0.0405218 -0.229813
    outer loop
      vertex -9.11108 9.62445 74.1386
      vertex -9.14405 -1.77548 76.2882
      vertex -9.14405 9.64829 74.2739
    endloop
  endfacet
  facet normal -0.972353 -0.0405513 -0.229968
    outer loop
      vertex -9.14405 -1.77548 76.2882
      vertex -9.11108 9.62445 74.1386
      vertex -9.11108 -1.79932 76.153
    endloop
  endfacet
  facet normal -0.383146 -0.160395 -0.909655
    outer loop
      vertex -9.72188 -1.67514 76.8573
      vertex -9.59141 9.73925 74.7897
      vertex -9.59141 -1.68452 76.804
    endloop
  endfacet
  facet normal -0.382551 -0.160446 -0.909896
    outer loop
      vertex -9.59141 9.73925 74.7897
      vertex -9.72188 -1.67514 76.8573
      vertex -9.72188 9.74863 74.8429
    endloop
  endfacet
  facet normal 0.382476 0.160443 0.909928
    outer loop
      vertex -10.4086 -1.96302 75.2246
      vertex -10.2781 9.45137 73.1571
      vertex -10.4086 9.46075 73.2103
    endloop
  endfacet
  facet normal 0.382476 0.160443 0.909928
    outer loop
      vertex -10.2781 9.45137 73.1571
      vertex -10.4086 -1.96302 75.2246
      vertex -10.2781 -1.9724 75.1714
    endloop
  endfacet
  facet normal 0.383071 -0.160401 -0.909686
    outer loop
      vertex -10.4086 9.73925 74.7897
      vertex -10.2781 -1.67514 76.8573
      vertex -10.4086 -1.68452 76.804
    endloop
  endfacet
  facet normal 0.382476 -0.160451 -0.909927
    outer loop
      vertex -10.2781 -1.67514 76.8573
      vertex -10.4086 9.73925 74.7897
      vertex -10.2781 9.74863 74.8429
    endloop
  endfacet
  facet normal 0.522191 0.148098 0.839871
    outer loop
      vertex -10.529 -1.95021 75.2973
      vertex -10.4086 9.46075 73.2103
      vertex -10.529 9.47356 73.2829
    endloop
  endfacet
  facet normal 0.522698 0.148037 0.839567
    outer loop
      vertex -10.4086 9.46075 73.2103
      vertex -10.529 -1.95021 75.2973
      vertex -10.4086 -1.96302 75.2246
    endloop
  endfacet
  facet normal -0.649747 0.131998 0.748602
    outer loop
      vertex -9.47099 9.47356 73.2829
      vertex -9.3636 -1.93428 75.3876
      vertex -9.3636 9.48949 73.3733
    endloop
  endfacet
  facet normal -0.649344 0.132064 0.74894
    outer loop
      vertex -9.3636 -1.93428 75.3876
      vertex -9.47099 9.47356 73.2829
      vertex -9.47099 -1.95021 75.2973
    endloop
  endfacet
  facet normal 0.233703 0.168838 0.957537
    outer loop
      vertex -10.2781 -1.9724 75.1714
      vertex -10.1408 9.44564 73.1246
      vertex -10.2781 9.45137 73.1571
    endloop
  endfacet
  facet normal 0.233703 0.168838 0.957537
    outer loop
      vertex -10.1408 9.44564 73.1246
      vertex -10.2781 -1.9724 75.1714
      vertex -10.1408 -1.97813 75.1389
    endloop
  endfacet
  facet normal 0.923749 -0.0665066 -0.377181
    outer loop
      vertex -10.8019 -1.75282 76.4167
      vertex -10.856 9.64829 74.2739
      vertex -10.8019 9.67095 74.4024
    endloop
  endfacet
  facet normal 0.923749 -0.0665066 -0.377181
    outer loop
      vertex -10.856 9.64829 74.2739
      vertex -10.8019 -1.75282 76.4167
      vertex -10.856 -1.77548 76.2882
    endloop
  endfacet
  facet normal 0.0783649 0.173113 0.981779
    outer loop
      vertex -10.1408 -1.97813 75.1389
      vertex -10 9.44372 73.1137
      vertex -10.1408 9.44564 73.1246
    endloop
  endfacet
  facet normal 0.0783649 0.173113 0.981779
    outer loop
      vertex -10 9.44372 73.1137
      vertex -10.1408 -1.97813 75.1389
      vertex -10 -1.98005 75.128
    endloop
  endfacet
  facet normal 0.233043 -0.168874 -0.957691
    outer loop
      vertex -10.2781 9.74863 74.8429
      vertex -10.1408 -1.66941 76.8897
      vertex -10.2781 -1.67514 76.8573
    endloop
  endfacet
  facet normal 0.233703 -0.168838 -0.957537
    outer loop
      vertex -10.1408 -1.66941 76.8897
      vertex -10.2781 9.74863 74.8429
      vertex -10.1408 9.75436 74.8754
    endloop
  endfacet
  facet normal 0 0.984838 -0.173476
    outer loop
      vertex -9.85921 -1.66941 76.8897
      vertex -10.1408 -1.66941 76.8897
      vertex -10 -1.66749 76.9006
    endloop
  endfacet
  facet normal 0 0.984719 -0.174149
    outer loop
      vertex -9.72188 -1.67514 76.8573
      vertex -10.1408 -1.66941 76.8897
      vertex -9.85921 -1.66941 76.8897
    endloop
  endfacet
  facet normal 0 0.984719 -0.174149
    outer loop
      vertex -9.72188 -1.67514 76.8573
      vertex -10.2781 -1.67514 76.8573
      vertex -10.1408 -1.66941 76.8897
    endloop
  endfacet
  facet normal 0 0.984865 -0.173322
    outer loop
      vertex -9.59141 -1.68452 76.804
      vertex -10.2781 -1.67514 76.8573
      vertex -9.72188 -1.67514 76.8573
    endloop
  endfacet
  facet normal 0 0.984865 -0.173322
    outer loop
      vertex -9.59141 -1.68452 76.804
      vertex -10.4086 -1.68452 76.804
      vertex -10.2781 -1.67514 76.8573
    endloop
  endfacet
  facet normal 0 0.984788 -0.173762
    outer loop
      vertex -9.47099 -1.69733 76.7314
      vertex -10.4086 -1.68452 76.804
      vertex -9.59141 -1.68452 76.804
    endloop
  endfacet
  facet normal 0 0.984788 -0.173762
    outer loop
      vertex -9.47099 -1.69733 76.7314
      vertex -10.529 -1.69733 76.7314
      vertex -10.4086 -1.68452 76.804
    endloop
  endfacet
  facet normal 0 0.984826 -0.173543
    outer loop
      vertex -9.3636 -1.71326 76.641
      vertex -10.529 -1.69733 76.7314
      vertex -9.47099 -1.69733 76.7314
    endloop
  endfacet
  facet normal 0 0.984826 -0.173543
    outer loop
      vertex -9.3636 -1.71326 76.641
      vertex -10.6364 -1.71326 76.641
      vertex -10.529 -1.69733 76.7314
    endloop
  endfacet
  facet normal 0 0.984788 -0.173759
    outer loop
      vertex -9.27188 -1.73191 76.5353
      vertex -10.6364 -1.71326 76.641
      vertex -9.3636 -1.71326 76.641
    endloop
  endfacet
  facet normal 0 0.984788 -0.173759
    outer loop
      vertex -9.27188 -1.73191 76.5353
      vertex -10.7281 -1.73191 76.5353
      vertex -10.6364 -1.71326 76.641
    endloop
  endfacet
  facet normal 0 0.984811 -0.173629
    outer loop
      vertex -9.19809 -1.75282 76.4167
      vertex -10.7281 -1.73191 76.5353
      vertex -9.27188 -1.73191 76.5353
    endloop
  endfacet
  facet normal 0 0.984811 -0.173629
    outer loop
      vertex -9.19809 -1.75282 76.4167
      vertex -10.8019 -1.75282 76.4167
      vertex -10.7281 -1.73191 76.5353
    endloop
  endfacet
  facet normal 0 0.984805 -0.173663
    outer loop
      vertex -9.14405 -1.77548 76.2882
      vertex -10.8019 -1.75282 76.4167
      vertex -9.19809 -1.75282 76.4167
    endloop
  endfacet
  facet normal 0 0.984805 -0.173663
    outer loop
      vertex -9.14405 -1.77548 76.2882
      vertex -10.856 -1.77548 76.2882
      vertex -10.8019 -1.75282 76.4167
    endloop
  endfacet
  facet normal 0 0.984807 -0.173652
    outer loop
      vertex -9.11108 -1.79932 76.153
      vertex -10.856 -1.77548 76.2882
      vertex -9.14405 -1.77548 76.2882
    endloop
  endfacet
  facet normal 0 0.984807 -0.173652
    outer loop
      vertex -9.11108 -1.79932 76.153
      vertex -10.8889 -1.79932 76.153
      vertex -10.856 -1.77548 76.2882
    endloop
  endfacet
  facet normal 0 0.984816 -0.173603
    outer loop
      vertex -9.1 -1.82377 76.0143
      vertex -10.8889 -1.79932 76.153
      vertex -9.11108 -1.79932 76.153
    endloop
  endfacet
  facet normal 0 0.984816 -0.173603
    outer loop
      vertex -9.1 -1.82377 76.0143
      vertex -10.9 -1.82377 76.0143
      vertex -10.8889 -1.79932 76.153
    endloop
  endfacet
  facet normal 0 0.984794 -0.173725
    outer loop
      vertex -9.11108 -1.84822 75.8757
      vertex -10.9 -1.82377 76.0143
      vertex -9.1 -1.82377 76.0143
    endloop
  endfacet
  facet normal 0 0.984794 -0.173725
    outer loop
      vertex -9.11108 -1.84822 75.8757
      vertex -10.8889 -1.84822 75.8757
      vertex -10.9 -1.82377 76.0143
    endloop
  endfacet
  facet normal 0 0.984829 -0.173528
    outer loop
      vertex -9.14405 -1.87206 75.7404
      vertex -10.8889 -1.84822 75.8757
      vertex -9.11108 -1.84822 75.8757
    endloop
  endfacet
  facet normal 0 0.984829 -0.173528
    outer loop
      vertex -9.14405 -1.87206 75.7404
      vertex -10.856 -1.87206 75.7404
      vertex -10.8889 -1.84822 75.8757
    endloop
  endfacet
  facet normal 0 0.984805 -0.173663
    outer loop
      vertex -9.19809 -1.89472 75.6119
      vertex -10.856 -1.87206 75.7404
      vertex -9.14405 -1.87206 75.7404
    endloop
  endfacet
  facet normal 0 0.984805 -0.173663
    outer loop
      vertex -9.19809 -1.89472 75.6119
      vertex -10.8019 -1.89472 75.6119
      vertex -10.856 -1.87206 75.7404
    endloop
  endfacet
  facet normal 0 0.984811 -0.173629
    outer loop
      vertex -9.27188 -1.91563 75.4933
      vertex -10.8019 -1.89472 75.6119
      vertex -9.19809 -1.89472 75.6119
    endloop
  endfacet
  facet normal 0 0.984811 -0.173629
    outer loop
      vertex -9.27188 -1.91563 75.4933
      vertex -10.7281 -1.91563 75.4933
      vertex -10.8019 -1.89472 75.6119
    endloop
  endfacet
  facet normal 0 0.984788 -0.173759
    outer loop
      vertex -9.3636 -1.93428 75.3876
      vertex -10.7281 -1.91563 75.4933
      vertex -9.27188 -1.91563 75.4933
    endloop
  endfacet
  facet normal 0 0.984788 -0.173759
    outer loop
      vertex -9.3636 -1.93428 75.3876
      vertex -10.6364 -1.93428 75.3876
      vertex -10.7281 -1.91563 75.4933
    endloop
  endfacet
  facet normal 0 0.984793 -0.173729
    outer loop
      vertex -9.47099 -1.95021 75.2973
      vertex -10.6364 -1.93428 75.3876
      vertex -9.3636 -1.93428 75.3876
    endloop
  endfacet
  facet normal 0 0.984793 -0.173729
    outer loop
      vertex -9.47099 -1.95021 75.2973
      vertex -10.529 -1.95021 75.2973
      vertex -10.6364 -1.93428 75.3876
    endloop
  endfacet
  facet normal 0 0.984829 -0.17353
    outer loop
      vertex -9.59141 -1.96302 75.2246
      vertex -10.529 -1.95021 75.2973
      vertex -9.47099 -1.95021 75.2973
    endloop
  endfacet
  facet normal 0 0.984829 -0.17353
    outer loop
      vertex -9.59141 -1.96302 75.2246
      vertex -10.4086 -1.96302 75.2246
      vertex -10.529 -1.95021 75.2973
    endloop
  endfacet
  facet normal 0 0.98481 -0.173637
    outer loop
      vertex -9.72188 -1.9724 75.1714
      vertex -10.4086 -1.96302 75.2246
      vertex -9.59141 -1.96302 75.2246
    endloop
  endfacet
  facet normal 0 0.98481 -0.173637
    outer loop
      vertex -9.72188 -1.9724 75.1714
      vertex -10.2781 -1.9724 75.1714
      vertex -10.4086 -1.96302 75.2246
    endloop
  endfacet
  facet normal 0 0.984811 -0.17363
    outer loop
      vertex -9.85921 -1.97813 75.1389
      vertex -10.2781 -1.9724 75.1714
      vertex -9.72188 -1.9724 75.1714
    endloop
  endfacet
  facet normal 0 0.984811 -0.17363
    outer loop
      vertex -9.85921 -1.97813 75.1389
      vertex -10.1408 -1.97813 75.1389
      vertex -10.2781 -1.9724 75.1714
    endloop
  endfacet
  facet normal 0 0.984838 -0.173476
    outer loop
      vertex -10.1408 -1.97813 75.1389
      vertex -9.85921 -1.97813 75.1389
      vertex -10 -1.98005 75.128
    endloop
  endfacet
  facet normal -0.923899 -0.0664436 -0.376824
    outer loop
      vertex -9.14405 9.64829 74.2739
      vertex -9.19809 -1.75282 76.4167
      vertex -9.19809 9.67095 74.4024
    endloop
  endfacet
  facet normal -0.923899 -0.0664436 -0.376824
    outer loop
      vertex -9.19809 -1.75282 76.4167
      vertex -9.14405 9.64829 74.2739
      vertex -9.14405 -1.77548 76.2882
    endloop
  endfacet
  facet normal 0.760304 -0.112795 -0.639699
    outer loop
      vertex -10.6364 -1.71326 76.641
      vertex -10.7281 9.69186 74.521
      vertex -10.6364 9.71051 74.6267
    endloop
  endfacet
  facet normal 0.760304 -0.112795 -0.639699
    outer loop
      vertex -10.7281 9.69186 74.521
      vertex -10.6364 -1.71326 76.641
      vertex -10.7281 -1.73191 76.5353
    endloop
  endfacet
  facet normal 0.649712 0.132003 0.748632
    outer loop
      vertex -10.6364 -1.93428 75.3876
      vertex -10.529 9.47356 73.2829
      vertex -10.6364 9.48949 73.3733
    endloop
  endfacet
  facet normal 0.649309 0.132069 0.74897
    outer loop
      vertex -10.529 9.47356 73.2829
      vertex -10.6364 -1.93428 75.3876
      vertex -10.529 -1.95021 75.2973
    endloop
  endfacet
  facet normal -0.0783704 -0.173113 -0.981779
    outer loop
      vertex -10 -1.66749 76.9006
      vertex -9.85921 9.75436 74.8754
      vertex -9.85921 -1.66941 76.8897
    endloop
  endfacet
  facet normal -0.0783704 -0.173113 -0.981779
    outer loop
      vertex -9.85921 9.75436 74.8754
      vertex -10 -1.66749 76.9006
      vertex -10 9.75628 74.8863
    endloop
  endfacet
  facet normal 0.649712 -0.132003 -0.748632
    outer loop
      vertex -10.6364 9.71051 74.6267
      vertex -10.529 -1.69733 76.7314
      vertex -10.6364 -1.71326 76.641
    endloop
  endfacet
  facet normal 0.649712 -0.132003 -0.748632
    outer loop
      vertex -10.529 -1.69733 76.7314
      vertex -10.6364 9.71051 74.6267
      vertex -10.529 9.72644 74.7171
    endloop
  endfacet
  facet normal -0.852669 -0.090722 -0.514515
    outer loop
      vertex -9.19809 9.67095 74.4024
      vertex -9.27188 -1.73191 76.5353
      vertex -9.27188 9.69186 74.521
    endloop
  endfacet
  facet normal -0.852669 -0.090722 -0.514515
    outer loop
      vertex -9.27188 -1.73191 76.5353
      vertex -9.19809 9.67095 74.4024
      vertex -9.19809 -1.75282 76.4167
    endloop
  endfacet
  facet normal -0.852669 0.090722 0.514515
    outer loop
      vertex -9.27188 9.50814 73.479
      vertex -9.19809 -1.89472 75.6119
      vertex -9.19809 9.52905 73.5976
    endloop
  endfacet
  facet normal -0.852669 0.090722 0.514515
    outer loop
      vertex -9.19809 -1.89472 75.6119
      vertex -9.27188 9.50814 73.479
      vertex -9.27188 -1.91563 75.4933
    endloop
  endfacet
  facet normal -0.760234 0.112809 0.63978
    outer loop
      vertex -9.3636 9.48949 73.3733
      vertex -9.27188 -1.91563 75.4933
      vertex -9.27188 9.50814 73.479
    endloop
  endfacet
  facet normal -0.760234 0.112809 0.63978
    outer loop
      vertex -9.27188 -1.91563 75.4933
      vertex -9.3636 9.48949 73.3733
      vertex -9.3636 -1.93428 75.3876
    endloop
  endfacet
  facet normal 0.760304 0.112795 0.639699
    outer loop
      vertex -10.7281 -1.91563 75.4933
      vertex -10.6364 9.48949 73.3733
      vertex -10.7281 9.50814 73.479
    endloop
  endfacet
  facet normal 0.760304 0.112795 0.639699
    outer loop
      vertex -10.6364 9.48949 73.3733
      vertex -10.7281 -1.91563 75.4933
      vertex -10.6364 -1.93428 75.3876
    endloop
  endfacet
  facet normal -0.0783704 0.173113 0.981779
    outer loop
      vertex -10 9.44372 73.1137
      vertex -9.85921 -1.97813 75.1389
      vertex -9.85921 9.44564 73.1246
    endloop
  endfacet
  facet normal -0.0783704 0.173113 0.981779
    outer loop
      vertex -9.85921 -1.97813 75.1389
      vertex -10 9.44372 73.1137
      vertex -10 -1.98005 75.128
    endloop
  endfacet
  facet normal -0.382551 0.160438 0.909898
    outer loop
      vertex -9.72188 9.45137 73.1571
      vertex -9.59141 -1.96302 75.2246
      vertex -9.59141 9.46075 73.2103
    endloop
  endfacet
  facet normal -0.382551 0.160438 0.909898
    outer loop
      vertex -9.59141 -1.96302 75.2246
      vertex -9.72188 9.45137 73.1571
      vertex -9.72188 -1.9724 75.1714
    endloop
  endfacet
  facet normal 0.972503 0.0404405 0.229351
    outer loop
      vertex -10.8889 -1.84822 75.8757
      vertex -10.856 9.55171 73.7261
      vertex -10.8889 9.57555 73.8614
    endloop
  endfacet
  facet normal 0.972503 0.0404405 0.229351
    outer loop
      vertex -10.856 9.55171 73.7261
      vertex -10.8889 -1.84822 75.8757
      vertex -10.856 -1.87206 75.7404
    endloop
  endfacet
  facet normal 0.972503 -0.0404405 -0.229351
    outer loop
      vertex -10.856 -1.77548 76.2882
      vertex -10.8889 9.62445 74.1386
      vertex -10.856 9.64829 74.2739
    endloop
  endfacet
  facet normal 0.972465 -0.0404699 -0.229507
    outer loop
      vertex -10.8889 9.62445 74.1386
      vertex -10.856 -1.77548 76.2882
      vertex -10.8889 -1.79932 76.153
    endloop
  endfacet
  facet normal -0.522128 0.148105 0.839909
    outer loop
      vertex -9.59141 9.46075 73.2103
      vertex -9.47099 -1.95021 75.2973
      vertex -9.47099 9.47356 73.2829
    endloop
  endfacet
  facet normal -0.522635 0.148044 0.839605
    outer loop
      vertex -9.47099 -1.95021 75.2973
      vertex -9.59141 9.46075 73.2103
      vertex -9.59141 -1.96302 75.2246
    endloop
  endfacet
  facet normal -0.232995 -0.168876 -0.957703
    outer loop
      vertex -9.85921 -1.66941 76.8897
      vertex -9.72188 9.74863 74.8429
      vertex -9.72188 -1.67514 76.8573
    endloop
  endfacet
  facet normal -0.233654 -0.16884 -0.957548
    outer loop
      vertex -9.72188 9.74863 74.8429
      vertex -9.85921 -1.66941 76.8897
      vertex -9.85921 9.75436 74.8754
    endloop
  endfacet
  facet normal -0.996915 -0.0136291 -0.0772914
    outer loop
      vertex -9.1 9.6 74
      vertex -9.11108 -1.79932 76.153
      vertex -9.11108 9.62445 74.1386
    endloop
  endfacet
  facet normal -0.99692 -0.013619 -0.0772378
    outer loop
      vertex -9.11108 -1.79932 76.153
      vertex -9.1 9.6 74
      vertex -9.1 -1.82377 76.0143
    endloop
  endfacet
  facet normal -0.760234 -0.112809 -0.63978
    outer loop
      vertex -9.27188 9.69186 74.521
      vertex -9.3636 -1.71326 76.641
      vertex -9.3636 9.71051 74.6267
    endloop
  endfacet
  facet normal -0.760234 -0.112809 -0.63978
    outer loop
      vertex -9.3636 -1.71326 76.641
      vertex -9.27188 9.69186 74.521
      vertex -9.27188 -1.73191 76.5353
    endloop
  endfacet
  facet normal 0.852637 -0.0907309 -0.514565
    outer loop
      vertex -10.7281 -1.73191 76.5353
      vertex -10.8019 9.67095 74.4024
      vertex -10.7281 9.69186 74.521
    endloop
  endfacet
  facet normal 0.852637 -0.0907309 -0.514565
    outer loop
      vertex -10.8019 9.67095 74.4024
      vertex -10.7281 -1.73191 76.5353
      vertex -10.8019 -1.75282 76.4167
    endloop
  endfacet
  facet normal 0.996904 -0.0136536 -0.0774301
    outer loop
      vertex -10.8889 -1.79932 76.153
      vertex -10.9 9.6 74
      vertex -10.8889 9.62445 74.1386
    endloop
  endfacet
  facet normal 0.996909 -0.0136434 -0.0773764
    outer loop
      vertex -10.9 9.6 74
      vertex -10.8889 -1.79932 76.153
      vertex -10.9 -1.82377 76.0143
    endloop
  endfacet
  facet normal 0.0783649 -0.173113 -0.981779
    outer loop
      vertex -10.1408 9.75436 74.8754
      vertex -10 -1.66749 76.9006
      vertex -10.1408 -1.66941 76.8897
    endloop
  endfacet
  facet normal 0.0783649 -0.173113 -0.981779
    outer loop
      vertex -10 -1.66749 76.9006
      vertex -10.1408 9.75436 74.8754
      vertex -10 9.75628 74.8863
    endloop
  endfacet
  facet normal -0.233654 0.16884 0.957548
    outer loop
      vertex -9.85921 9.44564 73.1246
      vertex -9.72188 -1.9724 75.1714
      vertex -9.72188 9.45137 73.1571
    endloop
  endfacet
  facet normal -0.233654 0.16884 0.957548
    outer loop
      vertex -9.72188 -1.9724 75.1714
      vertex -9.85921 9.44564 73.1246
      vertex -9.85921 -1.97813 75.1389
    endloop
  endfacet
  facet normal 0.522191 -0.148091 -0.839872
    outer loop
      vertex -10.529 9.72644 74.7171
      vertex -10.4086 -1.68452 76.804
      vertex -10.529 -1.69733 76.7314
    endloop
  endfacet
  facet normal 0.522191 -0.148091 -0.839872
    outer loop
      vertex -10.4086 -1.68452 76.804
      vertex -10.529 9.72644 74.7171
      vertex -10.4086 9.73925 74.7897
    endloop
  endfacet
  facet normal 0.996904 0.0136529 0.0774302
    outer loop
      vertex -10.9 -1.82377 76.0143
      vertex -10.8889 9.57555 73.8614
      vertex -10.9 9.6 74
    endloop
  endfacet
  facet normal 0.996904 0.0136529 0.0774302
    outer loop
      vertex -10.8889 9.57555 73.8614
      vertex -10.9 -1.82377 76.0143
      vertex -10.8889 -1.84822 75.8757
    endloop
  endfacet
  facet normal 0.852637 0.0907309 0.514565
    outer loop
      vertex -10.8019 -1.89472 75.6119
      vertex -10.7281 9.50814 73.479
      vertex -10.8019 9.52905 73.5976
    endloop
  endfacet
  facet normal 0.852637 0.0907309 0.514565
    outer loop
      vertex -10.7281 9.50814 73.479
      vertex -10.8019 -1.89472 75.6119
      vertex -10.7281 -1.91563 75.4933
    endloop
  endfacet
  facet normal -0.649747 -0.131998 -0.748602
    outer loop
      vertex -9.47099 -1.69733 76.7314
      vertex -9.3636 9.71051 74.6267
      vertex -9.3636 -1.71326 76.641
    endloop
  endfacet
  facet normal -0.649747 -0.131998 -0.748602
    outer loop
      vertex -9.3636 9.71051 74.6267
      vertex -9.47099 -1.69733 76.7314
      vertex -9.47099 9.72644 74.7171
    endloop
  endfacet
  facet normal 0.923899 0.0664436 0.376824
    outer loop
      vertex 9.14405 -1.87206 75.7404
      vertex 9.19809 9.52905 73.5976
      vertex 9.14405 9.55171 73.7261
    endloop
  endfacet
  facet normal 0.923899 0.0664436 0.376824
    outer loop
      vertex 9.19809 9.52905 73.5976
      vertex 9.14405 -1.87206 75.7404
      vertex 9.19809 -1.89472 75.6119
    endloop
  endfacet
  facet normal -0.972503 0.0404405 0.229351
    outer loop
      vertex 10.856 9.55171 73.7261
      vertex 10.8889 -1.84822 75.8757
      vertex 10.8889 9.57555 73.8614
    endloop
  endfacet
  facet normal -0.972503 0.0404405 0.229351
    outer loop
      vertex 10.8889 -1.84822 75.8757
      vertex 10.856 9.55171 73.7261
      vertex 10.856 -1.87206 75.7404
    endloop
  endfacet
  facet normal -0.996904 0.0136529 0.0774302
    outer loop
      vertex 10.8889 9.57555 73.8614
      vertex 10.9 -1.82377 76.0143
      vertex 10.9 9.6 74
    endloop
  endfacet
  facet normal -0.996904 0.0136529 0.0774302
    outer loop
      vertex 10.9 -1.82377 76.0143
      vertex 10.8889 9.57555 73.8614
      vertex 10.8889 -1.84822 75.8757
    endloop
  endfacet
  facet normal -0.923749 0.0665066 0.377181
    outer loop
      vertex 10.8019 9.52905 73.5976
      vertex 10.856 -1.87206 75.7404
      vertex 10.856 9.55171 73.7261
    endloop
  endfacet
  facet normal -0.923749 0.0665066 0.377181
    outer loop
      vertex 10.856 -1.87206 75.7404
      vertex 10.8019 9.52905 73.5976
      vertex 10.8019 -1.89472 75.6119
    endloop
  endfacet
  facet normal -0.522191 -0.148091 -0.839872
    outer loop
      vertex 10.4086 -1.68452 76.804
      vertex 10.529 9.72644 74.7171
      vertex 10.529 -1.69733 76.7314
    endloop
  endfacet
  facet normal -0.522191 -0.148091 -0.839872
    outer loop
      vertex 10.529 9.72644 74.7171
      vertex 10.4086 -1.68452 76.804
      vertex 10.4086 9.73925 74.7897
    endloop
  endfacet
  facet normal -0.972503 -0.0404405 -0.229351
    outer loop
      vertex 10.8889 9.62445 74.1386
      vertex 10.856 -1.77548 76.2882
      vertex 10.856 9.64829 74.2739
    endloop
  endfacet
  facet normal -0.972465 -0.0404699 -0.229507
    outer loop
      vertex 10.856 -1.77548 76.2882
      vertex 10.8889 9.62445 74.1386
      vertex 10.8889 -1.79932 76.153
    endloop
  endfacet
  facet normal -0.383071 -0.160401 -0.909686
    outer loop
      vertex 10.2781 -1.67514 76.8573
      vertex 10.4086 9.73925 74.7897
      vertex 10.4086 -1.68452 76.804
    endloop
  endfacet
  facet normal -0.382476 -0.160451 -0.909927
    outer loop
      vertex 10.4086 9.73925 74.7897
      vertex 10.2781 -1.67514 76.8573
      vertex 10.2781 9.74863 74.8429
    endloop
  endfacet
  facet normal 0.382551 0.160438 0.909898
    outer loop
      vertex 9.59141 -1.96302 75.2246
      vertex 9.72188 9.45137 73.1571
      vertex 9.59141 9.46075 73.2103
    endloop
  endfacet
  facet normal 0.382551 0.160438 0.909898
    outer loop
      vertex 9.72188 9.45137 73.1571
      vertex 9.59141 -1.96302 75.2246
      vertex 9.72188 -1.9724 75.1714
    endloop
  endfacet
  facet normal 0.383146 -0.160395 -0.909655
    outer loop
      vertex 9.59141 9.73925 74.7897
      vertex 9.72188 -1.67514 76.8573
      vertex 9.59141 -1.68452 76.804
    endloop
  endfacet
  facet normal 0.382551 -0.160446 -0.909896
    outer loop
      vertex 9.72188 -1.67514 76.8573
      vertex 9.59141 9.73925 74.7897
      vertex 9.72188 9.74863 74.8429
    endloop
  endfacet
  facet normal 0.522128 0.148105 0.839909
    outer loop
      vertex 9.47099 -1.95021 75.2973
      vertex 9.59141 9.46075 73.2103
      vertex 9.47099 9.47356 73.2829
    endloop
  endfacet
  facet normal 0.522635 0.148044 0.839605
    outer loop
      vertex 9.59141 9.46075 73.2103
      vertex 9.47099 -1.95021 75.2973
      vertex 9.59141 -1.96302 75.2246
    endloop
  endfacet
  facet normal -0.649712 0.132003 0.748632
    outer loop
      vertex 10.529 9.47356 73.2829
      vertex 10.6364 -1.93428 75.3876
      vertex 10.6364 9.48949 73.3733
    endloop
  endfacet
  facet normal -0.649309 0.132069 0.74897
    outer loop
      vertex 10.6364 -1.93428 75.3876
      vertex 10.529 9.47356 73.2829
      vertex 10.529 -1.95021 75.2973
    endloop
  endfacet
  facet normal 0.233654 0.16884 0.957548
    outer loop
      vertex 9.72188 -1.9724 75.1714
      vertex 9.85921 9.44564 73.1246
      vertex 9.72188 9.45137 73.1571
    endloop
  endfacet
  facet normal 0.233654 0.16884 0.957548
    outer loop
      vertex 9.85921 9.44564 73.1246
      vertex 9.72188 -1.9724 75.1714
      vertex 9.85921 -1.97813 75.1389
    endloop
  endfacet
  facet normal 0.923899 -0.0664436 -0.376824
    outer loop
      vertex 9.19809 -1.75282 76.4167
      vertex 9.14405 9.64829 74.2739
      vertex 9.19809 9.67095 74.4024
    endloop
  endfacet
  facet normal 0.923899 -0.0664436 -0.376824
    outer loop
      vertex 9.14405 9.64829 74.2739
      vertex 9.19809 -1.75282 76.4167
      vertex 9.14405 -1.77548 76.2882
    endloop
  endfacet
  facet normal 0.0783704 0.173113 0.981779
    outer loop
      vertex 9.85921 -1.97813 75.1389
      vertex 10 9.44372 73.1137
      vertex 9.85921 9.44564 73.1246
    endloop
  endfacet
  facet normal 0.0783704 0.173113 0.981779
    outer loop
      vertex 10 9.44372 73.1137
      vertex 9.85921 -1.97813 75.1389
      vertex 10 -1.98005 75.128
    endloop
  endfacet
  facet normal 0.232995 -0.168876 -0.957703
    outer loop
      vertex 9.72188 9.74863 74.8429
      vertex 9.85921 -1.66941 76.8897
      vertex 9.72188 -1.67514 76.8573
    endloop
  endfacet
  facet normal 0.233654 -0.16884 -0.957548
    outer loop
      vertex 9.85921 -1.66941 76.8897
      vertex 9.72188 9.74863 74.8429
      vertex 9.85921 9.75436 74.8754
    endloop
  endfacet
  facet normal 0 0.984838 -0.173476
    outer loop
      vertex 10.1408 -1.66941 76.8897
      vertex 9.85921 -1.66941 76.8897
      vertex 10 -1.66749 76.9006
    endloop
  endfacet
  facet normal 0 0.984719 -0.174149
    outer loop
      vertex 10.2781 -1.67514 76.8573
      vertex 9.85921 -1.66941 76.8897
      vertex 10.1408 -1.66941 76.8897
    endloop
  endfacet
  facet normal 0 0.984719 -0.174149
    outer loop
      vertex 10.2781 -1.67514 76.8573
      vertex 9.72188 -1.67514 76.8573
      vertex 9.85921 -1.66941 76.8897
    endloop
  endfacet
  facet normal 0 0.984865 -0.173322
    outer loop
      vertex 10.4086 -1.68452 76.804
      vertex 9.72188 -1.67514 76.8573
      vertex 10.2781 -1.67514 76.8573
    endloop
  endfacet
  facet normal 0 0.984865 -0.173322
    outer loop
      vertex 10.4086 -1.68452 76.804
      vertex 9.59141 -1.68452 76.804
      vertex 9.72188 -1.67514 76.8573
    endloop
  endfacet
  facet normal 0 0.984788 -0.173762
    outer loop
      vertex 10.529 -1.69733 76.7314
      vertex 9.59141 -1.68452 76.804
      vertex 10.4086 -1.68452 76.804
    endloop
  endfacet
  facet normal 0 0.984788 -0.173762
    outer loop
      vertex 10.529 -1.69733 76.7314
      vertex 9.47099 -1.69733 76.7314
      vertex 9.59141 -1.68452 76.804
    endloop
  endfacet
  facet normal 0 0.984826 -0.173543
    outer loop
      vertex 10.6364 -1.71326 76.641
      vertex 9.47099 -1.69733 76.7314
      vertex 10.529 -1.69733 76.7314
    endloop
  endfacet
  facet normal 0 0.984826 -0.173543
    outer loop
      vertex 10.6364 -1.71326 76.641
      vertex 9.3636 -1.71326 76.641
      vertex 9.47099 -1.69733 76.7314
    endloop
  endfacet
  facet normal 0 0.984788 -0.173759
    outer loop
      vertex 10.7281 -1.73191 76.5353
      vertex 9.3636 -1.71326 76.641
      vertex 10.6364 -1.71326 76.641
    endloop
  endfacet
  facet normal 0 0.984788 -0.173759
    outer loop
      vertex 10.7281 -1.73191 76.5353
      vertex 9.27188 -1.73191 76.5353
      vertex 9.3636 -1.71326 76.641
    endloop
  endfacet
  facet normal 0 0.984811 -0.173629
    outer loop
      vertex 10.8019 -1.75282 76.4167
      vertex 9.27188 -1.73191 76.5353
      vertex 10.7281 -1.73191 76.5353
    endloop
  endfacet
  facet normal 0 0.984811 -0.173629
    outer loop
      vertex 10.8019 -1.75282 76.4167
      vertex 9.19809 -1.75282 76.4167
      vertex 9.27188 -1.73191 76.5353
    endloop
  endfacet
  facet normal 0 0.984805 -0.173663
    outer loop
      vertex 10.856 -1.77548 76.2882
      vertex 9.19809 -1.75282 76.4167
      vertex 10.8019 -1.75282 76.4167
    endloop
  endfacet
  facet normal 0 0.984805 -0.173663
    outer loop
      vertex 10.856 -1.77548 76.2882
      vertex 9.14405 -1.77548 76.2882
      vertex 9.19809 -1.75282 76.4167
    endloop
  endfacet
  facet normal 0 0.984807 -0.173652
    outer loop
      vertex 10.8889 -1.79932 76.153
      vertex 9.14405 -1.77548 76.2882
      vertex 10.856 -1.77548 76.2882
    endloop
  endfacet
  facet normal 0 0.984807 -0.173652
    outer loop
      vertex 10.8889 -1.79932 76.153
      vertex 9.11108 -1.79932 76.153
      vertex 9.14405 -1.77548 76.2882
    endloop
  endfacet
  facet normal 0 0.984816 -0.173603
    outer loop
      vertex 10.9 -1.82377 76.0143
      vertex 9.11108 -1.79932 76.153
      vertex 10.8889 -1.79932 76.153
    endloop
  endfacet
  facet normal 0 0.984816 -0.173603
    outer loop
      vertex 10.9 -1.82377 76.0143
      vertex 9.1 -1.82377 76.0143
      vertex 9.11108 -1.79932 76.153
    endloop
  endfacet
  facet normal 0 0.984794 -0.173725
    outer loop
      vertex 10.8889 -1.84822 75.8757
      vertex 9.1 -1.82377 76.0143
      vertex 10.9 -1.82377 76.0143
    endloop
  endfacet
  facet normal 0 0.984794 -0.173725
    outer loop
      vertex 10.8889 -1.84822 75.8757
      vertex 9.11108 -1.84822 75.8757
      vertex 9.1 -1.82377 76.0143
    endloop
  endfacet
  facet normal 0 0.984829 -0.173528
    outer loop
      vertex 10.856 -1.87206 75.7404
      vertex 9.11108 -1.84822 75.8757
      vertex 10.8889 -1.84822 75.8757
    endloop
  endfacet
  facet normal 0 0.984829 -0.173528
    outer loop
      vertex 10.856 -1.87206 75.7404
      vertex 9.14405 -1.87206 75.7404
      vertex 9.11108 -1.84822 75.8757
    endloop
  endfacet
  facet normal 0 0.984805 -0.173663
    outer loop
      vertex 10.8019 -1.89472 75.6119
      vertex 9.14405 -1.87206 75.7404
      vertex 10.856 -1.87206 75.7404
    endloop
  endfacet
  facet normal 0 0.984805 -0.173663
    outer loop
      vertex 10.8019 -1.89472 75.6119
      vertex 9.19809 -1.89472 75.6119
      vertex 9.14405 -1.87206 75.7404
    endloop
  endfacet
  facet normal 0 0.984811 -0.173629
    outer loop
      vertex 10.7281 -1.91563 75.4933
      vertex 9.19809 -1.89472 75.6119
      vertex 10.8019 -1.89472 75.6119
    endloop
  endfacet
  facet normal 0 0.984811 -0.173629
    outer loop
      vertex 10.7281 -1.91563 75.4933
      vertex 9.27188 -1.91563 75.4933
      vertex 9.19809 -1.89472 75.6119
    endloop
  endfacet
  facet normal 0 0.984788 -0.173759
    outer loop
      vertex 10.6364 -1.93428 75.3876
      vertex 9.27188 -1.91563 75.4933
      vertex 10.7281 -1.91563 75.4933
    endloop
  endfacet
  facet normal 0 0.984788 -0.173759
    outer loop
      vertex 10.6364 -1.93428 75.3876
      vertex 9.3636 -1.93428 75.3876
      vertex 9.27188 -1.91563 75.4933
    endloop
  endfacet
  facet normal 0 0.984793 -0.173729
    outer loop
      vertex 10.529 -1.95021 75.2973
      vertex 9.3636 -1.93428 75.3876
      vertex 10.6364 -1.93428 75.3876
    endloop
  endfacet
  facet normal 0 0.984793 -0.173729
    outer loop
      vertex 10.529 -1.95021 75.2973
      vertex 9.47099 -1.95021 75.2973
      vertex 9.3636 -1.93428 75.3876
    endloop
  endfacet
  facet normal 0 0.984829 -0.17353
    outer loop
      vertex 10.4086 -1.96302 75.2246
      vertex 9.47099 -1.95021 75.2973
      vertex 10.529 -1.95021 75.2973
    endloop
  endfacet
  facet normal 0 0.984829 -0.17353
    outer loop
      vertex 10.4086 -1.96302 75.2246
      vertex 9.59141 -1.96302 75.2246
      vertex 9.47099 -1.95021 75.2973
    endloop
  endfacet
  facet normal 0 0.98481 -0.173637
    outer loop
      vertex 10.2781 -1.9724 75.1714
      vertex 9.59141 -1.96302 75.2246
      vertex 10.4086 -1.96302 75.2246
    endloop
  endfacet
  facet normal 0 0.98481 -0.173637
    outer loop
      vertex 10.2781 -1.9724 75.1714
      vertex 9.72188 -1.9724 75.1714
      vertex 9.59141 -1.96302 75.2246
    endloop
  endfacet
  facet normal 0 0.984811 -0.17363
    outer loop
      vertex 10.1408 -1.97813 75.1389
      vertex 9.72188 -1.9724 75.1714
      vertex 10.2781 -1.9724 75.1714
    endloop
  endfacet
  facet normal 0 0.984811 -0.17363
    outer loop
      vertex 10.1408 -1.97813 75.1389
      vertex 9.85921 -1.97813 75.1389
      vertex 9.72188 -1.9724 75.1714
    endloop
  endfacet
  facet normal 0 0.984838 -0.173476
    outer loop
      vertex 9.85921 -1.97813 75.1389
      vertex 10.1408 -1.97813 75.1389
      vertex 10 -1.98005 75.128
    endloop
  endfacet
  facet normal -0.923749 -0.0665066 -0.377181
    outer loop
      vertex 10.856 9.64829 74.2739
      vertex 10.8019 -1.75282 76.4167
      vertex 10.8019 9.67095 74.4024
    endloop
  endfacet
  facet normal -0.923749 -0.0665066 -0.377181
    outer loop
      vertex 10.8019 -1.75282 76.4167
      vertex 10.856 9.64829 74.2739
      vertex 10.856 -1.77548 76.2882
    endloop
  endfacet
  facet normal 0.760234 -0.112809 -0.63978
    outer loop
      vertex 9.3636 -1.71326 76.641
      vertex 9.27188 9.69186 74.521
      vertex 9.3636 9.71051 74.6267
    endloop
  endfacet
  facet normal 0.760234 -0.112809 -0.63978
    outer loop
      vertex 9.27188 9.69186 74.521
      vertex 9.3636 -1.71326 76.641
      vertex 9.27188 -1.73191 76.5353
    endloop
  endfacet
  facet normal 0.649747 0.131998 0.748602
    outer loop
      vertex 9.3636 -1.93428 75.3876
      vertex 9.47099 9.47356 73.2829
      vertex 9.3636 9.48949 73.3733
    endloop
  endfacet
  facet normal 0.649344 0.132064 0.74894
    outer loop
      vertex 9.47099 9.47356 73.2829
      vertex 9.3636 -1.93428 75.3876
      vertex 9.47099 -1.95021 75.2973
    endloop
  endfacet
  facet normal -0.0783649 -0.173113 -0.981779
    outer loop
      vertex 10 -1.66749 76.9006
      vertex 10.1408 9.75436 74.8754
      vertex 10.1408 -1.66941 76.8897
    endloop
  endfacet
  facet normal -0.0783649 -0.173113 -0.981779
    outer loop
      vertex 10.1408 9.75436 74.8754
      vertex 10 -1.66749 76.9006
      vertex 10 9.75628 74.8863
    endloop
  endfacet
  facet normal 0.649747 -0.131998 -0.748602
    outer loop
      vertex 9.3636 9.71051 74.6267
      vertex 9.47099 -1.69733 76.7314
      vertex 9.3636 -1.71326 76.641
    endloop
  endfacet
  facet normal 0.649747 -0.131998 -0.748602
    outer loop
      vertex 9.47099 -1.69733 76.7314
      vertex 9.3636 9.71051 74.6267
      vertex 9.47099 9.72644 74.7171
    endloop
  endfacet
  facet normal -0.852637 -0.0907309 -0.514565
    outer loop
      vertex 10.8019 9.67095 74.4024
      vertex 10.7281 -1.73191 76.5353
      vertex 10.7281 9.69186 74.521
    endloop
  endfacet
  facet normal -0.852637 -0.0907309 -0.514565
    outer loop
      vertex 10.7281 -1.73191 76.5353
      vertex 10.8019 9.67095 74.4024
      vertex 10.8019 -1.75282 76.4167
    endloop
  endfacet
  facet normal -0.852637 0.0907309 0.514565
    outer loop
      vertex 10.7281 9.50814 73.479
      vertex 10.8019 -1.89472 75.6119
      vertex 10.8019 9.52905 73.5976
    endloop
  endfacet
  facet normal -0.852637 0.0907309 0.514565
    outer loop
      vertex 10.8019 -1.89472 75.6119
      vertex 10.7281 9.50814 73.479
      vertex 10.7281 -1.91563 75.4933
    endloop
  endfacet
  facet normal -0.760304 0.112795 0.639699
    outer loop
      vertex 10.6364 9.48949 73.3733
      vertex 10.7281 -1.91563 75.4933
      vertex 10.7281 9.50814 73.479
    endloop
  endfacet
  facet normal -0.760304 0.112795 0.639699
    outer loop
      vertex 10.7281 -1.91563 75.4933
      vertex 10.6364 9.48949 73.3733
      vertex 10.6364 -1.93428 75.3876
    endloop
  endfacet
  facet normal 0.760234 0.112809 0.63978
    outer loop
      vertex 9.27188 -1.91563 75.4933
      vertex 9.3636 9.48949 73.3733
      vertex 9.27188 9.50814 73.479
    endloop
  endfacet
  facet normal 0.760234 0.112809 0.63978
    outer loop
      vertex 9.3636 9.48949 73.3733
      vertex 9.27188 -1.91563 75.4933
      vertex 9.3636 -1.93428 75.3876
    endloop
  endfacet
  facet normal -0.0783649 0.173113 0.981779
    outer loop
      vertex 10 9.44372 73.1137
      vertex 10.1408 -1.97813 75.1389
      vertex 10.1408 9.44564 73.1246
    endloop
  endfacet
  facet normal -0.0783649 0.173113 0.981779
    outer loop
      vertex 10.1408 -1.97813 75.1389
      vertex 10 9.44372 73.1137
      vertex 10 -1.98005 75.128
    endloop
  endfacet
  facet normal -0.382476 0.160443 0.909928
    outer loop
      vertex 10.2781 9.45137 73.1571
      vertex 10.4086 -1.96302 75.2246
      vertex 10.4086 9.46075 73.2103
    endloop
  endfacet
  facet normal -0.382476 0.160443 0.909928
    outer loop
      vertex 10.4086 -1.96302 75.2246
      vertex 10.2781 9.45137 73.1571
      vertex 10.2781 -1.9724 75.1714
    endloop
  endfacet
  facet normal 0.972391 0.0405218 0.229813
    outer loop
      vertex 9.11108 -1.84822 75.8757
      vertex 9.14405 9.55171 73.7261
      vertex 9.11108 9.57555 73.8614
    endloop
  endfacet
  facet normal 0.972391 0.0405218 0.229813
    outer loop
      vertex 9.14405 9.55171 73.7261
      vertex 9.11108 -1.84822 75.8757
      vertex 9.14405 -1.87206 75.7404
    endloop
  endfacet
  facet normal 0.972391 -0.0405218 -0.229813
    outer loop
      vertex 9.14405 -1.77548 76.2882
      vertex 9.11108 9.62445 74.1386
      vertex 9.14405 9.64829 74.2739
    endloop
  endfacet
  facet normal 0.972353 -0.0405513 -0.229968
    outer loop
      vertex 9.11108 9.62445 74.1386
      vertex 9.14405 -1.77548 76.2882
      vertex 9.11108 -1.79932 76.153
    endloop
  endfacet
  facet normal -0.522191 0.148098 0.839871
    outer loop
      vertex 10.4086 9.46075 73.2103
      vertex 10.529 -1.95021 75.2973
      vertex 10.529 9.47356 73.2829
    endloop
  endfacet
  facet normal -0.522698 0.148037 0.839567
    outer loop
      vertex 10.529 -1.95021 75.2973
      vertex 10.4086 9.46075 73.2103
      vertex 10.4086 -1.96302 75.2246
    endloop
  endfacet
  facet normal -0.233043 -0.168874 -0.957691
    outer loop
      vertex 10.1408 -1.66941 76.8897
      vertex 10.2781 9.74863 74.8429
      vertex 10.2781 -1.67514 76.8573
    endloop
  endfacet
  facet normal -0.233703 -0.168838 -0.957537
    outer loop
      vertex 10.2781 9.74863 74.8429
      vertex 10.1408 -1.66941 76.8897
      vertex 10.1408 9.75436 74.8754
    endloop
  endfacet
  facet normal -0.996904 -0.0136536 -0.0774301
    outer loop
      vertex 10.9 9.6 74
      vertex 10.8889 -1.79932 76.153
      vertex 10.8889 9.62445 74.1386
    endloop
  endfacet
  facet normal -0.996909 -0.0136434 -0.0773764
    outer loop
      vertex 10.8889 -1.79932 76.153
      vertex 10.9 9.6 74
      vertex 10.9 -1.82377 76.0143
    endloop
  endfacet
  facet normal -0.760304 -0.112795 -0.639699
    outer loop
      vertex 10.7281 9.69186 74.521
      vertex 10.6364 -1.71326 76.641
      vertex 10.6364 9.71051 74.6267
    endloop
  endfacet
  facet normal -0.760304 -0.112795 -0.639699
    outer loop
      vertex 10.6364 -1.71326 76.641
      vertex 10.7281 9.69186 74.521
      vertex 10.7281 -1.73191 76.5353
    endloop
  endfacet
  facet normal 0.852669 -0.090722 -0.514515
    outer loop
      vertex 9.27188 -1.73191 76.5353
      vertex 9.19809 9.67095 74.4024
      vertex 9.27188 9.69186 74.521
    endloop
  endfacet
  facet normal 0.852669 -0.090722 -0.514515
    outer loop
      vertex 9.19809 9.67095 74.4024
      vertex 9.27188 -1.73191 76.5353
      vertex 9.19809 -1.75282 76.4167
    endloop
  endfacet
  facet normal 0.996915 -0.0136291 -0.0772914
    outer loop
      vertex 9.11108 -1.79932 76.153
      vertex 9.1 9.6 74
      vertex 9.11108 9.62445 74.1386
    endloop
  endfacet
  facet normal 0.99692 -0.013619 -0.0772378
    outer loop
      vertex 9.1 9.6 74
      vertex 9.11108 -1.79932 76.153
      vertex 9.1 -1.82377 76.0143
    endloop
  endfacet
  facet normal 0.0783704 -0.173113 -0.981779
    outer loop
      vertex 9.85921 9.75436 74.8754
      vertex 10 -1.66749 76.9006
      vertex 9.85921 -1.66941 76.8897
    endloop
  endfacet
  facet normal 0.0783704 -0.173113 -0.981779
    outer loop
      vertex 10 -1.66749 76.9006
      vertex 9.85921 9.75436 74.8754
      vertex 10 9.75628 74.8863
    endloop
  endfacet
  facet normal -0.233703 0.168838 0.957537
    outer loop
      vertex 10.1408 9.44564 73.1246
      vertex 10.2781 -1.9724 75.1714
      vertex 10.2781 9.45137 73.1571
    endloop
  endfacet
  facet normal -0.233703 0.168838 0.957537
    outer loop
      vertex 10.2781 -1.9724 75.1714
      vertex 10.1408 9.44564 73.1246
      vertex 10.1408 -1.97813 75.1389
    endloop
  endfacet
  facet normal 0.522128 -0.148097 -0.839911
    outer loop
      vertex 9.47099 9.72644 74.7171
      vertex 9.59141 -1.68452 76.804
      vertex 9.47099 -1.69733 76.7314
    endloop
  endfacet
  facet normal 0.522128 -0.148097 -0.839911
    outer loop
      vertex 9.59141 -1.68452 76.804
      vertex 9.47099 9.72644 74.7171
      vertex 9.59141 9.73925 74.7897
    endloop
  endfacet
  facet normal 0.996915 0.0136285 0.0772915
    outer loop
      vertex 9.1 -1.82377 76.0143
      vertex 9.11108 9.57555 73.8614
      vertex 9.1 9.6 74
    endloop
  endfacet
  facet normal 0.996915 0.0136285 0.0772915
    outer loop
      vertex 9.11108 9.57555 73.8614
      vertex 9.1 -1.82377 76.0143
      vertex 9.11108 -1.84822 75.8757
    endloop
  endfacet
  facet normal 0.852669 0.090722 0.514515
    outer loop
      vertex 9.19809 -1.89472 75.6119
      vertex 9.27188 9.50814 73.479
      vertex 9.19809 9.52905 73.5976
    endloop
  endfacet
  facet normal 0.852669 0.090722 0.514515
    outer loop
      vertex 9.27188 9.50814 73.479
      vertex 9.19809 -1.89472 75.6119
      vertex 9.27188 -1.91563 75.4933
    endloop
  endfacet
  facet normal -0.649712 -0.132003 -0.748632
    outer loop
      vertex 10.529 -1.69733 76.7314
      vertex 10.6364 9.71051 74.6267
      vertex 10.6364 -1.71326 76.641
    endloop
  endfacet
  facet normal -0.649712 -0.132003 -0.748632
    outer loop
      vertex 10.6364 9.71051 74.6267
      vertex 10.529 -1.69733 76.7314
      vertex 10.529 9.72644 74.7171
    endloop
  endfacet
  facet normal 0.923736 0.131003 0.35993
    outer loop
      vertex -10.856 -1.39555 51.7061
      vertex -10.8019 9.46025 47.6161
      vertex -10.856 9.50488 47.7387
    endloop
  endfacet
  facet normal 0.923736 0.131003 0.35993
    outer loop
      vertex -10.8019 9.46025 47.6161
      vertex -10.856 -1.39555 51.7061
      vertex -10.8019 -1.44018 51.5835
    endloop
  endfacet
  facet normal -0.972353 0.0798671 0.219435
    outer loop
      vertex -9.14405 9.50488 47.7387
      vertex -9.11108 -1.34859 51.8351
      vertex -9.11108 9.55185 47.8677
    endloop
  endfacet
  facet normal -0.972351 0.079869 0.21944
    outer loop
      vertex -9.11108 -1.34859 51.8351
      vertex -9.14405 9.50488 47.7387
      vertex -9.14405 -1.39555 51.7061
    endloop
  endfacet
  facet normal -0.996918 0.0268335 0.073725
    outer loop
      vertex -9.11108 9.55185 47.8677
      vertex -9.1 -1.30043 51.9674
      vertex -9.1 9.6 48
    endloop
  endfacet
  facet normal -0.996918 0.0268328 0.0737232
    outer loop
      vertex -9.1 -1.30043 51.9674
      vertex -9.11108 9.55185 47.8677
      vertex -9.11108 -1.34859 51.8351
    endloop
  endfacet
  facet normal -0.923886 0.130879 0.35959
    outer loop
      vertex -9.19809 9.46025 47.6161
      vertex -9.14405 -1.39555 51.7061
      vertex -9.14405 9.50488 47.7387
    endloop
  endfacet
  facet normal -0.923886 0.130879 0.35959
    outer loop
      vertex -9.14405 -1.39555 51.7061
      vertex -9.19809 9.46025 47.6161
      vertex -9.19809 -1.44018 51.5835
    endloop
  endfacet
  facet normal -0.522758 -0.291564 -0.801071
    outer loop
      vertex -9.59141 -1.02617 52.721
      vertex -9.47099 9.84903 48.6842
      vertex -9.47099 -1.0514 52.6516
    endloop
  endfacet
  facet normal -0.522292 -0.291668 -0.801337
    outer loop
      vertex -9.47099 9.84903 48.6842
      vertex -9.59141 -1.02617 52.721
      vertex -9.59141 9.87427 48.7535
    endloop
  endfacet
  facet normal -0.972353 -0.0798689 -0.219434
    outer loop
      vertex -9.11108 9.64815 48.1323
      vertex -9.14405 -1.20531 52.2288
      vertex -9.14405 9.69512 48.2613
    endloop
  endfacet
  facet normal -0.972389 -0.0798155 -0.219293
    outer loop
      vertex -9.14405 -1.20531 52.2288
      vertex -9.11108 9.64815 48.1323
      vertex -9.11108 -1.25228 52.0997
    endloop
  endfacet
  facet normal -0.382792 -0.315975 -0.868119
    outer loop
      vertex -9.72188 -1.00768 52.7718
      vertex -9.59141 9.87427 48.7535
      vertex -9.59141 -1.02617 52.721
    endloop
  endfacet
  facet normal -0.382771 -0.315978 -0.868127
    outer loop
      vertex -9.59141 9.87427 48.7535
      vertex -9.72188 -1.00768 52.7718
      vertex -9.72188 9.89275 48.8043
    endloop
  endfacet
  facet normal 0.382696 0.315981 0.868159
    outer loop
      vertex -10.4086 -1.5747 51.2139
      vertex -10.2781 9.30725 47.1957
      vertex -10.4086 9.32573 47.2465
    endloop
  endfacet
  facet normal 0.382716 0.315978 0.868151
    outer loop
      vertex -10.2781 9.30725 47.1957
      vertex -10.4086 -1.5747 51.2139
      vertex -10.2781 -1.59319 51.1631
    endloop
  endfacet
  facet normal 0.382716 -0.315985 -0.868148
    outer loop
      vertex -10.4086 9.87427 48.7535
      vertex -10.2781 -1.00768 52.7718
      vertex -10.4086 -1.02617 52.721
    endloop
  endfacet
  facet normal 0.382696 -0.315988 -0.868156
    outer loop
      vertex -10.2781 -1.00768 52.7718
      vertex -10.4086 9.87427 48.7535
      vertex -10.2781 9.89275 48.8043
    endloop
  endfacet
  facet normal 0.522355 0.291648 0.801303
    outer loop
      vertex -10.529 -1.54946 51.2832
      vertex -10.4086 9.32573 47.2465
      vertex -10.529 9.35097 47.3158
    endloop
  endfacet
  facet normal 0.522355 0.291648 0.801303
    outer loop
      vertex -10.4086 9.32573 47.2465
      vertex -10.529 -1.54946 51.2832
      vertex -10.4086 -1.5747 51.2139
    endloop
  endfacet
  facet normal -0.649493 0.260059 0.714513
    outer loop
      vertex -9.47099 9.35097 47.3158
      vertex -9.3636 -1.51809 51.3694
      vertex -9.3636 9.38234 47.402
    endloop
  endfacet
  facet normal -0.649493 0.260059 0.714513
    outer loop
      vertex -9.3636 -1.51809 51.3694
      vertex -9.47099 9.35097 47.3158
      vertex -9.47099 -1.54946 51.2832
    endloop
  endfacet
  facet normal 0.233617 0.332553 0.913691
    outer loop
      vertex -10.1408 9.29597 47.1647
      vertex -10.2781 9.30725 47.1957
      vertex -10.2781 -1.59319 51.1631
    endloop
  endfacet
  facet normal 0.233594 0.332556 0.913696
    outer loop
      vertex -10.1408 9.29597 47.1647
      vertex -10.2781 -1.59319 51.1631
      vertex -10.1408 -1.60446 51.1321
    endloop
  endfacet
  facet normal 0.923926 -0.130849 -0.359499
    outer loop
      vertex -10.8019 -1.16069 52.3514
      vertex -10.8227 9.72256 48.3367
      vertex -10.8019 9.73975 48.3839
    endloop
  endfacet
  facet normal 0.923617 -0.131107 -0.360197
    outer loop
      vertex -10.8019 -1.16069 52.3514
      vertex -10.856 9.69512 48.2613
      vertex -10.8227 9.72256 48.3367
    endloop
  endfacet
  facet normal 0.923733 -0.131009 -0.359937
    outer loop
      vertex -10.856 9.69512 48.2613
      vertex -10.8019 -1.16069 52.3514
      vertex -10.856 -1.20531 52.2288
    endloop
  endfacet
  facet normal 0.0783737 0.340966 0.936803
    outer loop
      vertex -10.1408 -1.60446 51.1321
      vertex -10 9.29218 47.1543
      vertex -10.1408 9.29597 47.1647
    endloop
  endfacet
  facet normal 0.0783737 0.340966 0.936803
    outer loop
      vertex -10 9.29218 47.1543
      vertex -10.1408 -1.60446 51.1321
      vertex -10 -1.60825 51.1217
    endloop
  endfacet
  facet normal 0.232974 -0.332614 -0.913833
    outer loop
      vertex -10.2781 9.89275 48.8043
      vertex -10.1408 -0.996406 52.8027
      vertex -10.2781 -1.00768 52.7718
    endloop
  endfacet
  facet normal 0.233617 -0.332553 -0.913691
    outer loop
      vertex -10.1408 -0.996406 52.8027
      vertex -10.2781 9.89275 48.8043
      vertex -10.1408 9.90403 48.8353
    endloop
  endfacet
  facet normal -0.000211719 0.939692 -0.342023
    outer loop
      vertex -9.85921 -1.60446 51.1321
      vertex -10 -0.992616 52.8132
      vertex -9.85921 -0.996406 52.8027
    endloop
  endfacet
  facet normal 0.000186264 0.939692 -0.342023
    outer loop
      vertex -9.85921 -1.60446 51.1321
      vertex -9.85921 -0.996406 52.8027
      vertex -9.72188 -1.00768 52.7718
    endloop
  endfacet
  facet normal -3.23223e-05 0.939696 -0.34201
    outer loop
      vertex -10 -1.60825 51.1217
      vertex -10 -0.992616 52.8132
      vertex -9.85921 -1.60446 51.1321
    endloop
  endfacet
  facet normal 4.27567e-06 0.939694 -0.342016
    outer loop
      vertex -9.72188 -1.59319 51.1631
      vertex -9.72188 -1.00768 52.7718
      vertex -9.59141 -1.02617 52.721
    endloop
  endfacet
  facet normal 0.000210585 0.939696 -0.34201
    outer loop
      vertex -10 -0.992616 52.8132
      vertex -10 -1.60825 51.1217
      vertex -10.1408 -0.996406 52.8027
    endloop
  endfacet
  facet normal -0.000227042 0.939695 -0.342015
    outer loop
      vertex -9.59141 -1.5747 51.2139
      vertex -9.59141 -1.02617 52.721
      vertex -9.47099 -1.0514 52.6516
    endloop
  endfacet
  facet normal 3.12101e-05 0.939692 -0.342023
    outer loop
      vertex -10.1408 -1.60446 51.1321
      vertex -10.1408 -0.996406 52.8027
      vertex -10 -1.60825 51.1217
    endloop
  endfacet
  facet normal -3.87764e-05 0.939692 -0.342022
    outer loop
      vertex -9.47099 -1.54946 51.2832
      vertex -9.47099 -1.0514 52.6516
      vertex -9.3636 -1.08277 52.5654
    endloop
  endfacet
  facet normal -0.000186304 0.939692 -0.342023
    outer loop
      vertex -10.1408 -0.996406 52.8027
      vertex -10.1408 -1.60446 51.1321
      vertex -10.2781 -1.00768 52.7718
    endloop
  endfacet
  facet normal 4.52509e-05 0.93969 -0.342028
    outer loop
      vertex -9.47099 -1.54946 51.2832
      vertex -9.3636 -1.08277 52.5654
      vertex -9.27188 -1.1195 52.4645
    endloop
  endfacet
  facet normal -8.83261e-05 0.939694 -0.342016
    outer loop
      vertex -10.2781 -1.59319 51.1631
      vertex -10.2781 -1.00768 52.7718
      vertex -10.1408 -1.60446 51.1321
    endloop
  endfacet
  facet normal 0.000250761 0.939679 -0.342059
    outer loop
      vertex -9.47099 -1.54946 51.2832
      vertex -9.27188 -1.1195 52.4645
      vertex -9.19809 -1.16069 52.3514
    endloop
  endfacet
  facet normal -4.27469e-06 0.939694 -0.342016
    outer loop
      vertex -10.2781 -1.00768 52.7718
      vertex -10.2781 -1.59319 51.1631
      vertex -10.4086 -1.02617 52.721
    endloop
  endfacet
  facet normal -1.21606e-06 0.939699 -0.342002
    outer loop
      vertex -9.47099 -1.54946 51.2832
      vertex -9.19809 -1.16069 52.3514
      vertex -9.14405 -1.20531 52.2288
    endloop
  endfacet
  facet normal 4.56286e-06 0.939695 -0.342015
    outer loop
      vertex -10.4086 -1.5747 51.2139
      vertex -10.4086 -1.02617 52.721
      vertex -10.2781 -1.59319 51.1631
    endloop
  endfacet
  facet normal -0.000191224 0.93972 -0.341944
    outer loop
      vertex -9.47099 -1.54946 51.2832
      vertex -9.14405 -1.20531 52.2288
      vertex -9.11108 -1.25228 52.0997
    endloop
  endfacet
  facet normal 0.000227079 0.939695 -0.342015
    outer loop
      vertex -10.4086 -1.02617 52.721
      vertex -10.4086 -1.5747 51.2139
      vertex -10.529 -1.0514 52.6516
    endloop
  endfacet
  facet normal -4.04484e-05 0.939699 -0.342003
    outer loop
      vertex -9.47099 -1.54946 51.2832
      vertex -9.11108 -1.25228 52.0997
      vertex -9.1 -1.30043 51.9674
    endloop
  endfacet
  facet normal 0.000130372 0.939692 -0.342022
    outer loop
      vertex -10.529 -1.54946 51.2832
      vertex -10.529 -1.0514 52.6516
      vertex -10.4086 -1.5747 51.2139
    endloop
  endfacet
  facet normal 9.96936e-05 0.939675 -0.34207
    outer loop
      vertex -9.47099 -1.54946 51.2832
      vertex -9.1 -1.30043 51.9674
      vertex -9.11108 -1.34859 51.8351
    endloop
  endfacet
  facet normal 3.87728e-05 0.939692 -0.342022
    outer loop
      vertex -10.529 -1.0514 52.6516
      vertex -10.529 -1.54946 51.2832
      vertex -10.6364 -1.08277 52.5654
    endloop
  endfacet
  facet normal 0.000166216 0.939661 -0.342108
    outer loop
      vertex -9.47099 -1.54946 51.2832
      vertex -9.11108 -1.34859 51.8351
      vertex -9.14405 -1.39555 51.7061
    endloop
  endfacet
  facet normal 8.83068e-05 0.939694 -0.342016
    outer loop
      vertex -9.72188 -1.00768 52.7718
      vertex -9.72188 -1.59319 51.1631
      vertex -9.85921 -1.60446 51.1321
    endloop
  endfacet
  facet normal 0.000254198 0.939639 -0.342168
    outer loop
      vertex -9.47099 -1.54946 51.2832
      vertex -9.14405 -1.39555 51.7061
      vertex -9.19809 -1.44018 51.5835
    endloop
  endfacet
  facet normal -0.000250736 0.939679 -0.342059
    outer loop
      vertex -10.7281 -1.1195 52.4645
      vertex -10.529 -1.54946 51.2832
      vertex -10.8019 -1.16069 52.3514
    endloop
  endfacet
  facet normal -0.000887681 0.939935 -0.341352
    outer loop
      vertex -9.3636 -1.51809 51.3694
      vertex -9.19809 -1.44018 51.5835
      vertex -9.27188 -1.48136 51.4703
    endloop
  endfacet
  facet normal -5.11586e-05 0.939728 -0.341923
    outer loop
      vertex -9.47099 -1.54946 51.2832
      vertex -9.19809 -1.44018 51.5835
      vertex -9.3636 -1.51809 51.3694
    endloop
  endfacet
  facet normal -0.00013035 0.939692 -0.342022
    outer loop
      vertex -9.47099 -1.0514 52.6516
      vertex -9.47099 -1.54946 51.2832
      vertex -9.59141 -1.5747 51.2139
    endloop
  endfacet
  facet normal 0.000888672 0.939935 -0.341351
    outer loop
      vertex -10.8019 -1.44018 51.5835
      vertex -10.6364 -1.51809 51.3694
      vertex -10.7281 -1.48136 51.4703
    endloop
  endfacet
  facet normal -4.56391e-06 0.939695 -0.342015
    outer loop
      vertex -9.59141 -1.02617 52.721
      vertex -9.59141 -1.5747 51.2139
      vertex -9.72188 -1.59319 51.1631
    endloop
  endfacet
  facet normal 5.1141e-05 0.939728 -0.341923
    outer loop
      vertex -10.8019 -1.44018 51.5835
      vertex -10.529 -1.54946 51.2832
      vertex -10.6364 -1.51809 51.3694
    endloop
  endfacet
  facet normal 1.21521e-06 0.939699 -0.342002
    outer loop
      vertex -10.8019 -1.16069 52.3514
      vertex -10.529 -1.54946 51.2832
      vertex -10.856 -1.20531 52.2288
    endloop
  endfacet
  facet normal -0.000254464 0.939639 -0.342168
    outer loop
      vertex -10.856 -1.39555 51.7061
      vertex -10.529 -1.54946 51.2832
      vertex -10.8019 -1.44018 51.5835
    endloop
  endfacet
  facet normal -9.97233e-05 0.939675 -0.34207
    outer loop
      vertex -10.9 -1.30043 51.9674
      vertex -10.529 -1.54946 51.2832
      vertex -10.8889 -1.34859 51.8351
    endloop
  endfacet
  facet normal -0.000165997 0.939661 -0.342108
    outer loop
      vertex -10.8889 -1.34859 51.8351
      vertex -10.529 -1.54946 51.2832
      vertex -10.856 -1.39555 51.7061
    endloop
  endfacet
  facet normal 4.04377e-05 0.939699 -0.342003
    outer loop
      vertex -10.8889 -1.25228 52.0997
      vertex -10.529 -1.54946 51.2832
      vertex -10.9 -1.30043 51.9674
    endloop
  endfacet
  facet normal 0.000191376 0.93972 -0.341944
    outer loop
      vertex -10.856 -1.20531 52.2288
      vertex -10.529 -1.54946 51.2832
      vertex -10.8889 -1.25228 52.0997
    endloop
  endfacet
  facet normal -4.52596e-05 0.93969 -0.342028
    outer loop
      vertex -10.6364 -1.08277 52.5654
      vertex -10.529 -1.54946 51.2832
      vertex -10.7281 -1.1195 52.4645
    endloop
  endfacet
  facet normal -0.923886 -0.130882 -0.359589
    outer loop
      vertex -9.14405 9.69512 48.2613
      vertex -9.19809 -1.16069 52.3514
      vertex -9.19809 9.73975 48.3839
    endloop
  endfacet
  facet normal -0.923883 -0.130885 -0.359597
    outer loop
      vertex -9.19809 -1.16069 52.3514
      vertex -9.14405 9.69512 48.2613
      vertex -9.14405 -1.20531 52.2288
    endloop
  endfacet
  facet normal 0.760437 -0.22211 -0.610248
    outer loop
      vertex -10.6364 -1.08277 52.5654
      vertex -10.7281 9.78093 48.4971
      vertex -10.6364 9.81766 48.598
    endloop
  endfacet
  facet normal 0.760437 -0.22211 -0.610248
    outer loop
      vertex -10.7281 9.78093 48.4971
      vertex -10.6364 -1.08277 52.5654
      vertex -10.7281 -1.1195 52.4645
    endloop
  endfacet
  facet normal 0.649458 0.260069 0.714541
    outer loop
      vertex -10.6364 -1.51809 51.3694
      vertex -10.529 9.35097 47.3158
      vertex -10.6364 9.38234 47.402
    endloop
  endfacet
  facet normal 0.649458 0.260069 0.714541
    outer loop
      vertex -10.529 9.35097 47.3158
      vertex -10.6364 -1.51809 51.3694
      vertex -10.529 -1.54946 51.2832
    endloop
  endfacet
  facet normal -0.0790404 -0.340948 -0.936754
    outer loop
      vertex -10 -0.992616 52.8132
      vertex -9.85921 9.90403 48.8353
      vertex -9.85921 -0.996406 52.8027
    endloop
  endfacet
  facet normal -0.0783792 -0.340973 -0.9368
    outer loop
      vertex -9.85921 9.90403 48.8353
      vertex -10 -0.992616 52.8132
      vertex -10 9.90782 48.8457
    endloop
  endfacet
  facet normal 0.649458 -0.260069 -0.714541
    outer loop
      vertex -10.6364 9.81766 48.598
      vertex -10.529 -1.0514 52.6516
      vertex -10.6364 -1.08277 52.5654
    endloop
  endfacet
  facet normal 0.649458 -0.260069 -0.714541
    outer loop
      vertex -10.529 -1.0514 52.6516
      vertex -10.6364 9.81766 48.598
      vertex -10.529 9.84903 48.6842
    endloop
  endfacet
  facet normal -0.852724 -0.178657 -0.49086
    outer loop
      vertex -9.19809 9.73975 48.3839
      vertex -9.27188 -1.1195 52.4645
      vertex -9.27188 9.78093 48.4971
    endloop
  endfacet
  facet normal -0.852549 -0.178759 -0.491127
    outer loop
      vertex -9.27188 -1.1195 52.4645
      vertex -9.19809 9.73975 48.3839
      vertex -9.19809 -1.16069 52.3514
    endloop
  endfacet
  facet normal -0.852724 0.178657 0.49086
    outer loop
      vertex -9.27188 9.41907 47.5029
      vertex -9.19809 -1.44018 51.5835
      vertex -9.19809 9.46025 47.6161
    endloop
  endfacet
  facet normal -0.852724 0.178657 0.49086
    outer loop
      vertex -9.19809 -1.44018 51.5835
      vertex -9.27188 9.41907 47.5029
      vertex -9.27188 -1.48136 51.4703
    endloop
  endfacet
  facet normal -0.760367 0.222138 0.610325
    outer loop
      vertex -9.3636 9.38234 47.402
      vertex -9.27188 -1.48136 51.4703
      vertex -9.27188 9.41907 47.5029
    endloop
  endfacet
  facet normal -0.760367 0.222138 0.610325
    outer loop
      vertex -9.27188 -1.48136 51.4703
      vertex -9.3636 9.38234 47.402
      vertex -9.3636 -1.51809 51.3694
    endloop
  endfacet
  facet normal 0.760437 0.22211 0.610248
    outer loop
      vertex -10.7281 -1.48136 51.4703
      vertex -10.6364 9.38234 47.402
      vertex -10.7281 9.41907 47.5029
    endloop
  endfacet
  facet normal 0.760437 0.22211 0.610248
    outer loop
      vertex -10.6364 9.38234 47.402
      vertex -10.7281 -1.48136 51.4703
      vertex -10.6364 -1.51809 51.3694
    endloop
  endfacet
  facet normal -0.0783792 0.340966 0.936803
    outer loop
      vertex -10 9.29218 47.1543
      vertex -9.85921 -1.60446 51.1321
      vertex -9.85921 9.29597 47.1647
    endloop
  endfacet
  facet normal -0.0783792 0.340966 0.936803
    outer loop
      vertex -9.85921 -1.60446 51.1321
      vertex -10 9.29218 47.1543
      vertex -10 -1.60825 51.1217
    endloop
  endfacet
  facet normal -0.382771 0.315971 0.86813
    outer loop
      vertex -9.72188 9.30725 47.1957
      vertex -9.59141 -1.5747 51.2139
      vertex -9.59141 9.32573 47.2465
    endloop
  endfacet
  facet normal -0.382792 0.315968 0.868122
    outer loop
      vertex -9.59141 -1.5747 51.2139
      vertex -9.72188 9.30725 47.1957
      vertex -9.72188 -1.59319 51.1631
    endloop
  endfacet
  facet normal 0.972465 0.0797067 0.218994
    outer loop
      vertex -10.8889 -1.34859 51.8351
      vertex -10.856 9.50488 47.7387
      vertex -10.8889 9.55185 47.8677
    endloop
  endfacet
  facet normal 0.972464 0.0797087 0.219
    outer loop
      vertex -10.856 9.50488 47.7387
      vertex -10.8889 -1.34859 51.8351
      vertex -10.856 -1.39555 51.7061
    endloop
  endfacet
  facet normal 0.972465 -0.0797086 -0.218994
    outer loop
      vertex -10.856 -1.20531 52.2288
      vertex -10.8889 9.64815 48.1323
      vertex -10.856 9.69512 48.2613
    endloop
  endfacet
  facet normal 0.972501 -0.0796552 -0.218853
    outer loop
      vertex -10.8889 9.64815 48.1323
      vertex -10.856 -1.20531 52.2288
      vertex -10.8889 -1.25228 52.0997
    endloop
  endfacet
  facet normal -0.522292 0.291661 0.80134
    outer loop
      vertex -9.59141 9.32573 47.2465
      vertex -9.47099 -1.54946 51.2832
      vertex -9.47099 9.35097 47.3158
    endloop
  endfacet
  facet normal -0.522292 0.291661 0.80134
    outer loop
      vertex -9.47099 -1.54946 51.2832
      vertex -9.59141 9.32573 47.2465
      vertex -9.59141 -1.5747 51.2139
    endloop
  endfacet
  facet normal -0.232926 -0.332618 -0.913844
    outer loop
      vertex -9.85921 -0.996406 52.8027
      vertex -9.72188 9.89275 48.8043
      vertex -9.72188 -1.00768 52.7718
    endloop
  endfacet
  facet normal -0.233569 -0.332557 -0.913702
    outer loop
      vertex -9.72188 9.89275 48.8043
      vertex -9.85921 -0.996406 52.8027
      vertex -9.85921 9.90403 48.8353
    endloop
  endfacet
  facet normal -0.996918 -0.0268335 -0.073725
    outer loop
      vertex -9.1 9.6 48
      vertex -9.11108 -1.25228 52.0997
      vertex -9.11108 9.64815 48.1323
    endloop
  endfacet
  facet normal -0.996918 -0.0268335 -0.073725
    outer loop
      vertex -9.11108 -1.25228 52.0997
      vertex -9.1 9.6 48
      vertex -9.1 -1.30043 51.9674
    endloop
  endfacet
  facet normal -0.760367 -0.222138 -0.610325
    outer loop
      vertex -9.27188 9.78093 48.4971
      vertex -9.3636 -1.08277 52.5654
      vertex -9.3636 9.81766 48.598
    endloop
  endfacet
  facet normal -0.760367 -0.222138 -0.610325
    outer loop
      vertex -9.3636 -1.08277 52.5654
      vertex -9.27188 9.78093 48.4971
      vertex -9.27188 -1.1195 52.4645
    endloop
  endfacet
  facet normal 0.852692 -0.178675 -0.490909
    outer loop
      vertex -10.7281 -1.1195 52.4645
      vertex -10.8019 9.73975 48.3839
      vertex -10.7281 9.78093 48.4971
    endloop
  endfacet
  facet normal 0.852517 -0.178776 -0.491176
    outer loop
      vertex -10.8019 9.73975 48.3839
      vertex -10.7281 -1.1195 52.4645
      vertex -10.8019 -1.16069 52.3514
    endloop
  endfacet
  facet normal 0.996906 -0.0268816 -0.0738572
    outer loop
      vertex -10.8889 -1.25228 52.0997
      vertex -10.9 9.6 48
      vertex -10.8889 9.64815 48.1323
    endloop
  endfacet
  facet normal 0.996906 -0.0268816 -0.0738572
    outer loop
      vertex -10.9 9.6 48
      vertex -10.8889 -1.25228 52.0997
      vertex -10.9 -1.30043 51.9674
    endloop
  endfacet
  facet normal 0.0790349 -0.340948 -0.936754
    outer loop
      vertex -10.1408 9.90403 48.8353
      vertex -10 -0.992616 52.8132
      vertex -10.1408 -0.996406 52.8027
    endloop
  endfacet
  facet normal 0.0783737 -0.340973 -0.9368
    outer loop
      vertex -10 -0.992616 52.8132
      vertex -10.1408 9.90403 48.8353
      vertex -10 9.90782 48.8457
    endloop
  endfacet
  facet normal 0 -0.939723 0.341938
    outer loop
      vertex -9.85921 9.29597 47.1647
      vertex -9.72188 9.30725 47.1957
      vertex -9.72189 9.30725 47.1957
    endloop
  endfacet
  facet normal -0.233569 0.332557 0.913702
    outer loop
      vertex -9.72188 9.30725 47.1957
      vertex -9.85921 9.29597 47.1647
      vertex -9.72188 -1.59319 51.1631
    endloop
  endfacet
  facet normal -0.233546 0.332559 0.913707
    outer loop
      vertex -9.72188 -1.59319 51.1631
      vertex -9.85921 9.29597 47.1647
      vertex -9.85921 -1.60446 51.1321
    endloop
  endfacet
  facet normal 0.522821 -0.29155 -0.801035
    outer loop
      vertex -10.529 9.84903 48.6842
      vertex -10.4086 -1.02617 52.721
      vertex -10.529 -1.0514 52.6516
    endloop
  endfacet
  facet normal 0.522355 -0.291654 -0.801301
    outer loop
      vertex -10.4086 -1.02617 52.721
      vertex -10.529 9.84903 48.6842
      vertex -10.4086 9.87427 48.7535
    endloop
  endfacet
  facet normal 0.996906 0.0268816 0.0738572
    outer loop
      vertex -10.9 -1.30043 51.9674
      vertex -10.8889 9.55185 47.8677
      vertex -10.9 9.6 48
    endloop
  endfacet
  facet normal 0.996907 0.0268809 0.0738555
    outer loop
      vertex -10.8889 9.55185 47.8677
      vertex -10.9 -1.30043 51.9674
      vertex -10.8889 -1.34859 51.8351
    endloop
  endfacet
  facet normal 0.852692 0.178675 0.490909
    outer loop
      vertex -10.8019 -1.44018 51.5835
      vertex -10.7281 9.41907 47.5029
      vertex -10.8019 9.46025 47.6161
    endloop
  endfacet
  facet normal 0.852692 0.178675 0.490909
    outer loop
      vertex -10.7281 9.41907 47.5029
      vertex -10.8019 -1.44018 51.5835
      vertex -10.7281 -1.48136 51.4703
    endloop
  endfacet
  facet normal -0.649493 -0.260059 -0.714513
    outer loop
      vertex -9.47099 -1.0514 52.6516
      vertex -9.3636 9.81766 48.598
      vertex -9.3636 -1.08277 52.5654
    endloop
  endfacet
  facet normal -0.649493 -0.260059 -0.714513
    outer loop
      vertex -9.3636 9.81766 48.598
      vertex -9.47099 -1.0514 52.6516
      vertex -9.47099 9.84903 48.6842
    endloop
  endfacet
  facet normal 0.923886 0.130879 0.35959
    outer loop
      vertex 9.14405 -1.39555 51.7061
      vertex 9.19809 9.46025 47.6161
      vertex 9.14405 9.50488 47.7387
    endloop
  endfacet
  facet normal 0.923886 0.130879 0.35959
    outer loop
      vertex 9.19809 9.46025 47.6161
      vertex 9.14405 -1.39555 51.7061
      vertex 9.19809 -1.44018 51.5835
    endloop
  endfacet
  facet normal -0.972465 0.0797067 0.218994
    outer loop
      vertex 10.856 9.50488 47.7387
      vertex 10.8889 -1.34859 51.8351
      vertex 10.8889 9.55185 47.8677
    endloop
  endfacet
  facet normal -0.972464 0.0797087 0.219
    outer loop
      vertex 10.8889 -1.34859 51.8351
      vertex 10.856 9.50488 47.7387
      vertex 10.856 -1.39555 51.7061
    endloop
  endfacet
  facet normal -0.996906 0.0268816 0.0738572
    outer loop
      vertex 10.8889 9.55185 47.8677
      vertex 10.9 -1.30043 51.9674
      vertex 10.9 9.6 48
    endloop
  endfacet
  facet normal -0.996907 0.0268809 0.0738555
    outer loop
      vertex 10.9 -1.30043 51.9674
      vertex 10.8889 9.55185 47.8677
      vertex 10.8889 -1.34859 51.8351
    endloop
  endfacet
  facet normal -0.923736 0.131003 0.35993
    outer loop
      vertex 10.8019 9.46025 47.6161
      vertex 10.856 -1.39555 51.7061
      vertex 10.856 9.50488 47.7387
    endloop
  endfacet
  facet normal -0.923736 0.131003 0.35993
    outer loop
      vertex 10.856 -1.39555 51.7061
      vertex 10.8019 9.46025 47.6161
      vertex 10.8019 -1.44018 51.5835
    endloop
  endfacet
  facet normal -0.522821 -0.29155 -0.801035
    outer loop
      vertex 10.4086 -1.02617 52.721
      vertex 10.529 9.84903 48.6842
      vertex 10.529 -1.0514 52.6516
    endloop
  endfacet
  facet normal -0.522355 -0.291654 -0.801301
    outer loop
      vertex 10.529 9.84903 48.6842
      vertex 10.4086 -1.02617 52.721
      vertex 10.4086 9.87427 48.7535
    endloop
  endfacet
  facet normal -0.972465 -0.0797086 -0.218994
    outer loop
      vertex 10.8889 9.64815 48.1323
      vertex 10.856 -1.20531 52.2288
      vertex 10.856 9.69512 48.2613
    endloop
  endfacet
  facet normal -0.972501 -0.0796552 -0.218853
    outer loop
      vertex 10.856 -1.20531 52.2288
      vertex 10.8889 9.64815 48.1323
      vertex 10.8889 -1.25228 52.0997
    endloop
  endfacet
  facet normal -0.382716 -0.315985 -0.868148
    outer loop
      vertex 10.2781 -1.00768 52.7718
      vertex 10.4086 9.87427 48.7535
      vertex 10.4086 -1.02617 52.721
    endloop
  endfacet
  facet normal -0.382696 -0.315988 -0.868156
    outer loop
      vertex 10.4086 9.87427 48.7535
      vertex 10.2781 -1.00768 52.7718
      vertex 10.2781 9.89275 48.8043
    endloop
  endfacet
  facet normal 0.382771 0.315971 0.86813
    outer loop
      vertex 9.59141 -1.5747 51.2139
      vertex 9.72188 9.30725 47.1957
      vertex 9.59141 9.32573 47.2465
    endloop
  endfacet
  facet normal 0.382792 0.315968 0.868122
    outer loop
      vertex 9.72188 9.30725 47.1957
      vertex 9.59141 -1.5747 51.2139
      vertex 9.72188 -1.59319 51.1631
    endloop
  endfacet
  facet normal 0.382792 -0.315975 -0.868119
    outer loop
      vertex 9.59141 9.87427 48.7535
      vertex 9.72188 -1.00768 52.7718
      vertex 9.59141 -1.02617 52.721
    endloop
  endfacet
  facet normal 0.382771 -0.315978 -0.868127
    outer loop
      vertex 9.72188 -1.00768 52.7718
      vertex 9.59141 9.87427 48.7535
      vertex 9.72188 9.89275 48.8043
    endloop
  endfacet
  facet normal 0.522292 0.291661 0.80134
    outer loop
      vertex 9.47099 -1.54946 51.2832
      vertex 9.59141 9.32573 47.2465
      vertex 9.47099 9.35097 47.3158
    endloop
  endfacet
  facet normal 0.522292 0.291661 0.80134
    outer loop
      vertex 9.59141 9.32573 47.2465
      vertex 9.47099 -1.54946 51.2832
      vertex 9.59141 -1.5747 51.2139
    endloop
  endfacet
  facet normal -0.649458 0.260069 0.714541
    outer loop
      vertex 10.529 9.35097 47.3158
      vertex 10.6364 -1.51809 51.3694
      vertex 10.6364 9.38234 47.402
    endloop
  endfacet
  facet normal -0.649458 0.260069 0.714541
    outer loop
      vertex 10.6364 -1.51809 51.3694
      vertex 10.529 9.35097 47.3158
      vertex 10.529 -1.54946 51.2832
    endloop
  endfacet
  facet normal 0 -0.939723 0.341938
    outer loop
      vertex 9.72188 9.30725 47.1957
      vertex 9.85921 9.29597 47.1647
      vertex 9.72189 9.30725 47.1957
    endloop
  endfacet
  facet normal 0.233569 0.332557 0.913702
    outer loop
      vertex 9.85921 9.29597 47.1647
      vertex 9.72188 9.30725 47.1957
      vertex 9.72188 -1.59319 51.1631
    endloop
  endfacet
  facet normal 0.233546 0.332559 0.913707
    outer loop
      vertex 9.85921 9.29597 47.1647
      vertex 9.72188 -1.59319 51.1631
      vertex 9.85921 -1.60446 51.1321
    endloop
  endfacet
  facet normal 0.923886 -0.130882 -0.359589
    outer loop
      vertex 9.19809 -1.16069 52.3514
      vertex 9.14405 9.69512 48.2613
      vertex 9.19809 9.73975 48.3839
    endloop
  endfacet
  facet normal 0.923883 -0.130885 -0.359597
    outer loop
      vertex 9.14405 9.69512 48.2613
      vertex 9.19809 -1.16069 52.3514
      vertex 9.14405 -1.20531 52.2288
    endloop
  endfacet
  facet normal 0.0783792 0.340966 0.936803
    outer loop
      vertex 9.85921 -1.60446 51.1321
      vertex 10 9.29218 47.1543
      vertex 9.85921 9.29597 47.1647
    endloop
  endfacet
  facet normal 0.0783792 0.340966 0.936803
    outer loop
      vertex 10 9.29218 47.1543
      vertex 9.85921 -1.60446 51.1321
      vertex 10 -1.60825 51.1217
    endloop
  endfacet
  facet normal 0.232926 -0.332618 -0.913844
    outer loop
      vertex 9.72188 9.89275 48.8043
      vertex 9.85921 -0.996406 52.8027
      vertex 9.72188 -1.00768 52.7718
    endloop
  endfacet
  facet normal 0.233569 -0.332557 -0.913702
    outer loop
      vertex 9.85921 -0.996406 52.8027
      vertex 9.72188 9.89275 48.8043
      vertex 9.85921 9.90403 48.8353
    endloop
  endfacet
  facet normal -0.000211704 0.939692 -0.342023
    outer loop
      vertex 10.1408 -1.60446 51.1321
      vertex 10 -0.992616 52.8132
      vertex 10.1408 -0.996406 52.8027
    endloop
  endfacet
  facet normal 0.000186304 0.939692 -0.342023
    outer loop
      vertex 10.1408 -1.60446 51.1321
      vertex 10.1408 -0.996406 52.8027
      vertex 10.2781 -1.00768 52.7718
    endloop
  endfacet
  facet normal -3.232e-05 0.939696 -0.34201
    outer loop
      vertex 10 -1.60825 51.1217
      vertex 10 -0.992616 52.8132
      vertex 10.1408 -1.60446 51.1321
    endloop
  endfacet
  facet normal 4.27469e-06 0.939694 -0.342016
    outer loop
      vertex 10.2781 -1.59319 51.1631
      vertex 10.2781 -1.00768 52.7718
      vertex 10.4086 -1.02617 52.721
    endloop
  endfacet
  facet normal 0.000210599 0.939696 -0.34201
    outer loop
      vertex 10 -0.992616 52.8132
      vertex 10 -1.60825 51.1217
      vertex 9.85921 -0.996406 52.8027
    endloop
  endfacet
  facet normal -0.000227079 0.939695 -0.342015
    outer loop
      vertex 10.4086 -1.5747 51.2139
      vertex 10.4086 -1.02617 52.721
      vertex 10.529 -1.0514 52.6516
    endloop
  endfacet
  facet normal 3.12123e-05 0.939692 -0.342023
    outer loop
      vertex 9.85921 -1.60446 51.1321
      vertex 9.85921 -0.996406 52.8027
      vertex 10 -1.60825 51.1217
    endloop
  endfacet
  facet normal -3.87728e-05 0.939692 -0.342022
    outer loop
      vertex 10.529 -1.54946 51.2832
      vertex 10.529 -1.0514 52.6516
      vertex 10.6364 -1.08277 52.5654
    endloop
  endfacet
  facet normal -0.000186264 0.939692 -0.342023
    outer loop
      vertex 9.85921 -0.996406 52.8027
      vertex 9.85921 -1.60446 51.1321
      vertex 9.72188 -1.00768 52.7718
    endloop
  endfacet
  facet normal 4.52596e-05 0.93969 -0.342028
    outer loop
      vertex 10.529 -1.54946 51.2832
      vertex 10.6364 -1.08277 52.5654
      vertex 10.7281 -1.1195 52.4645
    endloop
  endfacet
  facet normal -8.83068e-05 0.939694 -0.342016
    outer loop
      vertex 9.72188 -1.59319 51.1631
      vertex 9.72188 -1.00768 52.7718
      vertex 9.85921 -1.60446 51.1321
    endloop
  endfacet
  facet normal 0.000250736 0.939679 -0.342059
    outer loop
      vertex 10.529 -1.54946 51.2832
      vertex 10.7281 -1.1195 52.4645
      vertex 10.8019 -1.16069 52.3514
    endloop
  endfacet
  facet normal -4.27567e-06 0.939694 -0.342016
    outer loop
      vertex 9.72188 -1.00768 52.7718
      vertex 9.72188 -1.59319 51.1631
      vertex 9.59141 -1.02617 52.721
    endloop
  endfacet
  facet normal -1.21521e-06 0.939699 -0.342002
    outer loop
      vertex 10.529 -1.54946 51.2832
      vertex 10.8019 -1.16069 52.3514
      vertex 10.856 -1.20531 52.2288
    endloop
  endfacet
  facet normal 4.56391e-06 0.939695 -0.342015
    outer loop
      vertex 9.59141 -1.5747 51.2139
      vertex 9.59141 -1.02617 52.721
      vertex 9.72188 -1.59319 51.1631
    endloop
  endfacet
  facet normal -0.000191376 0.93972 -0.341944
    outer loop
      vertex 10.529 -1.54946 51.2832
      vertex 10.856 -1.20531 52.2288
      vertex 10.8889 -1.25228 52.0997
    endloop
  endfacet
  facet normal 0.000227042 0.939695 -0.342015
    outer loop
      vertex 9.59141 -1.02617 52.721
      vertex 9.59141 -1.5747 51.2139
      vertex 9.47099 -1.0514 52.6516
    endloop
  endfacet
  facet normal -4.04377e-05 0.939699 -0.342003
    outer loop
      vertex 10.529 -1.54946 51.2832
      vertex 10.8889 -1.25228 52.0997
      vertex 10.9 -1.30043 51.9674
    endloop
  endfacet
  facet normal 0.00013035 0.939692 -0.342022
    outer loop
      vertex 9.47099 -1.54946 51.2832
      vertex 9.47099 -1.0514 52.6516
      vertex 9.59141 -1.5747 51.2139
    endloop
  endfacet
  facet normal 9.97233e-05 0.939675 -0.34207
    outer loop
      vertex 10.529 -1.54946 51.2832
      vertex 10.9 -1.30043 51.9674
      vertex 10.8889 -1.34859 51.8351
    endloop
  endfacet
  facet normal 3.87764e-05 0.939692 -0.342022
    outer loop
      vertex 9.47099 -1.0514 52.6516
      vertex 9.47099 -1.54946 51.2832
      vertex 9.3636 -1.08277 52.5654
    endloop
  endfacet
  facet normal 0.000165997 0.939661 -0.342108
    outer loop
      vertex 10.529 -1.54946 51.2832
      vertex 10.8889 -1.34859 51.8351
      vertex 10.856 -1.39555 51.7061
    endloop
  endfacet
  facet normal 8.83261e-05 0.939694 -0.342016
    outer loop
      vertex 10.2781 -1.00768 52.7718
      vertex 10.2781 -1.59319 51.1631
      vertex 10.1408 -1.60446 51.1321
    endloop
  endfacet
  facet normal 0.000254464 0.939639 -0.342168
    outer loop
      vertex 10.529 -1.54946 51.2832
      vertex 10.856 -1.39555 51.7061
      vertex 10.8019 -1.44018 51.5835
    endloop
  endfacet
  facet normal -0.000250761 0.939679 -0.342059
    outer loop
      vertex 9.27188 -1.1195 52.4645
      vertex 9.47099 -1.54946 51.2832
      vertex 9.19809 -1.16069 52.3514
    endloop
  endfacet
  facet normal -0.000888672 0.939935 -0.341351
    outer loop
      vertex 10.6364 -1.51809 51.3694
      vertex 10.8019 -1.44018 51.5835
      vertex 10.7281 -1.48136 51.4703
    endloop
  endfacet
  facet normal -5.1141e-05 0.939728 -0.341923
    outer loop
      vertex 10.529 -1.54946 51.2832
      vertex 10.8019 -1.44018 51.5835
      vertex 10.6364 -1.51809 51.3694
    endloop
  endfacet
  facet normal -0.000130372 0.939692 -0.342022
    outer loop
      vertex 10.529 -1.0514 52.6516
      vertex 10.529 -1.54946 51.2832
      vertex 10.4086 -1.5747 51.2139
    endloop
  endfacet
  facet normal 0.000887681 0.939935 -0.341352
    outer loop
      vertex 9.19809 -1.44018 51.5835
      vertex 9.3636 -1.51809 51.3694
      vertex 9.27188 -1.48136 51.4703
    endloop
  endfacet
  facet normal -4.56286e-06 0.939695 -0.342015
    outer loop
      vertex 10.4086 -1.02617 52.721
      vertex 10.4086 -1.5747 51.2139
      vertex 10.2781 -1.59319 51.1631
    endloop
  endfacet
  facet normal 5.11586e-05 0.939728 -0.341923
    outer loop
      vertex 9.19809 -1.44018 51.5835
      vertex 9.47099 -1.54946 51.2832
      vertex 9.3636 -1.51809 51.3694
    endloop
  endfacet
  facet normal 1.21606e-06 0.939699 -0.342002
    outer loop
      vertex 9.19809 -1.16069 52.3514
      vertex 9.47099 -1.54946 51.2832
      vertex 9.14405 -1.20531 52.2288
    endloop
  endfacet
  facet normal -0.000254198 0.939639 -0.342168
    outer loop
      vertex 9.14405 -1.39555 51.7061
      vertex 9.47099 -1.54946 51.2832
      vertex 9.19809 -1.44018 51.5835
    endloop
  endfacet
  facet normal -9.96936e-05 0.939675 -0.34207
    outer loop
      vertex 9.1 -1.30043 51.9674
      vertex 9.47099 -1.54946 51.2832
      vertex 9.11108 -1.34859 51.8351
    endloop
  endfacet
  facet normal -0.000166216 0.939661 -0.342108
    outer loop
      vertex 9.11108 -1.34859 51.8351
      vertex 9.47099 -1.54946 51.2832
      vertex 9.14405 -1.39555 51.7061
    endloop
  endfacet
  facet normal 4.04484e-05 0.939699 -0.342003
    outer loop
      vertex 9.11108 -1.25228 52.0997
      vertex 9.47099 -1.54946 51.2832
      vertex 9.1 -1.30043 51.9674
    endloop
  endfacet
  facet normal 0.000191224 0.93972 -0.341944
    outer loop
      vertex 9.14405 -1.20531 52.2288
      vertex 9.47099 -1.54946 51.2832
      vertex 9.11108 -1.25228 52.0997
    endloop
  endfacet
  facet normal -4.52509e-05 0.93969 -0.342028
    outer loop
      vertex 9.3636 -1.08277 52.5654
      vertex 9.47099 -1.54946 51.2832
      vertex 9.27188 -1.1195 52.4645
    endloop
  endfacet
  facet normal -0.923926 -0.130849 -0.359499
    outer loop
      vertex 10.8227 9.72256 48.3367
      vertex 10.8019 -1.16069 52.3514
      vertex 10.8019 9.73975 48.3839
    endloop
  endfacet
  facet normal -0.923617 -0.131107 -0.360197
    outer loop
      vertex 10.856 9.69512 48.2613
      vertex 10.8019 -1.16069 52.3514
      vertex 10.8227 9.72256 48.3367
    endloop
  endfacet
  facet normal -0.923733 -0.131009 -0.359937
    outer loop
      vertex 10.8019 -1.16069 52.3514
      vertex 10.856 9.69512 48.2613
      vertex 10.856 -1.20531 52.2288
    endloop
  endfacet
  facet normal 0.760367 -0.222138 -0.610325
    outer loop
      vertex 9.3636 -1.08277 52.5654
      vertex 9.27188 9.78093 48.4971
      vertex 9.3636 9.81766 48.598
    endloop
  endfacet
  facet normal 0.760367 -0.222138 -0.610325
    outer loop
      vertex 9.27188 9.78093 48.4971
      vertex 9.3636 -1.08277 52.5654
      vertex 9.27188 -1.1195 52.4645
    endloop
  endfacet
  facet normal 0.649493 0.260059 0.714513
    outer loop
      vertex 9.3636 -1.51809 51.3694
      vertex 9.47099 9.35097 47.3158
      vertex 9.3636 9.38234 47.402
    endloop
  endfacet
  facet normal 0.649493 0.260059 0.714513
    outer loop
      vertex 9.47099 9.35097 47.3158
      vertex 9.3636 -1.51809 51.3694
      vertex 9.47099 -1.54946 51.2832
    endloop
  endfacet
  facet normal -0.0790349 -0.340948 -0.936754
    outer loop
      vertex 10 -0.992616 52.8132
      vertex 10.1408 9.90403 48.8353
      vertex 10.1408 -0.996406 52.8027
    endloop
  endfacet
  facet normal -0.0783737 -0.340973 -0.9368
    outer loop
      vertex 10.1408 9.90403 48.8353
      vertex 10 -0.992616 52.8132
      vertex 10 9.90782 48.8457
    endloop
  endfacet
  facet normal 0.649493 -0.260059 -0.714513
    outer loop
      vertex 9.3636 9.81766 48.598
      vertex 9.47099 -1.0514 52.6516
      vertex 9.3636 -1.08277 52.5654
    endloop
  endfacet
  facet normal 0.649493 -0.260059 -0.714513
    outer loop
      vertex 9.47099 -1.0514 52.6516
      vertex 9.3636 9.81766 48.598
      vertex 9.47099 9.84903 48.6842
    endloop
  endfacet
  facet normal -0.852692 -0.178675 -0.490909
    outer loop
      vertex 10.8019 9.73975 48.3839
      vertex 10.7281 -1.1195 52.4645
      vertex 10.7281 9.78093 48.4971
    endloop
  endfacet
  facet normal -0.852517 -0.178776 -0.491176
    outer loop
      vertex 10.7281 -1.1195 52.4645
      vertex 10.8019 9.73975 48.3839
      vertex 10.8019 -1.16069 52.3514
    endloop
  endfacet
  facet normal -0.852692 0.178675 0.490909
    outer loop
      vertex 10.7281 9.41907 47.5029
      vertex 10.8019 -1.44018 51.5835
      vertex 10.8019 9.46025 47.6161
    endloop
  endfacet
  facet normal -0.852692 0.178675 0.490909
    outer loop
      vertex 10.8019 -1.44018 51.5835
      vertex 10.7281 9.41907 47.5029
      vertex 10.7281 -1.48136 51.4703
    endloop
  endfacet
  facet normal -0.760437 0.22211 0.610248
    outer loop
      vertex 10.6364 9.38234 47.402
      vertex 10.7281 -1.48136 51.4703
      vertex 10.7281 9.41907 47.5029
    endloop
  endfacet
  facet normal -0.760437 0.22211 0.610248
    outer loop
      vertex 10.7281 -1.48136 51.4703
      vertex 10.6364 9.38234 47.402
      vertex 10.6364 -1.51809 51.3694
    endloop
  endfacet
  facet normal 0.760367 0.222138 0.610325
    outer loop
      vertex 9.27188 -1.48136 51.4703
      vertex 9.3636 9.38234 47.402
      vertex 9.27188 9.41907 47.5029
    endloop
  endfacet
  facet normal 0.760367 0.222138 0.610325
    outer loop
      vertex 9.3636 9.38234 47.402
      vertex 9.27188 -1.48136 51.4703
      vertex 9.3636 -1.51809 51.3694
    endloop
  endfacet
  facet normal -0.0783737 0.340966 0.936803
    outer loop
      vertex 10 9.29218 47.1543
      vertex 10.1408 -1.60446 51.1321
      vertex 10.1408 9.29597 47.1647
    endloop
  endfacet
  facet normal -0.0783737 0.340966 0.936803
    outer loop
      vertex 10.1408 -1.60446 51.1321
      vertex 10 9.29218 47.1543
      vertex 10 -1.60825 51.1217
    endloop
  endfacet
  facet normal -0.382696 0.315981 0.868159
    outer loop
      vertex 10.2781 9.30725 47.1957
      vertex 10.4086 -1.5747 51.2139
      vertex 10.4086 9.32573 47.2465
    endloop
  endfacet
  facet normal -0.382716 0.315978 0.868151
    outer loop
      vertex 10.4086 -1.5747 51.2139
      vertex 10.2781 9.30725 47.1957
      vertex 10.2781 -1.59319 51.1631
    endloop
  endfacet
  facet normal 0.972353 0.0798671 0.219435
    outer loop
      vertex 9.11108 -1.34859 51.8351
      vertex 9.14405 9.50488 47.7387
      vertex 9.11108 9.55185 47.8677
    endloop
  endfacet
  facet normal 0.972351 0.079869 0.21944
    outer loop
      vertex 9.14405 9.50488 47.7387
      vertex 9.11108 -1.34859 51.8351
      vertex 9.14405 -1.39555 51.7061
    endloop
  endfacet
  facet normal 0.972353 -0.0798689 -0.219434
    outer loop
      vertex 9.14405 -1.20531 52.2288
      vertex 9.11108 9.64815 48.1323
      vertex 9.14405 9.69512 48.2613
    endloop
  endfacet
  facet normal 0.972389 -0.0798155 -0.219293
    outer loop
      vertex 9.11108 9.64815 48.1323
      vertex 9.14405 -1.20531 52.2288
      vertex 9.11108 -1.25228 52.0997
    endloop
  endfacet
  facet normal -0.522355 0.291648 0.801303
    outer loop
      vertex 10.4086 9.32573 47.2465
      vertex 10.529 -1.54946 51.2832
      vertex 10.529 9.35097 47.3158
    endloop
  endfacet
  facet normal -0.522355 0.291648 0.801303
    outer loop
      vertex 10.529 -1.54946 51.2832
      vertex 10.4086 9.32573 47.2465
      vertex 10.4086 -1.5747 51.2139
    endloop
  endfacet
  facet normal -0.232974 -0.332614 -0.913833
    outer loop
      vertex 10.1408 -0.996406 52.8027
      vertex 10.2781 9.89275 48.8043
      vertex 10.2781 -1.00768 52.7718
    endloop
  endfacet
  facet normal -0.233617 -0.332553 -0.913691
    outer loop
      vertex 10.2781 9.89275 48.8043
      vertex 10.1408 -0.996406 52.8027
      vertex 10.1408 9.90403 48.8353
    endloop
  endfacet
  facet normal -0.996906 -0.0268816 -0.0738572
    outer loop
      vertex 10.9 9.6 48
      vertex 10.8889 -1.25228 52.0997
      vertex 10.8889 9.64815 48.1323
    endloop
  endfacet
  facet normal -0.996906 -0.0268816 -0.0738572
    outer loop
      vertex 10.8889 -1.25228 52.0997
      vertex 10.9 9.6 48
      vertex 10.9 -1.30043 51.9674
    endloop
  endfacet
  facet normal -0.760437 -0.22211 -0.610248
    outer loop
      vertex 10.7281 9.78093 48.4971
      vertex 10.6364 -1.08277 52.5654
      vertex 10.6364 9.81766 48.598
    endloop
  endfacet
  facet normal -0.760437 -0.22211 -0.610248
    outer loop
      vertex 10.6364 -1.08277 52.5654
      vertex 10.7281 9.78093 48.4971
      vertex 10.7281 -1.1195 52.4645
    endloop
  endfacet
  facet normal 0.852724 -0.178657 -0.49086
    outer loop
      vertex 9.27188 -1.1195 52.4645
      vertex 9.19809 9.73975 48.3839
      vertex 9.27188 9.78093 48.4971
    endloop
  endfacet
  facet normal 0.852549 -0.178759 -0.491127
    outer loop
      vertex 9.19809 9.73975 48.3839
      vertex 9.27188 -1.1195 52.4645
      vertex 9.19809 -1.16069 52.3514
    endloop
  endfacet
  facet normal 0.996918 -0.0268335 -0.073725
    outer loop
      vertex 9.11108 -1.25228 52.0997
      vertex 9.1 9.6 48
      vertex 9.11108 9.64815 48.1323
    endloop
  endfacet
  facet normal 0.996918 -0.0268335 -0.073725
    outer loop
      vertex 9.1 9.6 48
      vertex 9.11108 -1.25228 52.0997
      vertex 9.1 -1.30043 51.9674
    endloop
  endfacet
  facet normal 0.0790404 -0.340948 -0.936754
    outer loop
      vertex 9.85921 9.90403 48.8353
      vertex 10 -0.992616 52.8132
      vertex 9.85921 -0.996406 52.8027
    endloop
  endfacet
  facet normal 0.0783792 -0.340973 -0.9368
    outer loop
      vertex 10 -0.992616 52.8132
      vertex 9.85921 9.90403 48.8353
      vertex 10 9.90782 48.8457
    endloop
  endfacet
  facet normal -0.233617 0.332553 0.913691
    outer loop
      vertex 10.2781 9.30725 47.1957
      vertex 10.1408 9.29597 47.1647
      vertex 10.2781 -1.59319 51.1631
    endloop
  endfacet
  facet normal -0.233594 0.332556 0.913696
    outer loop
      vertex 10.2781 -1.59319 51.1631
      vertex 10.1408 9.29597 47.1647
      vertex 10.1408 -1.60446 51.1321
    endloop
  endfacet
  facet normal 0.522758 -0.291564 -0.801071
    outer loop
      vertex 9.47099 9.84903 48.6842
      vertex 9.59141 -1.02617 52.721
      vertex 9.47099 -1.0514 52.6516
    endloop
  endfacet
  facet normal 0.522292 -0.291668 -0.801337
    outer loop
      vertex 9.59141 -1.02617 52.721
      vertex 9.47099 9.84903 48.6842
      vertex 9.59141 9.87427 48.7535
    endloop
  endfacet
  facet normal 0.996918 0.0268335 0.073725
    outer loop
      vertex 9.1 -1.30043 51.9674
      vertex 9.11108 9.55185 47.8677
      vertex 9.1 9.6 48
    endloop
  endfacet
  facet normal 0.996918 0.0268328 0.0737232
    outer loop
      vertex 9.11108 9.55185 47.8677
      vertex 9.1 -1.30043 51.9674
      vertex 9.11108 -1.34859 51.8351
    endloop
  endfacet
  facet normal 0.852724 0.178657 0.49086
    outer loop
      vertex 9.19809 -1.44018 51.5835
      vertex 9.27188 9.41907 47.5029
      vertex 9.19809 9.46025 47.6161
    endloop
  endfacet
  facet normal 0.852724 0.178657 0.49086
    outer loop
      vertex 9.27188 9.41907 47.5029
      vertex 9.19809 -1.44018 51.5835
      vertex 9.27188 -1.48136 51.4703
    endloop
  endfacet
  facet normal -0.649458 -0.260069 -0.714541
    outer loop
      vertex 10.529 -1.0514 52.6516
      vertex 10.6364 9.81766 48.598
      vertex 10.6364 -1.08277 52.5654
    endloop
  endfacet
  facet normal -0.649458 -0.260069 -0.714541
    outer loop
      vertex 10.6364 9.81766 48.598
      vertex 10.529 -1.0514 52.6516
      vertex 10.529 9.84903 48.6842
    endloop
  endfacet
  facet normal 0.923747 0.191502 0.331691
    outer loop
      vertex -10.856 -0.584952 27.5591
      vertex -10.8019 9.3957 21.6461
      vertex -10.856 9.46094 21.7591
    endloop
  endfacet
  facet normal 0.923746 0.191503 0.331693
    outer loop
      vertex -10.8019 9.3957 21.6461
      vertex -10.856 -0.584952 27.5591
      vertex -10.8019 -0.65019 27.4461
    endloop
  endfacet
  facet normal -0.972392 0.116677 0.20209
    outer loop
      vertex -9.14405 9.46094 21.7591
      vertex -9.11108 -0.51629 27.6781
      vertex -9.11108 9.5296 21.8781
    endloop
  endfacet
  facet normal -0.972392 0.116676 0.202089
    outer loop
      vertex -9.11108 -0.51629 27.6781
      vertex -9.14405 9.46094 21.7591
      vertex -9.14405 -0.584952 27.5591
    endloop
  endfacet
  facet normal -0.996917 0.0392341 0.0679554
    outer loop
      vertex -9.11108 9.5296 21.8781
      vertex -9.1 -0.445894 27.8
      vertex -9.1 9.6 22
    endloop
  endfacet
  facet normal -0.996917 0.0392346 0.0679563
    outer loop
      vertex -9.1 -0.445894 27.8
      vertex -9.11108 9.5296 21.8781
      vertex -9.11108 -0.51629 27.6781
    endloop
  endfacet
  facet normal -0.923897 0.191321 0.331377
    outer loop
      vertex -9.19809 9.3957 21.6461
      vertex -9.14405 -0.584952 27.5591
      vertex -9.14405 9.46094 21.7591
    endloop
  endfacet
  facet normal -0.923896 0.191322 0.331379
    outer loop
      vertex -9.14405 -0.584952 27.5591
      vertex -9.19809 9.3957 21.6461
      vertex -9.19809 -0.65019 27.4461
    endloop
  endfacet
  facet normal -0.522463 -0.426331 -0.738427
    outer loop
      vertex -9.59141 -0.0449414 28.4945
      vertex -9.47099 9.96406 22.6306
      vertex -9.47099 -0.0818366 28.4306
    endloop
  endfacet
  facet normal -0.522579 -0.426294 -0.738366
    outer loop
      vertex -9.47099 9.96406 22.6306
      vertex -9.59141 -0.0449414 28.4945
      vertex -9.59141 10.001 22.6945
    endloop
  endfacet
  facet normal -0.972392 -0.116677 -0.20209
    outer loop
      vertex -9.11108 9.6704 22.1219
      vertex -9.14405 -0.306837 28.0409
      vertex -9.14405 9.73906 22.2409
    endloop
  endfacet
  facet normal -0.972392 -0.116676 -0.202089
    outer loop
      vertex -9.14405 -0.306837 28.0409
      vertex -9.11108 9.6704 22.1219
      vertex -9.11108 -0.375499 27.9219
    endloop
  endfacet
  facet normal -0.382676 -0.46194 -0.800107
    outer loop
      vertex -9.72188 -0.017919 28.5413
      vertex -9.59141 10.001 22.6945
      vertex -9.59141 -0.0449414 28.4945
    endloop
  endfacet
  facet normal -0.382608 -0.461955 -0.800131
    outer loop
      vertex -9.59141 10.001 22.6945
      vertex -9.72188 -0.017919 28.5413
      vertex -9.72188 10.028 22.7413
    endloop
  endfacet
  facet normal 0.382624 0.461952 0.800125
    outer loop
      vertex -10.4086 -0.846847 27.1055
      vertex -10.2781 9.17202 21.2587
      vertex -10.4086 9.19905 21.3055
    endloop
  endfacet
  facet normal 0.3826 0.461957 0.800133
    outer loop
      vertex -10.2781 9.17202 21.2587
      vertex -10.4086 -0.846847 27.1055
      vertex -10.2781 -0.873869 27.0587
    endloop
  endfacet
  facet normal 0.382601 -0.461955 -0.800134
    outer loop
      vertex -10.4086 10.001 22.6945
      vertex -10.2781 -0.017919 28.5413
      vertex -10.4086 -0.0449414 28.4945
    endloop
  endfacet
  facet normal 0.382533 -0.46197 -0.800158
    outer loop
      vertex -10.2781 -0.017919 28.5413
      vertex -10.4086 10.001 22.6945
      vertex -10.2781 10.028 22.7413
    endloop
  endfacet
  facet normal 0.522513 0.426316 0.7384
    outer loop
      vertex -10.529 -0.809952 27.1694
      vertex -10.4086 9.19905 21.3055
      vertex -10.529 9.23594 21.3694
    endloop
  endfacet
  facet normal 0.522526 0.426312 0.738394
    outer loop
      vertex -10.4086 9.19905 21.3055
      vertex -10.529 -0.809952 27.1694
      vertex -10.4086 -0.846847 27.1055
    endloop
  endfacet
  facet normal -0.649691 0.380099 0.658351
    outer loop
      vertex -9.47099 9.23594 21.3694
      vertex -9.3636 -0.764092 27.2489
      vertex -9.3636 9.2818 21.4489
    endloop
  endfacet
  facet normal -0.649691 0.380099 0.658351
    outer loop
      vertex -9.3636 -0.764092 27.2489
      vertex -9.47099 9.23594 21.3694
      vertex -9.47099 -0.809952 27.1694
    endloop
  endfacet
  facet normal 0.23317 0.486218 0.842154
    outer loop
      vertex -10.2781 -0.873869 27.0587
      vertex -10.1408 9.15554 21.2302
      vertex -10.2781 9.17202 21.2587
    endloop
  endfacet
  facet normal 0.233187 0.486216 0.842151
    outer loop
      vertex -10.1408 9.15554 21.2302
      vertex -10.2781 -0.873869 27.0587
      vertex -10.1408 -0.890354 27.0302
    endloop
  endfacet
  facet normal 0.923747 -0.191502 -0.331691
    outer loop
      vertex -10.8019 -0.241599 28.1539
      vertex -10.856 9.73906 22.2409
      vertex -10.8019 9.8043 22.3539
    endloop
  endfacet
  facet normal 0.923746 -0.191503 -0.331693
    outer loop
      vertex -10.856 9.73906 22.2409
      vertex -10.8019 -0.241599 28.1539
      vertex -10.856 -0.306837 28.0409
    endloop
  endfacet
  facet normal 0.0784777 0.498458 0.863354
    outer loop
      vertex -10.1408 -0.890354 27.0302
      vertex -10 9.15 21.2206
      vertex -10.1408 9.15554 21.2302
    endloop
  endfacet
  facet normal 0.0784777 0.498458 0.863354
    outer loop
      vertex -10 9.15 21.2206
      vertex -10.1408 -0.890354 27.0302
      vertex -10 -0.895894 27.0206
    endloop
  endfacet
  facet normal 0.233184 -0.486215 -0.842152
    outer loop
      vertex -10.2781 10.028 22.7413
      vertex -10.1408 -0.00143475 28.5698
      vertex -10.2781 -0.017919 28.5413
    endloop
  endfacet
  facet normal 0.233237 -0.486208 -0.842141
    outer loop
      vertex -10.1408 -0.00143475 28.5698
      vertex -10.2781 10.028 22.7413
      vertex -10.1408 10.0445 22.7698
    endloop
  endfacet
  facet normal -1.44726e-05 0.866019 -0.500011
    outer loop
      vertex -10 -0.895894 27.0206
      vertex -10 0.00410562 28.5794
      vertex -9.85921 -0.00143475 28.5698
    endloop
  endfacet
  facet normal 0.000184123 0.866018 -0.500013
    outer loop
      vertex -9.85921 -0.890354 27.0302
      vertex -9.85921 -0.00143475 28.5698
      vertex -9.72188 -0.017919 28.5413
    endloop
  endfacet
  facet normal 1.44716e-05 0.866019 -0.500011
    outer loop
      vertex -10 0.00410562 28.5794
      vertex -10 -0.895894 27.0206
      vertex -10.1408 -0.00143475 28.5698
    endloop
  endfacet
  facet normal 2.21629e-05 0.866033 -0.499987
    outer loop
      vertex -9.72188 -0.873869 27.0587
      vertex -9.72188 -0.017919 28.5413
      vertex -9.59141 -0.0449414 28.4945
    endloop
  endfacet
  facet normal -1.6942e-05 0.866018 -0.500013
    outer loop
      vertex -10.1408 -0.890354 27.0302
      vertex -10.1408 -0.00143475 28.5698
      vertex -10 -0.895894 27.0206
    endloop
  endfacet
  facet normal 2.93313e-05 0.866035 -0.499984
    outer loop
      vertex -9.59141 -0.846847 27.1055
      vertex -9.59141 -0.0449414 28.4945
      vertex -9.47099 -0.0818366 28.4306
    endloop
  endfacet
  facet normal -0.000184164 0.866018 -0.500013
    outer loop
      vertex -10.1408 -0.00143475 28.5698
      vertex -10.1408 -0.890354 27.0302
      vertex -10.2781 -0.017919 28.5413
    endloop
  endfacet
  facet normal -0.000302441 0.866037 -0.49998
    outer loop
      vertex -9.47099 -0.809952 27.1694
      vertex -9.47099 -0.0818366 28.4306
      vertex -9.3636 -0.127696 28.3511
    endloop
  endfacet
  facet normal 0.000196069 0.866033 -0.499987
    outer loop
      vertex -10.2781 -0.873869 27.0587
      vertex -10.2781 -0.017919 28.5413
      vertex -10.1408 -0.890354 27.0302
    endloop
  endfacet
  facet normal -1.88376e-05 0.866012 -0.500024
    outer loop
      vertex -9.3636 -0.764092 27.2489
      vertex -9.3636 -0.127696 28.3511
      vertex -9.27188 -0.181391 28.2581
    endloop
  endfacet
  facet normal -2.21578e-05 0.866033 -0.499987
    outer loop
      vertex -10.2781 -0.017919 28.5413
      vertex -10.2781 -0.873869 27.0587
      vertex -10.4086 -0.0449414 28.4945
    endloop
  endfacet
  facet normal 0.000514233 0.86601 -0.500027
    outer loop
      vertex -9.27188 -0.710397 27.3419
      vertex -9.27188 -0.181391 28.2581
      vertex -9.19809 -0.241599 28.1539
    endloop
  endfacet
  facet normal 2.0907e-05 0.866035 -0.499984
    outer loop
      vertex -10.4086 -0.846847 27.1055
      vertex -10.4086 -0.0449414 28.4945
      vertex -10.2781 -0.873869 27.0587
    endloop
  endfacet
  facet normal 0.000105816 0.866056 -0.499947
    outer loop
      vertex -9.19809 -0.65019 27.4461
      vertex -9.19809 -0.241599 28.1539
      vertex -9.14405 -0.306837 28.0409
    endloop
  endfacet
  facet normal -2.93362e-05 0.866035 -0.499984
    outer loop
      vertex -10.4086 -0.0449414 28.4945
      vertex -10.4086 -0.846847 27.1055
      vertex -10.529 -0.0818366 28.4306
    endloop
  endfacet
  facet normal -0.000626895 0.866085 -0.499897
    outer loop
      vertex -9.19809 -0.65019 27.4461
      vertex -9.14405 -0.306837 28.0409
      vertex -9.11108 -0.375499 27.9219
    endloop
  endfacet
  facet normal 3.07975e-05 0.866037 -0.49998
    outer loop
      vertex -10.529 -0.809952 27.1694
      vertex -10.529 -0.0818366 28.4306
      vertex -10.4086 -0.846847 27.1055
    endloop
  endfacet
  facet normal 0.000496749 0.865996 -0.500051
    outer loop
      vertex -9.19809 -0.65019 27.4461
      vertex -9.11108 -0.375499 27.9219
      vertex -9.1 -0.445894 27.8
    endloop
  endfacet
  facet normal 0.000302413 0.866037 -0.49998
    outer loop
      vertex -10.529 -0.0818366 28.4306
      vertex -10.529 -0.809952 27.1694
      vertex -10.6364 -0.127696 28.3511
    endloop
  endfacet
  facet normal 0.00231697 0.86588 -0.500247
    outer loop
      vertex -9.14405 -0.584952 27.5591
      vertex -9.1 -0.445894 27.8
      vertex -9.11108 -0.51629 27.6781
    endloop
  endfacet
  facet normal 1.69432e-05 0.866018 -0.500013
    outer loop
      vertex -9.85921 -0.00143475 28.5698
      vertex -9.85921 -0.890354 27.0302
      vertex -10 -0.895894 27.0206
    endloop
  endfacet
  facet normal -0.00024561 0.866085 -0.499897
    outer loop
      vertex -9.19809 -0.65019 27.4461
      vertex -9.1 -0.445894 27.8
      vertex -9.14405 -0.584952 27.5591
    endloop
  endfacet
  facet normal -0.000340841 0.866012 -0.500024
    outer loop
      vertex -10.6364 -0.764092 27.2489
      vertex -10.6364 -0.127696 28.3511
      vertex -10.529 -0.809952 27.1694
    endloop
  endfacet
  facet normal -0.000652211 0.866056 -0.499947
    outer loop
      vertex -9.19809 -0.241599 28.1539
      vertex -9.19809 -0.65019 27.4461
      vertex -9.27188 -0.710397 27.3419
    endloop
  endfacet
  facet normal 1.88417e-05 0.866012 -0.500024
    outer loop
      vertex -10.6364 -0.127696 28.3511
      vertex -10.6364 -0.764092 27.2489
      vertex -10.7281 -0.181391 28.2581
    endloop
  endfacet
  facet normal 2.26618e-05 0.86601 -0.500027
    outer loop
      vertex -9.27188 -0.181391 28.2581
      vertex -9.27188 -0.710397 27.3419
      vertex -9.3636 -0.764092 27.2489
    endloop
  endfacet
  facet normal -2.26667e-05 0.86601 -0.500027
    outer loop
      vertex -10.7281 -0.710397 27.3419
      vertex -10.7281 -0.181391 28.2581
      vertex -10.6364 -0.764092 27.2489
    endloop
  endfacet
  facet normal 0.000340873 0.866012 -0.500024
    outer loop
      vertex -9.3636 -0.127696 28.3511
      vertex -9.3636 -0.764092 27.2489
      vertex -9.47099 -0.809952 27.1694
    endloop
  endfacet
  facet normal -0.000196026 0.866033 -0.499987
    outer loop
      vertex -9.72188 -0.017919 28.5413
      vertex -9.72188 -0.873869 27.0587
      vertex -9.85921 -0.890354 27.0302
    endloop
  endfacet
  facet normal -3.07923e-05 0.866037 -0.49998
    outer loop
      vertex -9.47099 -0.0818366 28.4306
      vertex -9.47099 -0.809952 27.1694
      vertex -9.59141 -0.846847 27.1055
    endloop
  endfacet
  facet normal -2.09118e-05 0.866035 -0.499984
    outer loop
      vertex -9.59141 -0.0449414 28.4945
      vertex -9.59141 -0.846847 27.1055
      vertex -9.72188 -0.873869 27.0587
    endloop
  endfacet
  facet normal 0.000652123 0.866056 -0.499947
    outer loop
      vertex -10.8019 -0.65019 27.4461
      vertex -10.8019 -0.241599 28.1539
      vertex -10.7281 -0.710397 27.3419
    endloop
  endfacet
  facet normal 0.000244997 0.866085 -0.499897
    outer loop
      vertex -10.9 -0.445894 27.8
      vertex -10.8019 -0.65019 27.4461
      vertex -10.856 -0.584952 27.5591
    endloop
  endfacet
  facet normal -0.00232637 0.865879 -0.500248
    outer loop
      vertex -10.9 -0.445894 27.8
      vertex -10.856 -0.584952 27.5591
      vertex -10.8889 -0.51629 27.6781
    endloop
  endfacet
  facet normal -0.00049649 0.865996 -0.500051
    outer loop
      vertex -10.8889 -0.375499 27.9219
      vertex -10.8019 -0.65019 27.4461
      vertex -10.9 -0.445894 27.8
    endloop
  endfacet
  facet normal -0.000105699 0.866056 -0.499947
    outer loop
      vertex -10.8019 -0.241599 28.1539
      vertex -10.8019 -0.65019 27.4461
      vertex -10.856 -0.306837 28.0409
    endloop
  endfacet
  facet normal 0.000627727 0.866085 -0.499897
    outer loop
      vertex -10.856 -0.306837 28.0409
      vertex -10.8019 -0.65019 27.4461
      vertex -10.8889 -0.375499 27.9219
    endloop
  endfacet
  facet normal -0.000514163 0.86601 -0.500027
    outer loop
      vertex -10.7281 -0.181391 28.2581
      vertex -10.7281 -0.710397 27.3419
      vertex -10.8019 -0.241599 28.1539
    endloop
  endfacet
  facet normal -0.923897 -0.191321 -0.331377
    outer loop
      vertex -9.14405 9.73906 22.2409
      vertex -9.19809 -0.241599 28.1539
      vertex -9.19809 9.8043 22.3539
    endloop
  endfacet
  facet normal -0.923896 -0.191322 -0.331379
    outer loop
      vertex -9.19809 -0.241599 28.1539
      vertex -9.14405 9.73906 22.2409
      vertex -9.14405 -0.306837 28.0409
    endloop
  endfacet
  facet normal 0.760476 -0.324683 -0.562367
    outer loop
      vertex -10.6364 -0.127696 28.3511
      vertex -10.7281 9.8645 22.4581
      vertex -10.6364 9.9182 22.5511
    endloop
  endfacet
  facet normal 0.760469 -0.324687 -0.562375
    outer loop
      vertex -10.7281 9.8645 22.4581
      vertex -10.6364 -0.127696 28.3511
      vertex -10.7281 -0.181391 28.2581
    endloop
  endfacet
  facet normal 0.649656 0.380114 0.658377
    outer loop
      vertex -10.6364 -0.764092 27.2489
      vertex -10.529 9.23594 21.3694
      vertex -10.6364 9.2818 21.4489
    endloop
  endfacet
  facet normal 0.649656 0.380114 0.658377
    outer loop
      vertex -10.529 9.23594 21.3694
      vertex -10.6364 -0.764092 27.2489
      vertex -10.529 -0.809952 27.1694
    endloop
  endfacet
  facet normal -0.0784845 -0.498456 -0.863355
    outer loop
      vertex -10 0.00410562 28.5794
      vertex -9.85921 10.0445 22.7698
      vertex -9.85921 -0.00143475 28.5698
    endloop
  endfacet
  facet normal -0.0783425 -0.498463 -0.863364
    outer loop
      vertex -9.85921 10.0445 22.7698
      vertex -10 0.00410562 28.5794
      vertex -10 10.05 22.7794
    endloop
  endfacet
  facet normal 0.649655 -0.380115 -0.658378
    outer loop
      vertex -10.6364 9.9182 22.5511
      vertex -10.529 -0.0818366 28.4306
      vertex -10.6364 -0.127696 28.3511
    endloop
  endfacet
  facet normal 0.649656 -0.380114 -0.658377
    outer loop
      vertex -10.529 -0.0818366 28.4306
      vertex -10.6364 9.9182 22.5511
      vertex -10.529 9.96406 22.6306
    endloop
  endfacet
  facet normal -0.852496 -0.261367 -0.452701
    outer loop
      vertex -9.19809 9.8043 22.3539
      vertex -9.27188 -0.181391 28.2581
      vertex -9.27188 9.8645 22.4581
    endloop
  endfacet
  facet normal -0.852504 -0.26136 -0.45269
    outer loop
      vertex -9.27188 -0.181391 28.2581
      vertex -9.19809 9.8043 22.3539
      vertex -9.19809 -0.241599 28.1539
    endloop
  endfacet
  facet normal -0.852496 0.261367 0.452701
    outer loop
      vertex -9.27188 9.3355 21.5419
      vertex -9.19809 -0.65019 27.4461
      vertex -9.19809 9.3957 21.6461
    endloop
  endfacet
  facet normal -0.852503 0.261361 0.452691
    outer loop
      vertex -9.19809 -0.65019 27.4461
      vertex -9.27188 9.3355 21.5419
      vertex -9.27188 -0.710397 27.3419
    endloop
  endfacet
  facet normal -0.760406 0.324724 0.562438
    outer loop
      vertex -9.3636 9.2818 21.4489
      vertex -9.27188 -0.710397 27.3419
      vertex -9.27188 9.3355 21.5419
    endloop
  endfacet
  facet normal -0.760399 0.324728 0.562446
    outer loop
      vertex -9.27188 -0.710397 27.3419
      vertex -9.3636 9.2818 21.4489
      vertex -9.3636 -0.764092 27.2489
    endloop
  endfacet
  facet normal 0.760476 0.324683 0.562367
    outer loop
      vertex -10.7281 -0.710397 27.3419
      vertex -10.6364 9.2818 21.4489
      vertex -10.7281 9.3355 21.5419
    endloop
  endfacet
  facet normal 0.760469 0.324687 0.562375
    outer loop
      vertex -10.6364 9.2818 21.4489
      vertex -10.7281 -0.710397 27.3419
      vertex -10.6364 -0.764092 27.2489
    endloop
  endfacet
  facet normal -0.0784832 0.498458 0.863354
    outer loop
      vertex -10 9.15 21.2206
      vertex -9.85921 -0.890354 27.0302
      vertex -9.85921 9.15554 21.2302
    endloop
  endfacet
  facet normal -0.0784832 0.498458 0.863354
    outer loop
      vertex -9.85921 -0.890354 27.0302
      vertex -10 9.15 21.2206
      vertex -10 -0.895894 27.0206
    endloop
  endfacet
  facet normal -0.382699 0.461937 0.800098
    outer loop
      vertex -9.72188 9.17202 21.2587
      vertex -9.59141 -0.846847 27.1055
      vertex -9.59141 9.19905 21.3055
    endloop
  endfacet
  facet normal -0.382675 0.461942 0.800106
    outer loop
      vertex -9.59141 -0.846847 27.1055
      vertex -9.72188 9.17202 21.2587
      vertex -9.72188 -0.873869 27.0587
    endloop
  endfacet
  facet normal 0.972504 0.116443 0.201684
    outer loop
      vertex -10.8889 -0.51629 27.6781
      vertex -10.856 9.46094 21.7591
      vertex -10.8889 9.5296 21.8781
    endloop
  endfacet
  facet normal 0.972505 0.116442 0.201683
    outer loop
      vertex -10.856 9.46094 21.7591
      vertex -10.8889 -0.51629 27.6781
      vertex -10.856 -0.584952 27.5591
    endloop
  endfacet
  facet normal 0.972504 -0.116443 -0.201684
    outer loop
      vertex -10.856 -0.306837 28.0409
      vertex -10.8889 9.6704 22.1219
      vertex -10.856 9.73906 22.2409
    endloop
  endfacet
  facet normal 0.972505 -0.116442 -0.201683
    outer loop
      vertex -10.8889 9.6704 22.1219
      vertex -10.856 -0.306837 28.0409
      vertex -10.8889 -0.375499 27.9219
    endloop
  endfacet
  facet normal -0.52245 0.426335 0.738434
    outer loop
      vertex -9.59141 9.19905 21.3055
      vertex -9.47099 -0.809952 27.1694
      vertex -9.47099 9.23594 21.3694
    endloop
  endfacet
  facet normal -0.522463 0.426331 0.738427
    outer loop
      vertex -9.47099 -0.809952 27.1694
      vertex -9.59141 9.19905 21.3055
      vertex -9.59141 -0.846847 27.1055
    endloop
  endfacet
  facet normal -0.233136 -0.486221 -0.842162
    outer loop
      vertex -9.85921 -0.00143475 28.5698
      vertex -9.72188 10.028 22.7413
      vertex -9.72188 -0.017919 28.5413
    endloop
  endfacet
  facet normal -0.233189 -0.486214 -0.842151
    outer loop
      vertex -9.72188 10.028 22.7413
      vertex -9.85921 -0.00143475 28.5698
      vertex -9.85921 10.0445 22.7698
    endloop
  endfacet
  facet normal -0.996917 -0.039234 -0.0679554
    outer loop
      vertex -9.1 9.6 22
      vertex -9.11108 -0.375499 27.9219
      vertex -9.11108 9.6704 22.1219
    endloop
  endfacet
  facet normal -0.996917 -0.0392347 -0.0679566
    outer loop
      vertex -9.11108 -0.375499 27.9219
      vertex -9.1 9.6 22
      vertex -9.1 -0.445894 27.8
    endloop
  endfacet
  facet normal -0.760406 -0.324724 -0.562438
    outer loop
      vertex -9.27188 9.8645 22.4581
      vertex -9.3636 -0.127696 28.3511
      vertex -9.3636 9.9182 22.5511
    endloop
  endfacet
  facet normal -0.760399 -0.324728 -0.562446
    outer loop
      vertex -9.3636 -0.127696 28.3511
      vertex -9.27188 9.8645 22.4581
      vertex -9.27188 -0.181391 28.2581
    endloop
  endfacet
  facet normal 0.852465 -0.261393 -0.452745
    outer loop
      vertex -10.7281 -0.181391 28.2581
      vertex -10.8019 9.8043 22.3539
      vertex -10.7281 9.8645 22.4581
    endloop
  endfacet
  facet normal 0.852472 -0.261386 -0.452734
    outer loop
      vertex -10.8019 9.8043 22.3539
      vertex -10.7281 -0.181391 28.2581
      vertex -10.8019 -0.241599 28.1539
    endloop
  endfacet
  facet normal 0.996906 -0.0393044 -0.0680773
    outer loop
      vertex -10.8889 -0.375499 27.9219
      vertex -10.9 9.6 22
      vertex -10.8889 9.6704 22.1219
    endloop
  endfacet
  facet normal 0.996905 -0.0393051 -0.0680785
    outer loop
      vertex -10.9 9.6 22
      vertex -10.8889 -0.375499 27.9219
      vertex -10.9 -0.445894 27.8
    endloop
  endfacet
  facet normal 0.078479 -0.498456 -0.863355
    outer loop
      vertex -10.1408 10.0445 22.7698
      vertex -10 0.00410562 28.5794
      vertex -10.1408 -0.00143475 28.5698
    endloop
  endfacet
  facet normal 0.078337 -0.498463 -0.863364
    outer loop
      vertex -10 0.00410562 28.5794
      vertex -10.1408 10.0445 22.7698
      vertex -10 10.05 22.7794
    endloop
  endfacet
  facet normal -0.233122 0.486224 0.842164
    outer loop
      vertex -9.85921 9.15554 21.2302
      vertex -9.72188 -0.873869 27.0587
      vertex -9.72188 9.17202 21.2587
    endloop
  endfacet
  facet normal -0.233139 0.486222 0.842161
    outer loop
      vertex -9.72188 -0.873869 27.0587
      vertex -9.85921 9.15554 21.2302
      vertex -9.85921 -0.890354 27.0302
    endloop
  endfacet
  facet normal 0.522526 -0.426311 -0.738393
    outer loop
      vertex -10.529 9.96406 22.6306
      vertex -10.4086 -0.0449414 28.4945
      vertex -10.529 -0.0818366 28.4306
    endloop
  endfacet
  facet normal 0.522642 -0.426275 -0.738333
    outer loop
      vertex -10.4086 -0.0449414 28.4945
      vertex -10.529 9.96406 22.6306
      vertex -10.4086 10.001 22.6945
    endloop
  endfacet
  facet normal 0.996895 0.0393697 0.0681903
    outer loop
      vertex -10.9 -0.445894 27.8
      vertex -10.889 9.53035 21.8794
      vertex -10.9 9.6 22
    endloop
  endfacet
  facet normal 0.996905 0.0393036 0.068079
    outer loop
      vertex -10.8889 -0.51629 27.6781
      vertex -10.889 9.53035 21.8794
      vertex -10.9 -0.445894 27.8
    endloop
  endfacet
  facet normal 0.997788 0.0332411 0.0575753
    outer loop
      vertex -10.889 9.53035 21.8794
      vertex -10.8889 -0.51629 27.6781
      vertex -10.8889 9.5296 21.8781
    endloop
  endfacet
  facet normal 0.852465 0.261393 0.452745
    outer loop
      vertex -10.8019 -0.65019 27.4461
      vertex -10.7281 9.3355 21.5419
      vertex -10.8019 9.3957 21.6461
    endloop
  endfacet
  facet normal 0.852471 0.261387 0.452736
    outer loop
      vertex -10.7281 9.3355 21.5419
      vertex -10.8019 -0.65019 27.4461
      vertex -10.7281 -0.710397 27.3419
    endloop
  endfacet
  facet normal -0.649689 -0.3801 -0.658352
    outer loop
      vertex -9.47099 -0.0818366 28.4306
      vertex -9.3636 9.9182 22.5511
      vertex -9.3636 -0.127696 28.3511
    endloop
  endfacet
  facet normal -0.649691 -0.380099 -0.658351
    outer loop
      vertex -9.3636 9.9182 22.5511
      vertex -9.47099 -0.0818366 28.4306
      vertex -9.47099 9.96406 22.6306
    endloop
  endfacet
  facet normal 0.923897 0.191321 0.331377
    outer loop
      vertex 9.14405 -0.584952 27.5591
      vertex 9.19809 9.3957 21.6461
      vertex 9.14405 9.46094 21.7591
    endloop
  endfacet
  facet normal 0.923896 0.191322 0.331379
    outer loop
      vertex 9.19809 9.3957 21.6461
      vertex 9.14405 -0.584952 27.5591
      vertex 9.19809 -0.65019 27.4461
    endloop
  endfacet
  facet normal -0.972504 0.116443 0.201684
    outer loop
      vertex 10.856 9.46094 21.7591
      vertex 10.8889 -0.51629 27.6781
      vertex 10.8889 9.5296 21.8781
    endloop
  endfacet
  facet normal -0.972505 0.116442 0.201683
    outer loop
      vertex 10.8889 -0.51629 27.6781
      vertex 10.856 9.46094 21.7591
      vertex 10.856 -0.584952 27.5591
    endloop
  endfacet
  facet normal -0.996895 0.0393697 0.0681903
    outer loop
      vertex 10.889 9.53035 21.8794
      vertex 10.9 -0.445894 27.8
      vertex 10.9 9.6 22
    endloop
  endfacet
  facet normal -0.997788 0.0332411 0.0575753
    outer loop
      vertex 10.8889 -0.51629 27.6781
      vertex 10.889 9.53035 21.8794
      vertex 10.8889 9.5296 21.8781
    endloop
  endfacet
  facet normal -0.996905 0.0393036 0.068079
    outer loop
      vertex 10.889 9.53035 21.8794
      vertex 10.8889 -0.51629 27.6781
      vertex 10.9 -0.445894 27.8
    endloop
  endfacet
  facet normal -0.923747 0.191502 0.331691
    outer loop
      vertex 10.8019 9.3957 21.6461
      vertex 10.856 -0.584952 27.5591
      vertex 10.856 9.46094 21.7591
    endloop
  endfacet
  facet normal -0.923746 0.191503 0.331693
    outer loop
      vertex 10.856 -0.584952 27.5591
      vertex 10.8019 9.3957 21.6461
      vertex 10.8019 -0.65019 27.4461
    endloop
  endfacet
  facet normal -0.522526 -0.426311 -0.738393
    outer loop
      vertex 10.4086 -0.0449414 28.4945
      vertex 10.529 9.96406 22.6306
      vertex 10.529 -0.0818366 28.4306
    endloop
  endfacet
  facet normal -0.522642 -0.426275 -0.738333
    outer loop
      vertex 10.529 9.96406 22.6306
      vertex 10.4086 -0.0449414 28.4945
      vertex 10.4086 10.001 22.6945
    endloop
  endfacet
  facet normal -0.972504 -0.116443 -0.201684
    outer loop
      vertex 10.8889 9.6704 22.1219
      vertex 10.856 -0.306837 28.0409
      vertex 10.856 9.73906 22.2409
    endloop
  endfacet
  facet normal -0.972505 -0.116442 -0.201683
    outer loop
      vertex 10.856 -0.306837 28.0409
      vertex 10.8889 9.6704 22.1219
      vertex 10.8889 -0.375499 27.9219
    endloop
  endfacet
  facet normal -0.382601 -0.461955 -0.800134
    outer loop
      vertex 10.2781 -0.017919 28.5413
      vertex 10.4086 10.001 22.6945
      vertex 10.4086 -0.0449414 28.4945
    endloop
  endfacet
  facet normal -0.382533 -0.46197 -0.800158
    outer loop
      vertex 10.4086 10.001 22.6945
      vertex 10.2781 -0.017919 28.5413
      vertex 10.2781 10.028 22.7413
    endloop
  endfacet
  facet normal 0.382699 0.461937 0.800098
    outer loop
      vertex 9.59141 -0.846847 27.1055
      vertex 9.72188 9.17202 21.2587
      vertex 9.59141 9.19905 21.3055
    endloop
  endfacet
  facet normal 0.382675 0.461942 0.800106
    outer loop
      vertex 9.72188 9.17202 21.2587
      vertex 9.59141 -0.846847 27.1055
      vertex 9.72188 -0.873869 27.0587
    endloop
  endfacet
  facet normal 0.382676 -0.46194 -0.800107
    outer loop
      vertex 9.59141 10.001 22.6945
      vertex 9.72188 -0.017919 28.5413
      vertex 9.59141 -0.0449414 28.4945
    endloop
  endfacet
  facet normal 0.382608 -0.461955 -0.800131
    outer loop
      vertex 9.72188 -0.017919 28.5413
      vertex 9.59141 10.001 22.6945
      vertex 9.72188 10.028 22.7413
    endloop
  endfacet
  facet normal 0.52245 0.426335 0.738434
    outer loop
      vertex 9.47099 -0.809952 27.1694
      vertex 9.59141 9.19905 21.3055
      vertex 9.47099 9.23594 21.3694
    endloop
  endfacet
  facet normal 0.522463 0.426331 0.738427
    outer loop
      vertex 9.59141 9.19905 21.3055
      vertex 9.47099 -0.809952 27.1694
      vertex 9.59141 -0.846847 27.1055
    endloop
  endfacet
  facet normal -0.649656 0.380114 0.658377
    outer loop
      vertex 10.529 9.23594 21.3694
      vertex 10.6364 -0.764092 27.2489
      vertex 10.6364 9.2818 21.4489
    endloop
  endfacet
  facet normal -0.649656 0.380114 0.658377
    outer loop
      vertex 10.6364 -0.764092 27.2489
      vertex 10.529 9.23594 21.3694
      vertex 10.529 -0.809952 27.1694
    endloop
  endfacet
  facet normal 0.233122 0.486224 0.842164
    outer loop
      vertex 9.72188 -0.873869 27.0587
      vertex 9.85921 9.15554 21.2302
      vertex 9.72188 9.17202 21.2587
    endloop
  endfacet
  facet normal 0.233139 0.486222 0.842161
    outer loop
      vertex 9.85921 9.15554 21.2302
      vertex 9.72188 -0.873869 27.0587
      vertex 9.85921 -0.890354 27.0302
    endloop
  endfacet
  facet normal 0.923897 -0.191321 -0.331377
    outer loop
      vertex 9.19809 -0.241599 28.1539
      vertex 9.14405 9.73906 22.2409
      vertex 9.19809 9.8043 22.3539
    endloop
  endfacet
  facet normal 0.923896 -0.191322 -0.331379
    outer loop
      vertex 9.14405 9.73906 22.2409
      vertex 9.19809 -0.241599 28.1539
      vertex 9.14405 -0.306837 28.0409
    endloop
  endfacet
  facet normal 0.0784832 0.498458 0.863354
    outer loop
      vertex 9.85921 -0.890354 27.0302
      vertex 10 9.15 21.2206
      vertex 9.85921 9.15554 21.2302
    endloop
  endfacet
  facet normal 0.0784832 0.498458 0.863354
    outer loop
      vertex 10 9.15 21.2206
      vertex 9.85921 -0.890354 27.0302
      vertex 10 -0.895894 27.0206
    endloop
  endfacet
  facet normal 0.233136 -0.486221 -0.842162
    outer loop
      vertex 9.72188 10.028 22.7413
      vertex 9.85921 -0.00143475 28.5698
      vertex 9.72188 -0.017919 28.5413
    endloop
  endfacet
  facet normal 0.233189 -0.486214 -0.842151
    outer loop
      vertex 9.85921 -0.00143475 28.5698
      vertex 9.72188 10.028 22.7413
      vertex 9.85921 10.0445 22.7698
    endloop
  endfacet
  facet normal -1.44716e-05 0.866019 -0.500011
    outer loop
      vertex 10 -0.895894 27.0206
      vertex 10 0.00410562 28.5794
      vertex 10.1408 -0.00143475 28.5698
    endloop
  endfacet
  facet normal 0.000184164 0.866018 -0.500013
    outer loop
      vertex 10.1408 -0.890354 27.0302
      vertex 10.1408 -0.00143475 28.5698
      vertex 10.2781 -0.017919 28.5413
    endloop
  endfacet
  facet normal 1.44726e-05 0.866019 -0.500011
    outer loop
      vertex 10 0.00410562 28.5794
      vertex 10 -0.895894 27.0206
      vertex 9.85921 -0.00143475 28.5698
    endloop
  endfacet
  facet normal 2.21578e-05 0.866033 -0.499987
    outer loop
      vertex 10.2781 -0.873869 27.0587
      vertex 10.2781 -0.017919 28.5413
      vertex 10.4086 -0.0449414 28.4945
    endloop
  endfacet
  facet normal -1.69432e-05 0.866018 -0.500013
    outer loop
      vertex 9.85921 -0.890354 27.0302
      vertex 9.85921 -0.00143475 28.5698
      vertex 10 -0.895894 27.0206
    endloop
  endfacet
  facet normal 2.93362e-05 0.866035 -0.499984
    outer loop
      vertex 10.4086 -0.846847 27.1055
      vertex 10.4086 -0.0449414 28.4945
      vertex 10.529 -0.0818366 28.4306
    endloop
  endfacet
  facet normal -0.000184123 0.866018 -0.500013
    outer loop
      vertex 9.85921 -0.00143475 28.5698
      vertex 9.85921 -0.890354 27.0302
      vertex 9.72188 -0.017919 28.5413
    endloop
  endfacet
  facet normal -0.000302413 0.866037 -0.49998
    outer loop
      vertex 10.529 -0.809952 27.1694
      vertex 10.529 -0.0818366 28.4306
      vertex 10.6364 -0.127696 28.3511
    endloop
  endfacet
  facet normal 0.000196026 0.866033 -0.499987
    outer loop
      vertex 9.72188 -0.873869 27.0587
      vertex 9.72188 -0.017919 28.5413
      vertex 9.85921 -0.890354 27.0302
    endloop
  endfacet
  facet normal -1.88417e-05 0.866012 -0.500024
    outer loop
      vertex 10.6364 -0.764092 27.2489
      vertex 10.6364 -0.127696 28.3511
      vertex 10.7281 -0.181391 28.2581
    endloop
  endfacet
  facet normal -2.21629e-05 0.866033 -0.499987
    outer loop
      vertex 9.72188 -0.017919 28.5413
      vertex 9.72188 -0.873869 27.0587
      vertex 9.59141 -0.0449414 28.4945
    endloop
  endfacet
  facet normal 0.000514163 0.86601 -0.500027
    outer loop
      vertex 10.7281 -0.710397 27.3419
      vertex 10.7281 -0.181391 28.2581
      vertex 10.8019 -0.241599 28.1539
    endloop
  endfacet
  facet normal 2.09118e-05 0.866035 -0.499984
    outer loop
      vertex 9.59141 -0.846847 27.1055
      vertex 9.59141 -0.0449414 28.4945
      vertex 9.72188 -0.873869 27.0587
    endloop
  endfacet
  facet normal 0.000105699 0.866056 -0.499947
    outer loop
      vertex 10.8019 -0.65019 27.4461
      vertex 10.8019 -0.241599 28.1539
      vertex 10.856 -0.306837 28.0409
    endloop
  endfacet
  facet normal -2.93313e-05 0.866035 -0.499984
    outer loop
      vertex 9.59141 -0.0449414 28.4945
      vertex 9.59141 -0.846847 27.1055
      vertex 9.47099 -0.0818366 28.4306
    endloop
  endfacet
  facet normal -0.000627727 0.866085 -0.499897
    outer loop
      vertex 10.8019 -0.65019 27.4461
      vertex 10.856 -0.306837 28.0409
      vertex 10.8889 -0.375499 27.9219
    endloop
  endfacet
  facet normal 3.07923e-05 0.866037 -0.49998
    outer loop
      vertex 9.47099 -0.809952 27.1694
      vertex 9.47099 -0.0818366 28.4306
      vertex 9.59141 -0.846847 27.1055
    endloop
  endfacet
  facet normal 0.00049649 0.865996 -0.500051
    outer loop
      vertex 10.8019 -0.65019 27.4461
      vertex 10.8889 -0.375499 27.9219
      vertex 10.9 -0.445894 27.8
    endloop
  endfacet
  facet normal 0.000302441 0.866037 -0.49998
    outer loop
      vertex 9.47099 -0.0818366 28.4306
      vertex 9.47099 -0.809952 27.1694
      vertex 9.3636 -0.127696 28.3511
    endloop
  endfacet
  facet normal 0.00232637 0.865879 -0.500248
    outer loop
      vertex 10.856 -0.584952 27.5591
      vertex 10.9 -0.445894 27.8
      vertex 10.8889 -0.51629 27.6781
    endloop
  endfacet
  facet normal 1.6942e-05 0.866018 -0.500013
    outer loop
      vertex 10.1408 -0.00143475 28.5698
      vertex 10.1408 -0.890354 27.0302
      vertex 10 -0.895894 27.0206
    endloop
  endfacet
  facet normal -0.000244997 0.866085 -0.499897
    outer loop
      vertex 10.8019 -0.65019 27.4461
      vertex 10.9 -0.445894 27.8
      vertex 10.856 -0.584952 27.5591
    endloop
  endfacet
  facet normal -0.000340873 0.866012 -0.500024
    outer loop
      vertex 9.3636 -0.764092 27.2489
      vertex 9.3636 -0.127696 28.3511
      vertex 9.47099 -0.809952 27.1694
    endloop
  endfacet
  facet normal -0.000652123 0.866056 -0.499947
    outer loop
      vertex 10.8019 -0.241599 28.1539
      vertex 10.8019 -0.65019 27.4461
      vertex 10.7281 -0.710397 27.3419
    endloop
  endfacet
  facet normal 1.88376e-05 0.866012 -0.500024
    outer loop
      vertex 9.3636 -0.127696 28.3511
      vertex 9.3636 -0.764092 27.2489
      vertex 9.27188 -0.181391 28.2581
    endloop
  endfacet
  facet normal 2.26667e-05 0.86601 -0.500027
    outer loop
      vertex 10.7281 -0.181391 28.2581
      vertex 10.7281 -0.710397 27.3419
      vertex 10.6364 -0.764092 27.2489
    endloop
  endfacet
  facet normal -2.26618e-05 0.86601 -0.500027
    outer loop
      vertex 9.27188 -0.710397 27.3419
      vertex 9.27188 -0.181391 28.2581
      vertex 9.3636 -0.764092 27.2489
    endloop
  endfacet
  facet normal 0.000340841 0.866012 -0.500024
    outer loop
      vertex 10.6364 -0.127696 28.3511
      vertex 10.6364 -0.764092 27.2489
      vertex 10.529 -0.809952 27.1694
    endloop
  endfacet
  facet normal -0.000196069 0.866033 -0.499987
    outer loop
      vertex 10.2781 -0.017919 28.5413
      vertex 10.2781 -0.873869 27.0587
      vertex 10.1408 -0.890354 27.0302
    endloop
  endfacet
  facet normal -3.07975e-05 0.866037 -0.49998
    outer loop
      vertex 10.529 -0.0818366 28.4306
      vertex 10.529 -0.809952 27.1694
      vertex 10.4086 -0.846847 27.1055
    endloop
  endfacet
  facet normal -2.0907e-05 0.866035 -0.499984
    outer loop
      vertex 10.4086 -0.0449414 28.4945
      vertex 10.4086 -0.846847 27.1055
      vertex 10.2781 -0.873869 27.0587
    endloop
  endfacet
  facet normal 0.000652211 0.866056 -0.499947
    outer loop
      vertex 9.19809 -0.65019 27.4461
      vertex 9.19809 -0.241599 28.1539
      vertex 9.27188 -0.710397 27.3419
    endloop
  endfacet
  facet normal 0.00024561 0.866085 -0.499897
    outer loop
      vertex 9.1 -0.445894 27.8
      vertex 9.19809 -0.65019 27.4461
      vertex 9.14405 -0.584952 27.5591
    endloop
  endfacet
  facet normal -0.00231697 0.86588 -0.500247
    outer loop
      vertex 9.1 -0.445894 27.8
      vertex 9.14405 -0.584952 27.5591
      vertex 9.11108 -0.51629 27.6781
    endloop
  endfacet
  facet normal -0.000496749 0.865996 -0.500051
    outer loop
      vertex 9.11108 -0.375499 27.9219
      vertex 9.19809 -0.65019 27.4461
      vertex 9.1 -0.445894 27.8
    endloop
  endfacet
  facet normal -0.000105816 0.866056 -0.499947
    outer loop
      vertex 9.19809 -0.241599 28.1539
      vertex 9.19809 -0.65019 27.4461
      vertex 9.14405 -0.306837 28.0409
    endloop
  endfacet
  facet normal 0.000626895 0.866085 -0.499897
    outer loop
      vertex 9.14405 -0.306837 28.0409
      vertex 9.19809 -0.65019 27.4461
      vertex 9.11108 -0.375499 27.9219
    endloop
  endfacet
  facet normal -0.000514233 0.86601 -0.500027
    outer loop
      vertex 9.27188 -0.181391 28.2581
      vertex 9.27188 -0.710397 27.3419
      vertex 9.19809 -0.241599 28.1539
    endloop
  endfacet
  facet normal -0.923747 -0.191502 -0.331691
    outer loop
      vertex 10.856 9.73906 22.2409
      vertex 10.8019 -0.241599 28.1539
      vertex 10.8019 9.8043 22.3539
    endloop
  endfacet
  facet normal -0.923746 -0.191503 -0.331693
    outer loop
      vertex 10.8019 -0.241599 28.1539
      vertex 10.856 9.73906 22.2409
      vertex 10.856 -0.306837 28.0409
    endloop
  endfacet
  facet normal 0.760406 -0.324724 -0.562438
    outer loop
      vertex 9.3636 -0.127696 28.3511
      vertex 9.27188 9.8645 22.4581
      vertex 9.3636 9.9182 22.5511
    endloop
  endfacet
  facet normal 0.760399 -0.324728 -0.562446
    outer loop
      vertex 9.27188 9.8645 22.4581
      vertex 9.3636 -0.127696 28.3511
      vertex 9.27188 -0.181391 28.2581
    endloop
  endfacet
  facet normal 0.649691 0.380099 0.658351
    outer loop
      vertex 9.3636 -0.764092 27.2489
      vertex 9.47099 9.23594 21.3694
      vertex 9.3636 9.2818 21.4489
    endloop
  endfacet
  facet normal 0.649691 0.380099 0.658351
    outer loop
      vertex 9.47099 9.23594 21.3694
      vertex 9.3636 -0.764092 27.2489
      vertex 9.47099 -0.809952 27.1694
    endloop
  endfacet
  facet normal -0.078479 -0.498456 -0.863355
    outer loop
      vertex 10 0.00410562 28.5794
      vertex 10.1408 10.0445 22.7698
      vertex 10.1408 -0.00143475 28.5698
    endloop
  endfacet
  facet normal -0.078337 -0.498463 -0.863364
    outer loop
      vertex 10.1408 10.0445 22.7698
      vertex 10 0.00410562 28.5794
      vertex 10 10.05 22.7794
    endloop
  endfacet
  facet normal 0.649689 -0.3801 -0.658352
    outer loop
      vertex 9.3636 9.9182 22.5511
      vertex 9.47099 -0.0818366 28.4306
      vertex 9.3636 -0.127696 28.3511
    endloop
  endfacet
  facet normal 0.649691 -0.380099 -0.658351
    outer loop
      vertex 9.47099 -0.0818366 28.4306
      vertex 9.3636 9.9182 22.5511
      vertex 9.47099 9.96406 22.6306
    endloop
  endfacet
  facet normal -0.852465 -0.261393 -0.452745
    outer loop
      vertex 10.8019 9.8043 22.3539
      vertex 10.7281 -0.181391 28.2581
      vertex 10.7281 9.8645 22.4581
    endloop
  endfacet
  facet normal -0.852472 -0.261386 -0.452734
    outer loop
      vertex 10.7281 -0.181391 28.2581
      vertex 10.8019 9.8043 22.3539
      vertex 10.8019 -0.241599 28.1539
    endloop
  endfacet
  facet normal -0.852465 0.261393 0.452745
    outer loop
      vertex 10.7281 9.3355 21.5419
      vertex 10.8019 -0.65019 27.4461
      vertex 10.8019 9.3957 21.6461
    endloop
  endfacet
  facet normal -0.852471 0.261387 0.452736
    outer loop
      vertex 10.8019 -0.65019 27.4461
      vertex 10.7281 9.3355 21.5419
      vertex 10.7281 -0.710397 27.3419
    endloop
  endfacet
  facet normal -0.760476 0.324683 0.562367
    outer loop
      vertex 10.6364 9.2818 21.4489
      vertex 10.7281 -0.710397 27.3419
      vertex 10.7281 9.3355 21.5419
    endloop
  endfacet
  facet normal -0.760469 0.324687 0.562375
    outer loop
      vertex 10.7281 -0.710397 27.3419
      vertex 10.6364 9.2818 21.4489
      vertex 10.6364 -0.764092 27.2489
    endloop
  endfacet
  facet normal 0.760406 0.324724 0.562438
    outer loop
      vertex 9.27188 -0.710397 27.3419
      vertex 9.3636 9.2818 21.4489
      vertex 9.27188 9.3355 21.5419
    endloop
  endfacet
  facet normal 0.760399 0.324728 0.562446
    outer loop
      vertex 9.3636 9.2818 21.4489
      vertex 9.27188 -0.710397 27.3419
      vertex 9.3636 -0.764092 27.2489
    endloop
  endfacet
  facet normal -0.0784777 0.498458 0.863354
    outer loop
      vertex 10 9.15 21.2206
      vertex 10.1408 -0.890354 27.0302
      vertex 10.1408 9.15554 21.2302
    endloop
  endfacet
  facet normal -0.0784777 0.498458 0.863354
    outer loop
      vertex 10.1408 -0.890354 27.0302
      vertex 10 9.15 21.2206
      vertex 10 -0.895894 27.0206
    endloop
  endfacet
  facet normal -0.382624 0.461952 0.800125
    outer loop
      vertex 10.2781 9.17202 21.2587
      vertex 10.4086 -0.846847 27.1055
      vertex 10.4086 9.19905 21.3055
    endloop
  endfacet
  facet normal -0.3826 0.461957 0.800133
    outer loop
      vertex 10.4086 -0.846847 27.1055
      vertex 10.2781 9.17202 21.2587
      vertex 10.2781 -0.873869 27.0587
    endloop
  endfacet
  facet normal 0.972392 0.116677 0.20209
    outer loop
      vertex 9.11108 -0.51629 27.6781
      vertex 9.14405 9.46094 21.7591
      vertex 9.11108 9.5296 21.8781
    endloop
  endfacet
  facet normal 0.972392 0.116676 0.202089
    outer loop
      vertex 9.14405 9.46094 21.7591
      vertex 9.11108 -0.51629 27.6781
      vertex 9.14405 -0.584952 27.5591
    endloop
  endfacet
  facet normal 0.972392 -0.116677 -0.20209
    outer loop
      vertex 9.14405 -0.306837 28.0409
      vertex 9.11108 9.6704 22.1219
      vertex 9.14405 9.73906 22.2409
    endloop
  endfacet
  facet normal 0.972392 -0.116676 -0.202089
    outer loop
      vertex 9.11108 9.6704 22.1219
      vertex 9.14405 -0.306837 28.0409
      vertex 9.11108 -0.375499 27.9219
    endloop
  endfacet
  facet normal -0.522513 0.426316 0.7384
    outer loop
      vertex 10.4086 9.19905 21.3055
      vertex 10.529 -0.809952 27.1694
      vertex 10.529 9.23594 21.3694
    endloop
  endfacet
  facet normal -0.522526 0.426312 0.738394
    outer loop
      vertex 10.529 -0.809952 27.1694
      vertex 10.4086 9.19905 21.3055
      vertex 10.4086 -0.846847 27.1055
    endloop
  endfacet
  facet normal -0.233184 -0.486215 -0.842152
    outer loop
      vertex 10.1408 -0.00143475 28.5698
      vertex 10.2781 10.028 22.7413
      vertex 10.2781 -0.017919 28.5413
    endloop
  endfacet
  facet normal -0.233237 -0.486208 -0.842141
    outer loop
      vertex 10.2781 10.028 22.7413
      vertex 10.1408 -0.00143475 28.5698
      vertex 10.1408 10.0445 22.7698
    endloop
  endfacet
  facet normal -0.996906 -0.0393044 -0.0680773
    outer loop
      vertex 10.9 9.6 22
      vertex 10.8889 -0.375499 27.9219
      vertex 10.8889 9.6704 22.1219
    endloop
  endfacet
  facet normal -0.996905 -0.0393051 -0.0680785
    outer loop
      vertex 10.8889 -0.375499 27.9219
      vertex 10.9 9.6 22
      vertex 10.9 -0.445894 27.8
    endloop
  endfacet
  facet normal -0.760476 -0.324683 -0.562367
    outer loop
      vertex 10.7281 9.8645 22.4581
      vertex 10.6364 -0.127696 28.3511
      vertex 10.6364 9.9182 22.5511
    endloop
  endfacet
  facet normal -0.760469 -0.324687 -0.562375
    outer loop
      vertex 10.6364 -0.127696 28.3511
      vertex 10.7281 9.8645 22.4581
      vertex 10.7281 -0.181391 28.2581
    endloop
  endfacet
  facet normal 0.852496 -0.261367 -0.452701
    outer loop
      vertex 9.27188 -0.181391 28.2581
      vertex 9.19809 9.8043 22.3539
      vertex 9.27188 9.8645 22.4581
    endloop
  endfacet
  facet normal 0.852504 -0.26136 -0.45269
    outer loop
      vertex 9.19809 9.8043 22.3539
      vertex 9.27188 -0.181391 28.2581
      vertex 9.19809 -0.241599 28.1539
    endloop
  endfacet
  facet normal 0.996917 -0.039234 -0.0679554
    outer loop
      vertex 9.11108 -0.375499 27.9219
      vertex 9.1 9.6 22
      vertex 9.11108 9.6704 22.1219
    endloop
  endfacet
  facet normal 0.996917 -0.0392347 -0.0679566
    outer loop
      vertex 9.1 9.6 22
      vertex 9.11108 -0.375499 27.9219
      vertex 9.1 -0.445894 27.8
    endloop
  endfacet
  facet normal 0.0784845 -0.498456 -0.863355
    outer loop
      vertex 9.85921 10.0445 22.7698
      vertex 10 0.00410562 28.5794
      vertex 9.85921 -0.00143475 28.5698
    endloop
  endfacet
  facet normal 0.0783425 -0.498463 -0.863364
    outer loop
      vertex 10 0.00410562 28.5794
      vertex 9.85921 10.0445 22.7698
      vertex 10 10.05 22.7794
    endloop
  endfacet
  facet normal -0.23317 0.486218 0.842154
    outer loop
      vertex 10.1408 9.15554 21.2302
      vertex 10.2781 -0.873869 27.0587
      vertex 10.2781 9.17202 21.2587
    endloop
  endfacet
  facet normal -0.233187 0.486216 0.842151
    outer loop
      vertex 10.2781 -0.873869 27.0587
      vertex 10.1408 9.15554 21.2302
      vertex 10.1408 -0.890354 27.0302
    endloop
  endfacet
  facet normal 0.522463 -0.426331 -0.738427
    outer loop
      vertex 9.47099 9.96406 22.6306
      vertex 9.59141 -0.0449414 28.4945
      vertex 9.47099 -0.0818366 28.4306
    endloop
  endfacet
  facet normal 0.522579 -0.426294 -0.738366
    outer loop
      vertex 9.59141 -0.0449414 28.4945
      vertex 9.47099 9.96406 22.6306
      vertex 9.59141 10.001 22.6945
    endloop
  endfacet
  facet normal 0.996917 0.0392341 0.0679554
    outer loop
      vertex 9.1 -0.445894 27.8
      vertex 9.11108 9.5296 21.8781
      vertex 9.1 9.6 22
    endloop
  endfacet
  facet normal 0.996917 0.0392346 0.0679563
    outer loop
      vertex 9.11108 9.5296 21.8781
      vertex 9.1 -0.445894 27.8
      vertex 9.11108 -0.51629 27.6781
    endloop
  endfacet
  facet normal 0.852496 0.261367 0.452701
    outer loop
      vertex 9.19809 -0.65019 27.4461
      vertex 9.27188 9.3355 21.5419
      vertex 9.19809 9.3957 21.6461
    endloop
  endfacet
  facet normal 0.852503 0.261361 0.452691
    outer loop
      vertex 9.27188 9.3355 21.5419
      vertex 9.19809 -0.65019 27.4461
      vertex 9.27188 -0.710397 27.3419
    endloop
  endfacet
  facet normal -0.649655 -0.380115 -0.658378
    outer loop
      vertex 10.529 -0.0818366 28.4306
      vertex 10.6364 9.9182 22.5511
      vertex 10.6364 -0.127696 28.3511
    endloop
  endfacet
  facet normal -0.649656 -0.380114 -0.658377
    outer loop
      vertex 10.6364 9.9182 22.5511
      vertex 10.529 -0.0818366 28.4306
      vertex 10.529 9.96406 22.6306
    endloop
  endfacet
  facet normal 0 -0.382623 0.923904
    outer loop
      vertex 10.3485 -3.86502 71.7725
      vertex -10.1828 -4.22746 71.6224
      vertex 10.1828 -4.22746 71.6224
    endloop
  endfacet
  facet normal 0 -0.382623 0.923904
    outer loop
      vertex -10.1828 -4.22746 71.6224
      vertex 10.3485 -3.86502 71.7725
      vertex -10.3485 -3.86502 71.7725
    endloop
  endfacet
  facet normal 0 0.996917 0.0784585
    outer loop
      vertex 10 -7.46922 73.6089
      vertex -10 -7.5 74
      vertex 10 -7.5 74
    endloop
  endfacet
  facet normal 0 0.996917 0.0784585
    outer loop
      vertex -10 -7.5 74
      vertex 10 -7.46922 73.6089
      vertex -10 -7.46922 73.6089
    endloop
  endfacet
  facet normal 0 -0.078585 0.996907
    outer loop
      vertex 10 -4.62704 71.5294
      vertex -10 -4.62704 71.5294
      vertex 10 -5 71.5
    endloop
  endfacet
  facet normal 0 -0.0769909 0.997032
    outer loop
      vertex 10.0083 -4.60891 71.5308
      vertex -10 -4.62704 71.5294
      vertex 10 -4.62704 71.5294
    endloop
  endfacet
  facet normal 0 -0.0769909 0.997032
    outer loop
      vertex -10 -4.62704 71.5294
      vertex 10.0083 -4.60891 71.5308
      vertex -10.0083 -4.60891 71.5308
    endloop
  endfacet
  facet normal 0 -0.078585 0.996907
    outer loop
      vertex 10 -5 71.5
      vertex -10 -4.62704 71.5294
      vertex -10 -5 71.5
    endloop
  endfacet
  facet normal 0 -0.649329 -0.760508
    outer loop
      vertex -10.4929 -3.53054 76.0225
      vertex 10.6241 -3.23223 75.7678
      vertex 10.4929 -3.53054 76.0225
    endloop
  endfacet
  facet normal -0 -0.649329 -0.760508
    outer loop
      vertex 10.6241 -3.23223 75.7678
      vertex -10.4929 -3.53054 76.0225
      vertex -10.6241 -3.23223 75.7678
    endloop
  endfacet
  facet normal 0 0.760409 -0.649445
    outer loop
      vertex 10 -7.02254 75.4695
      vertex -10 -6.76777 75.7678
      vertex 10 -6.76777 75.7678
    endloop
  endfacet
  facet normal 0 0.760409 -0.649445
    outer loop
      vertex -10 -6.76777 75.7678
      vertex 10 -7.02254 75.4695
      vertex -10 -7.02254 75.4695
    endloop
  endfacet
  facet normal 0 0.760409 0.649445
    outer loop
      vertex 10 -6.76777 72.2322
      vertex -10 -7.02254 72.5305
      vertex 10 -7.02254 72.5305
    endloop
  endfacet
  facet normal 0 0.760409 0.649445
    outer loop
      vertex -10 -7.02254 72.5305
      vertex 10 -6.76777 72.2322
      vertex -10 -6.76777 72.2322
    endloop
  endfacet
  facet normal 0 -0.923909 0.382613
    outer loop
      vertex -10.8482 -2.77248 72.865
      vertex 10.9169 -2.62236 73.2275
      vertex -10.9169 -2.62236 73.2275
    endloop
  endfacet
  facet normal 0 -0.923909 0.382613
    outer loop
      vertex 10.9169 -2.62236 73.2275
      vertex -10.8482 -2.77248 72.865
      vertex 10.8482 -2.77248 72.865
    endloop
  endfacet
  facet normal 0 -0.649329 0.760508
    outer loop
      vertex 10.6379 -3.23223 72.2322
      vertex -10.5015 -3.53054 71.9775
      vertex 10.5015 -3.53054 71.9775
    endloop
  endfacet
  facet normal 0 -0.649329 0.760508
    outer loop
      vertex -10.5015 -3.53054 71.9775
      vertex 10.6379 -3.23223 72.2322
      vertex -10.6379 -3.23223 72.2322
    endloop
  endfacet
  facet normal 0 0.649329 -0.760508
    outer loop
      vertex -10 -6.76777 75.7678
      vertex 10 -6.46946 76.0225
      vertex 10 -6.76777 75.7678
    endloop
  endfacet
  facet normal 0 0.649329 -0.760508
    outer loop
      vertex 10 -6.46946 76.0225
      vertex -10 -6.76777 75.7678
      vertex -10 -6.46946 76.0225
    endloop
  endfacet
  facet normal 0 0.382623 -0.923904
    outer loop
      vertex -10 -6.13498 76.2275
      vertex 10 -5.77254 76.3776
      vertex 10 -6.13498 76.2275
    endloop
  endfacet
  facet normal 0 0.382623 -0.923904
    outer loop
      vertex 10 -5.77254 76.3776
      vertex -10 -6.13498 76.2275
      vertex -10 -5.77254 76.3776
    endloop
  endfacet
  facet normal 0 -0.760409 -0.649445
    outer loop
      vertex -10.7415 -2.97746 75.4695
      vertex 10.6241 -3.23223 75.7678
      vertex -10.6241 -3.23223 75.7678
    endloop
  endfacet
  facet normal 0 -0.760409 -0.649445
    outer loop
      vertex 10.6241 -3.23223 75.7678
      vertex -10.7415 -2.97746 75.4695
      vertex 10.7415 -2.97746 75.4695
    endloop
  endfacet
  facet normal -0.00252234 -0.924089 -0.382169
    outer loop
      vertex -10.9169 -2.62236 74.7725
      vertex -10.8424 -2.77248 75.135
      vertex -10.8785 -2.70617 74.9749
    endloop
  endfacet
  facet normal 0 -0.923909 -0.382613
    outer loop
      vertex -10.8424 -2.77248 75.135
      vertex -10.9169 -2.62236 74.7725
      vertex 10.8424 -2.77248 75.135
    endloop
  endfacet
  facet normal -0 -0.923909 -0.382613
    outer loop
      vertex 10.9169 -2.62236 74.7725
      vertex 10.8424 -2.77248 75.135
      vertex -10.9169 -2.62236 74.7725
    endloop
  endfacet
  facet normal 0.00252234 -0.924089 -0.382169
    outer loop
      vertex 10.8424 -2.77248 75.135
      vertex 10.9169 -2.62236 74.7725
      vertex 10.8785 -2.70617 74.9749
    endloop
  endfacet
  facet normal -0 0.522555 0.852606
    outer loop
      vertex -10 -6.13498 71.7725
      vertex 10 -6.46946 71.9775
      vertex 10 -6.13498 71.7725
    endloop
  endfacet
  facet normal 0 0.522555 0.852606
    outer loop
      vertex 10 -6.46946 71.9775
      vertex -10 -6.13498 71.7725
      vertex -10 -6.46946 71.9775
    endloop
  endfacet
  facet normal 0 -0.233498 0.972357
    outer loop
      vertex 10.1828 -4.22746 71.6224
      vertex -10.0083 -4.60891 71.5308
      vertex 10.0083 -4.60891 71.5308
    endloop
  endfacet
  facet normal 0 -0.233498 0.972357
    outer loop
      vertex -10.0083 -4.60891 71.5308
      vertex 10.1828 -4.22746 71.6224
      vertex -10.1828 -4.22746 71.6224
    endloop
  endfacet
  facet normal 0 0.923909 0.382613
    outer loop
      vertex 10 -7.22752 72.865
      vertex -10 -7.37764 73.2275
      vertex 10 -7.37764 73.2275
    endloop
  endfacet
  facet normal 0 0.923909 0.382613
    outer loop
      vertex -10 -7.37764 73.2275
      vertex 10 -7.22752 72.865
      vertex -10 -7.22752 72.865
    endloop
  endfacet
  facet normal -0 0.0785112 0.996913
    outer loop
      vertex -10 -5 71.5
      vertex 10 -5.39109 71.5308
      vertex 10 -5 71.5
    endloop
  endfacet
  facet normal 0 0.0785112 0.996913
    outer loop
      vertex 10 -5.39109 71.5308
      vertex -10 -5 71.5
      vertex -10 -5.39109 71.5308
    endloop
  endfacet
  facet normal 0 -0.852642 -0.522495
    outer loop
      vertex -10.8424 -2.77248 75.135
      vertex 10.7415 -2.97746 75.4695
      vertex -10.7415 -2.97746 75.4695
    endloop
  endfacet
  facet normal 0 -0.852642 -0.522495
    outer loop
      vertex 10.7415 -2.97746 75.4695
      vertex -10.8424 -2.77248 75.135
      vertex 10.8424 -2.77248 75.135
    endloop
  endfacet
  facet normal -0 0.382623 0.923904
    outer loop
      vertex -10 -5.77254 71.6224
      vertex 10 -6.13498 71.7725
      vertex 10 -5.77254 71.6224
    endloop
  endfacet
  facet normal 0 0.382623 0.923904
    outer loop
      vertex 10 -6.13498 71.7725
      vertex -10 -5.77254 71.6224
      vertex -10 -6.13498 71.7725
    endloop
  endfacet
  facet normal -0 -0.078585 -0.996907
    outer loop
      vertex 10 -5 76.5
      vertex -10 -5 76.5
      vertex 10 -4.62704 76.4706
    endloop
  endfacet
  facet normal 0 -0.078585 -0.996907
    outer loop
      vertex -10 -4.62704 76.4706
      vertex 10 -4.62704 76.4706
      vertex -10 -5 76.5
    endloop
  endfacet
  facet normal -0 -0.0769909 -0.997032
    outer loop
      vertex 10 -4.62704 76.4706
      vertex -10 -4.62704 76.4706
      vertex 10.0083 -4.60891 76.4692
    endloop
  endfacet
  facet normal -0 -0.0769909 -0.997032
    outer loop
      vertex 10.0083 -4.60891 76.4692
      vertex -10 -4.62704 76.4706
      vertex -10.0083 -4.60891 76.4692
    endloop
  endfacet
  facet normal 0 -0.760409 0.649445
    outer loop
      vertex -10.6379 -3.23223 72.2322
      vertex 10.7544 -2.97746 72.5305
      vertex -10.7544 -2.97746 72.5305
    endloop
  endfacet
  facet normal 0 -0.760409 0.649445
    outer loop
      vertex 10.7544 -2.97746 72.5305
      vertex -10.6379 -3.23223 72.2322
      vertex 10.6379 -3.23223 72.2322
    endloop
  endfacet
  facet normal 0 0.923909 -0.382613
    outer loop
      vertex 10 -7.37764 74.7725
      vertex -10 -7.22752 75.135
      vertex 10 -7.22752 75.135
    endloop
  endfacet
  facet normal 0 0.923909 -0.382613
    outer loop
      vertex -10 -7.22752 75.135
      vertex 10 -7.37764 74.7725
      vertex -10 -7.37764 74.7725
    endloop
  endfacet
  facet normal 0 -0.972362 -0.233479
    outer loop
      vertex -10.9587 -2.53078 74.3911
      vertex 10.9169 -2.62236 74.7725
      vertex -10.9169 -2.62236 74.7725
    endloop
  endfacet
  facet normal 0 -0.972362 -0.233479
    outer loop
      vertex 10.9169 -2.62236 74.7725
      vertex -10.9587 -2.53078 74.3911
      vertex 10.9587 -2.53078 74.3911
    endloop
  endfacet
  facet normal 0 -0.852642 0.522495
    outer loop
      vertex -10.7544 -2.97746 72.5305
      vertex 10.8482 -2.77248 72.865
      vertex -10.8482 -2.77248 72.865
    endloop
  endfacet
  facet normal 0 -0.852642 0.522495
    outer loop
      vertex 10.8482 -2.77248 72.865
      vertex -10.7544 -2.97746 72.5305
      vertex 10.7544 -2.97746 72.5305
    endloop
  endfacet
  facet normal 0 -0.382623 -0.923904
    outer loop
      vertex -10.1828 -4.22746 76.3776
      vertex 10.3485 -3.86502 76.2275
      vertex 10.1828 -4.22746 76.3776
    endloop
  endfacet
  facet normal -0 -0.382623 -0.923904
    outer loop
      vertex 10.3485 -3.86502 76.2275
      vertex -10.1828 -4.22746 76.3776
      vertex -10.3485 -3.86502 76.2275
    endloop
  endfacet
  facet normal 0 0.852642 0.522495
    outer loop
      vertex 10 -7.02254 72.5305
      vertex -10 -7.22752 72.865
      vertex 10 -7.22752 72.865
    endloop
  endfacet
  facet normal 0 0.852642 0.522495
    outer loop
      vertex -10 -7.22752 72.865
      vertex 10 -7.02254 72.5305
      vertex -10 -7.02254 72.5305
    endloop
  endfacet
  facet normal 0 0.972362 -0.233479
    outer loop
      vertex 10 -7.46922 74.3911
      vertex -10 -7.37764 74.7725
      vertex 10 -7.37764 74.7725
    endloop
  endfacet
  facet normal 0 0.972362 -0.233479
    outer loop
      vertex -10 -7.37764 74.7725
      vertex 10 -7.46922 74.3911
      vertex -10 -7.46922 74.3911
    endloop
  endfacet
  facet normal 0 -0.522555 0.852606
    outer loop
      vertex 10.5015 -3.53054 71.9775
      vertex -10.3485 -3.86502 71.7725
      vertex 10.3485 -3.86502 71.7725
    endloop
  endfacet
  facet normal 0 -0.522555 0.852606
    outer loop
      vertex -10.3485 -3.86502 71.7725
      vertex 10.5015 -3.53054 71.9775
      vertex -10.5015 -3.53054 71.9775
    endloop
  endfacet
  facet normal 0 0.522555 -0.852606
    outer loop
      vertex -10 -6.46946 76.0225
      vertex 10 -6.13498 76.2275
      vertex 10 -6.46946 76.0225
    endloop
  endfacet
  facet normal 0 0.522555 -0.852606
    outer loop
      vertex 10 -6.13498 76.2275
      vertex -10 -6.46946 76.0225
      vertex -10 -6.13498 76.2275
    endloop
  endfacet
  facet normal 0 0.972362 0.233479
    outer loop
      vertex 10 -7.37764 73.2275
      vertex -10 -7.46922 73.6089
      vertex 10 -7.46922 73.6089
    endloop
  endfacet
  facet normal 0 0.972362 0.233479
    outer loop
      vertex -10 -7.46922 73.6089
      vertex 10 -7.37764 73.2275
      vertex -10 -7.37764 73.2275
    endloop
  endfacet
  facet normal 0 -0.972362 0.233479
    outer loop
      vertex -10.9169 -2.62236 73.2275
      vertex 10.9587 -2.53078 73.6089
      vertex -10.9587 -2.53078 73.6089
    endloop
  endfacet
  facet normal 0 -0.972362 0.233479
    outer loop
      vertex 10.9587 -2.53078 73.6089
      vertex -10.9169 -2.62236 73.2275
      vertex 10.9169 -2.62236 73.2275
    endloop
  endfacet
  facet normal 0.019966 -0.528703 -0.848572
    outer loop
      vertex 10.3485 -3.86502 76.2275
      vertex 10.4929 -3.53054 76.0225
      vertex 10.3856 -3.78385 76.1778
    endloop
  endfacet
  facet normal 0 -0.522555 -0.852606
    outer loop
      vertex -10.3485 -3.86502 76.2275
      vertex 10.4929 -3.53054 76.0225
      vertex 10.3485 -3.86502 76.2275
    endloop
  endfacet
  facet normal -0.019966 -0.528703 -0.848572
    outer loop
      vertex -10.4929 -3.53054 76.0225
      vertex -10.3485 -3.86502 76.2275
      vertex -10.3856 -3.78385 76.1778
    endloop
  endfacet
  facet normal 0 -0.522555 -0.852606
    outer loop
      vertex -10.3485 -3.86502 76.2275
      vertex -10.4929 -3.53054 76.0225
      vertex 10.4929 -3.53054 76.0225
    endloop
  endfacet
  facet normal 0 0.0785112 -0.996913
    outer loop
      vertex -10 -5.39109 76.4692
      vertex 10 -5 76.5
      vertex 10 -5.39109 76.4692
    endloop
  endfacet
  facet normal 0 0.0785112 -0.996913
    outer loop
      vertex 10 -5 76.5
      vertex -10 -5.39109 76.4692
      vertex -10 -5 76.5
    endloop
  endfacet
  facet normal 0 0.233498 -0.972357
    outer loop
      vertex -10 -5.77254 76.3776
      vertex 10 -5.39109 76.4692
      vertex 10 -5.77254 76.3776
    endloop
  endfacet
  facet normal 0 0.233498 -0.972357
    outer loop
      vertex 10 -5.39109 76.4692
      vertex -10 -5.77254 76.3776
      vertex -10 -5.39109 76.4692
    endloop
  endfacet
  facet normal -0 0.649329 0.760508
    outer loop
      vertex -10 -6.46946 71.9775
      vertex 10 -6.76777 72.2322
      vertex 10 -6.46946 71.9775
    endloop
  endfacet
  facet normal 0 0.649329 0.760508
    outer loop
      vertex 10 -6.76777 72.2322
      vertex -10 -6.46946 71.9775
      vertex -10 -6.76777 72.2322
    endloop
  endfacet
  facet normal -0 0.233498 0.972357
    outer loop
      vertex -10 -5.39109 71.5308
      vertex 10 -5.77254 71.6224
      vertex 10 -5.39109 71.5308
    endloop
  endfacet
  facet normal 0 0.233498 0.972357
    outer loop
      vertex 10 -5.77254 71.6224
      vertex -10 -5.39109 71.5308
      vertex -10 -5.77254 71.6224
    endloop
  endfacet
  facet normal 0 -0.233498 -0.972357
    outer loop
      vertex -10.0083 -4.60891 76.4692
      vertex 10.1828 -4.22746 76.3776
      vertex 10.0083 -4.60891 76.4692
    endloop
  endfacet
  facet normal -0 -0.233498 -0.972357
    outer loop
      vertex 10.1828 -4.22746 76.3776
      vertex -10.0083 -4.60891 76.4692
      vertex -10.1828 -4.22746 76.3776
    endloop
  endfacet
  facet normal 0 -0.996917 0.0784585
    outer loop
      vertex -10.9587 -2.53078 73.6089
      vertex 10.9728 -2.5 74
      vertex -10.9728 -2.5 74
    endloop
  endfacet
  facet normal 0 -0.996917 0.0784585
    outer loop
      vertex 10.9728 -2.5 74
      vertex -10.9587 -2.53078 73.6089
      vertex 10.9587 -2.53078 73.6089
    endloop
  endfacet
  facet normal 0 -0.996917 -0.0784585
    outer loop
      vertex -10.9728 -2.5 74
      vertex 10.9587 -2.53078 74.3911
      vertex -10.9587 -2.53078 74.3911
    endloop
  endfacet
  facet normal 0 -0.996917 -0.0784585
    outer loop
      vertex 10.9587 -2.53078 74.3911
      vertex -10.9728 -2.5 74
      vertex 10.9728 -2.5 74
    endloop
  endfacet
  facet normal 0 0.996917 -0.0784585
    outer loop
      vertex 10 -7.5 74
      vertex -10 -7.46922 74.3911
      vertex 10 -7.46922 74.3911
    endloop
  endfacet
  facet normal 0 0.996917 -0.0784585
    outer loop
      vertex -10 -7.46922 74.3911
      vertex 10 -7.5 74
      vertex -10 -7.5 74
    endloop
  endfacet
  facet normal 0 0.852642 -0.522495
    outer loop
      vertex 10 -7.22752 75.135
      vertex -10 -7.02254 75.4695
      vertex 10 -7.02254 75.4695
    endloop
  endfacet
  facet normal 0 0.852642 -0.522495
    outer loop
      vertex -10 -7.02254 75.4695
      vertex 10 -7.22752 75.135
      vertex -10 -7.22752 75.135
    endloop
  endfacet
  facet normal 0 -0.382623 0.923904
    outer loop
      vertex 10.5714 -3.86502 45.7725
      vertex -10.3899 -4.22746 45.6224
      vertex 10.3899 -4.22746 45.6224
    endloop
  endfacet
  facet normal 0 -0.382623 0.923904
    outer loop
      vertex -10.3899 -4.22746 45.6224
      vertex 10.5714 -3.86502 45.7725
      vertex -10.5714 -3.86502 45.7725
    endloop
  endfacet
  facet normal 0 0.996917 0.0784585
    outer loop
      vertex 10 -7.46922 47.6089
      vertex -10 -7.5 48
      vertex 10 -7.5 48
    endloop
  endfacet
  facet normal 0 0.996917 0.0784585
    outer loop
      vertex -10 -7.5 48
      vertex 10 -7.46922 47.6089
      vertex -10 -7.46922 47.6089
    endloop
  endfacet
  facet normal 0 -0.0785112 0.996913
    outer loop
      vertex 10.1989 -4.60891 45.5308
      vertex -10.0031 -5 45.5
      vertex 10.0031 -5 45.5
    endloop
  endfacet
  facet normal 0 -0.0785112 0.996913
    outer loop
      vertex -10.0031 -5 45.5
      vertex 10.1989 -4.60891 45.5308
      vertex -10.1989 -4.60891 45.5308
    endloop
  endfacet
  facet normal 0 -0.649329 -0.760508
    outer loop
      vertex -10.7025 -3.53054 50.0225
      vertex 10.8407 -3.23223 49.7678
      vertex 10.7025 -3.53054 50.0225
    endloop
  endfacet
  facet normal -0 -0.649329 -0.760508
    outer loop
      vertex 10.8407 -3.23223 49.7678
      vertex -10.7025 -3.53054 50.0225
      vertex -10.8407 -3.23223 49.7678
    endloop
  endfacet
  facet normal 0 0.760409 -0.649445
    outer loop
      vertex 10 -7.02254 49.4695
      vertex -10 -6.76777 49.7678
      vertex 10 -6.76777 49.7678
    endloop
  endfacet
  facet normal 0 0.760409 -0.649445
    outer loop
      vertex -10 -6.76777 49.7678
      vertex 10 -7.02254 49.4695
      vertex -10 -7.02254 49.4695
    endloop
  endfacet
  facet normal 0 0.760409 0.649445
    outer loop
      vertex 10 -6.76777 46.2322
      vertex -10 -7.02254 46.5305
      vertex 10 -7.02254 46.5305
    endloop
  endfacet
  facet normal 0 0.760409 0.649445
    outer loop
      vertex -10 -7.02254 46.5305
      vertex 10 -6.76777 46.2322
      vertex -10 -6.76777 46.2322
    endloop
  endfacet
  facet normal 0 -0.923909 0.382613
    outer loop
      vertex -11.1185 -2.77248 46.865
      vertex 11.1937 -2.62236 47.2275
      vertex -11.1937 -2.62236 47.2275
    endloop
  endfacet
  facet normal 0 -0.923909 0.382613
    outer loop
      vertex 11.1937 -2.62236 47.2275
      vertex -11.1185 -2.77248 46.865
      vertex 11.1185 -2.77248 46.865
    endloop
  endfacet
  facet normal 0 -0.649329 0.760508
    outer loop
      vertex 10.8883 -3.23223 46.2322
      vertex -10.7389 -3.53054 45.9775
      vertex 10.7389 -3.53054 45.9775
    endloop
  endfacet
  facet normal 0 -0.649329 0.760508
    outer loop
      vertex -10.7389 -3.53054 45.9775
      vertex 10.8883 -3.23223 46.2322
      vertex -10.8883 -3.23223 46.2322
    endloop
  endfacet
  facet normal 0 0.649329 -0.760508
    outer loop
      vertex -10 -6.76777 49.7678
      vertex 10 -6.46946 50.0225
      vertex 10 -6.76777 49.7678
    endloop
  endfacet
  facet normal 0 0.649329 -0.760508
    outer loop
      vertex 10 -6.46946 50.0225
      vertex -10 -6.76777 49.7678
      vertex -10 -6.46946 50.0225
    endloop
  endfacet
  facet normal 0 0.382623 -0.923904
    outer loop
      vertex -10 -6.13498 50.2275
      vertex 10 -5.77254 50.3776
      vertex 10 -6.13498 50.2275
    endloop
  endfacet
  facet normal 0 0.382623 -0.923904
    outer loop
      vertex 10 -5.77254 50.3776
      vertex -10 -6.13498 50.2275
      vertex -10 -5.77254 50.3776
    endloop
  endfacet
  facet normal 0 -0.760409 -0.649445
    outer loop
      vertex -10.9691 -2.97746 49.4695
      vertex 10.8407 -3.23223 49.7678
      vertex -10.8407 -3.23223 49.7678
    endloop
  endfacet
  facet normal 0 -0.760409 -0.649445
    outer loop
      vertex 10.8407 -3.23223 49.7678
      vertex -10.9691 -2.97746 49.4695
      vertex 10.9691 -2.97746 49.4695
    endloop
  endfacet
  facet normal 0 -0.923909 -0.382613
    outer loop
      vertex -11.1843 -2.62236 48.7725
      vertex 11.0846 -2.77248 49.135
      vertex -11.0846 -2.77248 49.135
    endloop
  endfacet
  facet normal 0 -0.923909 -0.382613
    outer loop
      vertex 11.0846 -2.77248 49.135
      vertex -11.1843 -2.62236 48.7725
      vertex 11.1843 -2.62236 48.7725
    endloop
  endfacet
  facet normal -0 0.522555 0.852606
    outer loop
      vertex -10 -6.13498 45.7725
      vertex 10 -6.46946 45.9775
      vertex 10 -6.13498 45.7725
    endloop
  endfacet
  facet normal 0 0.522555 0.852606
    outer loop
      vertex 10 -6.46946 45.9775
      vertex -10 -6.13498 45.7725
      vertex -10 -6.46946 45.9775
    endloop
  endfacet
  facet normal 0 -0.233498 0.972357
    outer loop
      vertex 10.3899 -4.22746 45.6224
      vertex -10.1989 -4.60891 45.5308
      vertex 10.1989 -4.60891 45.5308
    endloop
  endfacet
  facet normal 0 -0.233498 0.972357
    outer loop
      vertex -10.1989 -4.60891 45.5308
      vertex 10.3899 -4.22746 45.6224
      vertex -10.3899 -4.22746 45.6224
    endloop
  endfacet
  facet normal 0 0.923909 0.382613
    outer loop
      vertex 10 -7.22752 46.865
      vertex -10 -7.37764 47.2275
      vertex 10 -7.37764 47.2275
    endloop
  endfacet
  facet normal 0 0.923909 0.382613
    outer loop
      vertex -10 -7.37764 47.2275
      vertex 10 -7.22752 46.865
      vertex -10 -7.22752 46.865
    endloop
  endfacet
  facet normal 0 0.0784607 0.996917
    outer loop
      vertex 10 -5.0061 45.5005
      vertex -10 -5.0061 45.5005
      vertex 10 -5.39109 45.5308
    endloop
  endfacet
  facet normal 0 0.0816932 0.996658
    outer loop
      vertex 10.0031 -5 45.5
      vertex -10 -5.0061 45.5005
      vertex 10 -5.0061 45.5005
    endloop
  endfacet
  facet normal 0 0.0816932 0.996658
    outer loop
      vertex -10 -5.0061 45.5005
      vertex 10.0031 -5 45.5
      vertex -10.0031 -5 45.5
    endloop
  endfacet
  facet normal 0 0.0784607 0.996917
    outer loop
      vertex 10 -5.39109 45.5308
      vertex -10 -5.0061 45.5005
      vertex -10 -5.39109 45.5308
    endloop
  endfacet
  facet normal 0 -0.852642 -0.522495
    outer loop
      vertex -11.0846 -2.77248 49.135
      vertex 10.9691 -2.97746 49.4695
      vertex -10.9691 -2.97746 49.4695
    endloop
  endfacet
  facet normal 0 -0.852642 -0.522495
    outer loop
      vertex 10.9691 -2.97746 49.4695
      vertex -11.0846 -2.77248 49.135
      vertex 11.0846 -2.77248 49.135
    endloop
  endfacet
  facet normal -0 0.382623 0.923904
    outer loop
      vertex -10 -5.77254 45.6224
      vertex 10 -6.13498 45.7725
      vertex 10 -5.77254 45.6224
    endloop
  endfacet
  facet normal 0 0.382623 0.923904
    outer loop
      vertex 10 -6.13498 45.7725
      vertex -10 -5.77254 45.6224
      vertex -10 -6.13498 45.7725
    endloop
  endfacet
  facet normal 0 -0.0785112 -0.996913
    outer loop
      vertex -10.0031 -5 50.5
      vertex 10.1989 -4.60891 50.4692
      vertex 10.0031 -5 50.5
    endloop
  endfacet
  facet normal -0 -0.0785112 -0.996913
    outer loop
      vertex 10.1989 -4.60891 50.4692
      vertex -10.0031 -5 50.5
      vertex -10.1989 -4.60891 50.4692
    endloop
  endfacet
  facet normal 0 -0.760409 0.649445
    outer loop
      vertex -10.8883 -3.23223 46.2322
      vertex 11.0159 -2.97746 46.5305
      vertex -11.0159 -2.97746 46.5305
    endloop
  endfacet
  facet normal 0 -0.760409 0.649445
    outer loop
      vertex 11.0159 -2.97746 46.5305
      vertex -10.8883 -3.23223 46.2322
      vertex 10.8883 -3.23223 46.2322
    endloop
  endfacet
  facet normal 0 0.923909 -0.382613
    outer loop
      vertex 10 -7.37764 48.7725
      vertex -10 -7.22752 49.135
      vertex 10 -7.22752 49.135
    endloop
  endfacet
  facet normal 0 0.923909 -0.382613
    outer loop
      vertex -10 -7.22752 49.135
      vertex 10 -7.37764 48.7725
      vertex -10 -7.37764 48.7725
    endloop
  endfacet
  facet normal -6.20913e-05 -0.972364 -0.233471
    outer loop
      vertex -11.2395 -2.53078 48.3911
      vertex -11.1843 -2.62236 48.7725
      vertex -11.2057 -2.5983 48.6723
    endloop
  endfacet
  facet normal 0 -0.972362 -0.233479
    outer loop
      vertex -11.1843 -2.62236 48.7725
      vertex -11.2395 -2.53078 48.3911
      vertex 11.1843 -2.62236 48.7725
    endloop
  endfacet
  facet normal -0 -0.972362 -0.233479
    outer loop
      vertex 11.2395 -2.53078 48.3911
      vertex 11.1843 -2.62236 48.7725
      vertex -11.2395 -2.53078 48.3911
    endloop
  endfacet
  facet normal 6.20913e-05 -0.972364 -0.233471
    outer loop
      vertex 11.1843 -2.62236 48.7725
      vertex 11.2395 -2.53078 48.3911
      vertex 11.2057 -2.5983 48.6723
    endloop
  endfacet
  facet normal 0 -0.852642 0.522495
    outer loop
      vertex -11.0159 -2.97746 46.5305
      vertex 11.1185 -2.77248 46.865
      vertex -11.1185 -2.77248 46.865
    endloop
  endfacet
  facet normal 0 -0.852642 0.522495
    outer loop
      vertex 11.1185 -2.77248 46.865
      vertex -11.0159 -2.97746 46.5305
      vertex 11.0159 -2.97746 46.5305
    endloop
  endfacet
  facet normal 0.00303607 -0.383823 -0.923402
    outer loop
      vertex 10.3899 -4.22746 50.3776
      vertex 10.5579 -3.86502 50.2275
      vertex 10.4993 -4.00911 50.2872
    endloop
  endfacet
  facet normal 0 -0.382623 -0.923904
    outer loop
      vertex -10.3899 -4.22746 50.3776
      vertex 10.5579 -3.86502 50.2275
      vertex 10.3899 -4.22746 50.3776
    endloop
  endfacet
  facet normal -0.00303607 -0.383823 -0.923402
    outer loop
      vertex -10.5579 -3.86502 50.2275
      vertex -10.3899 -4.22746 50.3776
      vertex -10.4993 -4.00911 50.2872
    endloop
  endfacet
  facet normal 0 -0.382623 -0.923904
    outer loop
      vertex -10.3899 -4.22746 50.3776
      vertex -10.5579 -3.86502 50.2275
      vertex 10.5579 -3.86502 50.2275
    endloop
  endfacet
  facet normal 0 0.852642 0.522495
    outer loop
      vertex 10 -7.02254 46.5305
      vertex -10 -7.22752 46.865
      vertex 10 -7.22752 46.865
    endloop
  endfacet
  facet normal 0 0.852642 0.522495
    outer loop
      vertex -10 -7.22752 46.865
      vertex 10 -7.02254 46.5305
      vertex -10 -7.02254 46.5305
    endloop
  endfacet
  facet normal 0 0.972362 -0.233479
    outer loop
      vertex 10 -7.46922 48.3911
      vertex -10 -7.37764 48.7725
      vertex 10 -7.37764 48.7725
    endloop
  endfacet
  facet normal 0 0.972362 -0.233479
    outer loop
      vertex -10 -7.37764 48.7725
      vertex 10 -7.46922 48.3911
      vertex -10 -7.46922 48.3911
    endloop
  endfacet
  facet normal 0 -0.522555 0.852606
    outer loop
      vertex 10.7389 -3.53054 45.9775
      vertex -10.5714 -3.86502 45.7725
      vertex 10.5714 -3.86502 45.7725
    endloop
  endfacet
  facet normal 0 -0.522555 0.852606
    outer loop
      vertex -10.5714 -3.86502 45.7725
      vertex 10.7389 -3.53054 45.9775
      vertex -10.7389 -3.53054 45.9775
    endloop
  endfacet
  facet normal 0 0.522555 -0.852606
    outer loop
      vertex -10 -6.46946 50.0225
      vertex 10 -6.13498 50.2275
      vertex 10 -6.46946 50.0225
    endloop
  endfacet
  facet normal 0 0.522555 -0.852606
    outer loop
      vertex 10 -6.13498 50.2275
      vertex -10 -6.46946 50.0225
      vertex -10 -6.13498 50.2275
    endloop
  endfacet
  facet normal 0 0.972362 0.233479
    outer loop
      vertex 10 -7.37764 47.2275
      vertex -10 -7.46922 47.6089
      vertex 10 -7.46922 47.6089
    endloop
  endfacet
  facet normal 0 0.972362 0.233479
    outer loop
      vertex -10 -7.46922 47.6089
      vertex 10 -7.37764 47.2275
      vertex -10 -7.37764 47.2275
    endloop
  endfacet
  facet normal 0 -0.972362 0.233479
    outer loop
      vertex -11.1937 -2.62236 47.2275
      vertex 11.2395 -2.53078 47.6089
      vertex -11.2395 -2.53078 47.6089
    endloop
  endfacet
  facet normal 0 -0.972362 0.233479
    outer loop
      vertex 11.2395 -2.53078 47.6089
      vertex -11.1937 -2.62236 47.2275
      vertex 11.1937 -2.62236 47.2275
    endloop
  endfacet
  facet normal 0 -0.522555 -0.852606
    outer loop
      vertex -10.5579 -3.86502 50.2275
      vertex 10.7025 -3.53054 50.0225
      vertex 10.5579 -3.86502 50.2275
    endloop
  endfacet
  facet normal -0 -0.522555 -0.852606
    outer loop
      vertex 10.7025 -3.53054 50.0225
      vertex -10.5579 -3.86502 50.2275
      vertex -10.7025 -3.53054 50.0225
    endloop
  endfacet
  facet normal 0 0.0784607 -0.996917
    outer loop
      vertex 10 -5.39109 50.4692
      vertex -10 -5.39109 50.4692
      vertex 10 -5.0061 50.4995
    endloop
  endfacet
  facet normal 0 0.0784607 -0.996917
    outer loop
      vertex -10 -5.0061 50.4995
      vertex 10 -5.0061 50.4995
      vertex -10 -5.39109 50.4692
    endloop
  endfacet
  facet normal 0 0.0816932 -0.996658
    outer loop
      vertex 10 -5.0061 50.4995
      vertex -10 -5.0061 50.4995
      vertex 10.0031 -5 50.5
    endloop
  endfacet
  facet normal 0 0.0816932 -0.996658
    outer loop
      vertex 10.0031 -5 50.5
      vertex -10 -5.0061 50.4995
      vertex -10.0031 -5 50.5
    endloop
  endfacet
  facet normal 0 0.233498 -0.972357
    outer loop
      vertex -10 -5.77254 50.3776
      vertex 10 -5.39109 50.4692
      vertex 10 -5.77254 50.3776
    endloop
  endfacet
  facet normal 0 0.233498 -0.972357
    outer loop
      vertex 10 -5.39109 50.4692
      vertex -10 -5.77254 50.3776
      vertex -10 -5.39109 50.4692
    endloop
  endfacet
  facet normal -0 0.649329 0.760508
    outer loop
      vertex -10 -6.46946 45.9775
      vertex 10 -6.76777 46.2322
      vertex 10 -6.46946 45.9775
    endloop
  endfacet
  facet normal 0 0.649329 0.760508
    outer loop
      vertex 10 -6.76777 46.2322
      vertex -10 -6.46946 45.9775
      vertex -10 -6.76777 46.2322
    endloop
  endfacet
  facet normal -0 0.233498 0.972357
    outer loop
      vertex -10 -5.39109 45.5308
      vertex 10 -5.77254 45.6224
      vertex 10 -5.39109 45.5308
    endloop
  endfacet
  facet normal 0 0.233498 0.972357
    outer loop
      vertex 10 -5.77254 45.6224
      vertex -10 -5.39109 45.5308
      vertex -10 -5.77254 45.6224
    endloop
  endfacet
  facet normal 0 -0.233498 -0.972357
    outer loop
      vertex -10.1989 -4.60891 50.4692
      vertex 10.3899 -4.22746 50.3776
      vertex 10.1989 -4.60891 50.4692
    endloop
  endfacet
  facet normal -0 -0.233498 -0.972357
    outer loop
      vertex 10.3899 -4.22746 50.3776
      vertex -10.1989 -4.60891 50.4692
      vertex -10.3899 -4.22746 50.3776
    endloop
  endfacet
  facet normal 0 -0.996917 0.0784585
    outer loop
      vertex -11.2395 -2.53078 47.6089
      vertex 11.255 -2.5 48
      vertex -11.255 -2.5 48
    endloop
  endfacet
  facet normal 0 -0.996917 0.0784585
    outer loop
      vertex 11.255 -2.5 48
      vertex -11.2395 -2.53078 47.6089
      vertex 11.2395 -2.53078 47.6089
    endloop
  endfacet
  facet normal 0 -0.996917 -0.0784585
    outer loop
      vertex -11.255 -2.5 48
      vertex 11.2395 -2.53078 48.3911
      vertex -11.2395 -2.53078 48.3911
    endloop
  endfacet
  facet normal 0 -0.996917 -0.0784585
    outer loop
      vertex 11.2395 -2.53078 48.3911
      vertex -11.255 -2.5 48
      vertex 11.255 -2.5 48
    endloop
  endfacet
  facet normal 0 0.996917 -0.0784585
    outer loop
      vertex 10 -7.5 48
      vertex -10 -7.46922 48.3911
      vertex 10 -7.46922 48.3911
    endloop
  endfacet
  facet normal 0 0.996917 -0.0784585
    outer loop
      vertex -10 -7.46922 48.3911
      vertex 10 -7.5 48
      vertex -10 -7.5 48
    endloop
  endfacet
  facet normal 0 0.852642 -0.522495
    outer loop
      vertex 10 -7.22752 49.135
      vertex -10 -7.02254 49.4695
      vertex 10 -7.02254 49.4695
    endloop
  endfacet
  facet normal 0 0.852642 -0.522495
    outer loop
      vertex -10 -7.02254 49.4695
      vertex 10 -7.22752 49.135
      vertex -10 -7.22752 49.135
    endloop
  endfacet
  facet normal 0 -0.382623 0.923904
    outer loop
      vertex 10.795 -3.86502 19.7725
      vertex -10.5978 -4.22746 19.6224
      vertex 10.5978 -4.22746 19.6224
    endloop
  endfacet
  facet normal 0 -0.382623 0.923904
    outer loop
      vertex -10.5978 -4.22746 19.6224
      vertex 10.795 -3.86502 19.7725
      vertex -10.795 -3.86502 19.7725
    endloop
  endfacet
  facet normal 0 0.996917 0.0784585
    outer loop
      vertex 10 -7.46922 21.6089
      vertex -10 -7.5 22
      vertex 10 -7.5 22
    endloop
  endfacet
  facet normal 0 0.996917 0.0784585
    outer loop
      vertex -10 -7.5 22
      vertex 10 -7.46922 21.6089
      vertex -10 -7.46922 21.6089
    endloop
  endfacet
  facet normal 0 -0.0785112 0.996913
    outer loop
      vertex 10.3901 -4.60891 19.5308
      vertex -10.1773 -5 19.5
      vertex 10.1773 -5 19.5
    endloop
  endfacet
  facet normal 0 -0.0785112 0.996913
    outer loop
      vertex -10.1773 -5 19.5
      vertex 10.3901 -4.60891 19.5308
      vertex -10.3901 -4.60891 19.5308
    endloop
  endfacet
  facet normal 0 -0.649329 -0.760508
    outer loop
      vertex -10.9249 -3.53054 24.0225
      vertex 11.0709 -3.23223 23.7678
      vertex 10.9249 -3.53054 24.0225
    endloop
  endfacet
  facet normal -0 -0.649329 -0.760508
    outer loop
      vertex 11.0709 -3.23223 23.7678
      vertex -10.9249 -3.53054 24.0225
      vertex -11.0709 -3.23223 23.7678
    endloop
  endfacet
  facet normal 0 0.760409 -0.649445
    outer loop
      vertex 10 -7.02254 23.4695
      vertex -10 -6.76777 23.7678
      vertex 10 -6.76777 23.7678
    endloop
  endfacet
  facet normal 0 0.760409 -0.649445
    outer loop
      vertex -10 -6.76777 23.7678
      vertex 10 -7.02254 23.4695
      vertex -10 -7.02254 23.4695
    endloop
  endfacet
  facet normal 0 0.760409 0.649445
    outer loop
      vertex 10 -6.76777 20.2322
      vertex -10 -7.02254 20.5305
      vertex 10 -7.02254 20.5305
    endloop
  endfacet
  facet normal 0 0.760409 0.649445
    outer loop
      vertex -10 -7.02254 20.5305
      vertex 10 -6.76777 20.2322
      vertex -10 -6.76777 20.2322
    endloop
  endfacet
  facet normal 0 -0.923909 0.382613
    outer loop
      vertex -11.3897 -2.77248 20.865
      vertex 11.4714 -2.62236 21.2275
      vertex -11.4714 -2.62236 21.2275
    endloop
  endfacet
  facet normal 0 -0.923909 0.382613
    outer loop
      vertex 11.4714 -2.62236 21.2275
      vertex -11.3897 -2.77248 20.865
      vertex 11.3897 -2.77248 20.865
    endloop
  endfacet
  facet normal 0 -0.649329 0.760508
    outer loop
      vertex 11.1395 -3.23223 20.2322
      vertex -10.9771 -3.53054 19.9775
      vertex 10.9771 -3.53054 19.9775
    endloop
  endfacet
  facet normal 0 -0.649329 0.760508
    outer loop
      vertex -10.9771 -3.53054 19.9775
      vertex 11.1395 -3.23223 20.2322
      vertex -11.1395 -3.23223 20.2322
    endloop
  endfacet
  facet normal 0 0.649329 -0.760508
    outer loop
      vertex -10 -6.76777 23.7678
      vertex 10 -6.46946 24.0225
      vertex 10 -6.76777 23.7678
    endloop
  endfacet
  facet normal 0 0.649329 -0.760508
    outer loop
      vertex 10 -6.46946 24.0225
      vertex -10 -6.76777 23.7678
      vertex -10 -6.46946 24.0225
    endloop
  endfacet
  facet normal 0 0.382623 -0.923904
    outer loop
      vertex -10 -6.13498 24.2275
      vertex 10 -5.77254 24.3776
      vertex 10 -6.13498 24.2275
    endloop
  endfacet
  facet normal 0 0.382623 -0.923904
    outer loop
      vertex 10 -5.77254 24.3776
      vertex -10 -6.13498 24.2275
      vertex -10 -5.77254 24.3776
    endloop
  endfacet
  facet normal 0 -0.760409 -0.649445
    outer loop
      vertex -11.2109 -2.97746 23.4695
      vertex 11.0709 -3.23223 23.7678
      vertex -11.0709 -3.23223 23.7678
    endloop
  endfacet
  facet normal 0 -0.760409 -0.649445
    outer loop
      vertex 11.0709 -3.23223 23.7678
      vertex -11.2109 -2.97746 23.4695
      vertex 11.2109 -2.97746 23.4695
    endloop
  endfacet
  facet normal 0 -0.923909 -0.382613
    outer loop
      vertex -11.4593 -2.62236 22.7725
      vertex 11.3414 -2.77248 23.135
      vertex -11.3414 -2.77248 23.135
    endloop
  endfacet
  facet normal 0 -0.923909 -0.382613
    outer loop
      vertex 11.3414 -2.77248 23.135
      vertex -11.4593 -2.62236 22.7725
      vertex 11.4593 -2.62236 22.7725
    endloop
  endfacet
  facet normal -0 0.522555 0.852606
    outer loop
      vertex -10 -6.13498 19.7725
      vertex 10 -6.46946 19.9775
      vertex 10 -6.13498 19.7725
    endloop
  endfacet
  facet normal 0 0.522555 0.852606
    outer loop
      vertex 10 -6.46946 19.9775
      vertex -10 -6.13498 19.7725
      vertex -10 -6.46946 19.9775
    endloop
  endfacet
  facet normal 0 -0.233498 0.972357
    outer loop
      vertex 10.5978 -4.22746 19.6224
      vertex -10.3901 -4.60891 19.5308
      vertex 10.3901 -4.60891 19.5308
    endloop
  endfacet
  facet normal 0 -0.233498 0.972357
    outer loop
      vertex -10.3901 -4.60891 19.5308
      vertex 10.5978 -4.22746 19.6224
      vertex -10.5978 -4.22746 19.6224
    endloop
  endfacet
  facet normal 0 0.923909 0.382613
    outer loop
      vertex 10 -7.22752 20.865
      vertex -10 -7.37764 21.2275
      vertex 10 -7.37764 21.2275
    endloop
  endfacet
  facet normal 0 0.923909 0.382613
    outer loop
      vertex -10 -7.37764 21.2275
      vertex 10 -7.22752 20.865
      vertex -10 -7.22752 20.865
    endloop
  endfacet
  facet normal 0 0.0792244 0.996857
    outer loop
      vertex 10 -5.32566 19.5256
      vertex -10 -5.32566 19.5256
      vertex 10 -5.39109 19.5308
    endloop
  endfacet
  facet normal 0 0.0783678 0.996925
    outer loop
      vertex 10.1773 -5 19.5
      vertex -10 -5.32566 19.5256
      vertex 10 -5.32566 19.5256
    endloop
  endfacet
  facet normal 0 0.0783678 0.996925
    outer loop
      vertex -10 -5.32566 19.5256
      vertex 10.1773 -5 19.5
      vertex -10.1773 -5 19.5
    endloop
  endfacet
  facet normal 0 0.0792244 0.996857
    outer loop
      vertex 10 -5.39109 19.5308
      vertex -10 -5.32566 19.5256
      vertex -10 -5.39109 19.5308
    endloop
  endfacet
  facet normal 0 -0.852642 -0.522495
    outer loop
      vertex -11.3414 -2.77248 23.135
      vertex 11.2109 -2.97746 23.4695
      vertex -11.2109 -2.97746 23.4695
    endloop
  endfacet
  facet normal 0 -0.852642 -0.522495
    outer loop
      vertex 11.2109 -2.97746 23.4695
      vertex -11.3414 -2.77248 23.135
      vertex 11.3414 -2.77248 23.135
    endloop
  endfacet
  facet normal -0 0.382623 0.923904
    outer loop
      vertex -10 -5.77254 19.6224
      vertex 10 -6.13498 19.7725
      vertex 10 -5.77254 19.6224
    endloop
  endfacet
  facet normal 0 0.382623 0.923904
    outer loop
      vertex 10 -6.13498 19.7725
      vertex -10 -5.77254 19.6224
      vertex -10 -6.13498 19.7725
    endloop
  endfacet
  facet normal 0 -0.0785112 -0.996913
    outer loop
      vertex -10.1773 -5 24.5
      vertex 10.3901 -4.60891 24.4692
      vertex 10.1773 -5 24.5
    endloop
  endfacet
  facet normal -0 -0.0785112 -0.996913
    outer loop
      vertex 10.3901 -4.60891 24.4692
      vertex -10.1773 -5 24.5
      vertex -10.3901 -4.60891 24.4692
    endloop
  endfacet
  facet normal 0 -0.760409 0.649445
    outer loop
      vertex -11.1395 -3.23223 20.2322
      vertex 11.2782 -2.97746 20.5305
      vertex -11.2782 -2.97746 20.5305
    endloop
  endfacet
  facet normal 0 -0.760409 0.649445
    outer loop
      vertex 11.2782 -2.97746 20.5305
      vertex -11.1395 -3.23223 20.2322
      vertex 11.1395 -3.23223 20.2322
    endloop
  endfacet
  facet normal 0 0.923909 -0.382613
    outer loop
      vertex 10 -7.37764 22.7725
      vertex -10 -7.22752 23.135
      vertex 10 -7.22752 23.135
    endloop
  endfacet
  facet normal 0 0.923909 -0.382613
    outer loop
      vertex -10 -7.22752 23.135
      vertex 10 -7.37764 22.7725
      vertex -10 -7.37764 22.7725
    endloop
  endfacet
  facet normal -0.000185146 -0.972369 -0.233451
    outer loop
      vertex -11.5213 -2.53078 22.3911
      vertex -11.4593 -2.62236 22.7725
      vertex -11.483 -2.60106 22.6838
    endloop
  endfacet
  facet normal 0 -0.972362 -0.233479
    outer loop
      vertex -11.4593 -2.62236 22.7725
      vertex -11.5213 -2.53078 22.3911
      vertex 11.4593 -2.62236 22.7725
    endloop
  endfacet
  facet normal -0 -0.972362 -0.233479
    outer loop
      vertex 11.5213 -2.53078 22.3911
      vertex 11.4593 -2.62236 22.7725
      vertex -11.5213 -2.53078 22.3911
    endloop
  endfacet
  facet normal 0.000185146 -0.972369 -0.233451
    outer loop
      vertex 11.4593 -2.62236 22.7725
      vertex 11.5213 -2.53078 22.3911
      vertex 11.483 -2.60106 22.6838
    endloop
  endfacet
  facet normal 0 -0.852642 0.522495
    outer loop
      vertex -11.2782 -2.97746 20.5305
      vertex 11.3897 -2.77248 20.865
      vertex -11.3897 -2.77248 20.865
    endloop
  endfacet
  facet normal 0 -0.852642 0.522495
    outer loop
      vertex 11.3897 -2.77248 20.865
      vertex -11.2782 -2.97746 20.5305
      vertex 11.2782 -2.97746 20.5305
    endloop
  endfacet
  facet normal 0.00198663 -0.383458 -0.923556
    outer loop
      vertex 10.5978 -4.22746 24.3776
      vertex 10.7764 -3.86502 24.2275
      vertex 10.7215 -4.00018 24.2835
    endloop
  endfacet
  facet normal 0 -0.382623 -0.923904
    outer loop
      vertex -10.5978 -4.22746 24.3776
      vertex 10.7764 -3.86502 24.2275
      vertex 10.5978 -4.22746 24.3776
    endloop
  endfacet
  facet normal -0.00198663 -0.383458 -0.923556
    outer loop
      vertex -10.7764 -3.86502 24.2275
      vertex -10.5978 -4.22746 24.3776
      vertex -10.7215 -4.00018 24.2835
    endloop
  endfacet
  facet normal 0 -0.382623 -0.923904
    outer loop
      vertex -10.5978 -4.22746 24.3776
      vertex -10.7764 -3.86502 24.2275
      vertex 10.7764 -3.86502 24.2275
    endloop
  endfacet
  facet normal 0 0.852642 0.522495
    outer loop
      vertex 10 -7.02254 20.5305
      vertex -10 -7.22752 20.865
      vertex 10 -7.22752 20.865
    endloop
  endfacet
  facet normal 0 0.852642 0.522495
    outer loop
      vertex -10 -7.22752 20.865
      vertex 10 -7.02254 20.5305
      vertex -10 -7.02254 20.5305
    endloop
  endfacet
  facet normal 0 0.972362 -0.233479
    outer loop
      vertex 10 -7.46922 22.3911
      vertex -10 -7.37764 22.7725
      vertex 10 -7.37764 22.7725
    endloop
  endfacet
  facet normal 0 0.972362 -0.233479
    outer loop
      vertex -10 -7.37764 22.7725
      vertex 10 -7.46922 22.3911
      vertex -10 -7.46922 22.3911
    endloop
  endfacet
  facet normal 0 -0.522555 0.852606
    outer loop
      vertex 10.9771 -3.53054 19.9775
      vertex -10.795 -3.86502 19.7725
      vertex 10.795 -3.86502 19.7725
    endloop
  endfacet
  facet normal 0 -0.522555 0.852606
    outer loop
      vertex -10.795 -3.86502 19.7725
      vertex 10.9771 -3.53054 19.9775
      vertex -10.9771 -3.53054 19.9775
    endloop
  endfacet
  facet normal 0 0.522555 -0.852606
    outer loop
      vertex -10 -6.46946 24.0225
      vertex 10 -6.13498 24.2275
      vertex 10 -6.46946 24.0225
    endloop
  endfacet
  facet normal 0 0.522555 -0.852606
    outer loop
      vertex 10 -6.13498 24.2275
      vertex -10 -6.46946 24.0225
      vertex -10 -6.13498 24.2275
    endloop
  endfacet
  facet normal 0 0.972362 0.233479
    outer loop
      vertex 10 -7.37764 21.2275
      vertex -10 -7.46922 21.6089
      vertex 10 -7.46922 21.6089
    endloop
  endfacet
  facet normal 0 0.972362 0.233479
    outer loop
      vertex -10 -7.46922 21.6089
      vertex 10 -7.37764 21.2275
      vertex -10 -7.37764 21.2275
    endloop
  endfacet
  facet normal 0 -0.972362 0.233479
    outer loop
      vertex -11.4714 -2.62236 21.2275
      vertex 11.5213 -2.53078 21.6089
      vertex -11.5213 -2.53078 21.6089
    endloop
  endfacet
  facet normal 0 -0.972362 0.233479
    outer loop
      vertex 11.5213 -2.53078 21.6089
      vertex -11.4714 -2.62236 21.2275
      vertex 11.4714 -2.62236 21.2275
    endloop
  endfacet
  facet normal 0 -0.522555 -0.852606
    outer loop
      vertex -10.7764 -3.86502 24.2275
      vertex 10.9249 -3.53054 24.0225
      vertex 10.7764 -3.86502 24.2275
    endloop
  endfacet
  facet normal -0 -0.522555 -0.852606
    outer loop
      vertex 10.9249 -3.53054 24.0225
      vertex -10.7764 -3.86502 24.2275
      vertex -10.9249 -3.53054 24.0225
    endloop
  endfacet
  facet normal 0 0.0792244 -0.996857
    outer loop
      vertex 10 -5.39109 24.4692
      vertex -10 -5.39109 24.4692
      vertex 10 -5.32566 24.4744
    endloop
  endfacet
  facet normal 0 0.0792244 -0.996857
    outer loop
      vertex -10 -5.32566 24.4744
      vertex 10 -5.32566 24.4744
      vertex -10 -5.39109 24.4692
    endloop
  endfacet
  facet normal 0 0.0783678 -0.996925
    outer loop
      vertex 10 -5.32566 24.4744
      vertex -10 -5.32566 24.4744
      vertex 10.1773 -5 24.5
    endloop
  endfacet
  facet normal 0 0.0783678 -0.996925
    outer loop
      vertex 10.1773 -5 24.5
      vertex -10 -5.32566 24.4744
      vertex -10.1773 -5 24.5
    endloop
  endfacet
  facet normal 0 0.233498 -0.972357
    outer loop
      vertex -10 -5.77254 24.3776
      vertex 10 -5.39109 24.4692
      vertex 10 -5.77254 24.3776
    endloop
  endfacet
  facet normal 0 0.233498 -0.972357
    outer loop
      vertex 10 -5.39109 24.4692
      vertex -10 -5.77254 24.3776
      vertex -10 -5.39109 24.4692
    endloop
  endfacet
  facet normal -0 0.649329 0.760508
    outer loop
      vertex -10 -6.46946 19.9775
      vertex 10 -6.76777 20.2322
      vertex 10 -6.46946 19.9775
    endloop
  endfacet
  facet normal 0 0.649329 0.760508
    outer loop
      vertex 10 -6.76777 20.2322
      vertex -10 -6.46946 19.9775
      vertex -10 -6.76777 20.2322
    endloop
  endfacet
  facet normal -0 0.233498 0.972357
    outer loop
      vertex -10 -5.39109 19.5308
      vertex 10 -5.77254 19.6224
      vertex 10 -5.39109 19.5308
    endloop
  endfacet
  facet normal 0 0.233498 0.972357
    outer loop
      vertex 10 -5.77254 19.6224
      vertex -10 -5.39109 19.5308
      vertex -10 -5.77254 19.6224
    endloop
  endfacet
  facet normal 0 -0.233498 -0.972357
    outer loop
      vertex -10.3901 -4.60891 24.4692
      vertex 10.5978 -4.22746 24.3776
      vertex 10.3901 -4.60891 24.4692
    endloop
  endfacet
  facet normal -0 -0.233498 -0.972357
    outer loop
      vertex 10.5978 -4.22746 24.3776
      vertex -10.3901 -4.60891 24.4692
      vertex -10.5978 -4.22746 24.3776
    endloop
  endfacet
  facet normal 0 -0.996917 0.0784585
    outer loop
      vertex -11.5213 -2.53078 21.6089
      vertex 11.5381 -2.5 22
      vertex -11.5381 -2.5 22
    endloop
  endfacet
  facet normal 0 -0.996917 0.0784585
    outer loop
      vertex 11.5381 -2.5 22
      vertex -11.5213 -2.53078 21.6089
      vertex 11.5213 -2.53078 21.6089
    endloop
  endfacet
  facet normal 0 -0.996917 -0.0784585
    outer loop
      vertex -11.5381 -2.5 22
      vertex 11.5213 -2.53078 22.3911
      vertex -11.5213 -2.53078 22.3911
    endloop
  endfacet
  facet normal 0 -0.996917 -0.0784585
    outer loop
      vertex 11.5213 -2.53078 22.3911
      vertex -11.5381 -2.5 22
      vertex 11.5381 -2.5 22
    endloop
  endfacet
  facet normal 0 0.996917 -0.0784585
    outer loop
      vertex 10 -7.5 22
      vertex -10 -7.46922 22.3911
      vertex 10 -7.46922 22.3911
    endloop
  endfacet
  facet normal 0 0.996917 -0.0784585
    outer loop
      vertex -10 -7.46922 22.3911
      vertex 10 -7.5 22
      vertex -10 -7.5 22
    endloop
  endfacet
  facet normal 0 0.852642 -0.522495
    outer loop
      vertex 10 -7.22752 23.135
      vertex -10 -7.02254 23.4695
      vertex 10 -7.02254 23.4695
    endloop
  endfacet
  facet normal 0 0.852642 -0.522495
    outer loop
      vertex -10 -7.02254 23.4695
      vertex 10 -7.22752 23.135
      vertex -10 -7.22752 23.135
    endloop
  endfacet
  facet normal -0 0 1
    outer loop
      vertex 5 -2 87
      vertex 10.7778 -2.33333 87
      vertex 10.7778 3.71111 87
    endloop
  endfacet
  facet normal 0 0 1
    outer loop
      vertex 5 -8 87
      vertex 10 -4.2 87
      vertex 5 -2 87
    endloop
  endfacet
  facet normal 0 0 1
    outer loop
      vertex 10.7778 -2.33333 87
      vertex 5 -2 87
      vertex 10 -4.2 87
    endloop
  endfacet
  facet normal 0 0 1
    outer loop
      vertex 10.7778 3.71111 87
      vertex -5 -2 87
      vertex 5 -2 87
    endloop
  endfacet
  facet normal 0 0 1
    outer loop
      vertex -5 -2 87
      vertex -10 -4.2 87
      vertex -5 -8 87
    endloop
  endfacet
  facet normal -0 0 1
    outer loop
      vertex -10.7778 3.71111 87
      vertex -5 -2 87
      vertex 10.7778 3.71111 87
    endloop
  endfacet
  facet normal 0 0 1
    outer loop
      vertex -10.7778 -2.33333 87
      vertex -5 -2 87
      vertex -10.7778 3.71111 87
    endloop
  endfacet
  facet normal 0 0 1
    outer loop
      vertex -5 -2 87
      vertex -10.7778 -2.33333 87
      vertex -10 -4.2 87
    endloop
  endfacet
  facet normal 0 0 1
    outer loop
      vertex 10 -4.2 87
      vertex 5 -8 87
      vertex 10 -10 87
    endloop
  endfacet
  facet normal -0 0 1
    outer loop
      vertex -5 -8 87
      vertex 10 -10 87
      vertex 5 -8 87
    endloop
  endfacet
  facet normal 0 0 1
    outer loop
      vertex -5 -8 87
      vertex -10 -10 87
      vertex 10 -10 87
    endloop
  endfacet
  facet normal 0 0 1
    outer loop
      vertex -10 -10 87
      vertex -5 -8 87
      vertex -10 -4.2 87
    endloop
  endfacet
  facet normal 1 -0 0
    outer loop
      vertex 5 -8 97
      vertex 5 -2 87
      vertex 5 -2 97
    endloop
  endfacet
  facet normal 1 0 0
    outer loop
      vertex 5 -2 87
      vertex 5 -8 97
      vertex 5 -8 87
    endloop
  endfacet
  facet normal -0 0 1
    outer loop
      vertex -5 -2 97
      vertex 5 -8 97
      vertex 5 -2 97
    endloop
  endfacet
  facet normal 0 0 1
    outer loop
      vertex 5 -8 97
      vertex -5 -2 97
      vertex -5 -8 97
    endloop
  endfacet
  facet normal -1 0 0
    outer loop
      vertex -5 -8 87
      vertex -5 -2 97
      vertex -5 -2 87
    endloop
  endfacet
  facet normal -1 -0 0
    outer loop
      vertex -5 -2 97
      vertex -5 -8 87
      vertex -5 -8 97
    endloop
  endfacet
  facet normal 0 1 -0
    outer loop
      vertex 5 -2 87
      vertex -5 -2 97
      vertex 5 -2 97
    endloop
  endfacet
  facet normal 0 1 0
    outer loop
      vertex -5 -2 97
      vertex 5 -2 87
      vertex -5 -2 87
    endloop
  endfacet
  facet normal 0 -1 0
    outer loop
      vertex -5 -8 87
      vertex 5 -8 97
      vertex -5 -8 97
    endloop
  endfacet
  facet normal 0 -1 -0
    outer loop
      vertex 5 -8 97
      vertex -5 -8 87
      vertex 5 -8 87
    endloop
  endfacet
endsolid OpenSCAD_Model
